run,step,dtype,loss_scale,kernel,tensor,median_rel_l2,worst_rel_l2,worst_layer,worst_max_rel
b_kohakufa_fp16,0,bf16,1.0,all three,dk,0.0015073858069416413,0.5788003893757262,0,0.301072908298786
b_kohakufa_fp16,0,bf16,1.0,all three,dq,0.0035546522265162248,1.0680735216059822,0,0.7684517408279699
b_kohakufa_fp16,0,bf16,1.0,all three,dv,0.001241697230470167,0.003001671884469562,0,0.01214750496877348
b_kohakufa_fp16,0,bf16,1.0,cudnn,dk,0.0022903012565163006,0.5049855433557522,0,0.3166832498427031
b_kohakufa_fp16,0,bf16,1.0,cudnn,dq,0.0039525789588162035,0.8784734552876099,0,0.7775638168061672
b_kohakufa_fp16,0,bf16,1.0,cudnn,dv,0.0020887707387697513,0.002729503056652838,0,0.008351006502551767
b_kohakufa_fp16,0,bf16,1.0,efficient,dk,0.0025525697893097237,0.009541211505031805,2,0.008162852764651538
b_kohakufa_fp16,0,bf16,1.0,efficient,dq,0.004109027280099067,0.03122854001053933,0,0.021987054733262658
b_kohakufa_fp16,0,bf16,1.0,efficient,dv,0.0020884793283444626,0.0026894990744772795,1,0.0035293890797143
b_kohakufa_fp16,0,bf16,1.0,fa4,dk,0.0022546663669252873,0.49963187617365046,0,0.31463532729202254
b_kohakufa_fp16,0,bf16,1.0,fa4,dq,0.003942786989620923,0.8698658523316617,0,0.7677212368465954
b_kohakufa_fp16,0,bf16,1.0,fa4,dv,0.002088641451542005,0.0035262504590823367,0,0.010360723103114129
b_kohakufa_fp16,0,bf16,1.0,flex,dk,0.002230516722305279,0.009441661705543922,2,0.008162852764651538
b_kohakufa_fp16,0,bf16,1.0,flex,dq,0.003920290871252376,0.031018328441925102,0,0.023379785492190556
b_kohakufa_fp16,0,bf16,1.0,flex,dv,0.001953773239415953,0.0026893681512956897,1,0.0035293890797143
b_kohakufa_fp16,0,bf16,1.0,floor,dk,0.0015076178948950688,0.00931717132834245,2,0.00772867980999465
b_kohakufa_fp16,0,bf16,1.0,floor,dq,0.003554607390281719,0.030923121180639397,0,0.02345127395747309
b_kohakufa_fp16,0,bf16,1.0,floor,dv,0.0010966474734148302,0.0020763410327298217,1,0.0027771464397314716
b_kohakufa_fp16,0,bf16,1.0,kohakufa,dk,0.0025657334044957673,0.009541999027102514,2,0.008162852764651538
b_kohakufa_fp16,0,bf16,1.0,kohakufa,dq,0.004114231859129853,0.03126300451215129,0,0.021987054733262658
b_kohakufa_fp16,0,bf16,1.0,kohakufa,dv,0.001953434158605453,0.0026891062779950824,1,0.0035293890797143
b_kohakufa_fp16,0,bf16,1.0,scale*dS,dk,0.0015076178948950688,0.00931717132834245,2,0.00772867980999465
b_kohakufa_fp16,0,bf16,1.0,scale*dS,dq,0.003554607390281719,0.030923121180639397,0,0.02345127395747309
b_kohakufa_fp16,0,bf16,1.0,scale*dS,dv,0.0010966474734148302,0.0020763410327298217,1,0.0027771464397314716
b_kohakufa_fp16,0,bf16,1.0,scale-shift,dk,0.0015073738754752626,0.5800185677372082,0,0.3022077091323415
b_kohakufa_fp16,0,bf16,1.0,scale-shift,dq,0.003554844399083908,1.0694273832706769,0,0.771489099487369
b_kohakufa_fp16,0,bf16,1.0,scale-shift,dv,0.001241679871708817,0.002076289158272663,1,0.0027771464397314716
b_kohakufa_fp16,0,bf16,1.0,single lse,dk,0.0015076200531856992,0.009316547933921629,2,0.00772867980999465
b_kohakufa_fp16,0,bf16,1.0,single lse,dq,0.0035545418336943627,0.030933570969293986,0,0.02345127395747309
b_kohakufa_fp16,0,bf16,1.0,single lse,dv,0.0012416983178127538,0.0020762500892914713,1,0.0027771464397314716
b_kohakufa_fp16,0,fp16,65536.0,all three,dk,0.00019593356082885492,0.07659817173272622,0,0.03185455590189073
b_kohakufa_fp16,0,fp16,65536.0,all three,dq,0.0004356820639502725,0.127553513573073,0,0.08145265602357282
b_kohakufa_fp16,0,fp16,65536.0,all three,dv,0.00015605287939730118,0.001888247912893511,0,0.0039051249394258373
b_kohakufa_fp16,0,fp16,65536.0,cudnn,dk,0.00029370878695912964,0.05448489305925758,0,0.03528191145303511
b_kohakufa_fp16,0,fp16,65536.0,cudnn,dq,0.0004939696054037704,0.1044035750355459,0,0.0523744286258255
b_kohakufa_fp16,0,fp16,65536.0,cudnn,dv,0.000258326059031406,0.0011558620267225898,0,0.002803373112701368
b_kohakufa_fp16,0,fp16,65536.0,efficient,dk,0.0003236390588748818,0.0022160196605289168,0,0.0012343202695721833
b_kohakufa_fp16,0,fp16,65536.0,efficient,dq,0.0005056117482373537,0.005679040393651786,0,0.004303861947995204
b_kohakufa_fp16,0,fp16,65536.0,efficient,dv,0.0002577310870604952,0.0014338815628676322,0,0.005047195548112744
b_kohakufa_fp16,0,fp16,65536.0,fa4,dk,0.00028944219270887034,0.054762859059010266,0,0.0354840236456456
b_kohakufa_fp16,0,fp16,65536.0,fa4,dq,0.0004915847429079041,0.10407736537516406,0,0.05184206512091634
b_kohakufa_fp16,0,fp16,65536.0,fa4,dv,0.0002577684485485178,0.0037326736909893982,0,0.016246787153416844
b_kohakufa_fp16,0,fp16,65536.0,flex,dk,0.00028647741986581376,0.0021551727765230094,0,0.0011954525402240116
b_kohakufa_fp16,0,fp16,65536.0,flex,dq,0.00048386532768673245,0.005671051891505122,0,0.004303861947995204
b_kohakufa_fp16,0,fp16,65536.0,flex,dv,0.00025774331912383234,0.00032402220167441483,1,0.00041908386818008614
b_kohakufa_fp16,0,fp16,65536.0,floor,dk,0.00019405402078157897,0.002132851756748328,0,0.0012077553959238458
b_kohakufa_fp16,0,fp16,65536.0,floor,dq,0.0004356147232206497,0.005480811347635253,0,0.004301812623375678
b_kohakufa_fp16,0,fp16,65536.0,floor,dv,0.00013547470249482296,0.00025577067513887373,1,0.00037524581206783796
b_kohakufa_fp16,0,fp16,65536.0,kohakufa,dk,0.00032380392955477555,0.0022438908693075497,0,0.001273187998920355
b_kohakufa_fp16,0,fp16,65536.0,kohakufa,dq,0.0005046595176825612,0.005652776227677057,0,0.004253160661813379
b_kohakufa_fp16,0,fp16,65536.0,kohakufa,dv,0.0002508340401323269,0.0003238835172429358,1,0.00041908386818008614
b_kohakufa_fp16,0,fp16,65536.0,scale*dS,dk,0.00019412114538732927,0.0021326041007988824,0,0.0012077543283897758
b_kohakufa_fp16,0,fp16,65536.0,scale*dS,dq,0.0004358905970613559,0.005480703888119914,0,0.004297788098541262
b_kohakufa_fp16,0,fp16,65536.0,scale*dS,dv,0.00013547470249482296,0.00025577067513887373,1,0.00037524581206783796
b_kohakufa_fp16,0,fp16,65536.0,scale-shift,dk,0.0001958152343238461,0.07657749321652357,0,0.031927954918578895
b_kohakufa_fp16,0,fp16,65536.0,scale-shift,dq,0.00043545653107942027,0.1275794264440136,0,0.08163704234167939
b_kohakufa_fp16,0,fp16,65536.0,scale-shift,dv,0.0001560963157863191,0.00113181770004391,0,0.002796922066749263
b_kohakufa_fp16,0,fp16,65536.0,single lse,dk,0.0001941195846307236,0.002206253380181687,0,0.0012105717880309106
b_kohakufa_fp16,0,fp16,65536.0,single lse,dq,0.00043555478020527387,0.005485735370544562,0,0.004301812623375678
b_kohakufa_fp16,0,fp16,65536.0,single lse,dv,0.00015607742115470653,0.0011080041513472831,0,0.0027116856848760106
b_kohakufa_fp16,1000,bf16,1.0,all three,dk,0.002536877030640046,0.17427125400616458,0,0.0988004411015491
b_kohakufa_fp16,1000,bf16,1.0,all three,dq,0.006838729228704992,0.22134900415816142,0,0.16219081009200667
b_kohakufa_fp16,1000,bf16,1.0,all three,dv,0.000830768465455205,0.0015020271687902242,0,0.0044466253093549905
b_kohakufa_fp16,1000,bf16,1.0,cudnn,dk,0.003088654276688873,0.20873376962669507,0,0.13476886195043325
b_kohakufa_fp16,1000,bf16,1.0,cudnn,dq,0.00701565459898151,0.2342303545576724,0,0.19156757975289745
b_kohakufa_fp16,1000,bf16,1.0,cudnn,dv,0.0017862362706014873,0.002056926253003905,3,0.0041072085316562505
b_kohakufa_fp16,1000,bf16,1.0,efficient,dk,0.0033021959704076374,0.09137380240601516,0,0.07029496454909523
b_kohakufa_fp16,1000,bf16,1.0,efficient,dq,0.007125577734848485,0.184199913067427,0,0.17011380887356498
b_kohakufa_fp16,1000,bf16,1.0,efficient,dv,0.0017919858554848195,0.002056764687104487,3,0.0041072085316562505
b_kohakufa_fp16,1000,bf16,1.0,fa4,dk,0.003102807607202498,0.20702718511182278,0,0.13476886195043325
b_kohakufa_fp16,1000,bf16,1.0,fa4,dq,0.006020205278964807,0.23367229524893152,0,0.19156757975289745
b_kohakufa_fp16,1000,bf16,1.0,fa4,dv,0.0019032477486222608,0.0021717955160322623,0,0.0040500741614116495
b_kohakufa_fp16,1000,bf16,1.0,flex,dk,0.003007577587126418,0.03939320129176947,0,0.022274681991616026
b_kohakufa_fp16,1000,bf16,1.0,flex,dq,0.006975590021224856,0.11004339306243645,0,0.08350771953745176
b_kohakufa_fp16,1000,bf16,1.0,flex,dv,0.0017860014809473364,0.0020567341424556733,3,0.0041072085316562505
b_kohakufa_fp16,1000,bf16,1.0,floor,dk,0.002536769273666479,0.11413851834726126,0,0.08958662989834817
b_kohakufa_fp16,1000,bf16,1.0,floor,dq,0.0068387365205899945,0.18843870909218127,0,0.17583519560431857
b_kohakufa_fp16,1000,bf16,1.0,floor,dv,0.0006875335335418126,0.0012705557090048182,3,0.0020694125376949568
b_kohakufa_fp16,1000,bf16,1.0,kohakufa,dk,0.0033027450856448126,0.11690263370934303,0,0.09099541391182366
b_kohakufa_fp16,1000,bf16,1.0,kohakufa,dq,0.00711534932729733,0.1934320297404101,0,0.17998600558545352
b_kohakufa_fp16,1000,bf16,1.0,kohakufa,dv,0.0017859887321512568,0.002056749854451311,3,0.0041072085316562505
b_kohakufa_fp16,1000,bf16,1.0,scale*dS,dk,0.002536769273666479,0.11413851834726126,0,0.08958662989834817
b_kohakufa_fp16,1000,bf16,1.0,scale*dS,dq,0.0068387365205899945,0.18843870909218127,0,0.17583519560431857
b_kohakufa_fp16,1000,bf16,1.0,scale*dS,dv,0.0006875335335418126,0.0012705557090048182,3,0.0020694125376949568
b_kohakufa_fp16,1000,bf16,1.0,scale-shift,dk,0.002536856426115539,0.17258899193717786,0,0.0967308825480484
b_kohakufa_fp16,1000,bf16,1.0,scale-shift,dq,0.006838748976987554,0.2191676274440034,0,0.1591618406463136
b_kohakufa_fp16,1000,bf16,1.0,scale-shift,dv,0.0008307666725280594,0.0014501355507759036,0,0.004396111733155226
b_kohakufa_fp16,1000,bf16,1.0,single lse,dk,0.0025367765595555643,0.11645171537981144,0,0.09160710961310782
b_kohakufa_fp16,1000,bf16,1.0,single lse,dq,0.0068387400303508905,0.19127501320445914,0,0.17886416505001163
b_kohakufa_fp16,1000,bf16,1.0,single lse,dv,0.000830767539357349,0.0012705620063530661,3,0.0020694125376949568
b_kohakufa_fp16,1000,fp16,65536.0,all three,dk,0.0003319412986373079,0.034333478655060035,0,0.019248253088407236
b_kohakufa_fp16,1000,fp16,65536.0,all three,dq,0.0007070377184393079,0.03308929812388671,0,0.026682490526746205
b_kohakufa_fp16,1000,fp16,65536.0,all three,dv,0.00010244383943347836,0.001213202975429215,0,0.002287937545230086
b_kohakufa_fp16,1000,fp16,65536.0,cudnn,dk,0.0004100547656241829,0.11956026394728259,0,0.06801439599495317
b_kohakufa_fp16,1000,fp16,65536.0,cudnn,dq,0.0007365241573004747,0.15282083587230524,0,0.13138763938301662
b_kohakufa_fp16,1000,fp16,65536.0,cudnn,dv,0.00023575908395812346,0.0007768584578487062,0,0.0014850520091265354
b_kohakufa_fp16,1000,fp16,65536.0,efficient,dk,0.00040705755307076595,0.002700006115043621,0,0.0018370585511315583
b_kohakufa_fp16,1000,fp16,65536.0,efficient,dq,0.0007459083237538348,0.0028487225813443634,1,0.004251954820829728
b_kohakufa_fp16,1000,fp16,65536.0,efficient,dv,0.00023587744534984286,0.00038498759442541605,0,0.0006641785397590527
b_kohakufa_fp16,1000,fp16,65536.0,fa4,dk,0.00040409926708355763,0.11931142882477783,0,0.06801439599495317
b_kohakufa_fp16,1000,fp16,65536.0,fa4,dq,0.000784253405896949,0.1528728852188594,0,0.13138763938301662
b_kohakufa_fp16,1000,fp16,65536.0,fa4,dv,0.00023584086691965796,0.0016429123788114647,0,0.0035387620236649545
b_kohakufa_fp16,1000,fp16,65536.0,flex,dk,0.00039124798016619523,0.0025726062340082445,0,0.001877957053551101
b_kohakufa_fp16,1000,fp16,65536.0,flex,dq,0.0007328075110951997,0.002788421918342735,1,0.00396545391556443
b_kohakufa_fp16,1000,fp16,65536.0,flex,dv,0.00022914233736150255,0.00025368599345514884,3,0.000435414741119883
b_kohakufa_fp16,1000,fp16,65536.0,floor,dk,0.00032639136093123893,0.0019034157359487918,0,0.0017995302934983427
b_kohakufa_fp16,1000,fp16,65536.0,floor,dq,0.0007055434289052746,0.0027828648566790726,1,0.004025266839607993
b_kohakufa_fp16,1000,fp16,65536.0,floor,dv,8.524059285997478e-05,0.00014918007747940896,3,0.0001715285323221947
b_kohakufa_fp16,1000,fp16,65536.0,kohakufa,dk,0.0004061935633377915,0.0020358544727584293,0,0.001877957053551101
b_kohakufa_fp16,1000,fp16,65536.0,kohakufa,dq,0.0007468861328774912,0.002893384163564298,1,0.004251954820829728
b_kohakufa_fp16,1000,fp16,65536.0,kohakufa,dv,0.0002260465685365296,0.0002536919601700857,3,0.000435414741119883
b_kohakufa_fp16,1000,fp16,65536.0,scale*dS,dk,0.00033166651739631247,0.0019012382714114473,0,0.001797485555595852
b_kohakufa_fp16,1000,fp16,65536.0,scale*dS,dq,0.0007069222310878802,0.002783192120144927,1,0.00402529124233331
b_kohakufa_fp16,1000,fp16,65536.0,scale*dS,dv,8.524059285997478e-05,0.00014918007747940896,3,0.0001715285323221947
b_kohakufa_fp16,1000,fp16,65536.0,scale-shift,dk,0.00032671625690346216,0.0343347083291143,0,0.01925533899608733
b_kohakufa_fp16,1000,fp16,65536.0,scale-shift,dq,0.0007055799875981315,0.03310633879986144,0,0.026703047145025673
b_kohakufa_fp16,1000,fp16,65536.0,scale-shift,dv,0.00010244387269815473,0.0008163608075789576,0,0.001565445341485016
b_kohakufa_fp16,1000,fp16,65536.0,single lse,dk,0.00032638958784597183,0.0019230569504831293,0,0.0018277175967825634
b_kohakufa_fp16,1000,fp16,65536.0,single lse,dq,0.0007056434859950123,0.0027829945474873233,1,0.004025266839607993
b_kohakufa_fp16,1000,fp16,65536.0,single lse,dv,0.00010238892167081024,0.0007743855360900865,0,0.001568757577496438
b_kohakufa_fp16,2000,bf16,1.0,all three,dk,0.004854492217149008,0.1417391757531137,0,0.0915837586649218
b_kohakufa_fp16,2000,bf16,1.0,all three,dq,0.010544068223512676,0.32476697668808857,0,0.2304461212618848
b_kohakufa_fp16,2000,bf16,1.0,all three,dv,0.0007830485723428387,0.0011732210358354601,0,0.0019759971970250124
b_kohakufa_fp16,2000,bf16,1.0,cudnn,dk,0.005188470405347133,0.06266954959200077,0,0.04981229186496369
b_kohakufa_fp16,2000,bf16,1.0,cudnn,dq,0.01090118077490493,0.2110709381413563,0,0.1335605894819822
b_kohakufa_fp16,2000,bf16,1.0,cudnn,dv,0.001786024755890004,0.0020210417407477044,3,0.003162662275257221
b_kohakufa_fp16,2000,bf16,1.0,efficient,dk,0.005120418424098931,0.04519897799605628,0,0.0403486264400057
b_kohakufa_fp16,2000,bf16,1.0,efficient,dq,0.010682275852396247,0.15058079996207335,0,0.13520948564842647
b_kohakufa_fp16,2000,bf16,1.0,efficient,dv,0.001788414091883827,0.0020210286913108317,3,0.003162662275257221
b_kohakufa_fp16,2000,bf16,1.0,fa4,dk,0.005243800652811494,0.06264668808217418,0,0.04981229186496369
b_kohakufa_fp16,2000,bf16,1.0,fa4,dq,0.010998626658543028,0.2110627464762243,0,0.1335605894819822
b_kohakufa_fp16,2000,bf16,1.0,fa4,dv,0.0017868490885398884,0.0020394061475129195,0,0.002654969410135057
b_kohakufa_fp16,2000,bf16,1.0,flex,dk,0.005078785320402798,0.04521287534497563,0,0.04042803432565459
b_kohakufa_fp16,2000,bf16,1.0,flex,dq,0.010641589398516354,0.14799643031996654,0,0.13520948564842647
b_kohakufa_fp16,2000,bf16,1.0,flex,dv,0.0017866308674165058,0.002020830173663964,3,0.003162662275257221
b_kohakufa_fp16,2000,bf16,1.0,floor,dk,0.004854328544131639,0.04470456846600252,0,0.04001450030266104
b_kohakufa_fp16,2000,bf16,1.0,floor,dq,0.010542115068710525,0.14802531038238495,0,0.13481819485892846
b_kohakufa_fp16,2000,bf16,1.0,floor,dv,0.0007028603812378717,0.0011049324463756273,3,0.0015658379707455012
b_kohakufa_fp16,2000,bf16,1.0,kohakufa,dk,0.005123703691339277,0.04483930697096918,0,0.04005478683326255
b_kohakufa_fp16,2000,bf16,1.0,kohakufa,dq,0.010688109633948362,0.15062962992556933,0,0.13520948564842647
b_kohakufa_fp16,2000,bf16,1.0,kohakufa,dv,0.001786526549926381,0.002020821835050279,3,0.003162662275257221
b_kohakufa_fp16,2000,bf16,1.0,scale*dS,dk,0.004854328544131639,0.04470456846600252,0,0.04001450030266104
b_kohakufa_fp16,2000,bf16,1.0,scale*dS,dq,0.010542115068710525,0.14802531038238495,0,0.13481819485892846
b_kohakufa_fp16,2000,bf16,1.0,scale*dS,dv,0.0007028603812378717,0.0011049324463756273,3,0.0015658379707455012
b_kohakufa_fp16,2000,bf16,1.0,scale-shift,dk,0.004854502406294344,0.14186223484950514,0,0.09159340354361085
b_kohakufa_fp16,2000,bf16,1.0,scale-shift,dq,0.01054411163519853,0.32479951925886497,0,0.2304461212618848
b_kohakufa_fp16,2000,bf16,1.0,scale-shift,dv,0.0007830655942565641,0.001104943528123831,3,0.0015658379707455012
b_kohakufa_fp16,2000,bf16,1.0,single lse,dk,0.004854341710097181,0.04469795903932633,0,0.04001435176526902
b_kohakufa_fp16,2000,bf16,1.0,single lse,dq,0.010542143639428339,0.14801540370509492,0,0.13481819485892846
b_kohakufa_fp16,2000,bf16,1.0,single lse,dv,0.0007528962652307261,0.0011049344473611183,3,0.0015658379707455012
b_kohakufa_fp16,2000,fp16,65536.0,all three,dk,0.0006518342443076599,0.012834187191950359,0,0.004930659179503087
b_kohakufa_fp16,2000,fp16,65536.0,all three,dq,0.0014132047329308962,0.041632379993858715,0,0.020811128717516093
b_kohakufa_fp16,2000,fp16,65536.0,all three,dv,8.906063379784705e-05,0.00088160758815492,0,0.001355498772994467
b_kohakufa_fp16,2000,fp16,65536.0,cudnn,dk,0.0007145169062541492,0.021738059956908286,0,0.015292862431790153
b_kohakufa_fp16,2000,fp16,65536.0,cudnn,dq,0.0015013717322993375,0.03904911437816886,0,0.020441590516854524
b_kohakufa_fp16,2000,fp16,65536.0,cudnn,dv,0.00022634321190664254,0.0005786188969165576,0,0.0013009395707152065
b_kohakufa_fp16,2000,fp16,65536.0,efficient,dk,0.0006865329598168262,0.0013098493814195488,11,0.0003891800494278563
b_kohakufa_fp16,2000,fp16,65536.0,efficient,dq,0.0014372219425557971,0.0044513833123716795,11,0.001516704655241578
b_kohakufa_fp16,2000,fp16,65536.0,efficient,dv,0.00022632798875496933,0.0004148426470434043,0,0.0005486572336124748
b_kohakufa_fp16,2000,fp16,65536.0,fa4,dk,0.0006798816624126136,0.022299992810139724,0,0.01519336430276094
b_kohakufa_fp16,2000,fp16,65536.0,fa4,dq,0.0014257584327016456,0.04051459621630525,0,0.020428742251287678
b_kohakufa_fp16,2000,fp16,65536.0,fa4,dv,0.00022659964213663536,0.0014459623193045828,0,0.004475482885137925
b_kohakufa_fp16,2000,fp16,65536.0,flex,dk,0.0006611501324256125,0.0013067711803036457,11,0.00038934105281357396
b_kohakufa_fp16,2000,fp16,65536.0,flex,dq,0.0013766604104886553,0.004451484983255934,11,0.0015084444996172315
b_kohakufa_fp16,2000,fp16,65536.0,flex,dv,0.00022652654599551728,0.00026401212983670074,0,0.0005138617608482931
b_kohakufa_fp16,2000,fp16,65536.0,floor,dk,0.0006330304254794602,0.0012885178399073645,11,0.00038935630411085384
b_kohakufa_fp16,2000,fp16,65536.0,floor,dq,0.0013672957559496945,0.0044481657377861234,11,0.0015093785818519122
b_kohakufa_fp16,2000,fp16,65536.0,floor,dv,8.540496558804596e-05,0.0001546607905237392,3,0.0002986137440260758
b_kohakufa_fp16,2000,fp16,65536.0,kohakufa,dk,0.0006648328760090667,0.0013085139409945196,11,0.0003894215545064328
b_kohakufa_fp16,2000,fp16,65536.0,kohakufa,dq,0.0013847716129434663,0.004444668158337533,11,0.0015146396163354915
b_kohakufa_fp16,2000,fp16,65536.0,kohakufa,dv,0.00022592919397510322,0.0002535939474670756,3,0.0004250271792068882
b_kohakufa_fp16,2000,fp16,65536.0,scale*dS,dk,0.0006554130022965777,0.0012891813669530683,11,0.00038921306770031797
b_kohakufa_fp16,2000,fp16,65536.0,scale*dS,dq,0.0014190559071370172,0.004450663201578234,11,0.0015116953225826726
b_kohakufa_fp16,2000,fp16,65536.0,scale*dS,dv,8.540496558804596e-05,0.0001546607905237392,3,0.0002986137440260758
b_kohakufa_fp16,2000,fp16,65536.0,scale-shift,dk,0.0006292406871025455,0.012884919654694646,0,0.005002213540776257
b_kohakufa_fp16,2000,fp16,65536.0,scale-shift,dq,0.0013612722469726495,0.04168160871982316,0,0.020851304641681178
b_kohakufa_fp16,2000,fp16,65536.0,scale-shift,dv,8.906118355036727e-05,0.0005890177716942309,0,0.0012009819094351733
b_kohakufa_fp16,2000,fp16,65536.0,single lse,dk,0.000633019533247003,0.0012885147500357654,11,0.00038952737020817886
b_kohakufa_fp16,2000,fp16,65536.0,single lse,dq,0.001367311669976673,0.004448260823929536,11,0.0015093785818519122
b_kohakufa_fp16,2000,fp16,65536.0,single lse,dv,8.906132676965328e-05,0.0006051558663986421,0,0.0011546803726079937
b_kohakufa_fp16,3000,bf16,1.0,all three,dk,0.0037937848591267395,0.08642713929320625,0,0.0427201889316847
b_kohakufa_fp16,3000,bf16,1.0,all three,dq,0.011124016022167747,0.16625334575601622,0,0.13951224059384892
b_kohakufa_fp16,3000,bf16,1.0,all three,dv,0.000666438606348408,0.0018169593719788199,1,0.004196202699621636
b_kohakufa_fp16,3000,bf16,1.0,cudnn,dk,0.004120360459248649,0.11431125593805865,0,0.05580657939889425
b_kohakufa_fp16,3000,bf16,1.0,cudnn,dq,0.011353059478894144,0.2587687457776088,0,0.2832653500046936
b_kohakufa_fp16,3000,bf16,1.0,cudnn,dv,0.0017845489011164518,0.0022741123242824143,1,0.0030769965818961617
b_kohakufa_fp16,3000,bf16,1.0,efficient,dk,0.004222107681138422,0.027429039767319707,0,0.024654805067082862
b_kohakufa_fp16,3000,bf16,1.0,efficient,dq,0.011294631222734731,0.043394290482918076,0,0.06744249468681454
b_kohakufa_fp16,3000,bf16,1.0,efficient,dv,0.0017851384289130072,0.0022741024592551513,1,0.0030769965818961617
b_kohakufa_fp16,3000,bf16,1.0,fa4,dk,0.0041634771705587196,0.11422691768547508,0,0.05580657939889425
b_kohakufa_fp16,3000,bf16,1.0,fa4,dq,0.01130842331414644,0.2584538756038998,0,0.2832653500046936
b_kohakufa_fp16,3000,bf16,1.0,fa4,dv,0.0017847127161304951,0.0022741051854270437,1,0.0030769965818961617
b_kohakufa_fp16,3000,bf16,1.0,flex,dk,0.004216682333027452,0.026724962936741783,0,0.024111492842084165
b_kohakufa_fp16,3000,bf16,1.0,flex,dq,0.01123210229863043,0.04166759504941544,0,0.06546753706725994
b_kohakufa_fp16,3000,bf16,1.0,flex,dv,0.0017851361308295597,0.0022741027047847927,1,0.0030769965818961617
b_kohakufa_fp16,3000,bf16,1.0,floor,dk,0.0037947850471100643,0.02705734416332004,0,0.024650551176044432
b_kohakufa_fp16,3000,bf16,1.0,floor,dq,0.011118662291933055,0.04272589691955044,0,0.06732346822313603
b_kohakufa_fp16,3000,bf16,1.0,floor,dv,0.0006633904343806393,0.0018169584431979495,1,0.004196202699621636
b_kohakufa_fp16,3000,bf16,1.0,kohakufa,dk,0.004236230637316949,0.027082275502395874,0,0.024111492842084165
b_kohakufa_fp16,3000,bf16,1.0,kohakufa,dq,0.011290920188732189,0.042600222984249723,0,0.06603181067284697
b_kohakufa_fp16,3000,bf16,1.0,kohakufa,dv,0.0017847133059629636,0.0022741062085504977,1,0.0030769965818961617
b_kohakufa_fp16,3000,bf16,1.0,scale*dS,dk,0.0037947850471100643,0.02705734416332004,0,0.024650551176044432
b_kohakufa_fp16,3000,bf16,1.0,scale*dS,dq,0.011118662291933055,0.04272589691955044,0,0.06732346822313603
b_kohakufa_fp16,3000,bf16,1.0,scale*dS,dv,0.0006633904343806393,0.0018169584431979495,1,0.004196202699621636
b_kohakufa_fp16,3000,bf16,1.0,scale-shift,dk,0.003793785038505039,0.08649412791194334,0,0.04275827279879507
b_kohakufa_fp16,3000,bf16,1.0,scale-shift,dq,0.01112402671891103,0.16636160515228762,0,0.13951224059384892
b_kohakufa_fp16,3000,bf16,1.0,scale-shift,dv,0.0006633915775585325,0.0018169597678742877,1,0.004196202699621636
b_kohakufa_fp16,3000,bf16,1.0,single lse,dk,0.0037947829081487437,0.027058188892387373,0,0.02465042438342529
b_kohakufa_fp16,3000,bf16,1.0,single lse,dq,0.011118632154578152,0.04272272418367876,0,0.06732346822313603
b_kohakufa_fp16,3000,bf16,1.0,single lse,dv,0.0006633902520364825,0.0018169612988179428,1,0.004196202699621636
b_kohakufa_fp16,3000,fp16,65536.0,all three,dk,0.0004877791772110693,0.04637673817859149,0,0.013463751841324314
b_kohakufa_fp16,3000,fp16,65536.0,all three,dq,0.00142079132712604,0.10031201413625711,0,0.06345155667692326
b_kohakufa_fp16,3000,fp16,65536.0,all three,dv,8.27199214092813e-05,0.0005847060535394304,0,0.0010531326150177757
b_kohakufa_fp16,3000,fp16,65536.0,cudnn,dk,0.0005372708186402237,0.0498368174782108,0,0.018653921620553498
b_kohakufa_fp16,3000,fp16,65536.0,cudnn,dq,0.0014468394712572345,0.09461437102859245,0,0.06345349637121214
b_kohakufa_fp16,3000,fp16,65536.0,cudnn,dv,0.00022226643952819795,0.0005474523399587749,0,0.0007202729970541647
b_kohakufa_fp16,3000,fp16,65536.0,efficient,dk,0.000546152456619733,0.006981910320068146,0,0.0038240206384812275
b_kohakufa_fp16,3000,fp16,65536.0,efficient,dq,0.0013833960985905427,0.03624019427192842,0,0.03965550013195858
b_kohakufa_fp16,3000,fp16,65536.0,efficient,dv,0.0002221910258453509,0.00037503395966510675,0,0.000401282982428122
b_kohakufa_fp16,3000,fp16,65536.0,fa4,dk,0.0005194199085695904,0.0495323774893632,0,0.018541257728108395
b_kohakufa_fp16,3000,fp16,65536.0,fa4,dq,0.0013446649950370618,0.09463257299061359,0,0.06345349637121214
b_kohakufa_fp16,3000,fp16,65536.0,fa4,dv,0.0002221657074088312,0.0010379228551552675,0,0.0011663505208375023
b_kohakufa_fp16,3000,fp16,65536.0,flex,dk,0.0005224728918990468,0.0070643754336605765,0,0.003920589689148459
b_kohakufa_fp16,3000,fp16,65536.0,flex,dq,0.0014126385757404886,0.03592768921770109,0,0.039868312305366777
b_kohakufa_fp16,3000,fp16,65536.0,flex,dv,0.00022219815967703586,0.00031772930769725444,1,0.000787469871694264
b_kohakufa_fp16,3000,fp16,65536.0,floor,dk,0.00047725115131463323,0.006618237383416152,0,0.0036755431689672845
b_kohakufa_fp16,3000,fp16,65536.0,floor,dq,0.0014035091688824855,0.03503815876033642,0,0.039312213209900145
b_kohakufa_fp16,3000,fp16,65536.0,floor,dv,8.277156517588105e-05,0.000246690965728485,1,0.0005001338596268164
b_kohakufa_fp16,3000,fp16,65536.0,kohakufa,dk,0.0005382391594206758,0.007698580593997203,0,0.00453219367670759
b_kohakufa_fp16,3000,fp16,65536.0,kohakufa,dq,0.0013663666697539484,0.034526328383409036,0,0.039797374914230715
b_kohakufa_fp16,3000,fp16,65536.0,kohakufa,dv,0.00022199388582205248,0.00031777296974424006,1,0.000787469871694264
b_kohakufa_fp16,3000,fp16,65536.0,scale*dS,dk,0.00048797027747882134,0.006626395212847598,0,0.0036886526455008357
b_kohakufa_fp16,3000,fp16,65536.0,scale*dS,dq,0.0014205954844369153,0.035047070998553406,0,0.03931924027202257
b_kohakufa_fp16,3000,fp16,65536.0,scale*dS,dv,8.277156517588105e-05,0.000246690965728485,1,0.0005001338596268164
b_kohakufa_fp16,3000,fp16,65536.0,scale-shift,dk,0.00047711019270196744,0.04641765412531679,0,0.013460708517360212
b_kohakufa_fp16,3000,fp16,65536.0,scale-shift,dq,0.0014037129333199267,0.1003073216940997,0,0.06339475134417759
b_kohakufa_fp16,3000,fp16,65536.0,scale-shift,dv,8.281561450927612e-05,0.0003563235284521417,0,0.0004725176716749377
b_kohakufa_fp16,3000,fp16,65536.0,single lse,dk,0.00047725207972375066,0.006416876178874273,0,0.003537093540326664
b_kohakufa_fp16,3000,fp16,65536.0,single lse,dq,0.001403636330264363,0.035053962507684305,0,0.039199641666349254
b_kohakufa_fp16,3000,fp16,65536.0,single lse,dv,8.28136357724056e-05,0.0003923796934257307,0,0.0005082592091124446
b_kohakufa_fp16,4000,bf16,1.0,all three,dk,0.004963413585362494,0.10399133244625414,0,0.057610557339334297
b_kohakufa_fp16,4000,bf16,1.0,all three,dq,0.011978805372036525,0.6577578695508779,0,0.66564258285419
b_kohakufa_fp16,4000,bf16,1.0,all three,dv,0.0005962853918428157,0.0010954096444363948,1,0.0015521809993853724
b_kohakufa_fp16,4000,bf16,1.0,cudnn,dk,0.005296175993365472,0.10072810367412993,0,0.053353032451217614
b_kohakufa_fp16,4000,bf16,1.0,cudnn,dq,0.012201973339505548,0.6566488019793337,0,0.6686409128404424
b_kohakufa_fp16,4000,bf16,1.0,cudnn,dv,0.0017682079748362139,0.002203115291297429,1,0.0039555226920539015
b_kohakufa_fp16,4000,bf16,1.0,efficient,dk,0.005225443467718341,0.014361357937784324,0,0.005117877845162788
b_kohakufa_fp16,4000,bf16,1.0,efficient,dq,0.012191559635105348,0.08347152604267469,0,0.06457659203763833
b_kohakufa_fp16,4000,bf16,1.0,efficient,dv,0.0017682164629526896,0.002203152545869209,1,0.0039555226920539015
b_kohakufa_fp16,4000,bf16,1.0,fa4,dk,0.005184581057728392,0.09518075927790516,0,0.0537383398287794
b_kohakufa_fp16,4000,bf16,1.0,fa4,dq,0.01220166417246515,0.6399990598096119,0,0.6686409128404424
b_kohakufa_fp16,4000,bf16,1.0,fa4,dv,0.0018204363729033123,0.0021995825376794668,1,0.0039555226920539015
b_kohakufa_fp16,4000,bf16,1.0,flex,dk,0.0052178589880228655,0.015686405264372663,0,0.005888492600286365
b_kohakufa_fp16,4000,bf16,1.0,flex,dq,0.012131881494624994,0.09092509445414168,0,0.07353160426317988
b_kohakufa_fp16,4000,bf16,1.0,flex,dv,0.001768217530050923,0.0022031301868282384,1,0.0039555226920539015
b_kohakufa_fp16,4000,bf16,1.0,floor,dk,0.004964537819998978,0.015473348951411465,0,0.005772641336110029
b_kohakufa_fp16,4000,bf16,1.0,floor,dq,0.012019342337880136,0.0871813980683064,0,0.06742667000399843
b_kohakufa_fp16,4000,bf16,1.0,floor,dv,0.0005962847070796915,0.0010954170954477216,1,0.0015521809993853724
b_kohakufa_fp16,4000,bf16,1.0,kohakufa,dk,0.005223483485166018,0.015432867741828681,0,0.0055031852227245765
b_kohakufa_fp16,4000,bf16,1.0,kohakufa,dq,0.012170754179967968,0.08761649282078585,0,0.06734838153602024
b_kohakufa_fp16,4000,bf16,1.0,kohakufa,dv,0.0017682214852123156,0.0021995852349804778,1,0.0039555226920539015
b_kohakufa_fp16,4000,bf16,1.0,scale*dS,dk,0.004964537819998978,0.015473348951411465,0,0.005772641336110029
b_kohakufa_fp16,4000,bf16,1.0,scale*dS,dq,0.012019342337880136,0.0871813980683064,0,0.06742667000399843
b_kohakufa_fp16,4000,bf16,1.0,scale*dS,dv,0.0005962847070796915,0.0010954170954477216,1,0.0015521809993853724
b_kohakufa_fp16,4000,bf16,1.0,scale-shift,dk,0.004963413777695739,0.10403771077363824,0,0.05763765708751156
b_kohakufa_fp16,4000,bf16,1.0,scale-shift,dq,0.011978739764089768,0.6578140615023789,0,0.66564258285419
b_kohakufa_fp16,4000,bf16,1.0,scale-shift,dv,0.0005962857578504026,0.0010953998683386399,1,0.0015521809993853724
b_kohakufa_fp16,4000,bf16,1.0,single lse,dk,0.004964537032170285,0.015165124880829097,0,0.005455078963091249
b_kohakufa_fp16,4000,bf16,1.0,single lse,dq,0.012019220504786604,0.08514115794825654,0,0.06434921742090914
b_kohakufa_fp16,4000,bf16,1.0,single lse,dv,0.0005962847944856154,0.0010948779268156973,1,0.0015521809993853724
b_kohakufa_fp16,4000,fp16,65536.0,all three,dk,0.0007548974768025919,0.022848012119953996,0,0.00756062807487139
b_kohakufa_fp16,4000,fp16,65536.0,all three,dq,0.00205611601109576,0.11642153273828451,0,0.07506163468309064
b_kohakufa_fp16,4000,fp16,65536.0,all three,dv,8.593918770555816e-05,0.0005273825840682555,0,0.0006923194076908643
b_kohakufa_fp16,4000,fp16,65536.0,cudnn,dk,0.0007980828113324751,0.028160640126742888,0,0.013044614973060384
b_kohakufa_fp16,4000,fp16,65536.0,cudnn,dq,0.0020892266478317514,0.1388777229924607,0,0.12853899545323602
b_kohakufa_fp16,4000,fp16,65536.0,cudnn,dv,0.00022533224402309678,0.0004912600382892273,0,0.0004610533014735526
b_kohakufa_fp16,4000,fp16,65536.0,efficient,dk,0.000796818059027652,0.0015211540249000332,11,0.0004668004470696576
b_kohakufa_fp16,4000,fp16,65536.0,efficient,dq,0.0020684164902222747,0.005569743894496342,11,0.002070069277178236
b_kohakufa_fp16,4000,fp16,65536.0,efficient,dv,0.0002248079831710152,0.00031052431967275605,0,0.0003126661038676797
b_kohakufa_fp16,4000,fp16,65536.0,fa4,dk,0.0006293777489221723,0.028318410262169073,0,0.013044614973060384
b_kohakufa_fp16,4000,fp16,65536.0,fa4,dq,0.0017496247722380742,0.13871290024121913,0,0.12853899545323602
b_kohakufa_fp16,4000,fp16,65536.0,fa4,dv,0.00022486948116361895,0.001362477904322465,0,0.0017599937207557822
b_kohakufa_fp16,4000,fp16,65536.0,flex,dk,0.0006221373704861789,0.0015201808332172312,11,0.00046722012551951727
b_kohakufa_fp16,4000,fp16,65536.0,flex,dq,0.001713735054442587,0.005565903275254408,11,0.002073879288981615
b_kohakufa_fp16,4000,fp16,65536.0,flex,dv,0.00022237745410832904,0.0002505647125554259,1,0.00044763718351754624
b_kohakufa_fp16,4000,fp16,65536.0,floor,dk,0.0005843063174281728,0.0015029440936622624,11,0.00046703948755391606
b_kohakufa_fp16,4000,fp16,65536.0,floor,dq,0.0016991317385332413,0.005560643679214575,11,0.002072730518332891
b_kohakufa_fp16,4000,fp16,65536.0,floor,dv,8.232693382033963e-05,0.0001150242925830702,1,0.00011794055827427076
b_kohakufa_fp16,4000,fp16,65536.0,kohakufa,dk,0.0006385826684661134,0.001518392743655013,11,0.0004668004470696576
b_kohakufa_fp16,4000,fp16,65536.0,kohakufa,dq,0.001722984115054104,0.0055603621367251565,11,0.002072609285047155
b_kohakufa_fp16,4000,fp16,65536.0,kohakufa,dv,0.00022240757984518525,0.00025009213536529264,1,0.00044763718351754624
b_kohakufa_fp16,4000,fp16,65536.0,scale*dS,dk,0.0007549037147964296,0.0015037958873681373,11,0.00046681766044357766
b_kohakufa_fp16,4000,fp16,65536.0,scale*dS,dq,0.002056195257234309,0.005564757078232298,11,0.0020706112612791723
b_kohakufa_fp16,4000,fp16,65536.0,scale*dS,dv,8.232693382033963e-05,0.0001150242925830702,1,0.00011794055827427076
b_kohakufa_fp16,4000,fp16,65536.0,scale-shift,dk,0.0005836736435968432,0.02287642252193309,0,0.00756924060906716
b_kohakufa_fp16,4000,fp16,65536.0,scale-shift,dq,0.0016989947112233368,0.11645299320144925,0,0.07506163468309064
b_kohakufa_fp16,4000,fp16,65536.0,scale-shift,dv,8.592741766557832e-05,0.00035390749274503654,0,0.0004908520977396822
b_kohakufa_fp16,4000,fp16,65536.0,single lse,dk,0.000584193339961369,0.0015029651763559437,11,0.00046703948755391606
b_kohakufa_fp16,4000,fp16,65536.0,single lse,dq,0.0016991470918699247,0.005560656921984486,11,0.002072730518332891
b_kohakufa_fp16,4000,fp16,65536.0,single lse,dv,8.592876786175838e-05,0.0003715306762107751,0,0.00043859054790776136
b_kohakufa_fp16,5000,bf16,1.0,all three,dk,0.0037640170448076005,0.10780857915565904,0,0.026723755520645927
b_kohakufa_fp16,5000,bf16,1.0,all three,dq,0.012110680972135553,0.25526830448361637,0,0.17946809173371095
b_kohakufa_fp16,5000,bf16,1.0,all three,dv,0.000610034669629186,0.001422363831687582,1,0.0020031511231850827
b_kohakufa_fp16,5000,bf16,1.0,cudnn,dk,0.004128485036077163,0.08595953299702817,0,0.02718980517219146
b_kohakufa_fp16,5000,bf16,1.0,cudnn,dq,0.012173997056211468,0.19407819068447418,0,0.10919043241629263
b_kohakufa_fp16,5000,bf16,1.0,cudnn,dv,0.0018028790905447619,0.002355185031335903,1,0.0034341454793760727
b_kohakufa_fp16,5000,bf16,1.0,efficient,dk,0.004198303196623048,0.023649877656804312,0,0.009721237372947764
b_kohakufa_fp16,5000,bf16,1.0,efficient,dq,0.012143526363404865,0.09878870797414102,0,0.11359754352900374
b_kohakufa_fp16,5000,bf16,1.0,efficient,dv,0.0018028641811038957,0.002355186122434689,1,0.0034341454793760727
b_kohakufa_fp16,5000,bf16,1.0,fa4,dk,0.004103322021643883,0.08733833031069504,0,0.026809761641398547
b_kohakufa_fp16,5000,bf16,1.0,fa4,dq,0.012742246960166702,0.1949259938482011,0,0.10864033864852646
b_kohakufa_fp16,5000,bf16,1.0,fa4,dv,0.0018028586892249552,0.0023551764178551438,1,0.0034341454793760727
b_kohakufa_fp16,5000,bf16,1.0,flex,dk,0.004102302057599828,0.02411774431877963,0,0.010481324434533588
b_kohakufa_fp16,5000,bf16,1.0,flex,dq,0.01218975614274478,0.09864989471985718,0,0.11359754352900374
b_kohakufa_fp16,5000,bf16,1.0,flex,dv,0.0018028690180703125,0.0023551689862337986,1,0.0034341454793760727
b_kohakufa_fp16,5000,bf16,1.0,floor,dk,0.003765276170649957,0.032602419116292816,0,0.01427802259052112
b_kohakufa_fp16,5000,bf16,1.0,floor,dq,0.012111017298584305,0.09512985839020503,0,0.10830725034027033
b_kohakufa_fp16,5000,bf16,1.0,floor,dv,0.0005872107936025381,0.0014223594150853999,1,0.0020031511231850827
b_kohakufa_fp16,5000,bf16,1.0,kohakufa,dk,0.00418617563754013,0.02537174280749304,0,0.010481324434533588
b_kohakufa_fp16,5000,bf16,1.0,kohakufa,dq,0.012131626173152494,0.09114617515007477,0,0.1080902448807603
b_kohakufa_fp16,5000,bf16,1.0,kohakufa,dv,0.001802860709128255,0.0023551678493905796,1,0.0034341454793760727
b_kohakufa_fp16,5000,bf16,1.0,scale*dS,dk,0.003765276170649957,0.032602419116292816,0,0.01427802259052112
b_kohakufa_fp16,5000,bf16,1.0,scale*dS,dq,0.012111017298584305,0.09512985839020503,0,0.10830725034027033
b_kohakufa_fp16,5000,bf16,1.0,scale*dS,dv,0.0005872107936025381,0.0014223594150853999,1,0.0020031511231850827
b_kohakufa_fp16,5000,bf16,1.0,scale-shift,dk,0.0037640164949228794,0.10810360779155262,0,0.026739894127156688
b_kohakufa_fp16,5000,bf16,1.0,scale-shift,dq,0.012110684903720817,0.2555740358291853,0,0.17946809173371095
b_kohakufa_fp16,5000,bf16,1.0,scale-shift,dv,0.0006100333273020222,0.001422358048934509,1,0.0020031511231850827
b_kohakufa_fp16,5000,bf16,1.0,single lse,dk,0.0037652895821463513,0.032524103478739456,0,0.01427797841215903
b_kohakufa_fp16,5000,bf16,1.0,single lse,dq,0.012111014566339817,0.0948989995603423,0,0.10830725034027033
b_kohakufa_fp16,5000,bf16,1.0,single lse,dv,0.0006100331259525524,0.0014223594467725367,1,0.0020031511231850827
b_kohakufa_fp16,5000,fp16,65536.0,all three,dk,0.0006852191695713651,0.0612233973149412,0,0.018223784689688435
b_kohakufa_fp16,5000,fp16,65536.0,all three,dq,0.002010917038970949,0.13828388471419134,0,0.07660236679608917
b_kohakufa_fp16,5000,fp16,65536.0,all three,dv,8.035832520517269e-05,0.0007698552579791217,0,0.001586818035753789
b_kohakufa_fp16,5000,fp16,65536.0,cudnn,dk,0.0007343713879215314,0.0455280023117033,0,0.014431322098584236
b_kohakufa_fp16,5000,fp16,65536.0,cudnn,dq,0.002158774236167929,0.10191460133104902,0,0.07696815706377402
b_kohakufa_fp16,5000,fp16,65536.0,cudnn,dv,0.0002233837850528833,0.00047358377463967117,0,0.00043761309204210115
b_kohakufa_fp16,5000,fp16,65536.0,efficient,dk,0.0007309742191122468,0.004635639415199786,0,0.0013861265389830367
b_kohakufa_fp16,5000,fp16,65536.0,efficient,dq,0.0020425932727944807,0.015391208709370328,0,0.016044631430068176
b_kohakufa_fp16,5000,fp16,65536.0,efficient,dv,0.0002230251390844261,0.00037989951418934714,0,0.0004066294643490907
b_kohakufa_fp16,5000,fp16,65536.0,fa4,dk,0.0006061190880150217,0.04524691179363382,0,0.01434912579696496
b_kohakufa_fp16,5000,fp16,65536.0,fa4,dq,0.0016152539908118665,0.10030870791063004,0,0.07696815706377402
b_kohakufa_fp16,5000,fp16,65536.0,fa4,dv,0.00022312235115915394,0.0012266875422212332,0,0.0016997164708803109
b_kohakufa_fp16,5000,fp16,65536.0,flex,dk,0.0006043053584897451,0.004490746280274663,0,0.002017361024023093
b_kohakufa_fp16,5000,fp16,65536.0,flex,dq,0.0016175874533594227,0.010725552802056997,0,0.011274944448201988
b_kohakufa_fp16,5000,fp16,65536.0,flex,dv,0.0002214017615833669,0.0002446948805651391,3,0.0004482933900001133
b_kohakufa_fp16,5000,fp16,65536.0,floor,dk,0.0005738622728344722,0.004854697139847031,0,0.0019291831869919656
b_kohakufa_fp16,5000,fp16,65536.0,floor,dq,0.0016076633066143338,0.014343504262367112,0,0.013349419190804847
b_kohakufa_fp16,5000,fp16,65536.0,floor,dv,7.625019312095043e-05,0.00012847316495800783,3,0.00015158081867927624
b_kohakufa_fp16,5000,fp16,65536.0,kohakufa,dk,0.0006087640779711741,0.004912147951099601,0,0.0019234223936010638
b_kohakufa_fp16,5000,fp16,65536.0,kohakufa,dq,0.001627965802643025,0.014610032501648995,0,0.013596578391785326
b_kohakufa_fp16,5000,fp16,65536.0,kohakufa,dv,0.00022141713962095972,0.0002447010024825985,3,0.0004482933900001133
b_kohakufa_fp16,5000,fp16,65536.0,scale*dS,dk,0.0006854189373027231,0.004904599089851101,0,0.001920945496119233
b_kohakufa_fp16,5000,fp16,65536.0,scale*dS,dq,0.0019991726657020855,0.01435891942937188,0,0.013349419190804847
b_kohakufa_fp16,5000,fp16,65536.0,scale*dS,dv,7.625019312095043e-05,0.00012847316495800783,3,0.00015158081867927624
b_kohakufa_fp16,5000,fp16,65536.0,scale-shift,dk,0.0005726514559231083,0.06123965532026435,0,0.018217972294266662
b_kohakufa_fp16,5000,fp16,65536.0,scale-shift,dq,0.0016052448348564616,0.1383293261907054,0,0.07660236679608917
b_kohakufa_fp16,5000,fp16,65536.0,scale-shift,dv,8.034767308158212e-05,0.0004733370479091556,0,0.0008829754940695418
b_kohakufa_fp16,5000,fp16,65536.0,single lse,dk,0.0005738636856757278,0.004800634671501462,0,0.0018567568698843562
b_kohakufa_fp16,5000,fp16,65536.0,single lse,dq,0.0016076523358967891,0.014137603288726847,0,0.013354233980434336
b_kohakufa_fp16,5000,fp16,65536.0,single lse,dv,8.034630783900088e-05,0.0005184631678870105,0,0.0010083437832032556
b_kohakufa_fp16,6000,bf16,1.0,all three,dk,0.003876096881947996,0.06563551848395473,0,0.02033854033264727
b_kohakufa_fp16,6000,bf16,1.0,all three,dq,0.011511341746032909,0.24871245047443102,0,0.19218074359603618
b_kohakufa_fp16,6000,bf16,1.0,all three,dv,0.0006771496076505591,0.0012946823079187065,1,0.0020178698535335475
b_kohakufa_fp16,6000,bf16,1.0,cudnn,dk,0.004318090083881312,0.092398024185544,0,0.03981529407902282
b_kohakufa_fp16,6000,bf16,1.0,cudnn,dq,0.011939710715547662,0.37726410355729295,0,0.38162847079962714
b_kohakufa_fp16,6000,bf16,1.0,cudnn,dv,0.0017809748662733656,0.0018866374995163016,1,0.002339472502895123
b_kohakufa_fp16,6000,bf16,1.0,efficient,dk,0.0042718580359988574,0.018748621692739425,0,0.008476273469670417
b_kohakufa_fp16,6000,bf16,1.0,efficient,dq,0.011556778138151749,0.07774328169152436,0,0.09157329132154966
b_kohakufa_fp16,6000,bf16,1.0,efficient,dv,0.0017809523734367532,0.0019163866452670073,1,0.002339472502895123
b_kohakufa_fp16,6000,bf16,1.0,fa4,dk,0.004304143852293814,0.09243493510900722,0,0.03953879898125182
b_kohakufa_fp16,6000,bf16,1.0,fa4,dq,0.011605095482676821,0.3766598535199114,0,0.38162847079962714
b_kohakufa_fp16,6000,bf16,1.0,fa4,dv,0.0018011045706526952,0.0019164330663967969,1,0.002339472502895123
b_kohakufa_fp16,6000,bf16,1.0,flex,dk,0.004253041429873447,0.018670367692658753,0,0.008476273469670417
b_kohakufa_fp16,6000,bf16,1.0,flex,dq,0.011656901943380139,0.07706902977427063,0,0.09093724387021694
b_kohakufa_fp16,6000,bf16,1.0,flex,dv,0.0017809514021915715,0.0019164316961127897,1,0.002339472502895123
b_kohakufa_fp16,6000,bf16,1.0,floor,dk,0.0039004232114359626,0.019713121713615292,0,0.008598299930312938
b_kohakufa_fp16,6000,bf16,1.0,floor,dq,0.011517343183365671,0.07872726301814531,0,0.09225902998001774
b_kohakufa_fp16,6000,bf16,1.0,floor,dv,0.0006545303592598019,0.0012956023910343812,1,0.0020178698535335475
b_kohakufa_fp16,6000,bf16,1.0,kohakufa,dk,0.004271687429488725,0.01973069973271622,0,0.008614521018555912
b_kohakufa_fp16,6000,bf16,1.0,kohakufa,dq,0.011518767010697022,0.07868774400400433,0,0.09220933877288237
b_kohakufa_fp16,6000,bf16,1.0,kohakufa,dv,0.0017809526352861572,0.0019164322921486165,1,0.002339472502895123
b_kohakufa_fp16,6000,bf16,1.0,scale*dS,dk,0.0039004232114359626,0.019713121713615292,0,0.008598299930312938
b_kohakufa_fp16,6000,bf16,1.0,scale*dS,dq,0.011517343183365671,0.07872726301814531,0,0.09225902998001774
b_kohakufa_fp16,6000,bf16,1.0,scale*dS,dv,0.0006545303592598019,0.0012956023910343812,1,0.0020178698535335475
b_kohakufa_fp16,6000,bf16,1.0,scale-shift,dk,0.0038761002813523546,0.06572826743617408,0,0.020336553942754215
b_kohakufa_fp16,6000,bf16,1.0,scale-shift,dq,0.011511341543048548,0.24898822996659642,0,0.19218074359603618
b_kohakufa_fp16,6000,bf16,1.0,scale-shift,dv,0.0006545142075973977,0.0012956015557965906,1,0.0020178698535335475
b_kohakufa_fp16,6000,bf16,1.0,single lse,dk,0.003900432058385913,0.019705533030182812,0,0.008598165977686072
b_kohakufa_fp16,6000,bf16,1.0,single lse,dq,0.011517347565272323,0.07856986991156963,0,0.09199566658220029
b_kohakufa_fp16,6000,bf16,1.0,single lse,dv,0.0006545305166479387,0.0012956003610229427,1,0.0020178698535335475
b_kohakufa_fp16,6000,fp16,65536.0,all three,dk,0.0007414938621146208,0.02585085066298753,0,0.010772618292649524
b_kohakufa_fp16,6000,fp16,65536.0,all three,dq,0.001855547392667827,0.07720511383739181,0,0.05749788448476266
b_kohakufa_fp16,6000,fp16,65536.0,all three,dv,8.755462643986574e-05,0.0006920807085238198,0,0.0007938313331943559
b_kohakufa_fp16,6000,fp16,65536.0,cudnn,dk,0.0007762843973107365,0.03853850464596075,0,0.016029461689212213
b_kohakufa_fp16,6000,fp16,65536.0,cudnn,dq,0.0018540412533204055,0.15623077228498655,0,0.17046082502218154
b_kohakufa_fp16,6000,fp16,65536.0,cudnn,dv,0.00022502724951910258,0.0005437430483345067,0,0.0006013583185962627
b_kohakufa_fp16,6000,fp16,65536.0,efficient,dk,0.0007666026436736204,0.0077143340337355705,0,0.0033837698979662014
b_kohakufa_fp16,6000,fp16,65536.0,efficient,dq,0.0019070066018225694,0.04101150476432397,0,0.055627924454532726
b_kohakufa_fp16,6000,fp16,65536.0,efficient,dv,0.00022474037500331092,0.00046787461805768816,0,0.0005327585026557499
b_kohakufa_fp16,6000,fp16,65536.0,fa4,dk,0.0006084281261325749,0.038544049466088054,0,0.01603803617454981
b_kohakufa_fp16,6000,fp16,65536.0,fa4,dq,0.001630876341580573,0.15630450290370507,0,0.17046082502218154
b_kohakufa_fp16,6000,fp16,65536.0,fa4,dv,0.00022472708673615762,0.0012236589285985519,0,0.002470484503198655
b_kohakufa_fp16,6000,fp16,65536.0,flex,dk,0.0006099723189248185,0.008321888049986681,0,0.003375597341628803
b_kohakufa_fp16,6000,fp16,65536.0,flex,dq,0.001629874222924177,0.04198995031038622,0,0.05531137696145532
b_kohakufa_fp16,6000,fp16,65536.0,flex,dv,0.00022480254958143192,0.00037401833241721685,1,0.0005317156938175477
b_kohakufa_fp16,6000,fp16,65536.0,floor,dk,0.0005719500019819835,0.007440753561796764,0,0.0033589874163575213
b_kohakufa_fp16,6000,fp16,65536.0,floor,dq,0.0016112914120789304,0.040528925472413664,0,0.0547219077223323
b_kohakufa_fp16,6000,fp16,65536.0,floor,dv,8.374344373014676e-05,0.00025993429540285346,1,0.0004934696049643931
b_kohakufa_fp16,6000,fp16,65536.0,kohakufa,dk,0.0006212669445112041,0.001748453783072748,11,0.0007331492124858177
b_kohakufa_fp16,6000,fp16,65536.0,kohakufa,dq,0.0016671157742551138,0.008290081495254854,0,0.008304425638688866
b_kohakufa_fp16,6000,fp16,65536.0,kohakufa,dv,0.0002248016588507082,0.0003740179904207974,1,0.0005317156938175477
b_kohakufa_fp16,6000,fp16,65536.0,scale*dS,dk,0.0007407913720540421,0.00742989767418711,0,0.003355308300639546
b_kohakufa_fp16,6000,fp16,65536.0,scale*dS,dq,0.0018554921798565013,0.04048722891387076,0,0.0546517742140394
b_kohakufa_fp16,6000,fp16,65536.0,scale*dS,dv,8.374344373014676e-05,0.00025993429540285346,1,0.0004934696049643931
b_kohakufa_fp16,6000,fp16,65536.0,scale-shift,dk,0.0005725798541000918,0.025872865426945023,0,0.010784071175775012
b_kohakufa_fp16,6000,fp16,65536.0,scale-shift,dq,0.00161136838958591,0.077169918026292,0,0.057426012129156705
b_kohakufa_fp16,6000,fp16,65536.0,scale-shift,dv,8.754126889378866e-05,0.00047282991534405025,0,0.0007159402318616971
b_kohakufa_fp16,6000,fp16,65536.0,single lse,dk,0.000571939951826184,0.0074299139746048706,0,0.003359601823448973
b_kohakufa_fp16,6000,fp16,65536.0,single lse,dq,0.0016112635111475817,0.0404416029112402,0,0.05459898087756271
b_kohakufa_fp16,6000,fp16,65536.0,single lse,dv,8.753203857688644e-05,0.0004454393770703451,0,0.0007090271489645109
b_kohakufa_fp16,7000,bf16,1.0,all three,dk,0.0042648171525544966,0.050119841823666474,0,0.010101686009122724
b_kohakufa_fp16,7000,bf16,1.0,all three,dq,0.012140131855650963,0.18679548134522098,0,0.14320932636153372
b_kohakufa_fp16,7000,bf16,1.0,all three,dv,0.0006882937863603653,0.0011000390024295465,1,0.0013641239240898698
b_kohakufa_fp16,7000,bf16,1.0,cudnn,dk,0.004621237145343163,0.05443974709615575,0,0.012260488973889996
b_kohakufa_fp16,7000,bf16,1.0,cudnn,dq,0.012319075228620446,0.25036567288600736,0,0.231707740843404
b_kohakufa_fp16,7000,bf16,1.0,cudnn,dv,0.0018232484207524838,0.002155824207842207,1,0.0028143753845823742
b_kohakufa_fp16,7000,bf16,1.0,efficient,dk,0.004648864864405496,0.00833932232048728,0,0.0039029836661498125
b_kohakufa_fp16,7000,bf16,1.0,efficient,dq,0.012314965285024458,0.030276591279483567,0,0.051026123846447134
b_kohakufa_fp16,7000,bf16,1.0,efficient,dv,0.0017807865942405321,0.0021557986295043215,1,0.0028143753845823742
b_kohakufa_fp16,7000,bf16,1.0,fa4,dk,0.004626098992177734,0.053584817716724006,0,0.012260488973889996
b_kohakufa_fp16,7000,bf16,1.0,fa4,dq,0.012275592806010467,0.24869308885616187,0,0.231707740843404
b_kohakufa_fp16,7000,bf16,1.0,fa4,dv,0.0018233231325806899,0.002155995436876473,1,0.0028143753845823742
b_kohakufa_fp16,7000,bf16,1.0,flex,dk,0.004610928818710937,0.00806801108353848,0,0.004053772675887845
b_kohakufa_fp16,7000,bf16,1.0,flex,dq,0.01229205422325547,0.02575822951460952,0,0.038534594862227114
b_kohakufa_fp16,7000,bf16,1.0,flex,dv,0.0017728017596478842,0.002155330124606373,1,0.0028143753845823742
b_kohakufa_fp16,7000,bf16,1.0,floor,dk,0.004265087307736364,0.008338689024861639,0,0.004016418482805954
b_kohakufa_fp16,7000,bf16,1.0,floor,dq,0.012139702066913881,0.029068462349766653,0,0.03980559809491202
b_kohakufa_fp16,7000,bf16,1.0,floor,dv,0.0006882946687026397,0.0010886434801979932,1,0.0013423109992930613
b_kohakufa_fp16,7000,bf16,1.0,kohakufa,dk,0.004648991600524764,0.008864602409456789,0,0.004355350695363909
b_kohakufa_fp16,7000,bf16,1.0,kohakufa,dq,0.012355650516403577,0.03159154143298612,0,0.051026123846447134
b_kohakufa_fp16,7000,bf16,1.0,kohakufa,dv,0.0017728022564306469,0.002155330761052655,1,0.0028143753845823742
b_kohakufa_fp16,7000,bf16,1.0,scale*dS,dk,0.004265087307736364,0.008338689024861639,0,0.004016418482805954
b_kohakufa_fp16,7000,bf16,1.0,scale*dS,dq,0.012139702066913881,0.029068462349766653,0,0.03980559809491202
b_kohakufa_fp16,7000,bf16,1.0,scale*dS,dv,0.0006882946687026397,0.0010886434801979932,1,0.0013423109992930613
b_kohakufa_fp16,7000,bf16,1.0,scale-shift,dk,0.004264812846333497,0.05022344882200425,0,0.010131745326974303
b_kohakufa_fp16,7000,bf16,1.0,scale-shift,dq,0.012140135631261643,0.18710500737691335,0,0.14320932636153372
b_kohakufa_fp16,7000,bf16,1.0,scale-shift,dv,0.0006882939153810862,0.001100042004256514,1,0.0013641239240898698
b_kohakufa_fp16,7000,bf16,1.0,single lse,dk,0.004265087212260539,0.008365549099419202,0,0.004016396337050741
b_kohakufa_fp16,7000,bf16,1.0,single lse,dq,0.012139696346198752,0.028801571058794845,0,0.03849607961275182
b_kohakufa_fp16,7000,bf16,1.0,single lse,dv,0.0006882963320044224,0.0011000435904034394,1,0.0013641239240898698
b_kohakufa_fp16,7000,fp16,65536.0,all three,dk,0.0008431057072103857,0.014741537828773158,0,0.0035527213814191957
b_kohakufa_fp16,7000,fp16,65536.0,all three,dq,0.002346629154508835,0.053677780076261346,0,0.0452007524028813
b_kohakufa_fp16,7000,fp16,65536.0,all three,dv,9.325803935963048e-05,0.0006656632854468994,0,0.0010672025718145824
b_kohakufa_fp16,7000,fp16,65536.0,cudnn,dk,0.0008753329763106364,0.015828548547783695,0,0.00657458342022523
b_kohakufa_fp16,7000,fp16,65536.0,cudnn,dq,0.002328131885917895,0.049523198529981625,0,0.047220576421097504
b_kohakufa_fp16,7000,fp16,65536.0,cudnn,dv,0.00022260054054782315,0.00047635125406396276,0,0.0005415629806425314
b_kohakufa_fp16,7000,fp16,65536.0,efficient,dk,0.0008791617673145933,0.002477670406140279,0,0.0009345281146718624
b_kohakufa_fp16,7000,fp16,65536.0,efficient,dq,0.0023325254855561667,0.011364678807827785,0,0.018608885153932508
b_kohakufa_fp16,7000,fp16,65536.0,efficient,dv,0.00022205379300509036,0.00074452358144529,0,0.002441733041291678
b_kohakufa_fp16,7000,fp16,65536.0,fa4,dk,0.0006975557972709369,0.018152499127871393,0,0.006579364935439926
b_kohakufa_fp16,7000,fp16,65536.0,fa4,dq,0.001832456850828481,0.04884445988341824,0,0.047220576421097504
b_kohakufa_fp16,7000,fp16,65536.0,fa4,dv,0.00022210524725120953,0.001179914357874419,0,0.0027846875187024344
b_kohakufa_fp16,7000,fp16,65536.0,flex,dk,0.0006952109663839162,0.0025088317113984232,0,0.0009345281146718624
b_kohakufa_fp16,7000,fp16,65536.0,flex,dq,0.0017315730753985983,0.011693139385878508,0,0.01911000147513599
b_kohakufa_fp16,7000,fp16,65536.0,flex,dv,0.00022205875008828236,0.000246002460852315,3,0.00042848237795603794
b_kohakufa_fp16,7000,fp16,65536.0,floor,dk,0.0006633076804744337,0.0019290012670643431,0,0.0006711746103317082
b_kohakufa_fp16,7000,fp16,65536.0,floor,dq,0.001715196646485562,0.008907290224002735,0,0.013862451130865736
b_kohakufa_fp16,7000,fp16,65536.0,floor,dv,8.862535073807465e-05,0.0001301817613305817,1,0.00016640813695604454
b_kohakufa_fp16,7000,fp16,65536.0,kohakufa,dk,0.0006972491130042643,0.0024208625597609904,0,0.0008771499320955118
b_kohakufa_fp16,7000,fp16,65536.0,kohakufa,dq,0.0017490298278406463,0.01118080481994766,0,0.018261958470022405
b_kohakufa_fp16,7000,fp16,65536.0,kohakufa,dv,0.00022212345087859465,0.0002459643831291812,3,0.00042848237795603794
b_kohakufa_fp16,7000,fp16,65536.0,scale*dS,dk,0.000841931753417821,0.001924907191646945,0,0.0006713532167349916
b_kohakufa_fp16,7000,fp16,65536.0,scale*dS,dq,0.002344932079749552,0.008906213294553367,0,0.01381264817917161
b_kohakufa_fp16,7000,fp16,65536.0,scale*dS,dv,8.862535073807465e-05,0.0001301817613305817,1,0.00016640813695604454
b_kohakufa_fp16,7000,fp16,65536.0,scale-shift,dk,0.0006614296548268968,0.014701799980694734,0,0.0035751236440480097
b_kohakufa_fp16,7000,fp16,65536.0,scale-shift,dq,0.001717363785821207,0.053617698188958465,0,0.04523530955303641
b_kohakufa_fp16,7000,fp16,65536.0,scale-shift,dv,9.32535184470752e-05,0.0005151713990996629,0,0.001385201895343572
b_kohakufa_fp16,7000,fp16,65536.0,single lse,dk,0.0006633209920706005,0.001893735291228439,0,0.0006711069033291564
b_kohakufa_fp16,7000,fp16,65536.0,single lse,dq,0.0017151928919556057,0.008902349416259125,0,0.013827818692801794
b_kohakufa_fp16,7000,fp16,65536.0,single lse,dv,9.330299134207155e-05,0.0005233155619965603,0,0.0014286490911360995
b_kohakufa_fp16,8000,bf16,1.0,all three,dk,0.0038029617835637075,0.03967451936075331,0,0.010921334712550083
b_kohakufa_fp16,8000,bf16,1.0,all three,dq,0.011761937589222938,0.2374642298198517,0,0.23796309232421056
b_kohakufa_fp16,8000,bf16,1.0,all three,dv,0.0007743316269499079,0.0014712136641853405,1,0.0019122337230869722
b_kohakufa_fp16,8000,bf16,1.0,cudnn,dk,0.004215832876066443,0.09296081653800131,0,0.029622822502585494
b_kohakufa_fp16,8000,bf16,1.0,cudnn,dq,0.011982422983109493,0.3199907661592217,0,0.34914400503348303
b_kohakufa_fp16,8000,bf16,1.0,cudnn,dv,0.0018298374729727735,0.0021935412775727493,1,0.0029444650520241296
b_kohakufa_fp16,8000,bf16,1.0,efficient,dk,0.0041898930314874525,0.012976719171911648,11,0.007059497639558395
b_kohakufa_fp16,8000,bf16,1.0,efficient,dq,0.012010040439465745,0.02643146563012222,11,0.01604050689024523
b_kohakufa_fp16,8000,bf16,1.0,efficient,dv,0.0018298196760722363,0.002193533830770241,1,0.0029444650520241296
b_kohakufa_fp16,8000,bf16,1.0,fa4,dk,0.004159719565102616,0.09313595829418311,0,0.029465387953860618
b_kohakufa_fp16,8000,bf16,1.0,fa4,dq,0.012044059166763989,0.3195440401104734,0,0.34914400503348303
b_kohakufa_fp16,8000,bf16,1.0,fa4,dv,0.0018653974916704717,0.002193542760590313,1,0.0029444650520241296
b_kohakufa_fp16,8000,bf16,1.0,flex,dk,0.0041392338553996886,0.012966503222533904,11,0.007059497639558395
b_kohakufa_fp16,8000,bf16,1.0,flex,dq,0.011883268617314782,0.02635732078786294,11,0.01604050689024523
b_kohakufa_fp16,8000,bf16,1.0,flex,dv,0.001829821389209858,0.0021935423894855308,1,0.0029444650520241296
b_kohakufa_fp16,8000,bf16,1.0,floor,dk,0.0038026967968473368,0.012874008473224544,11,0.007110873322756386
b_kohakufa_fp16,8000,bf16,1.0,floor,dq,0.011765081123172524,0.026463094083500338,0,0.029158148640732642
b_kohakufa_fp16,8000,bf16,1.0,floor,dv,0.0007647900730870634,0.0014712312370495737,1,0.0019122337230869722
b_kohakufa_fp16,8000,bf16,1.0,kohakufa,dk,0.004190758379646275,0.012976838014570122,11,0.007059497639558395
b_kohakufa_fp16,8000,bf16,1.0,kohakufa,dq,0.012022277389956154,0.027356143286511824,0,0.029071529685646934
b_kohakufa_fp16,8000,bf16,1.0,kohakufa,dv,0.0018298285464967673,0.0021935432277051035,1,0.0029444650520241296
b_kohakufa_fp16,8000,bf16,1.0,scale*dS,dk,0.0038026967968473368,0.012874008473224544,11,0.007110873322756386
b_kohakufa_fp16,8000,bf16,1.0,scale*dS,dq,0.011765081123172524,0.026463094083500338,0,0.029158148640732642
b_kohakufa_fp16,8000,bf16,1.0,scale*dS,dv,0.0007647900730870634,0.0014712312370495737,1,0.0019122337230869722
b_kohakufa_fp16,8000,bf16,1.0,scale-shift,dk,0.0038029701150779534,0.03981586131585306,0,0.01098843173642402
b_kohakufa_fp16,8000,bf16,1.0,scale-shift,dq,0.011761946477395773,0.23827613747534296,0,0.2390596964363037
b_kohakufa_fp16,8000,bf16,1.0,scale-shift,dv,0.0007647904709153318,0.001471230355922038,1,0.0019122337230869722
b_kohakufa_fp16,8000,bf16,1.0,single lse,dk,0.0038027020370689788,0.01287400847191245,11,0.007110873322756386
b_kohakufa_fp16,8000,bf16,1.0,single lse,dq,0.011765079122588078,0.02642944212947595,0,0.029158148640732642
b_kohakufa_fp16,8000,bf16,1.0,single lse,dv,0.0007647864189927767,0.0014712149407808124,1,0.0019122337230869722
b_kohakufa_fp16,8000,fp16,65536.0,all three,dk,0.000836654791055373,0.019154043286037325,0,0.004394440854124761
b_kohakufa_fp16,8000,fp16,65536.0,all three,dq,0.002394616754073285,0.09549788627765136,0,0.07907373387142769
b_kohakufa_fp16,8000,fp16,65536.0,all three,dv,0.00010079692750786034,0.0006509046978029852,0,0.0017559557098832663
b_kohakufa_fp16,8000,fp16,65536.0,cudnn,dk,0.0008674179829430339,0.017987853037206493,0,0.003996792372603838
b_kohakufa_fp16,8000,fp16,65536.0,cudnn,dq,0.0024152320876595005,0.09010059738332332,0,0.07906007918054146
b_kohakufa_fp16,8000,fp16,65536.0,cudnn,dv,0.00022559126413046387,0.0006945123512163098,0,0.001818968302044657
b_kohakufa_fp16,8000,fp16,65536.0,efficient,dk,0.0008669328772938318,0.0028905816662455892,11,0.0010821026284281332
b_kohakufa_fp16,8000,fp16,65536.0,efficient,dq,0.002407913977289106,0.00596530428406243,11,0.003134272227704605
b_kohakufa_fp16,8000,fp16,65536.0,efficient,dv,0.0002255438222975848,0.0005614315383907438,0,0.0017785761536651692
b_kohakufa_fp16,8000,fp16,65536.0,fa4,dk,0.0006201879190676026,0.01791668800603734,0,0.003986791970546737
b_kohakufa_fp16,8000,fp16,65536.0,fa4,dq,0.0017539787791833964,0.09003735806601004,0,0.07898570469401227
b_kohakufa_fp16,8000,fp16,65536.0,fa4,dv,0.00022556654084512207,0.000975174653840737,0,0.0023380088147843528
b_kohakufa_fp16,8000,fp16,65536.0,flex,dk,0.0006204834466637355,0.0028817072325483498,11,0.0010821026284281332
b_kohakufa_fp16,8000,fp16,65536.0,flex,dq,0.0015837115168315361,0.006147325478302141,0,0.006710770088964565
b_kohakufa_fp16,8000,fp16,65536.0,flex,dv,0.0002255682194194565,0.0003064386516186256,1,0.00044674474014802246
b_kohakufa_fp16,8000,fp16,65536.0,floor,dk,0.0005837136509624085,0.0028710748139831395,11,0.0010817447003543563
b_kohakufa_fp16,8000,fp16,65536.0,floor,dq,0.0015624003651335645,0.006214968960422063,0,0.005917581442710874
b_kohakufa_fp16,8000,fp16,65536.0,floor,dv,9.545626063125276e-05,0.0002686170336016845,1,0.00039682412860361766
b_kohakufa_fp16,8000,fp16,65536.0,kohakufa,dk,0.0006249128887022608,0.002883526663738491,11,0.0010821026284281332
b_kohakufa_fp16,8000,fp16,65536.0,kohakufa,dq,0.0015673871021513578,0.0061171615613193385,0,0.005888002331735271
b_kohakufa_fp16,8000,fp16,65536.0,kohakufa,dv,0.00022554958105043546,0.00030586531104639404,1,0.00044674474014802246
b_kohakufa_fp16,8000,fp16,65536.0,scale*dS,dk,0.0008378590391436231,0.002876409901583569,11,0.0010805604828250045
b_kohakufa_fp16,8000,fp16,65536.0,scale*dS,dq,0.002395395872315133,0.006269844469878583,0,0.005885787076032985
b_kohakufa_fp16,8000,fp16,65536.0,scale*dS,dv,9.545626063125276e-05,0.0002686170336016845,1,0.00039682412860361766
b_kohakufa_fp16,8000,fp16,65536.0,scale-shift,dk,0.0005836434508577438,0.01911742276259213,0,0.004405312873255687
b_kohakufa_fp16,8000,fp16,65536.0,scale-shift,dq,0.0015664739570392032,0.09529535396584025,0,0.07865973526477099
b_kohakufa_fp16,8000,fp16,65536.0,scale-shift,dv,0.00010079672714480014,0.0005272824409620749,0,0.0012128779612843664
b_kohakufa_fp16,8000,fp16,65536.0,single lse,dk,0.0005837091605776068,0.0028710702723135193,11,0.0010817447003543563
b_kohakufa_fp16,8000,fp16,65536.0,single lse,dq,0.0015624337080404165,0.006218713180493251,0,0.005885787076032985
b_kohakufa_fp16,8000,fp16,65536.0,single lse,dv,0.00010074460386985281,0.0005491633918893549,0,0.001213293678079091
b_kohakufa_fp16,9000,bf16,1.0,all three,dk,0.005050432708677905,0.15687934487619043,0,0.044300430358049946
b_kohakufa_fp16,9000,bf16,1.0,all three,dq,0.012175740866482909,0.6439760093934396,0,0.5949794891685468
b_kohakufa_fp16,9000,bf16,1.0,all three,dv,0.0007937182978431863,0.0011087076476453078,3,0.0015918071063992251
b_kohakufa_fp16,9000,bf16,1.0,cudnn,dk,0.005395836339782791,0.07089375083227227,0,0.020451667776231374
b_kohakufa_fp16,9000,bf16,1.0,cudnn,dq,0.012406372367856796,0.4360174658745109,0,0.44594789280907116
b_kohakufa_fp16,9000,bf16,1.0,cudnn,dv,0.0017460086379897826,0.002019239264123611,4,0.004107488630820257
b_kohakufa_fp16,9000,bf16,1.0,efficient,dk,0.005491536402058697,0.008235364155175697,11,0.006183610747937377
b_kohakufa_fp16,9000,bf16,1.0,efficient,dq,0.01227049454844966,0.05657931195922949,0,0.04916506271653002
b_kohakufa_fp16,9000,bf16,1.0,efficient,dv,0.0017460110028660963,0.002018762181664904,4,0.004107488630820257
b_kohakufa_fp16,9000,bf16,1.0,fa4,dk,0.00536904700730458,0.07002232163345642,0,0.019996299489375965
b_kohakufa_fp16,9000,bf16,1.0,fa4,dq,0.01270787044367325,0.43227537057054155,0,0.4431780301208161
b_kohakufa_fp16,9000,bf16,1.0,fa4,dv,0.0017786013270600165,0.0020195369277235886,4,0.004107488630820257
b_kohakufa_fp16,9000,bf16,1.0,flex,dk,0.0053421052187890075,0.008230704108744458,11,0.006183610747937377
b_kohakufa_fp16,9000,bf16,1.0,flex,dq,0.012293742481796028,0.05465050252330018,0,0.04951129555256191
b_kohakufa_fp16,9000,bf16,1.0,flex,dv,0.001746024803169698,0.002019277160952523,4,0.004107488630820257
b_kohakufa_fp16,9000,bf16,1.0,floor,dk,0.005050597762282459,0.013464901509785158,0,0.0037863912949912953
b_kohakufa_fp16,9000,bf16,1.0,floor,dq,0.012175606078324172,0.053383050263276895,0,0.050203761224625686
b_kohakufa_fp16,9000,bf16,1.0,floor,dv,0.0005997334151321023,0.001108707679284006,3,0.0015918071063992251
b_kohakufa_fp16,9000,bf16,1.0,kohakufa,dk,0.0054904180237797485,0.009472436307307474,0,0.0026981175067804703
b_kohakufa_fp16,9000,bf16,1.0,kohakufa,dq,0.012266565300487486,0.05740461409620834,0,0.05054999406065757
b_kohakufa_fp16,9000,bf16,1.0,kohakufa,dv,0.0017460256761587737,0.0020192848059256805,4,0.004107488630820257
b_kohakufa_fp16,9000,bf16,1.0,scale*dS,dk,0.005050597762282459,0.013464901509785158,0,0.0037863912949912953
b_kohakufa_fp16,9000,bf16,1.0,scale*dS,dq,0.012175606078324172,0.053383050263276895,0,0.050203761224625686
b_kohakufa_fp16,9000,bf16,1.0,scale*dS,dv,0.0005997334151321023,0.001108707679284006,3,0.0015918071063992251
b_kohakufa_fp16,9000,bf16,1.0,scale-shift,dk,0.0050504498426608944,0.15739785157022854,0,0.04445578398164525
b_kohakufa_fp16,9000,bf16,1.0,scale-shift,dq,0.012175764306132623,0.646470521578953,0,0.59751131678203
b_kohakufa_fp16,9000,bf16,1.0,scale-shift,dv,0.0006582733016580632,0.0011087061473187873,3,0.0015918071063992251
b_kohakufa_fp16,9000,bf16,1.0,single lse,dk,0.005050571439406214,0.013486172620537364,0,0.0037911481548445463
b_kohakufa_fp16,9000,bf16,1.0,single lse,dq,0.012175603101159874,0.05328406972304489,0,0.04985076602851505
b_kohakufa_fp16,9000,bf16,1.0,single lse,dv,0.0007722464810781721,0.001108707305711962,3,0.0015918071063992251
b_kohakufa_fp16,9000,fp16,65536.0,all three,dk,0.001002291070190262,0.012665643621760758,0,0.002744692898732957
b_kohakufa_fp16,9000,fp16,65536.0,all three,dq,0.002439277171385026,0.046354550974545966,0,0.022913203121247835
b_kohakufa_fp16,9000,fp16,65536.0,all three,dv,9.70699304884968e-05,0.0007007186405752082,0,0.000583401840591337
b_kohakufa_fp16,9000,fp16,65536.0,cudnn,dk,0.0010216691181186874,0.01333011558779593,0,0.0027985794801231706
b_kohakufa_fp16,9000,fp16,65536.0,cudnn,dq,0.002457550582788702,0.05875531124402933,0,0.03178345874361389
b_kohakufa_fp16,9000,fp16,65536.0,cudnn,dv,0.0002247835158437016,0.0006042034508965644,0,0.000366710790074895
b_kohakufa_fp16,9000,fp16,65536.0,efficient,dk,0.001031446952602086,0.002063769921234267,11,0.0007701439044393864
b_kohakufa_fp16,9000,fp16,65536.0,efficient,dq,0.0024649420798663123,0.00968373924993617,0,0.009322366202271103
b_kohakufa_fp16,9000,fp16,65536.0,efficient,dv,0.0002247132086884942,0.0006109912737199026,0,0.0006210613889714164
b_kohakufa_fp16,9000,fp16,65536.0,fa4,dk,0.0007753988881372175,0.013245446900442175,0,0.0027928931796961736
b_kohakufa_fp16,9000,fp16,65536.0,fa4,dq,0.0016559427902868035,0.05848046428749187,0,0.03180524315673495
b_kohakufa_fp16,9000,fp16,65536.0,fa4,dv,0.00022465936099037753,0.0009834552855570754,0,0.001107327204260078
b_kohakufa_fp16,9000,fp16,65536.0,flex,dk,0.0007725921764584377,0.002058853168084936,11,0.0007738316528958158
b_kohakufa_fp16,9000,fp16,65536.0,flex,dq,0.0016453652432247463,0.00953369042904836,0,0.00922433634322637
b_kohakufa_fp16,9000,fp16,65536.0,flex,dv,0.0002247377679878228,0.00025792064773651836,3,0.0002963970629845472
b_kohakufa_fp16,9000,fp16,65536.0,floor,dk,0.0007448596499206384,0.0020423983214469294,11,0.000773609496662509
b_kohakufa_fp16,9000,fp16,65536.0,floor,dq,0.0016296373333864144,0.009413591089694556,0,0.008631211020939777
b_kohakufa_fp16,9000,fp16,65536.0,floor,dv,9.156811864700406e-05,0.00014319790132470624,3,0.0002165381284608445
b_kohakufa_fp16,9000,fp16,65536.0,kohakufa,dk,0.0007803609600184318,0.0020598166408045205,11,0.0007747535900099231
b_kohakufa_fp16,9000,fp16,65536.0,kohakufa,dq,0.001635146272265866,0.009525920339789303,0,0.008886677939850075
b_kohakufa_fp16,9000,fp16,65536.0,kohakufa,dv,0.00022472490144417285,0.00025790674240982846,3,0.0002963970629845472
b_kohakufa_fp16,9000,fp16,65536.0,scale*dS,dk,0.0010041638403724949,0.002046706533490819,11,0.0007705922683874582
b_kohakufa_fp16,9000,fp16,65536.0,scale*dS,dq,0.002442831048139013,0.009529045311564845,0,0.008690448031033105
b_kohakufa_fp16,9000,fp16,65536.0,scale*dS,dv,9.156811864700406e-05,0.00014319790132470624,3,0.0002165381284608445
b_kohakufa_fp16,9000,fp16,65536.0,scale-shift,dk,0.0007425455876766368,0.012592972116949737,0,0.0027637536665216945
b_kohakufa_fp16,9000,fp16,65536.0,scale-shift,dq,0.001626938367577946,0.0463160179787902,0,0.02293295588255926
b_kohakufa_fp16,9000,fp16,65536.0,scale-shift,dv,9.70695154265468e-05,0.0004520433956459806,0,0.00036631000669560637
b_kohakufa_fp16,9000,fp16,65536.0,single lse,dk,0.0007448258703302296,0.0020424006021991133,11,0.000773609496662509
b_kohakufa_fp16,9000,fp16,65536.0,single lse,dq,0.0016296502376329462,0.009416398902499224,0,0.008631200384019308
b_kohakufa_fp16,9000,fp16,65536.0,single lse,dv,9.622010978387638e-05,0.00044820958170241695,0,0.00039795019312895293
b_kohakufa_fp16,10000,bf16,1.0,all three,dk,0.004747664370437363,0.1210010423447998,0,0.03031454522071598
b_kohakufa_fp16,10000,bf16,1.0,all three,dq,0.016700735787245534,0.5295551791450269,0,0.3268268016340546
b_kohakufa_fp16,10000,bf16,1.0,all three,dv,0.0006594772520617793,0.0012653684541441446,4,0.002479166539034858
b_kohakufa_fp16,10000,bf16,1.0,cudnn,dk,0.005051842678581213,0.05462530658072547,0,0.011925457703656576
b_kohakufa_fp16,10000,bf16,1.0,cudnn,dq,0.016867141261054423,0.1409406923310843,0,0.05502694393918221
b_kohakufa_fp16,10000,bf16,1.0,cudnn,dv,0.0017949112172634153,0.00209378548564764,3,0.005056399671336591
b_kohakufa_fp16,10000,bf16,1.0,efficient,dk,0.005081806880786247,0.014645290343691116,0,0.00636755715675083
b_kohakufa_fp16,10000,bf16,1.0,efficient,dq,0.01689634524561782,0.04641702768862876,0,0.056655175607554634
b_kohakufa_fp16,10000,bf16,1.0,efficient,dv,0.0017949706284580672,0.002094212151131197,3,0.005056399671336591
b_kohakufa_fp16,10000,bf16,1.0,fa4,dk,0.005046287296425648,0.05440116341806556,0,0.011853336126455971
b_kohakufa_fp16,10000,bf16,1.0,fa4,dq,0.016841776013401963,0.1400163389940774,0,0.05502694393918221
b_kohakufa_fp16,10000,bf16,1.0,fa4,dv,0.001832733258048199,0.0020942246332025845,3,0.005056399671336591
b_kohakufa_fp16,10000,bf16,1.0,flex,dk,0.005035423157238546,0.01438811141910873,0,0.006079070847948413
b_kohakufa_fp16,10000,bf16,1.0,flex,dq,0.01678983470043973,0.045665640298018444,0,0.056655175607554634
b_kohakufa_fp16,10000,bf16,1.0,flex,dv,0.0017949753277875396,0.00209422673368756,3,0.005056399671336591
b_kohakufa_fp16,10000,bf16,1.0,floor,dk,0.004750817351439597,0.015521945417247312,0,0.006726849893302848
b_kohakufa_fp16,10000,bf16,1.0,floor,dq,0.016709043633197914,0.05000822746915199,0,0.0581511134528718
b_kohakufa_fp16,10000,bf16,1.0,floor,dv,0.000659044347099812,0.0012653693454087438,4,0.002479166539034858
b_kohakufa_fp16,10000,bf16,1.0,kohakufa,dk,0.005082841962253584,0.01479937649437051,0,0.006079070847948413
b_kohakufa_fp16,10000,bf16,1.0,kohakufa,dq,0.01689511310058827,0.0506974922550052,0,0.056655175607554634
b_kohakufa_fp16,10000,bf16,1.0,kohakufa,dv,0.0017949714536245598,0.002094227180813963,3,0.005056399671336591
b_kohakufa_fp16,10000,bf16,1.0,scale*dS,dk,0.004750817351439597,0.015521945417247312,0,0.006726849893302848
b_kohakufa_fp16,10000,bf16,1.0,scale*dS,dq,0.016709043633197914,0.05000822746915199,0,0.0581511134528718
b_kohakufa_fp16,10000,bf16,1.0,scale*dS,dv,0.000659044347099812,0.0012653693454087438,4,0.002479166539034858
b_kohakufa_fp16,10000,bf16,1.0,scale-shift,dk,0.004747665011959234,0.12132877341361879,0,0.030560585513080444
b_kohakufa_fp16,10000,bf16,1.0,scale-shift,dq,0.016700737859809855,0.5307784209014906,0,0.3268268016340546
b_kohakufa_fp16,10000,bf16,1.0,scale-shift,dv,0.0006588921680511622,0.001265369338030767,4,0.002479166539034858
b_kohakufa_fp16,10000,bf16,1.0,single lse,dk,0.004750814902438586,0.015522439293354659,0,0.006726868876724192
b_kohakufa_fp16,10000,bf16,1.0,single lse,dq,0.016709043977438075,0.05001209021046552,0,0.0581511134528718
b_kohakufa_fp16,10000,bf16,1.0,single lse,dv,0.0006594653355262081,0.0012653687513687355,4,0.002479166539034858
b_kohakufa_fp16,10000,fp16,65536.0,all three,dk,0.0010364206616766015,0.015697948250872323,0,0.0038079934213545562
b_kohakufa_fp16,10000,fp16,65536.0,all three,dq,0.00327260631178516,0.05551801085763234,0,0.03765972387201489
b_kohakufa_fp16,10000,fp16,65536.0,all three,dv,9.722634267661117e-05,0.0005233545228045812,0,0.0007321605118393812
b_kohakufa_fp16,10000,fp16,65536.0,cudnn,dk,0.0010585929848096224,0.021267041695218113,0,0.004697574744675759
b_kohakufa_fp16,10000,fp16,65536.0,cudnn,dq,0.0033207923770428704,0.07459795717694685,0,0.03465287372093876
b_kohakufa_fp16,10000,fp16,65536.0,cudnn,dv,0.0002296693464425507,0.00040728134467582033,0,0.000546093191403292
b_kohakufa_fp16,10000,fp16,65536.0,efficient,dk,0.001060298390588509,0.0023118148617382642,11,0.0010249400347449894
b_kohakufa_fp16,10000,fp16,65536.0,efficient,dq,0.0032755546836361832,0.0073042102448545735,11,0.002988590943002447
b_kohakufa_fp16,10000,fp16,65536.0,efficient,dv,0.00022962869155433211,0.000471271521475934,0,0.0011919053038783058
b_kohakufa_fp16,10000,fp16,65536.0,fa4,dk,0.000739243003819766,0.02127167978099294,0,0.004697574744675759
b_kohakufa_fp16,10000,fp16,65536.0,fa4,dq,0.0018408897687481633,0.07435988322062093,0,0.034328633108461834
b_kohakufa_fp16,10000,fp16,65536.0,fa4,dv,0.00022962572624611087,0.0006464174686416459,0,0.00079490470405485
b_kohakufa_fp16,10000,fp16,65536.0,flex,dk,0.0007389175725014391,0.002303637590490383,11,0.0010249400347449894
b_kohakufa_fp16,10000,fp16,65536.0,flex,dq,0.0018327833873243227,0.007281423908012289,11,0.002974276204850152
b_kohakufa_fp16,10000,fp16,65536.0,flex,dv,0.00022546008238710002,0.00032916254922624644,1,0.0008728587141240628
b_kohakufa_fp16,10000,fp16,65536.0,floor,dk,0.0007023047146558164,0.0030499419340312872,0,0.001590349974479032
b_kohakufa_fp16,10000,fp16,65536.0,floor,dq,0.0018152566306296183,0.007606129731480171,0,0.005565183582590384
b_kohakufa_fp16,10000,fp16,65536.0,floor,dv,9.15506649722836e-05,0.00024678021782946496,1,0.0006382003287572387
b_kohakufa_fp16,10000,fp16,65536.0,kohakufa,dk,0.0007397771768241016,0.002303863215696071,11,0.0010249400347449894
b_kohakufa_fp16,10000,fp16,65536.0,kohakufa,dq,0.0018267834929158806,0.007285326981376282,11,0.002972231242256967
b_kohakufa_fp16,10000,fp16,65536.0,kohakufa,dv,0.00022544636497060557,0.00032915816279164125,1,0.0008728587141240628
b_kohakufa_fp16,10000,fp16,65536.0,scale*dS,dk,0.0010348421454632536,0.0030533156471859646,0,0.0015897515563862506
b_kohakufa_fp16,10000,fp16,65536.0,scale*dS,dq,0.0032664986995541863,0.007767113200742234,0,0.005612640185905794
b_kohakufa_fp16,10000,fp16,65536.0,scale*dS,dv,9.15506649722836e-05,0.00024678021782946496,1,0.0006382003287572387
b_kohakufa_fp16,10000,fp16,65536.0,scale-shift,dk,0.0007042160958940906,0.0157672664988245,0,0.0038120232889198853
b_kohakufa_fp16,10000,fp16,65536.0,scale-shift,dq,0.0018204180351609962,0.055520968383024547,0,0.03772946410140751
b_kohakufa_fp16,10000,fp16,65536.0,scale-shift,dv,9.726403251317342e-05,0.000380182308324735,0,0.0005590674785434547
b_kohakufa_fp16,10000,fp16,65536.0,single lse,dk,0.0007023034877675926,0.0030847873616222147,0,0.0016144335219602651
b_kohakufa_fp16,10000,fp16,65536.0,single lse,dq,0.0018152658555962114,0.007666391427290772,0,0.005612165224071111
b_kohakufa_fp16,10000,fp16,65536.0,single lse,dv,9.726023288569948e-05,0.0003456747013009046,0,0.0004925901139944211
b_kohakufa_fp16,11000,bf16,1.0,all three,dk,0.0040549358285236516,0.08721524467800922,0,0.04022879294976384
b_kohakufa_fp16,11000,bf16,1.0,all three,dq,0.011604669438261408,0.5033184079594344,0,0.7842612416560157
b_kohakufa_fp16,11000,bf16,1.0,all three,dv,0.0009707952975931728,0.0013628102111261256,4,0.0015813778218720053
b_kohakufa_fp16,11000,bf16,1.0,cudnn,dk,0.004279936757013486,0.02902970868897859,0,0.007501775972949669
b_kohakufa_fp16,11000,bf16,1.0,cudnn,dq,0.011423565486139601,0.2641344607577737,0,0.21157683604380437
b_kohakufa_fp16,11000,bf16,1.0,cudnn,dv,0.0019098216138123492,0.0021779695690955394,1,0.003379215307745457
b_kohakufa_fp16,11000,bf16,1.0,efficient,dk,0.004186842050678054,0.010878768039717528,11,0.0063833454946915546
b_kohakufa_fp16,11000,bf16,1.0,efficient,dq,0.011566457175533871,0.03081579090700192,11,0.028454884381333295
b_kohakufa_fp16,11000,bf16,1.0,efficient,dv,0.0019098223483077312,0.002177920826699942,1,0.003379215307745457
b_kohakufa_fp16,11000,bf16,1.0,fa4,dk,0.004403960139671407,0.029807518281005824,0,0.007413527871463283
b_kohakufa_fp16,11000,bf16,1.0,fa4,dq,0.010836572025737203,0.26174083037913765,0,0.21157683604380437
b_kohakufa_fp16,11000,bf16,1.0,fa4,dv,0.001963830575215937,0.0021779269265608577,1,0.003379215307745457
b_kohakufa_fp16,11000,bf16,1.0,flex,dk,0.004295339010666856,0.010882361086975078,11,0.0063833454946915546
b_kohakufa_fp16,11000,bf16,1.0,flex,dq,0.011603372857050393,0.030727555354664957,11,0.028454884381333295
b_kohakufa_fp16,11000,bf16,1.0,flex,dv,0.0019098229969856904,0.0021779822079107864,1,0.003379215307745457
b_kohakufa_fp16,11000,bf16,1.0,floor,dk,0.003697606165275954,0.010747624693230602,11,0.006385614533513855
b_kohakufa_fp16,11000,bf16,1.0,floor,dq,0.011604558539642743,0.030674488522343456,11,0.028480239514158744
b_kohakufa_fp16,11000,bf16,1.0,floor,dv,0.0008915484180295991,0.0013628028410415305,4,0.0015813778218720053
b_kohakufa_fp16,11000,bf16,1.0,kohakufa,dk,0.004041347122216051,0.010877802314377984,11,0.0063833454946915546
b_kohakufa_fp16,11000,bf16,1.0,kohakufa,dq,0.011556938740764936,0.03081283272226981,11,0.028454884381333295
b_kohakufa_fp16,11000,bf16,1.0,kohakufa,dv,0.0019098240885202277,0.0021779217573270285,1,0.003379215307745457
b_kohakufa_fp16,11000,bf16,1.0,scale*dS,dk,0.003697606165275954,0.010747624693230602,11,0.006385614533513855
b_kohakufa_fp16,11000,bf16,1.0,scale*dS,dq,0.011604558539642743,0.030674488522343456,11,0.028480239514158744
b_kohakufa_fp16,11000,bf16,1.0,scale*dS,dv,0.0008915484180295991,0.0013628028410415305,4,0.0015813778218720053
b_kohakufa_fp16,11000,bf16,1.0,scale-shift,dk,0.004055312496497743,0.08725705798698717,0,0.040248802159713916
b_kohakufa_fp16,11000,bf16,1.0,scale-shift,dq,0.011604669672106802,0.5033353744246947,0,0.7842612416560157
b_kohakufa_fp16,11000,bf16,1.0,scale-shift,dv,0.0008915458967991198,0.0013628029209242728,4,0.0015813778218720053
b_kohakufa_fp16,11000,bf16,1.0,single lse,dk,0.003706495414049002,0.01074763893045709,11,0.006385614533513855
b_kohakufa_fp16,11000,bf16,1.0,single lse,dq,0.011604555222088867,0.03067475476914511,11,0.028480239514158744
b_kohakufa_fp16,11000,bf16,1.0,single lse,dv,0.0008915484668430197,0.001362802991518194,4,0.0015813778218720053
b_kohakufa_fp16,11000,fp16,65536.0,all three,dk,0.0009447101503151774,0.015012023314982973,0,0.00421008990993589
b_kohakufa_fp16,11000,fp16,65536.0,all three,dq,0.0021531761457574284,0.08157892981177918,0,0.06875210259125923
b_kohakufa_fp16,11000,fp16,65536.0,all three,dv,0.0001462295274148776,0.0006948066775515661,0,0.0007904352474827403
b_kohakufa_fp16,11000,fp16,65536.0,cudnn,dk,0.0009678991457773171,0.01145542659609999,0,0.0035819125366115738
b_kohakufa_fp16,11000,fp16,65536.0,cudnn,dq,0.00218795063669194,0.08022170695545805,0,0.09384995132780041
b_kohakufa_fp16,11000,fp16,65536.0,cudnn,dv,0.00024297977334436082,0.0004830895737764832,0,0.00048715877919922675
b_kohakufa_fp16,11000,fp16,65536.0,efficient,dk,0.0009737077403734859,0.0028922630317608678,11,0.000804886081749302
b_kohakufa_fp16,11000,fp16,65536.0,efficient,dq,0.0021729134970965595,0.008199855746289043,11,0.00409959442087992
b_kohakufa_fp16,11000,fp16,65536.0,efficient,dv,0.0002429169072319476,0.00047798627524603285,0,0.0008492843431774507
b_kohakufa_fp16,11000,fp16,65536.0,fa4,dk,0.0006789890893033301,0.011431235645608,0,0.003600316756965588
b_kohakufa_fp16,11000,fp16,65536.0,fa4,dq,0.0015791523060118273,0.08026251711615846,0,0.09407252038233276
b_kohakufa_fp16,11000,fp16,65536.0,fa4,dv,0.00024248616492555684,0.0008641761288111149,0,0.0010160949838088338
b_kohakufa_fp16,11000,fp16,65536.0,flex,dk,0.0006743510524643243,0.0028821164027089193,11,0.000804886081749302
b_kohakufa_fp16,11000,fp16,65536.0,flex,dq,0.0015757771824650537,0.008186045604910411,11,0.004105796558874037
b_kohakufa_fp16,11000,fp16,65536.0,flex,dv,0.00024291806914767216,0.0002863893505828595,4,0.0005521779694287608
b_kohakufa_fp16,11000,fp16,65536.0,floor,dk,0.0006424069862134516,0.0028698201817449216,11,0.0008064488432466543
b_kohakufa_fp16,11000,fp16,65536.0,floor,dq,0.0015027100084798353,0.008167373753172733,11,0.004104938010963231
b_kohakufa_fp16,11000,fp16,65536.0,floor,dv,0.00011270435000716633,0.00018138037588265644,4,0.0002598490399058647
b_kohakufa_fp16,11000,fp16,65536.0,kohakufa,dk,0.0006811093210503544,0.0028677270396701995,11,0.000804886081749302
b_kohakufa_fp16,11000,fp16,65536.0,kohakufa,dq,0.0015814704234109523,0.008131760760812165,11,0.004105796558874037
b_kohakufa_fp16,11000,fp16,65536.0,kohakufa,dv,0.00024003052107958198,0.00028639565797249956,4,0.0005521779694287608
b_kohakufa_fp16,11000,fp16,65536.0,scale*dS,dk,0.0009367492190826948,0.0028794728026394966,11,0.0008055132518786089
b_kohakufa_fp16,11000,fp16,65536.0,scale*dS,dq,0.0021579093301966625,0.008184163239484408,11,0.0041000910764614805
b_kohakufa_fp16,11000,fp16,65536.0,scale*dS,dv,0.00011270435000716633,0.00018138037588265644,4,0.0002598490399058647
b_kohakufa_fp16,11000,fp16,65536.0,scale-shift,dk,0.0006349002294002236,0.015009273785334114,0,0.00422596220202587
b_kohakufa_fp16,11000,fp16,65536.0,scale-shift,dq,0.0015031678916988186,0.08159020265400567,0,0.06875210259125923
b_kohakufa_fp16,11000,fp16,65536.0,scale-shift,dv,0.00014623693952434876,0.00044396676782141556,0,0.000502943344963534
b_kohakufa_fp16,11000,fp16,65536.0,single lse,dk,0.0006424093695255187,0.0028698108863068885,11,0.0008064488432466543
b_kohakufa_fp16,11000,fp16,65536.0,single lse,dq,0.0015027152167526323,0.0081673745927447,11,0.004104938010963231
b_kohakufa_fp16,11000,fp16,65536.0,single lse,dv,0.0001462294192686828,0.0004435678189953576,0,0.000547531449826502
b_kohakufa_fp16,12000,bf16,1.0,all three,dk,0.005062904156099903,0.03071386423041668,0,0.007610661272022763
b_kohakufa_fp16,12000,bf16,1.0,all three,dq,0.011677493295323938,0.10206881776019286,0,0.044681733936519974
b_kohakufa_fp16,12000,bf16,1.0,all three,dv,0.000851036299390556,0.001201455973340982,0,0.001749015216879625
b_kohakufa_fp16,12000,bf16,1.0,cudnn,dk,0.0053837734591875505,0.03530163263836265,0,0.010418272812055195
b_kohakufa_fp16,12000,bf16,1.0,cudnn,dq,0.011849033212831105,0.09740008389969873,0,0.03171149805801287
b_kohakufa_fp16,12000,bf16,1.0,cudnn,dv,0.001811810713266036,0.002080595506003901,1,0.0023714371765571358
b_kohakufa_fp16,12000,bf16,1.0,efficient,dk,0.0053168805533725175,0.008435729005494944,11,0.005139214645396535
b_kohakufa_fp16,12000,bf16,1.0,efficient,dq,0.011833086264654995,0.0281042914555868,11,0.03062721026069976
b_kohakufa_fp16,12000,bf16,1.0,efficient,dv,0.0018117553943070837,0.002080617385451667,1,0.0023714371765571358
b_kohakufa_fp16,12000,bf16,1.0,fa4,dk,0.005657213247435861,0.034947575452946376,0,0.010289264915824003
b_kohakufa_fp16,12000,bf16,1.0,fa4,dq,0.01214121451941358,0.09665229843926215,0,0.031281025233695955
b_kohakufa_fp16,12000,bf16,1.0,fa4,dv,0.0018700802932427292,0.0020806024631653346,1,0.0023714371765571358
b_kohakufa_fp16,12000,bf16,1.0,flex,dk,0.005196123825486575,0.008419627427386738,11,0.005139214645396535
b_kohakufa_fp16,12000,bf16,1.0,flex,dq,0.011793992062209706,0.028052705671848865,11,0.03062721026069976
b_kohakufa_fp16,12000,bf16,1.0,flex,dv,0.0018117505493246222,0.002080607449981136,1,0.0023714371765571358
b_kohakufa_fp16,12000,bf16,1.0,floor,dk,0.004956016560486679,0.008235232571394304,11,0.005124874475985294
b_kohakufa_fp16,12000,bf16,1.0,floor,dq,0.011669307013108676,0.028001525724108658,11,0.030734184502408893
b_kohakufa_fp16,12000,bf16,1.0,floor,dv,0.0007455811152045403,0.0011933480352036014,3,0.0017585107929575514
b_kohakufa_fp16,12000,bf16,1.0,kohakufa,dk,0.005318503079506891,0.008433106136405402,11,0.005139214645396535
b_kohakufa_fp16,12000,bf16,1.0,kohakufa,dq,0.01183407708148838,0.028097283078894683,11,0.03062721026069976
b_kohakufa_fp16,12000,bf16,1.0,kohakufa,dv,0.0018117515157619975,0.002080616200809005,1,0.0023714371765571358
b_kohakufa_fp16,12000,bf16,1.0,scale*dS,dk,0.004956016560486679,0.008235232571394304,11,0.005124874475985294
b_kohakufa_fp16,12000,bf16,1.0,scale*dS,dq,0.011669307013108676,0.028001525724108658,11,0.030734184502408893
b_kohakufa_fp16,12000,bf16,1.0,scale*dS,dv,0.0007455811152045403,0.0011933480352036014,3,0.0017585107929575514
b_kohakufa_fp16,12000,bf16,1.0,scale-shift,dk,0.005062903285365166,0.030735912100553958,0,0.007613262117286908
b_kohakufa_fp16,12000,bf16,1.0,scale-shift,dq,0.011677526783915499,0.10220116377288752,0,0.044681733936519974
b_kohakufa_fp16,12000,bf16,1.0,scale-shift,dv,0.0008509520223871949,0.0011933486227657605,3,0.0017585107929575514
b_kohakufa_fp16,12000,bf16,1.0,single lse,dk,0.00495605300096881,0.00823523319613636,11,0.005124874475985294
b_kohakufa_fp16,12000,bf16,1.0,single lse,dq,0.011669282318128454,0.028001525593101,11,0.030734184502408893
b_kohakufa_fp16,12000,bf16,1.0,single lse,dv,0.0008474824744917971,0.0011933486367284034,3,0.0017585107929575514
b_kohakufa_fp16,12000,fp16,65536.0,all three,dk,0.001574029379871394,0.010707047659571357,0,0.0037239772344463302
b_kohakufa_fp16,12000,fp16,65536.0,all three,dq,0.004080659451922665,0.0334194808642663,0,0.023215551957341058
b_kohakufa_fp16,12000,fp16,65536.0,all three,dv,0.00011189388602743876,0.0010754985226147957,0,0.0015191228623400636
b_kohakufa_fp16,12000,fp16,65536.0,cudnn,dk,0.0015790343689577595,0.01688567575416197,0,0.005469104787397398
b_kohakufa_fp16,12000,fp16,65536.0,cudnn,dq,0.004065361652913597,0.060022849064171685,0,0.041748825637205084
b_kohakufa_fp16,12000,fp16,65536.0,cudnn,dv,0.00023495832098324062,0.0004851098316373542,0,0.0006043485885488449
b_kohakufa_fp16,12000,fp16,65536.0,efficient,dk,0.0015539787661863706,0.0029050023071980962,2,0.0005348295697266142
b_kohakufa_fp16,12000,fp16,65536.0,efficient,dq,0.0035454527518204737,0.006795640608907035,11,0.005083974484609872
b_kohakufa_fp16,12000,fp16,65536.0,efficient,dv,0.00023466657698976423,0.0003660497797488602,0,0.0002791737149785429
b_kohakufa_fp16,12000,fp16,65536.0,fa4,dk,0.0009365027439573295,0.016908350232878407,0,0.005436624700010806
b_kohakufa_fp16,12000,fp16,65536.0,fa4,dq,0.001990887577228651,0.05992383650049419,0,0.04167621898392299
b_kohakufa_fp16,12000,fp16,65536.0,fa4,dv,0.0002347873712810315,0.0009503317181188618,0,0.0011863904480622037
b_kohakufa_fp16,12000,fp16,65536.0,flex,dk,0.0006555967282338035,0.00202132837684957,11,0.000744795141856688
b_kohakufa_fp16,12000,fp16,65536.0,flex,dq,0.0018305072267821602,0.006765662555100114,11,0.005101371994662112
b_kohakufa_fp16,12000,fp16,65536.0,flex,dv,0.0002318834708650005,0.0002630114339195072,1,0.00025674662757761083
b_kohakufa_fp16,12000,fp16,65536.0,floor,dk,0.000740180411095944,0.00200778845900621,11,0.0007446437741830117
b_kohakufa_fp16,12000,fp16,65536.0,floor,dq,0.001825895524525463,0.006748209540355826,11,0.005100923465106077
b_kohakufa_fp16,12000,fp16,65536.0,floor,dv,0.0001062215586268822,0.00018383145663493938,1,0.00017476554946045517
b_kohakufa_fp16,12000,fp16,65536.0,kohakufa,dk,0.0008305593544644805,0.0020251116585649656,11,0.000744795141856688
b_kohakufa_fp16,12000,fp16,65536.0,kohakufa,dq,0.0018301236381865105,0.006778815127578755,11,0.005099632243656888
b_kohakufa_fp16,12000,fp16,65536.0,kohakufa,dv,0.00022989500771605567,0.00026301072799842683,1,0.00025674662757761083
b_kohakufa_fp16,12000,fp16,65536.0,scale*dS,dk,0.0014936922465759786,0.00289427432146874,2,0.0005344652136551976
b_kohakufa_fp16,12000,fp16,65536.0,scale*dS,dq,0.0036099000022520437,0.006766979797429939,11,0.005106251452559576
b_kohakufa_fp16,12000,fp16,65536.0,scale*dS,dv,0.0001062215586268822,0.00018383145663493938,1,0.00017476554946045517
b_kohakufa_fp16,12000,fp16,65536.0,scale-shift,dk,0.00092501527155535,0.010747910945983643,0,0.0037718938216976436
b_kohakufa_fp16,12000,fp16,65536.0,scale-shift,dq,0.0018635418104738465,0.033358392782119675,0,0.023215551957341058
b_kohakufa_fp16,12000,fp16,65536.0,scale-shift,dv,0.00011189128467642684,0.0007492870939745683,0,0.0010857874483914804
b_kohakufa_fp16,12000,fp16,65536.0,single lse,dk,0.0007328910251022146,0.0020077916531471146,11,0.0007446437741830117
b_kohakufa_fp16,12000,fp16,65536.0,single lse,dq,0.0018260025866971442,0.006748207262890994,11,0.005100923465106077
b_kohakufa_fp16,12000,fp16,65536.0,single lse,dv,0.00011188882439777061,0.0007021782370443882,0,0.0009937480351696567
b_kohakufa_fp16,13000,bf16,1.0,all three,dk,0.00475672756256023,0.07086652144823101,0,0.02897851700489784
b_kohakufa_fp16,13000,bf16,1.0,all three,dq,0.011686390450957861,0.6910092263839287,0,0.6458874986911697
b_kohakufa_fp16,13000,bf16,1.0,all three,dv,0.0011513160961052935,0.0016636784479342242,1,0.0035386668864890894
b_kohakufa_fp16,13000,bf16,1.0,cudnn,dk,0.005139497615585183,0.029316505286456247,0,0.013501132171889287
b_kohakufa_fp16,13000,bf16,1.0,cudnn,dq,0.011857656249726229,0.2576806837254022,0,0.293142112897776
b_kohakufa_fp16,13000,bf16,1.0,cudnn,dv,0.0019601769343903365,0.002503524441798135,1,0.0041941867648150775
b_kohakufa_fp16,13000,bf16,1.0,efficient,dk,0.004441123982662788,0.008943746037686438,11,0.004632047543047841
b_kohakufa_fp16,13000,bf16,1.0,efficient,dq,0.011798685680358635,0.03303555072379073,11,0.033945138287906185
b_kohakufa_fp16,13000,bf16,1.0,efficient,dv,0.0019601786333422397,0.0025035191854072625,1,0.0041941867648150775
b_kohakufa_fp16,13000,bf16,1.0,fa4,dk,0.005180922973261235,0.02917363312929816,0,0.013351167554159802
b_kohakufa_fp16,13000,bf16,1.0,fa4,dq,0.01167528463255822,0.25583041323804706,0,0.2902107368089744
b_kohakufa_fp16,13000,bf16,1.0,fa4,dv,0.0020285828847462317,0.002504132851147233,1,0.0041941867648150775
b_kohakufa_fp16,13000,bf16,1.0,flex,dk,0.00441385335173271,0.00893534478914285,11,0.004632047543047841
b_kohakufa_fp16,13000,bf16,1.0,flex,dq,0.011818620174211574,0.032960098205688654,11,0.033945138287906185
b_kohakufa_fp16,13000,bf16,1.0,flex,dv,0.001960230042682436,0.002504134762399722,1,0.0041941867648150775
b_kohakufa_fp16,13000,bf16,1.0,floor,dk,0.004132968471109917,0.008781063268041452,11,0.0046346983102588364
b_kohakufa_fp16,13000,bf16,1.0,floor,dq,0.011685524593133578,0.03289007917048548,11,0.03393235330977568
b_kohakufa_fp16,13000,bf16,1.0,floor,dv,0.0009769971539608118,0.0016649559430352565,1,0.0035386668864890894
b_kohakufa_fp16,13000,bf16,1.0,kohakufa,dk,0.0044402045638963755,0.008943403247897141,11,0.004632047543047841
b_kohakufa_fp16,13000,bf16,1.0,kohakufa,dq,0.011799592500687513,0.03303481302533489,11,0.033945138287906185
b_kohakufa_fp16,13000,bf16,1.0,kohakufa,dv,0.0019602289167016977,0.0025041348133259247,1,0.0041941867648150775
b_kohakufa_fp16,13000,bf16,1.0,scale*dS,dk,0.004132968471109917,0.008781063268041452,11,0.0046346983102588364
b_kohakufa_fp16,13000,bf16,1.0,scale*dS,dq,0.011685524593133578,0.03289007917048548,11,0.03393235330977568
b_kohakufa_fp16,13000,bf16,1.0,scale*dS,dv,0.0009769971539608118,0.0016649559430352565,1,0.0035386668864890894
b_kohakufa_fp16,13000,bf16,1.0,scale-shift,dk,0.004756724259668345,0.07089774467804998,0,0.028975404029904225
b_kohakufa_fp16,13000,bf16,1.0,scale-shift,dq,0.011686391693758558,0.6913372245804231,0,0.6458874986911697
b_kohakufa_fp16,13000,bf16,1.0,scale-shift,dv,0.000976998013423125,0.0016636726207788733,1,0.0035386668864890894
b_kohakufa_fp16,13000,bf16,1.0,single lse,dk,0.004132978026880732,0.008781062844436981,11,0.0046346983102588364
b_kohakufa_fp16,13000,bf16,1.0,single lse,dq,0.0116855229738785,0.03289008234201231,11,0.03393235330977568
b_kohakufa_fp16,13000,bf16,1.0,single lse,dv,0.0009769979291621186,0.0016651866794757243,1,0.0035386668864890894
b_kohakufa_fp16,13000,fp16,65536.0,all three,dk,0.0009776103435195312,0.004681440758253203,0,0.00168966295431172
b_kohakufa_fp16,13000,fp16,65536.0,all three,dq,0.002298590685401864,0.04157538677662512,0,0.025982698946066758
b_kohakufa_fp16,13000,fp16,65536.0,all three,dv,0.00013323129819818252,0.0008820020673516198,0,0.0013611896604706862
b_kohakufa_fp16,13000,fp16,65536.0,cudnn,dk,0.0009995255462968901,0.005189594683757206,0,0.001568989163039649
b_kohakufa_fp16,13000,fp16,65536.0,cudnn,dq,0.002349794954912959,0.036358821463193254,0,0.02121047441548092
b_kohakufa_fp16,13000,fp16,65536.0,cudnn,dv,0.00024572186997287706,0.0006523825443841965,0,0.0008273057600175433
b_kohakufa_fp16,13000,fp16,65536.0,efficient,dk,0.0009982994425558106,0.002315285507723042,11,0.0008780691359844598
b_kohakufa_fp16,13000,fp16,65536.0,efficient,dq,0.0023340081697133773,0.008503527041789355,11,0.0070787760016709856
b_kohakufa_fp16,13000,fp16,65536.0,efficient,dv,0.0002456073064896219,0.0005435868873994681,0,0.0006957136961264076
b_kohakufa_fp16,13000,fp16,65536.0,fa4,dk,0.0008089030420901708,0.005121441673732394,0,0.0014600507611690168
b_kohakufa_fp16,13000,fp16,65536.0,fa4,dq,0.001723336911136742,0.036351779114191275,0,0.02117662791375409
b_kohakufa_fp16,13000,fp16,65536.0,fa4,dv,0.00024560039957543454,0.0009327988418977047,0,0.001544068161224644
b_kohakufa_fp16,13000,fp16,65536.0,flex,dk,0.0006237605538749402,0.002305275612409025,11,0.0008780691359844598
b_kohakufa_fp16,13000,fp16,65536.0,flex,dq,0.0016010633581902346,0.008476242318337978,11,0.007066343746787947
b_kohakufa_fp16,13000,fp16,65536.0,flex,dv,0.00023056984402348884,0.0003191890993534122,1,0.00042305053620881114
b_kohakufa_fp16,13000,fp16,65536.0,floor,dk,0.0005795308519883394,0.0022923318220663272,11,0.0008789318393539631
b_kohakufa_fp16,13000,fp16,65536.0,floor,dq,0.0015706448283470992,0.00846569004821969,11,0.007066615904711412
b_kohakufa_fp16,13000,fp16,65536.0,floor,dv,9.661811481189278e-05,0.00025426113026879687,1,0.0005369465306563298
b_kohakufa_fp16,13000,fp16,65536.0,kohakufa,dk,0.0006293233018590989,0.002303443878859373,11,0.0008780691359844598
b_kohakufa_fp16,13000,fp16,65536.0,kohakufa,dq,0.0016013844902225825,0.008469753439261101,11,0.007070487831748959
b_kohakufa_fp16,13000,fp16,65536.0,kohakufa,dv,0.00022749273483512922,0.0003191894947498547,1,0.00042305053620881114
b_kohakufa_fp16,13000,fp16,65536.0,scale*dS,dk,0.000976802649750533,0.002299824796565293,11,0.0008777411596238847
b_kohakufa_fp16,13000,fp16,65536.0,scale*dS,dq,0.0023008586419910114,0.008484330215709279,11,0.007079520641937417
b_kohakufa_fp16,13000,fp16,65536.0,scale*dS,dv,9.661811481189278e-05,0.00025426113026879687,1,0.0005369465306563298
b_kohakufa_fp16,13000,fp16,65536.0,scale-shift,dk,0.0007820240120916684,0.004670940915074125,0,0.0016807901521671733
b_kohakufa_fp16,13000,fp16,65536.0,scale-shift,dq,0.0015665815330235758,0.04156687358206187,0,0.026003996240284846
b_kohakufa_fp16,13000,fp16,65536.0,scale-shift,dv,0.0001332226420216593,0.0005764518108359217,0,0.0010169603078606247
b_kohakufa_fp16,13000,fp16,65536.0,single lse,dk,0.0005795392859560434,0.002292327829419302,11,0.0008789318393539631
b_kohakufa_fp16,13000,fp16,65536.0,single lse,dq,0.0015706198843073145,0.008465700445456517,11,0.007066615904711412
b_kohakufa_fp16,13000,fp16,65536.0,single lse,dv,0.00013322778973729534,0.0006050358684961219,0,0.0010230111968422293
b_kohakufa_fp16,14000,bf16,1.0,all three,dk,0.005088629184413882,0.03828862832327674,0,0.010737784777434216
b_kohakufa_fp16,14000,bf16,1.0,all three,dq,0.01171379678710685,0.2557099612858635,0,0.2469361947190101
b_kohakufa_fp16,14000,bf16,1.0,all three,dv,0.0010384836131841217,0.0014597076757254586,4,0.002043727373452244
b_kohakufa_fp16,14000,bf16,1.0,cudnn,dk,0.005403187902821974,0.059846115227976344,0,0.019139771170530794
b_kohakufa_fp16,14000,bf16,1.0,cudnn,dq,0.011827858711808453,0.38849786456125096,0,0.44883345682652187
b_kohakufa_fp16,14000,bf16,1.0,cudnn,dv,0.0019524627376649398,0.0021834006890365048,4,0.00284121922488704
b_kohakufa_fp16,14000,bf16,1.0,efficient,dk,0.005404746218394716,0.008778519767420499,11,0.004945928419499701
b_kohakufa_fp16,14000,bf16,1.0,efficient,dq,0.011931153157504966,0.03216484414978571,11,0.03738542825646653
b_kohakufa_fp16,14000,bf16,1.0,efficient,dv,0.001952585045745878,0.0021821028423538516,4,0.00284121922488704
b_kohakufa_fp16,14000,bf16,1.0,fa4,dk,0.005261716077000091,0.059582355960671365,0,0.018856549256757442
b_kohakufa_fp16,14000,bf16,1.0,fa4,dq,0.012159020800950323,0.3846991681793097,0,0.4428886428288196
b_kohakufa_fp16,14000,bf16,1.0,fa4,dv,0.001981131729964304,0.0022163060838797885,0,0.002497584162478309
b_kohakufa_fp16,14000,bf16,1.0,flex,dk,0.005260093662106587,0.008779322562046275,11,0.004945928419499701
b_kohakufa_fp16,14000,bf16,1.0,flex,dq,0.011837491095100128,0.032109329954002376,11,0.03738542825646653
b_kohakufa_fp16,14000,bf16,1.0,flex,dv,0.0019525685310059753,0.0021821059432956982,4,0.00284121922488704
b_kohakufa_fp16,14000,bf16,1.0,floor,dk,0.004974163805201064,0.008589429064960605,11,0.0049457463731585015
b_kohakufa_fp16,14000,bf16,1.0,floor,dq,0.011714171525278141,0.032072344679369987,11,0.03738252151562771
b_kohakufa_fp16,14000,bf16,1.0,floor,dv,0.000990942815168889,0.001459707945413244,4,0.002043727373452244
b_kohakufa_fp16,14000,bf16,1.0,kohakufa,dk,0.005404285806106402,0.008778694749203541,11,0.004945928419499701
b_kohakufa_fp16,14000,bf16,1.0,kohakufa,dq,0.011924732194887138,0.0321654224108055,11,0.03738542825646653
b_kohakufa_fp16,14000,bf16,1.0,kohakufa,dv,0.0019525672808481458,0.002182105898976335,4,0.00284121922488704
b_kohakufa_fp16,14000,bf16,1.0,scale*dS,dk,0.004974163805201064,0.008589429064960605,11,0.0049457463731585015
b_kohakufa_fp16,14000,bf16,1.0,scale*dS,dq,0.011714171525278141,0.032072344679369987,11,0.03738252151562771
b_kohakufa_fp16,14000,bf16,1.0,scale*dS,dv,0.000990942815168889,0.001459707945413244,4,0.002043727373452244
b_kohakufa_fp16,14000,bf16,1.0,scale-shift,dk,0.00508846933751626,0.03829514062186355,0,0.010735975445123334
b_kohakufa_fp16,14000,bf16,1.0,scale-shift,dq,0.011713718919437646,0.2558283560298862,0,0.2469361947190101
b_kohakufa_fp16,14000,bf16,1.0,scale-shift,dv,0.0009909435429618328,0.001459707730640159,4,0.002043727373452244
b_kohakufa_fp16,14000,bf16,1.0,single lse,dk,0.004974171365115944,0.008589428320583337,11,0.0049457463731585015
b_kohakufa_fp16,14000,bf16,1.0,single lse,dq,0.011714185432860024,0.0320723451296363,11,0.03738252151562771
b_kohakufa_fp16,14000,bf16,1.0,single lse,dv,0.0009908317829210055,0.0014597079987935294,4,0.002043727373452244
b_kohakufa_fp16,14000,fp16,65536.0,all three,dk,0.0013161503281452242,0.009459294053049653,0,0.001843910974812397
b_kohakufa_fp16,14000,fp16,65536.0,all three,dq,0.002657486443265518,0.049271215645892284,0,0.03812604150788623
b_kohakufa_fp16,14000,fp16,65536.0,all three,dv,0.00012966803880211565,0.0010744576348970924,0,0.0016860795003474497
b_kohakufa_fp16,14000,fp16,65536.0,cudnn,dk,0.001345315947772758,0.007295530094738593,0,0.001833543361471395
b_kohakufa_fp16,14000,fp16,65536.0,cudnn,dq,0.0026728938407145,0.03651244366646765,0,0.02916163578363143
b_kohakufa_fp16,14000,fp16,65536.0,cudnn,dv,0.00024218193549601087,0.0007452266044145508,0,0.0011675538008648323
b_kohakufa_fp16,14000,fp16,65536.0,efficient,dk,0.0012266600836747907,0.0020036802673165724,11,0.0006834241906695345
b_kohakufa_fp16,14000,fp16,65536.0,efficient,dq,0.0026869206298371574,0.0074149721021585695,11,0.00652534038299158
b_kohakufa_fp16,14000,fp16,65536.0,efficient,dv,0.00024211643509005853,0.0006330862404900267,0,0.0014400896945529096
b_kohakufa_fp16,14000,fp16,65536.0,fa4,dk,0.0007912437139249292,0.007337442330733941,0,0.0018533639006132988
b_kohakufa_fp16,14000,fp16,65536.0,fa4,dq,0.0016251491678696058,0.03663982594254177,0,0.029184946443730254
b_kohakufa_fp16,14000,fp16,65536.0,fa4,dv,0.00024213558969539395,0.0014329045813839228,0,0.002534015716112011
b_kohakufa_fp16,14000,fp16,65536.0,flex,dk,0.0007863086583771683,0.001987051097856151,11,0.0006805572777575186
b_kohakufa_fp16,14000,fp16,65536.0,flex,dq,0.00159713482283574,0.007344371968804327,11,0.0064765704470816
b_kohakufa_fp16,14000,fp16,65536.0,flex,dv,0.00023853573821165303,0.00026112494271021187,4,0.00033769131880126093
b_kohakufa_fp16,14000,fp16,65536.0,floor,dk,0.0006521219270898958,0.0019750815339043093,11,0.0006798130772805409
b_kohakufa_fp16,14000,fp16,65536.0,floor,dq,0.0015783951851088063,0.007343270650946623,11,0.006479108563456472
b_kohakufa_fp16,14000,fp16,65536.0,floor,dv,0.00012092453782317472,0.00015962672721873635,1,0.00021490482828915062
b_kohakufa_fp16,14000,fp16,65536.0,kohakufa,dk,0.0008021908185794213,0.0019974133668879427,11,0.0006805572777575186
b_kohakufa_fp16,14000,fp16,65536.0,kohakufa,dq,0.0015955391913922863,0.007390939624272488,11,0.0064765704470816
b_kohakufa_fp16,14000,fp16,65536.0,kohakufa,dv,0.00023819991531369693,0.0002611226370052058,4,0.00033769131880126093
b_kohakufa_fp16,14000,fp16,65536.0,scale*dS,dk,0.0012047839230239419,0.0019843355064977646,11,0.0006823015030936377
b_kohakufa_fp16,14000,fp16,65536.0,scale*dS,dq,0.002659705712196794,0.007373525543319869,11,0.006521641361159867
b_kohakufa_fp16,14000,fp16,65536.0,scale*dS,dv,0.00012092453782317472,0.00015962672721873635,1,0.00021490482828915062
b_kohakufa_fp16,14000,fp16,65536.0,scale-shift,dk,0.0007549260040312823,0.00943564708560209,0,0.0018321038177063801
b_kohakufa_fp16,14000,fp16,65536.0,scale-shift,dq,0.0015794858311088773,0.049278898523232396,0,0.03819290030532758
b_kohakufa_fp16,14000,fp16,65536.0,scale-shift,dv,0.00012983933137518855,0.0005430023584462062,0,0.0007255847022545063
b_kohakufa_fp16,14000,fp16,65536.0,single lse,dk,0.000652153483437057,0.0019750872008703416,11,0.0006798130772805409
b_kohakufa_fp16,14000,fp16,65536.0,single lse,dq,0.0015783866924880866,0.007343262843803553,11,0.006479108563456472
b_kohakufa_fp16,14000,fp16,65536.0,single lse,dv,0.00012967040675356014,0.0005344066889921055,0,0.0008304391271568876
b_kohakufa_fp16,15000,bf16,1.0,all three,dk,0.004751314865593303,0.07922500946620466,0,0.023667946857218947
b_kohakufa_fp16,15000,bf16,1.0,all three,dq,0.01294266427420211,0.41341733255494995,0,0.3832772870073443
b_kohakufa_fp16,15000,bf16,1.0,all three,dv,0.0009527611065789539,0.0013429292494933419,1,0.0010296012478800871
b_kohakufa_fp16,15000,bf16,1.0,cudnn,dk,0.005067647185843869,0.061316662774151584,0,0.019837141483346338
b_kohakufa_fp16,15000,bf16,1.0,cudnn,dq,0.01310724695646921,0.34075322255151036,0,0.34683824136066105
b_kohakufa_fp16,15000,bf16,1.0,cudnn,dv,0.001884871230398652,0.002438352454554811,1,0.002572553999939023
b_kohakufa_fp16,15000,bf16,1.0,efficient,dk,0.005095996516668006,0.009201887421691268,1,0.016480046608553352
b_kohakufa_fp16,15000,bf16,1.0,efficient,dq,0.013378200853601536,0.02420746562779479,11,0.022082022603057975
b_kohakufa_fp16,15000,bf16,1.0,efficient,dv,0.0018850938359369664,0.00243834438680337,1,0.002572553999939023
b_kohakufa_fp16,15000,bf16,1.0,fa4,dk,0.005063649485412701,0.061500160554162825,0,0.02013273451098106
b_kohakufa_fp16,15000,bf16,1.0,fa4,dq,0.013747717265341942,0.33899869486050904,0,0.34683824136066105
b_kohakufa_fp16,15000,bf16,1.0,fa4,dv,0.0019240565184746033,0.0024383473596624903,1,0.002572553999939023
b_kohakufa_fp16,15000,bf16,1.0,flex,dk,0.00490418794563982,0.008927830680591135,1,0.017088489458610183
b_kohakufa_fp16,15000,bf16,1.0,flex,dq,0.013057884663315244,0.02420074821392824,11,0.022495615750246663
b_kohakufa_fp16,15000,bf16,1.0,flex,dv,0.001884882190639764,0.0024383451318925856,1,0.002572553999939023
b_kohakufa_fp16,15000,bf16,1.0,floor,dk,0.004629125073607408,0.008830245029280426,1,0.017417623531859015
b_kohakufa_fp16,15000,bf16,1.0,floor,dq,0.012941843568453541,0.02414951153843856,11,0.022448512358161875
b_kohakufa_fp16,15000,bf16,1.0,floor,dv,0.0008846293396943072,0.0013429306996922765,1,0.0010296012478800871
b_kohakufa_fp16,15000,bf16,1.0,kohakufa,dk,0.005087177614170023,0.009236672854824723,1,0.016480046608553352
b_kohakufa_fp16,15000,bf16,1.0,kohakufa,dq,0.013379181676730793,0.02420718454290638,11,0.022082022603057975
b_kohakufa_fp16,15000,bf16,1.0,kohakufa,dv,0.0018850961662616776,0.0024383420588912717,1,0.002572553999939023
b_kohakufa_fp16,15000,bf16,1.0,scale*dS,dk,0.004629125073607408,0.008830245029280426,1,0.017417623531859015
b_kohakufa_fp16,15000,bf16,1.0,scale*dS,dq,0.012941843568453541,0.02414951153843856,11,0.022448512358161875
b_kohakufa_fp16,15000,bf16,1.0,scale*dS,dv,0.0008846293396943072,0.0013429306996922765,1,0.0010296012478800871
b_kohakufa_fp16,15000,bf16,1.0,scale-shift,dk,0.0047512676135491125,0.07947404723416089,0,0.023835297657249625
b_kohakufa_fp16,15000,bf16,1.0,scale-shift,dq,0.012942612390775335,0.41470977193053693,0,0.38573419269328885
b_kohakufa_fp16,15000,bf16,1.0,scale-shift,dv,0.0008846289639178285,0.0013429376789048588,1,0.0010296012478800871
b_kohakufa_fp16,15000,bf16,1.0,single lse,dk,0.0046291309488620085,0.008830242593959918,1,0.017417623531859015
b_kohakufa_fp16,15000,bf16,1.0,single lse,dq,0.012941893306717604,0.02414944263796268,11,0.022448512358161875
b_kohakufa_fp16,15000,bf16,1.0,single lse,dv,0.0008846291094035803,0.0013429296376613067,1,0.0010296012478800871
b_kohakufa_fp16,15000,fp16,65536.0,all three,dk,0.0011126207545538698,0.014216087261189895,0,0.004716003404259158
b_kohakufa_fp16,15000,fp16,65536.0,all three,dq,0.0023248766355301476,0.06269675392313113,0,0.053037804960401565
b_kohakufa_fp16,15000,fp16,65536.0,all three,dv,0.00012033007181616122,0.0010586430506044635,0,0.0016343865743529663
b_kohakufa_fp16,15000,fp16,65536.0,cudnn,dk,0.0011299096270433828,0.01903878058889152,0,0.006971270598801725
b_kohakufa_fp16,15000,fp16,65536.0,cudnn,dq,0.002321121569160749,0.08978180882662394,0,0.09171691127002991
b_kohakufa_fp16,15000,fp16,65536.0,cudnn,dv,0.00023675209633139784,0.000708081049565269,0,0.0006912450147608734
b_kohakufa_fp16,15000,fp16,65536.0,efficient,dk,0.0011282027699569548,0.0015812064102829705,2,0.0007249711620176787
b_kohakufa_fp16,15000,fp16,65536.0,efficient,dq,0.0023387298077965483,0.007189588767678397,0,0.00847362796304875
b_kohakufa_fp16,15000,fp16,65536.0,efficient,dv,0.00023677488814671273,0.0006402980225878097,0,0.000903957008853023
b_kohakufa_fp16,15000,fp16,65536.0,fa4,dk,0.0008111675883326843,0.019033764974441255,0,0.006977295417603771
b_kohakufa_fp16,15000,fp16,65536.0,fa4,dq,0.0017981598404913134,0.08971223438770305,0,0.09163701849017797
b_kohakufa_fp16,15000,fp16,65536.0,fa4,dv,0.00023675195157846207,0.0011236174375564003,0,0.0010468218616479926
b_kohakufa_fp16,15000,fp16,65536.0,flex,dk,0.0008027405680152485,0.0013428079913346924,1,0.002762138381611627
b_kohakufa_fp16,15000,fp16,65536.0,flex,dq,0.0017125555826746114,0.006063035309945856,11,0.0028189437438170127
b_kohakufa_fp16,15000,fp16,65536.0,flex,dv,0.00023675933658195362,0.00027527604738615373,4,0.0006215725666098534
b_kohakufa_fp16,15000,fp16,65536.0,floor,dk,0.0007792937752790519,0.0013689938666404536,1,0.002719916113728217
b_kohakufa_fp16,15000,fp16,65536.0,floor,dq,0.0016984019215947038,0.0069799838402381225,0,0.008389873178702012
b_kohakufa_fp16,15000,fp16,65536.0,floor,dv,0.00011309516111321538,0.00017112377052107706,4,0.00036328156858333175
b_kohakufa_fp16,15000,fp16,65536.0,kohakufa,dk,0.0008061937443228982,0.0013204022977850029,1,0.0024392069255136915
b_kohakufa_fp16,15000,fp16,65536.0,kohakufa,dq,0.00172220998669908,0.007036227479372802,0,0.008388741884456062
b_kohakufa_fp16,15000,fp16,65536.0,kohakufa,dv,0.00023488176495358663,0.00027515143291510747,4,0.0006215725666098534
b_kohakufa_fp16,15000,fp16,65536.0,scale*dS,dk,0.0011095307739398587,0.0015649968551926516,2,0.000679419681790246
b_kohakufa_fp16,15000,fp16,65536.0,scale*dS,dq,0.0023178477802241705,0.007043308794127914,0,0.00833943305939119
b_kohakufa_fp16,15000,fp16,65536.0,scale*dS,dv,0.00011309516111321538,0.00017112377052107706,4,0.00036328156858333175
b_kohakufa_fp16,15000,fp16,65536.0,scale-shift,dk,0.0007746757773195345,0.014231285865514627,0,0.004727335976637177
b_kohakufa_fp16,15000,fp16,65536.0,scale-shift,dq,0.001691792219637718,0.06269862980418757,0,0.05300423672941397
b_kohakufa_fp16,15000,fp16,65536.0,scale-shift,dv,0.00012035885515538692,0.0006256951981162261,0,0.0008271032181721403
b_kohakufa_fp16,15000,fp16,65536.0,single lse,dk,0.0007792951575826575,0.0013710350542418131,1,0.002729904243328902
b_kohakufa_fp16,15000,fp16,65536.0,single lse,dq,0.0016983872294605493,0.006981711193276104,0,0.008389873178702012
b_kohakufa_fp16,15000,fp16,65536.0,single lse,dv,0.00012037349192185382,0.000601531345624255,0,0.0007218490146264032
b_kohakufa_fp16,16000,bf16,1.0,all three,dk,0.0061354734659855,0.05072944824842867,0,0.015469172952491724
b_kohakufa_fp16,16000,bf16,1.0,all three,dq,0.012359376777513703,0.2378700502493155,0,0.20686166780517248
b_kohakufa_fp16,16000,bf16,1.0,all three,dv,0.0009856065944901585,0.00198766852638706,1,0.005918894228742645
b_kohakufa_fp16,16000,bf16,1.0,cudnn,dk,0.006335358655936999,0.047750107538061214,0,0.013165687605604059
b_kohakufa_fp16,16000,bf16,1.0,cudnn,dq,0.012676067831418307,0.21134923421788157,0,0.125074439568987
b_kohakufa_fp16,16000,bf16,1.0,cudnn,dv,0.0019288000059532603,0.002534994028105831,1,0.005914151833695309
b_kohakufa_fp16,16000,bf16,1.0,efficient,dk,0.00615708462594012,0.014189308059603712,3,0.026020814496785956
b_kohakufa_fp16,16000,bf16,1.0,efficient,dq,0.012714266565768243,0.03704985693668134,0,0.0341045754818794
b_kohakufa_fp16,16000,bf16,1.0,efficient,dv,0.0019287594445967949,0.0025353757369686015,1,0.005914151833695309
b_kohakufa_fp16,16000,bf16,1.0,fa4,dk,0.0064927274285727955,0.04755627729164512,0,0.013065283285287029
b_kohakufa_fp16,16000,bf16,1.0,fa4,dq,0.016303971308036253,0.21076066049867856,0,0.1242293420043317
b_kohakufa_fp16,16000,bf16,1.0,fa4,dv,0.0019287414416946252,0.0025354330569605267,1,0.005914151833695309
b_kohakufa_fp16,16000,bf16,1.0,flex,dk,0.0063574960582314394,0.014175064792054461,3,0.026020814496785956
b_kohakufa_fp16,16000,bf16,1.0,flex,dq,0.012494533852912236,0.04504826338398188,0,0.04361192308425172
b_kohakufa_fp16,16000,bf16,1.0,flex,dv,0.0019289174534784504,0.002534965545069036,1,0.005914151833695309
b_kohakufa_fp16,16000,bf16,1.0,floor,dk,0.006135401351338477,0.014009504103790198,3,0.025650897403274482
b_kohakufa_fp16,16000,bf16,1.0,floor,dq,0.012432441478202019,0.044901939285017206,0,0.043544929878784853
b_kohakufa_fp16,16000,bf16,1.0,floor,dv,0.0009855304881601244,0.0019876654461036553,1,0.005918894228742645
b_kohakufa_fp16,16000,bf16,1.0,kohakufa,dk,0.0061513298069718995,0.01418929826939217,3,0.026020814496785956
b_kohakufa_fp16,16000,bf16,1.0,kohakufa,dq,0.012723148297292947,0.046317285809049764,0,0.04509084382239853
b_kohakufa_fp16,16000,bf16,1.0,kohakufa,dv,0.0019287593542701537,0.002535433664141983,1,0.005914151833695309
b_kohakufa_fp16,16000,bf16,1.0,scale*dS,dk,0.006135401351338477,0.014009504103790198,3,0.025650897403274482
b_kohakufa_fp16,16000,bf16,1.0,scale*dS,dq,0.012432441478202019,0.044901939285017206,0,0.043544929878784853
b_kohakufa_fp16,16000,bf16,1.0,scale*dS,dv,0.0009855304881601244,0.0019876654461036553,1,0.005918894228742645
b_kohakufa_fp16,16000,bf16,1.0,scale-shift,dk,0.006135474233399952,0.050765384203157495,0,0.015470477467405232
b_kohakufa_fp16,16000,bf16,1.0,scale-shift,dq,0.012359373707051723,0.23797280821440453,0,0.20686167364829433
b_kohakufa_fp16,16000,bf16,1.0,scale-shift,dv,0.000985606609355067,0.001987665648836641,1,0.005918894228742645
b_kohakufa_fp16,16000,bf16,1.0,single lse,dk,0.006135400000795238,0.014009504053971422,3,0.025650897403274482
b_kohakufa_fp16,16000,bf16,1.0,single lse,dq,0.0124324400861251,0.044903157537487755,0,0.043544924035663
b_kohakufa_fp16,16000,bf16,1.0,single lse,dv,0.0009856065435947781,0.001987665622643443,1,0.005918894228742645
b_kohakufa_fp16,16000,fp16,65536.0,all three,dk,0.001632782390071461,0.007749162931493487,0,0.0015731423712666477
b_kohakufa_fp16,16000,fp16,65536.0,all three,dq,0.0033951527180826535,0.0316804886789957,0,0.01534911507690395
b_kohakufa_fp16,16000,fp16,65536.0,all three,dv,0.00013127123158583796,0.0006418486273873338,0,0.0010536142236584178
b_kohakufa_fp16,16000,fp16,65536.0,cudnn,dk,0.0016457742091805874,0.007385185806132453,0,0.001570092426063084
b_kohakufa_fp16,16000,fp16,65536.0,cudnn,dq,0.003393272276583601,0.025998879368401354,0,0.011945889530893398
b_kohakufa_fp16,16000,fp16,65536.0,cudnn,dv,0.00024579517469040286,0.000465150540150583,0,0.00046667370848645583
b_kohakufa_fp16,16000,fp16,65536.0,efficient,dk,0.001317625090770798,0.003035393609144161,2,0.0011334985060984521
b_kohakufa_fp16,16000,fp16,65536.0,efficient,dq,0.003428071542177776,0.0075402311398370826,11,0.005369816082495092
b_kohakufa_fp16,16000,fp16,65536.0,efficient,dv,0.0002456948619579699,0.0007772930637748982,0,0.0012736590900723581
b_kohakufa_fp16,16000,fp16,65536.0,fa4,dk,0.0008923747499875427,0.00724037133615645,0,0.0016126948352557183
b_kohakufa_fp16,16000,fp16,65536.0,fa4,dq,0.001780904036418711,0.025922535678148863,0,0.011919576998887026
b_kohakufa_fp16,16000,fp16,65536.0,fa4,dv,0.0002456909460284223,0.0007955949187799011,0,0.0007680961492788693
b_kohakufa_fp16,16000,fp16,65536.0,flex,dk,0.0009531052441909193,0.0025840354691890064,11,0.0011272583149819749
b_kohakufa_fp16,16000,fp16,65536.0,flex,dq,0.0017385654788110339,0.007476464957469893,11,0.00532944126949719
b_kohakufa_fp16,16000,fp16,65536.0,flex,dv,0.0002438057847779397,0.00029533338245479694,1,0.0005728312058011543
b_kohakufa_fp16,16000,fp16,65536.0,floor,dk,0.0009277769725134282,0.002574494016677047,11,0.0011273332589522764
b_kohakufa_fp16,16000,fp16,65536.0,floor,dq,0.0017245505781934547,0.007471456477657741,11,0.00533285676576276
b_kohakufa_fp16,16000,fp16,65536.0,floor,dv,0.00012523782189896026,0.0002233849514594241,1,0.000550285753655966
b_kohakufa_fp16,16000,fp16,65536.0,kohakufa,dk,0.0009604980590758568,0.0025929436225290807,11,0.0011272583149819749
b_kohakufa_fp16,16000,fp16,65536.0,kohakufa,dq,0.0017323805435949895,0.007499947692332007,11,0.00532944126949719
b_kohakufa_fp16,16000,fp16,65536.0,kohakufa,dv,0.00024381704371758976,0.000295299776522636,1,0.0005728312058011543
b_kohakufa_fp16,16000,fp16,65536.0,scale*dS,dk,0.0012904275543705994,0.003023337605481113,2,0.001244604364578486
b_kohakufa_fp16,16000,fp16,65536.0,scale*dS,dq,0.0033741265326847195,0.007527358072318616,11,0.005369323225891114
b_kohakufa_fp16,16000,fp16,65536.0,scale*dS,dv,0.00012523782189896026,0.0002233849514594241,1,0.000550285753655966
b_kohakufa_fp16,16000,fp16,65536.0,scale-shift,dk,0.0009272125115326126,0.007746972962367856,0,0.001575169616590445
b_kohakufa_fp16,16000,fp16,65536.0,scale-shift,dq,0.0017547479712094831,0.03166038276699122,0,0.01537048116124311
b_kohakufa_fp16,16000,fp16,65536.0,scale-shift,dv,0.00013131015182118455,0.0004012002865999768,0,0.000544677408288182
b_kohakufa_fp16,16000,fp16,65536.0,single lse,dk,0.0009277327784590156,0.002574494015154331,11,0.0011273332589522764
b_kohakufa_fp16,16000,fp16,65536.0,single lse,dq,0.0017245490826324366,0.0074714568405282455,11,0.00533285676576276
b_kohakufa_fp16,16000,fp16,65536.0,single lse,dv,0.00013125942027398632,0.00042239503002524043,0,0.0005663659638941731
b_kohakufa_fp16,17000,bf16,1.0,all three,dk,0.005962123667458469,0.12595577444087658,0,0.04369621904720181
b_kohakufa_fp16,17000,bf16,1.0,all three,dq,0.013735290582121138,0.41444612716439466,0,0.2510147325601707
b_kohakufa_fp16,17000,bf16,1.0,all three,dv,0.001262165246807053,0.0020179448610201534,4,0.0031929046313609578
b_kohakufa_fp16,17000,bf16,1.0,cudnn,dk,0.006175453694526128,0.09959781362096673,0,0.033643182937287235
b_kohakufa_fp16,17000,bf16,1.0,cudnn,dq,0.014008611965464978,0.33950457137645423,0,0.28616564925378196
b_kohakufa_fp16,17000,bf16,1.0,cudnn,dv,0.0020726190158305534,0.0026093911367873223,4,0.00560303104353543
b_kohakufa_fp16,17000,bf16,1.0,efficient,dk,0.005668742831982365,0.014544033328546733,3,0.03852211698291611
b_kohakufa_fp16,17000,bf16,1.0,efficient,dq,0.01396070876438099,0.03723539846633781,1,0.07413218034169568
b_kohakufa_fp16,17000,bf16,1.0,efficient,dv,0.0020726200013418614,0.0026093629386009765,4,0.00560303104353543
b_kohakufa_fp16,17000,bf16,1.0,fa4,dk,0.006220206560371314,0.09879712437804693,0,0.033305074366493784
b_kohakufa_fp16,17000,bf16,1.0,fa4,dq,0.014581255271298523,0.3363407319107975,0,0.2833323259938435
b_kohakufa_fp16,17000,bf16,1.0,fa4,dv,0.0020862416535017345,0.0026094119191800874,4,0.00560303104353543
b_kohakufa_fp16,17000,bf16,1.0,flex,dk,0.0055243369814025455,0.014284134353507892,3,0.03852211698291611
b_kohakufa_fp16,17000,bf16,1.0,flex,dq,0.013857527175406547,0.03607207140493786,1,0.07277186976009804
b_kohakufa_fp16,17000,bf16,1.0,flex,dv,0.00207276246358302,0.002609405364726022,4,0.00560303104353543
b_kohakufa_fp16,17000,bf16,1.0,floor,dk,0.005960453887416427,0.014255512822400888,1,0.019838481964293202
b_kohakufa_fp16,17000,bf16,1.0,floor,dq,0.013728529597638586,0.03891452838565132,0,0.039498563546436244
b_kohakufa_fp16,17000,bf16,1.0,floor,dv,0.001166619220772791,0.002017944955782718,4,0.0031929046313609578
b_kohakufa_fp16,17000,bf16,1.0,kohakufa,dk,0.005691618290152765,0.01454006572462463,3,0.03852211698291611
b_kohakufa_fp16,17000,bf16,1.0,kohakufa,dq,0.013964410150131189,0.037236775497165295,1,0.07413218034169568
b_kohakufa_fp16,17000,bf16,1.0,kohakufa,dv,0.0020726701129613126,0.0026094056953932976,4,0.00560303104353543
b_kohakufa_fp16,17000,bf16,1.0,scale*dS,dk,0.005960453887416427,0.014255512822400888,1,0.019838481964293202
b_kohakufa_fp16,17000,bf16,1.0,scale*dS,dq,0.013728529597638586,0.03891452838565132,0,0.039498563546436244
b_kohakufa_fp16,17000,bf16,1.0,scale*dS,dv,0.001166619220772791,0.002017944955782718,4,0.0031929046313609578
b_kohakufa_fp16,17000,bf16,1.0,scale-shift,dk,0.0059621179467374465,0.12627542270381542,0,0.04381257671596162
b_kohakufa_fp16,17000,bf16,1.0,scale-shift,dq,0.013735283957195178,0.4157539836326695,0,0.25234285283826685
b_kohakufa_fp16,17000,bf16,1.0,scale-shift,dv,0.0011665572018352281,0.002017944964596273,4,0.0031929046313609578
b_kohakufa_fp16,17000,bf16,1.0,single lse,dk,0.00596045756270886,0.01425549476582433,1,0.019838481964293202
b_kohakufa_fp16,17000,bf16,1.0,single lse,dq,0.013728528970278443,0.038803963751805656,0,0.039498563546436244
b_kohakufa_fp16,17000,bf16,1.0,single lse,dv,0.0011666194131222482,0.0020179448982852355,4,0.0031929046313609578
b_kohakufa_fp16,17000,fp16,65536.0,all three,dk,0.001748093727614253,0.014182248470437114,0,0.00382772788502404
b_kohakufa_fp16,17000,fp16,65536.0,all three,dq,0.0028458573805529596,0.04202274405311776,0,0.02810142634279929
b_kohakufa_fp16,17000,fp16,65536.0,all three,dv,0.00015338667070868088,0.0010112862906270891,0,0.0019405744506840832
b_kohakufa_fp16,17000,fp16,65536.0,cudnn,dk,0.0017617254136394333,0.017126769691411907,0,0.0058968236328655645
b_kohakufa_fp16,17000,fp16,65536.0,cudnn,dq,0.002843041650524499,0.061033075548577675,0,0.04538584287816014
b_kohakufa_fp16,17000,fp16,65536.0,cudnn,dv,0.00025710496938290226,0.0008504543641390455,0,0.0016720575637241633
b_kohakufa_fp16,17000,fp16,65536.0,efficient,dk,0.001772208661006201,0.003967158381971863,0,0.0018524050609647613
b_kohakufa_fp16,17000,fp16,65536.0,efficient,dq,0.00285195697818267,0.01708955159637662,0,0.01808836615771425
b_kohakufa_fp16,17000,fp16,65536.0,efficient,dv,0.00025699979630238693,0.000640713605634398,0,0.001187846992184012
b_kohakufa_fp16,17000,fp16,65536.0,fa4,dk,0.0007897610221854629,0.017116549181839563,0,0.0058968236328655645
b_kohakufa_fp16,17000,fp16,65536.0,fa4,dq,0.002178573664158446,0.06095179161943245,0,0.04538584287816014
b_kohakufa_fp16,17000,fp16,65536.0,fa4,dv,0.00025713155330327143,0.0011433903367286985,0,0.0018229467087358929
b_kohakufa_fp16,17000,fp16,65536.0,flex,dk,0.0007747393567474562,0.003918849417618081,0,0.0018365249255082113
b_kohakufa_fp16,17000,fp16,65536.0,flex,dq,0.0018783527478227302,0.017023221802957265,0,0.018110440984016856
b_kohakufa_fp16,17000,fp16,65536.0,flex,dv,0.0002572856710719364,0.00036163656827339414,1,0.00037782528050572816
b_kohakufa_fp16,17000,fp16,65536.0,floor,dk,0.0007588437953984335,0.004663101907000487,0,0.002162006962917091
b_kohakufa_fp16,17000,fp16,65536.0,floor,dq,0.0018779168408228257,0.019597358038641603,0,0.020792144345727515
b_kohakufa_fp16,17000,fp16,65536.0,floor,dv,0.00013988355802252268,0.00028104900195659115,1,0.0003104456241556216
b_kohakufa_fp16,17000,fp16,65536.0,kohakufa,dk,0.0008026319643420562,0.00467784138671036,0,0.0021700077700957613
b_kohakufa_fp16,17000,fp16,65536.0,kohakufa,dq,0.001890772697443363,0.01958239422316374,0,0.020825644619237527
b_kohakufa_fp16,17000,fp16,65536.0,kohakufa,dv,0.0002561241344722726,0.00035904039915758153,1,0.00037782528050572816
b_kohakufa_fp16,17000,fp16,65536.0,scale*dS,dk,0.001747780376168653,0.004686481035494046,0,0.002167733271527766
b_kohakufa_fp16,17000,fp16,65536.0,scale*dS,dq,0.002843432263020469,0.019577314268935084,0,0.020718892138914764
b_kohakufa_fp16,17000,fp16,65536.0,scale*dS,dv,0.00013988355802252268,0.00028104900195659115,1,0.0003104456241556216
b_kohakufa_fp16,17000,fp16,65536.0,scale-shift,dk,0.0007507070396709995,0.014197592818653341,0,0.003876513294650079
b_kohakufa_fp16,17000,fp16,65536.0,scale-shift,dq,0.0018821552733847057,0.04197120984578478,0,0.028142751969773994
b_kohakufa_fp16,17000,fp16,65536.0,scale-shift,dv,0.00015338943795451646,0.0006186797459896129,0,0.0014209424927917674
b_kohakufa_fp16,17000,fp16,65536.0,single lse,dk,0.0007588303447387876,0.004666260225454117,0,0.002164016534095064
b_kohakufa_fp16,17000,fp16,65536.0,single lse,dq,0.0018776969223911091,0.019612696182242303,0,0.020810371167640458
b_kohakufa_fp16,17000,fp16,65536.0,single lse,dv,0.0001533893123553647,0.0006203390646025204,0,0.0013612896753395591
b_kohakufa_fp16,18000,bf16,1.0,all three,dk,0.0066466183173500585,0.12593332740813815,0,0.045904616493331545
b_kohakufa_fp16,18000,bf16,1.0,all three,dq,0.012945551024625525,0.30553708664676904,0,0.25345670204032505
b_kohakufa_fp16,18000,bf16,1.0,all three,dv,0.0011604688175314963,0.001796520187941321,4,0.00330125929139722
b_kohakufa_fp16,18000,bf16,1.0,cudnn,dk,0.006908978176140621,0.10431974775844118,0,0.04088032809437338
b_kohakufa_fp16,18000,bf16,1.0,cudnn,dq,0.013066883670160723,0.30128358386388515,0,0.30498041257003683
b_kohakufa_fp16,18000,bf16,1.0,cudnn,dv,0.0020964426876706665,0.002475763020122379,4,0.004620240910023123
b_kohakufa_fp16,18000,bf16,1.0,efficient,dk,0.007315957918193648,0.01725747538383133,11,0.021720994667185408
b_kohakufa_fp16,18000,bf16,1.0,efficient,dq,0.013296944292063106,0.04212307563022565,11,0.06677141056490467
b_kohakufa_fp16,18000,bf16,1.0,efficient,dv,0.0020964057977652193,0.0024757984165848872,4,0.004620240910023123
b_kohakufa_fp16,18000,bf16,1.0,fa4,dk,0.006883010832799396,0.10330210692077993,0,0.040492391795533565
b_kohakufa_fp16,18000,bf16,1.0,fa4,dq,0.013042348864952267,0.29882294645583657,0,0.3023168281807789
b_kohakufa_fp16,18000,bf16,1.0,fa4,dv,0.0020964067587835784,0.0024757631136075155,4,0.004620240910023123
b_kohakufa_fp16,18000,bf16,1.0,flex,dk,0.0069026079541479315,0.017230370978887726,11,0.021720994667185408
b_kohakufa_fp16,18000,bf16,1.0,flex,dq,0.013050801303996013,0.04192306184920027,11,0.06677141056490467
b_kohakufa_fp16,18000,bf16,1.0,flex,dv,0.002096403888065222,0.0024757636681084823,4,0.004620240910023123
b_kohakufa_fp16,18000,bf16,1.0,floor,dk,0.00664618514425081,0.017144950773975952,11,0.02116677514812293
b_kohakufa_fp16,18000,bf16,1.0,floor,dq,0.012945361726066694,0.041870400352390334,11,0.06675939865321624
b_kohakufa_fp16,18000,bf16,1.0,floor,dv,0.001157159818928119,0.0017965149550154005,4,0.00330125929139722
b_kohakufa_fp16,18000,bf16,1.0,kohakufa,dk,0.007316332704429236,0.017259459501227644,11,0.021720994667185408
b_kohakufa_fp16,18000,bf16,1.0,kohakufa,dq,0.013296432768376837,0.042117955500130436,11,0.06677141056490467
b_kohakufa_fp16,18000,bf16,1.0,kohakufa,dv,0.00209640664096777,0.002475764617576862,4,0.004620240910023123
b_kohakufa_fp16,18000,bf16,1.0,scale*dS,dk,0.00664618514425081,0.017144950773975952,11,0.02116677514812293
b_kohakufa_fp16,18000,bf16,1.0,scale*dS,dq,0.012945361726066694,0.041870400352390334,11,0.06675939865321624
b_kohakufa_fp16,18000,bf16,1.0,scale*dS,dv,0.001157159818928119,0.0017965149550154005,4,0.00330125929139722
b_kohakufa_fp16,18000,bf16,1.0,scale-shift,dk,0.00664668259856598,0.1262604940450557,0,0.04612243054043201
b_kohakufa_fp16,18000,bf16,1.0,scale-shift,dq,0.012945420640191356,0.30620511394431693,0,0.2547052572227897
b_kohakufa_fp16,18000,bf16,1.0,scale-shift,dv,0.0011571600337648388,0.0017965175448346746,4,0.00330125929139722
b_kohakufa_fp16,18000,bf16,1.0,single lse,dk,0.006646184656881591,0.017144951616322828,11,0.02116677514812293
b_kohakufa_fp16,18000,bf16,1.0,single lse,dq,0.0129454826644153,0.04187039687175676,11,0.06675939865321624
b_kohakufa_fp16,18000,bf16,1.0,single lse,dv,0.001157160576323289,0.0017965203039865274,4,0.00330125929139722
b_kohakufa_fp16,18000,fp16,65536.0,all three,dk,0.0011664867589657557,0.020699479349590058,0,0.006944615242398886
b_kohakufa_fp16,18000,fp16,65536.0,all three,dq,0.0030586123805752094,0.05947276912006329,0,0.03476581621738594
b_kohakufa_fp16,18000,fp16,65536.0,all three,dv,0.00016090196471095521,0.0009879849082983926,0,0.0018349548169497717
b_kohakufa_fp16,18000,fp16,65536.0,cudnn,dk,0.00119289619926248,0.02029308127340796,0,0.004380387313421973
b_kohakufa_fp16,18000,fp16,65536.0,cudnn,dq,0.0030753850025503873,0.052819978954837754,0,0.03476441282871443
b_kohakufa_fp16,18000,fp16,65536.0,cudnn,dv,0.00026171779193433036,0.0007477373934037441,0,0.0015648692685176476
b_kohakufa_fp16,18000,fp16,65536.0,efficient,dk,0.001091591210834215,0.003971693729470507,11,0.0019002905288075331
b_kohakufa_fp16,18000,fp16,65536.0,efficient,dq,0.0029906398155373133,0.00940970258295984,11,0.006306137481959771
b_kohakufa_fp16,18000,fp16,65536.0,efficient,dv,0.0002617742533709137,0.0007404299817791745,0,0.0014972369841862378
b_kohakufa_fp16,18000,fp16,65536.0,fa4,dk,0.0009792079224911828,0.020280270441658768,0,0.004362568788758796
b_kohakufa_fp16,18000,fp16,65536.0,fa4,dq,0.0018739826317698772,0.05276588098379732,0,0.034722146064019646
b_kohakufa_fp16,18000,fp16,65536.0,fa4,dv,0.0002617757096498671,0.0014117059710005017,0,0.003529344746359773
b_kohakufa_fp16,18000,fp16,65536.0,flex,dk,0.0007894346660801666,0.003929227475451314,11,0.0018837377627166257
b_kohakufa_fp16,18000,fp16,65536.0,flex,dq,0.0018458315413128717,0.009333700408900294,11,0.006278881721486522
b_kohakufa_fp16,18000,fp16,65536.0,flex,dv,0.0002531111935161734,0.0003090625737343686,4,0.0007889743537524441
b_kohakufa_fp16,18000,fp16,65536.0,floor,dk,0.0007194741022275879,0.003924752431708524,11,0.001883344418991158
b_kohakufa_fp16,18000,fp16,65536.0,floor,dq,0.0018550329590802206,0.009337690613897465,11,0.006278585607877864
b_kohakufa_fp16,18000,fp16,65536.0,floor,dv,0.00015957310904776923,0.00023124313195306548,1,0.0002939924618690569
b_kohakufa_fp16,18000,fp16,65536.0,kohakufa,dk,0.0008079825371191683,0.003936815678988558,11,0.0018837377627166257
b_kohakufa_fp16,18000,fp16,65536.0,kohakufa,dq,0.0018549409889881225,0.009343317716033635,11,0.006272067781368209
b_kohakufa_fp16,18000,fp16,65536.0,kohakufa,dv,0.0002514148271650488,0.0003090664012929411,4,0.0007889743537524441
b_kohakufa_fp16,18000,fp16,65536.0,scale*dS,dk,0.0010611459344347428,0.003954840311641591,11,0.001900146841601883
b_kohakufa_fp16,18000,fp16,65536.0,scale*dS,dq,0.002585996013767587,0.009387759711918896,11,0.00630549867507368
b_kohakufa_fp16,18000,fp16,65536.0,scale*dS,dv,0.00015957310904776923,0.00023124313195306548,1,0.0002939924618690569
b_kohakufa_fp16,18000,fp16,65536.0,scale-shift,dk,0.0009165559162852717,0.020731502756536662,0,0.006939708187755317
b_kohakufa_fp16,18000,fp16,65536.0,scale-shift,dq,0.0018547323523999855,0.05948622836952406,0,0.0346070681929561
b_kohakufa_fp16,18000,fp16,65536.0,scale-shift,dv,0.00016118664239811795,0.0007085629470666131,0,0.0014315461157229689
b_kohakufa_fp16,18000,fp16,65536.0,single lse,dk,0.0007231304440379462,0.003924736283022595,11,0.001883344418991158
b_kohakufa_fp16,18000,fp16,65536.0,single lse,dq,0.0018550265650106419,0.009337689323230506,11,0.006278585607877864
b_kohakufa_fp16,18000,fp16,65536.0,single lse,dv,0.00016090271047247692,0.0006909600676299343,0,0.0014815633673662667
b_kohakufa_fp16,19000,bf16,1.0,all three,dk,0.008960717310060868,0.0561715361216362,0,0.013738576812286761
b_kohakufa_fp16,19000,bf16,1.0,all three,dq,0.014740763647866669,0.33800074892540544,0,0.18990180933974574
b_kohakufa_fp16,19000,bf16,1.0,all three,dv,0.0013217781594671196,0.0018081966610514206,1,0.0027788271376738096
b_kohakufa_fp16,19000,bf16,1.0,cudnn,dk,0.00914985875106113,0.0259807153370371,0,0.009732230000892217
b_kohakufa_fp16,19000,bf16,1.0,cudnn,dq,0.014867448345363875,0.17193601591224184,0,0.15130388061215513
b_kohakufa_fp16,19000,bf16,1.0,cudnn,dv,0.0020212462708165445,0.0024185158344242033,4,0.004140893239170757
b_kohakufa_fp16,19000,bf16,1.0,efficient,dk,0.008904101953819615,0.018661325259938258,3,0.026386835732094785
b_kohakufa_fp16,19000,bf16,1.0,efficient,dq,0.014863454265181654,0.04366465042093505,11,0.03970886433532881
b_kohakufa_fp16,19000,bf16,1.0,efficient,dv,0.002021289171603028,0.0024180393502853973,4,0.004140893239170757
b_kohakufa_fp16,19000,bf16,1.0,fa4,dk,0.008955070379650668,0.02595578834031793,0,0.009634418643882852
b_kohakufa_fp16,19000,bf16,1.0,fa4,dq,0.01491805989385267,0.170704487606709,0,0.15006874689287225
b_kohakufa_fp16,19000,bf16,1.0,fa4,dv,0.002070642193893309,0.0024184733528174094,4,0.004140893239170757
b_kohakufa_fp16,19000,bf16,1.0,flex,dk,0.008799482350300371,0.018733507332324116,3,0.026386835732094785
b_kohakufa_fp16,19000,bf16,1.0,flex,dq,0.01484470670648351,0.04384262310147823,11,0.03970886433532881
b_kohakufa_fp16,19000,bf16,1.0,flex,dv,0.002021276189664106,0.0024184729119567155,4,0.004140893239170757
b_kohakufa_fp16,19000,bf16,1.0,floor,dk,0.00858515143505153,0.018703728886736357,3,0.026309766691816897
b_kohakufa_fp16,19000,bf16,1.0,floor,dq,0.014741782689138538,0.04380446853763065,11,0.039632836143549476
b_kohakufa_fp16,19000,bf16,1.0,floor,dv,0.0013217859539886318,0.0018081967064320465,1,0.0027788271376738096
b_kohakufa_fp16,19000,bf16,1.0,kohakufa,dk,0.00891909885132932,0.018642906582894282,3,0.026386835732094785
b_kohakufa_fp16,19000,bf16,1.0,kohakufa,dq,0.01486878368867942,0.04366448514346518,11,0.03970886433532881
b_kohakufa_fp16,19000,bf16,1.0,kohakufa,dv,0.0020213106190657363,0.0024184701468794164,4,0.004140893239170757
b_kohakufa_fp16,19000,bf16,1.0,scale*dS,dk,0.00858515143505153,0.018703728886736357,3,0.026309766691816897
b_kohakufa_fp16,19000,bf16,1.0,scale*dS,dq,0.014741782689138538,0.04380446853763065,11,0.039632836143549476
b_kohakufa_fp16,19000,bf16,1.0,scale*dS,dv,0.0013217859539886318,0.0018081967064320465,1,0.0027788271376738096
b_kohakufa_fp16,19000,bf16,1.0,scale-shift,dk,0.008960728114789202,0.056276546317108454,0,0.013752207599988336
b_kohakufa_fp16,19000,bf16,1.0,scale-shift,dq,0.014740758981518401,0.33854799810441577,0,0.18990180933974574
b_kohakufa_fp16,19000,bf16,1.0,scale-shift,dv,0.0013217876910629387,0.0018081966560121513,1,0.0027788271376738096
b_kohakufa_fp16,19000,bf16,1.0,single lse,dk,0.008585151871903982,0.01870372890812995,3,0.026309766691816897
b_kohakufa_fp16,19000,bf16,1.0,single lse,dq,0.01474178745059816,0.043804468657686,11,0.039632836143549476
b_kohakufa_fp16,19000,bf16,1.0,single lse,dv,0.0013217872400737671,0.0018081966880487293,1,0.0027788271376738096
b_kohakufa_fp16,19000,fp16,65536.0,all three,dk,0.002024985025278298,0.005884183747888565,0,0.0013522232573901774
b_kohakufa_fp16,19000,fp16,65536.0,all three,dq,0.0035046947701970373,0.028815789526644545,0,0.013961425180616455
b_kohakufa_fp16,19000,fp16,65536.0,all three,dv,0.0001626733269946071,0.0010397029729685462,0,0.0019822074596335683
b_kohakufa_fp16,19000,fp16,65536.0,cudnn,dk,0.0020234944304848733,0.006373743607118245,0,0.0012777430084245697
b_kohakufa_fp16,19000,fp16,65536.0,cudnn,dq,0.003530009152254734,0.03236830955656072,0,0.014152381447602952
b_kohakufa_fp16,19000,fp16,65536.0,cudnn,dv,0.00026276331216023186,0.0006813221187693969,0,0.0013278996291038968
b_kohakufa_fp16,19000,fp16,65536.0,efficient,dk,0.0013451280247410975,0.003666687089128401,2,0.002188695079223692
b_kohakufa_fp16,19000,fp16,65536.0,efficient,dq,0.0035060918543614416,0.009574332121854264,11,0.006086231009012067
b_kohakufa_fp16,19000,fp16,65536.0,efficient,dv,0.0002626513653658061,0.0007197284417825462,0,0.0015527098209479192
b_kohakufa_fp16,19000,fp16,65536.0,fa4,dk,0.001531111676070281,0.00655749296384767,0,0.0013790402465276937
b_kohakufa_fp16,19000,fp16,65536.0,fa4,dq,0.002514347463608795,0.03267833301620442,0,0.014065910685193972
b_kohakufa_fp16,19000,fp16,65536.0,fa4,dv,0.0002626588227455135,0.0011980374999639584,0,0.0014697543733237705
b_kohakufa_fp16,19000,fp16,65536.0,flex,dk,0.0011193414125101678,0.0030777206010108443,11,0.00111311992480336
b_kohakufa_fp16,19000,fp16,65536.0,flex,dq,0.002498534971291397,0.009522758301913889,11,0.006086231009012067
b_kohakufa_fp16,19000,fp16,65536.0,flex,dv,0.00026263773530415646,0.00037699154177961566,0,0.0006102924374631107
b_kohakufa_fp16,19000,fp16,65536.0,floor,dk,0.0010996738714201214,0.0030694414806080993,11,0.0011126907385787224
b_kohakufa_fp16,19000,fp16,65536.0,floor,dq,0.0024800841535140158,0.009514791299534569,11,0.006085758388602083
b_kohakufa_fp16,19000,fp16,65536.0,floor,dv,0.0001459515461321467,0.00022781677583371153,6,0.00026920402942965727
b_kohakufa_fp16,19000,fp16,65536.0,kohakufa,dk,0.001133729146017911,0.0030776407496027947,11,0.001111396447571874
b_kohakufa_fp16,19000,fp16,65536.0,kohakufa,dq,0.0025012547325947735,0.009522678923396042,11,0.006086231009012067
b_kohakufa_fp16,19000,fp16,65536.0,kohakufa,dv,0.0002576353392931459,0.0003036239792945639,6,0.0003692453681549249
b_kohakufa_fp16,19000,fp16,65536.0,scale*dS,dk,0.0013150095662108666,0.0036505164639584215,2,0.0021289607905109567
b_kohakufa_fp16,19000,fp16,65536.0,scale*dS,dq,0.0035070576178844663,0.009570136047051607,11,0.006083510429201619
b_kohakufa_fp16,19000,fp16,65536.0,scale*dS,dv,0.0001459515461321467,0.00022781677583371153,6,0.00026920402942965727
b_kohakufa_fp16,19000,fp16,65536.0,scale-shift,dk,0.0012564033237067338,0.005894525971263075,0,0.0013358417445491484
b_kohakufa_fp16,19000,fp16,65536.0,scale-shift,dq,0.002477196326893877,0.028716646116338822,0,0.013978876962092227
b_kohakufa_fp16,19000,fp16,65536.0,scale-shift,dv,0.0001626619789850993,0.0005642519711887667,0,0.0010963159415566762
b_kohakufa_fp16,19000,fp16,65536.0,single lse,dk,0.001099687040688055,0.0030694471526422867,11,0.0011126907385787224
b_kohakufa_fp16,19000,fp16,65536.0,single lse,dq,0.0024797698484348538,0.009515806934615446,11,0.006085758388602083
b_kohakufa_fp16,19000,fp16,65536.0,single lse,dv,0.0001627638897637824,0.0006447876796814378,0,0.000991372794097512
b_kohakufa_fp16,20000,bf16,1.0,all three,dk,0.008638389065253526,0.058741862590612946,0,0.023300226617391808
b_kohakufa_fp16,20000,bf16,1.0,all three,dq,0.015803948224572647,0.21968371228535286,0,0.15704347331948895
b_kohakufa_fp16,20000,bf16,1.0,all three,dv,0.0013170140860670747,0.0024319097277665583,4,0.005762678527670682
b_kohakufa_fp16,20000,bf16,1.0,cudnn,dk,0.008785702569122505,0.09974733386184112,0,0.06552385680465633
b_kohakufa_fp16,20000,bf16,1.0,cudnn,dq,0.01604277044975489,0.4680694655548924,0,0.43685841069753
b_kohakufa_fp16,20000,bf16,1.0,cudnn,dv,0.002111169585470535,0.0029152031500571116,4,0.006682378969639587
b_kohakufa_fp16,20000,bf16,1.0,efficient,dk,0.006935333873071228,0.018470582045168295,1,0.02760551174224783
b_kohakufa_fp16,20000,bf16,1.0,efficient,dq,0.015850155140370838,0.04794028091286989,0,0.042171975290109735
b_kohakufa_fp16,20000,bf16,1.0,efficient,dv,0.002111171761209703,0.0029133001140330328,4,0.006682378969639587
b_kohakufa_fp16,20000,bf16,1.0,fa4,dk,0.008998969224639178,0.09869602118643396,0,0.06552385680465633
b_kohakufa_fp16,20000,bf16,1.0,fa4,dq,0.014514814991081636,0.4668158939545258,0,0.43685841069753
b_kohakufa_fp16,20000,bf16,1.0,fa4,dv,0.0021970792008478924,0.002913302021778043,4,0.006682378969639587
b_kohakufa_fp16,20000,bf16,1.0,flex,dk,0.007026350009651137,0.018296964501401773,1,0.02644537481768829
b_kohakufa_fp16,20000,bf16,1.0,flex,dq,0.01594209038082824,0.04808646801621622,0,0.041901642115173145
b_kohakufa_fp16,20000,bf16,1.0,flex,dv,0.002111175447856747,0.002913302053796636,4,0.006682378969639587
b_kohakufa_fp16,20000,bf16,1.0,floor,dk,0.007000171398019851,0.018280223134542268,1,0.027020474469955053
b_kohakufa_fp16,20000,bf16,1.0,floor,dq,0.015803913302135087,0.04966890076761307,0,0.04375120678666314
b_kohakufa_fp16,20000,bf16,1.0,floor,dv,0.0013170138894510925,0.0024319095126452174,4,0.005762678527670682
b_kohakufa_fp16,20000,bf16,1.0,kohakufa,dk,0.00703489676640443,0.018433184514315346,1,0.02644537481768829
b_kohakufa_fp16,20000,bf16,1.0,kohakufa,dq,0.015842980423614723,0.04783258315541287,11,0.04097622674992402
b_kohakufa_fp16,20000,bf16,1.0,kohakufa,dv,0.0021111764676021677,0.002913299775809097,4,0.006682378969639587
b_kohakufa_fp16,20000,bf16,1.0,scale*dS,dk,0.007000171398019851,0.018280223134542268,1,0.027020474469955053
b_kohakufa_fp16,20000,bf16,1.0,scale*dS,dq,0.015803913302135087,0.04966890076761307,0,0.04375120678666314
b_kohakufa_fp16,20000,bf16,1.0,scale*dS,dv,0.0013170138894510925,0.0024319095126452174,4,0.005762678527670682
b_kohakufa_fp16,20000,bf16,1.0,scale-shift,dk,0.008638370201434544,0.0588509706523316,0,0.023299799024594153
b_kohakufa_fp16,20000,bf16,1.0,scale-shift,dq,0.015803786610454746,0.21984723979550075,0,0.15704347331948895
b_kohakufa_fp16,20000,bf16,1.0,scale-shift,dv,0.0013170138742323774,0.0024319097657629508,4,0.005762678527670682
b_kohakufa_fp16,20000,bf16,1.0,single lse,dk,0.007002665587289533,0.018280231547479514,1,0.027020474469955053
b_kohakufa_fp16,20000,bf16,1.0,single lse,dq,0.015804076281191876,0.04966726847986331,0,0.04375120678666314
b_kohakufa_fp16,20000,bf16,1.0,single lse,dv,0.0013170138853025347,0.0024319096806532793,4,0.005762678527670682
b_kohakufa_fp16,20000,fp16,65536.0,all three,dk,0.0022760221032902673,0.016049141797875824,0,0.005232953464497023
b_kohakufa_fp16,20000,fp16,65536.0,all three,dq,0.0027398765460368945,0.06519121100144322,0,0.03377264987436001
b_kohakufa_fp16,20000,fp16,65536.0,all three,dv,0.0001440238291885007,0.0006286099604052287,0,0.000812943815401408
b_kohakufa_fp16,20000,fp16,65536.0,cudnn,dk,0.0022723496450829613,0.014395411849506544,0,0.00592528064111721
b_kohakufa_fp16,20000,fp16,65536.0,cudnn,dq,0.0027463814309813634,0.06418603821202128,0,0.047527669539584066
b_kohakufa_fp16,20000,fp16,65536.0,cudnn,dv,0.00026651926680168605,0.0006186135595146207,0,0.0007592984540354467
b_kohakufa_fp16,20000,fp16,65536.0,efficient,dk,0.001511964045633802,0.0032124666942134304,3,0.008166827440338508
b_kohakufa_fp16,20000,fp16,65536.0,efficient,dq,0.0027392810792632163,0.011372251626415598,11,0.005873794103362786
b_kohakufa_fp16,20000,fp16,65536.0,efficient,dv,0.0002665371209642201,0.0006489601035627259,0,0.0011001891376634823
b_kohakufa_fp16,20000,fp16,65536.0,fa4,dk,0.0011175589702046777,0.01412852225259402,0,0.005866614496155654
b_kohakufa_fp16,20000,fp16,65536.0,fa4,dq,0.0019640512905599425,0.0640508240276289,0,0.047459869725690225
b_kohakufa_fp16,20000,fp16,65536.0,fa4,dv,0.00026652997970304807,0.0012148124561441244,0,0.002176462483863182
b_kohakufa_fp16,20000,fp16,65536.0,flex,dk,0.0012794973875808544,0.0031330874031316076,1,0.005538383619799356
b_kohakufa_fp16,20000,fp16,65536.0,flex,dq,0.002008084809718891,0.011605163953164388,0,0.01147751222134263
b_kohakufa_fp16,20000,fp16,65536.0,flex,dv,0.0002536837500254559,0.00033372697210976195,4,0.0006624339221375179
b_kohakufa_fp16,20000,fp16,65536.0,floor,dk,0.001267197762682048,0.0031256306469159474,1,0.00550978397560849
b_kohakufa_fp16,20000,fp16,65536.0,floor,dq,0.002001360059187325,0.011664011276674562,0,0.011541943563037402
b_kohakufa_fp16,20000,fp16,65536.0,floor,dv,0.00014364161466688005,0.0002767278991294775,1,0.0002646562599370362
b_kohakufa_fp16,20000,fp16,65536.0,kohakufa,dk,0.0013104747137982003,0.0031234478190796124,3,0.008166827440338508
b_kohakufa_fp16,20000,fp16,65536.0,kohakufa,dq,0.002006644291391069,0.011688602116543188,0,0.011545312035236474
b_kohakufa_fp16,20000,fp16,65536.0,kohakufa,dv,0.00025366299251424726,0.00033409727987282587,4,0.0006624339221375179
b_kohakufa_fp16,20000,fp16,65536.0,scale*dS,dk,0.0018845932645080172,0.003200949176145367,3,0.00819659395708823
b_kohakufa_fp16,20000,fp16,65536.0,scale*dS,dq,0.002678819781108847,0.011770120170174307,0,0.011574113713990206
b_kohakufa_fp16,20000,fp16,65536.0,scale*dS,dv,0.00014364161466688005,0.0002767278991294775,1,0.0002646562599370362
b_kohakufa_fp16,20000,fp16,65536.0,scale-shift,dk,0.0012673748369929163,0.016067437850696486,0,0.005241707788694839
b_kohakufa_fp16,20000,fp16,65536.0,scale-shift,dq,0.0020821334597493743,0.06517259318279711,0,0.03371673489112431
b_kohakufa_fp16,20000,fp16,65536.0,scale-shift,dv,0.00014402207460667438,0.00045858615914366144,0,0.0008159278859144476
b_kohakufa_fp16,20000,fp16,65536.0,single lse,dk,0.0012671597847538241,0.003125602887039791,1,0.00550978397560849
b_kohakufa_fp16,20000,fp16,65536.0,single lse,dq,0.0020014438405469267,0.011720601239380162,0,0.01160627558859854
b_kohakufa_fp16,20000,fp16,65536.0,single lse,dv,0.0001440290470126552,0.0004843785100527408,0,0.0008090811567300198
l_kohakufa_fp16,0,bf16,1.0,all three,dk,0.0020044462705242857,0.021653358410080804,1,0.0164462118047577
l_kohakufa_fp16,0,bf16,1.0,all three,dq,0.00320040155623375,0.04883797938815914,1,0.02170146034098198
l_kohakufa_fp16,0,bf16,1.0,all three,dv,0.0012198816127786318,0.002814197145599301,0,0.003468739200880587
l_kohakufa_fp16,0,bf16,1.0,cudnn,dk,0.002722096837746851,0.02136857398434075,1,0.015654482164738352
l_kohakufa_fp16,0,bf16,1.0,cudnn,dq,0.003907853170399106,0.049138694890561725,1,0.021274884905379206
l_kohakufa_fp16,0,bf16,1.0,cudnn,dv,0.002025811098331929,0.0032356374012929303,0,0.0036765433042001364
l_kohakufa_fp16,0,bf16,1.0,efficient,dk,0.0031356827019669783,0.02094364948947034,1,0.014106494600215094
l_kohakufa_fp16,0,bf16,1.0,efficient,dq,0.004013488082216086,0.04932971257064048,1,0.021534800119191105
l_kohakufa_fp16,0,bf16,1.0,efficient,dv,0.0020251076824464084,0.003253676026086099,0,0.0036765433042001364
l_kohakufa_fp16,0,bf16,1.0,fa4,dk,0.0026609032797726678,0.02200316780897742,1,0.015654482164738352
l_kohakufa_fp16,0,bf16,1.0,fa4,dq,0.0038104369147804345,0.04958563081414463,1,0.023024980678379322
l_kohakufa_fp16,0,bf16,1.0,fa4,dv,0.0020250969943001206,0.003234811957078006,0,0.0036765433042001364
l_kohakufa_fp16,0,bf16,1.0,flex,dk,0.00262785371814614,0.0209866296884481,1,0.014445116879954556
l_kohakufa_fp16,0,bf16,1.0,flex,dq,0.0036097876935034415,0.048761122765396084,1,0.02134419562906238
l_kohakufa_fp16,0,bf16,1.0,flex,dv,0.0020251113887825366,0.003236655193155324,0,0.0036765433042001364
l_kohakufa_fp16,0,bf16,1.0,floor,dk,0.002004727925939937,0.020393698379606227,1,0.0139908123802791
l_kohakufa_fp16,0,bf16,1.0,floor,dq,0.0032005390576384947,0.04885643450121636,1,0.02172812872489914
l_kohakufa_fp16,0,bf16,1.0,floor,dv,0.001219872276570581,0.0028117122422550225,0,0.003468739200880587
l_kohakufa_fp16,0,bf16,1.0,kohakufa,dk,0.0031170807259625157,0.020947444395770582,1,0.014445116879954556
l_kohakufa_fp16,0,bf16,1.0,kohakufa,dq,0.004022777050458588,0.048875784571181774,1,0.021534800119191105
l_kohakufa_fp16,0,bf16,1.0,kohakufa,dv,0.0020251087687393403,0.0032354374517016347,0,0.0036765433042001364
l_kohakufa_fp16,0,bf16,1.0,scale*dS,dk,0.002004727925939937,0.020393698379606227,1,0.0139908123802791
l_kohakufa_fp16,0,bf16,1.0,scale*dS,dq,0.0032005390576384947,0.04885643450121636,1,0.02172812872489914
l_kohakufa_fp16,0,bf16,1.0,scale*dS,dv,0.001219872276570581,0.0028117122422550225,0,0.003468739200880587
l_kohakufa_fp16,0,bf16,1.0,scale-shift,dk,0.002004756136110661,0.02165424700349006,1,0.016444602663936884
l_kohakufa_fp16,0,bf16,1.0,scale-shift,dq,0.003199696761304912,0.04883556849953333,1,0.02170146034098198
l_kohakufa_fp16,0,bf16,1.0,scale-shift,dv,0.0012198595773215124,0.0028127315841923327,0,0.003468739200880587
l_kohakufa_fp16,0,bf16,1.0,single lse,dk,0.0020047418369610165,0.020392689158349117,1,0.0139908123802791
l_kohakufa_fp16,0,bf16,1.0,single lse,dq,0.003200508029821458,0.04885713754408533,1,0.02172812872489914
l_kohakufa_fp16,0,bf16,1.0,single lse,dv,0.001219861381607372,0.002812949920285364,0,0.003468739200880587
l_kohakufa_fp16,0,fp16,65536.0,all three,dk,0.00025455162107708456,0.009151575650752421,1,0.010616989423367215
l_kohakufa_fp16,0,fp16,65536.0,all three,dq,0.000390483569961461,0.011009576956429791,1,0.004169323376078918
l_kohakufa_fp16,0,fp16,65536.0,all three,dv,0.0001681811005811239,0.0003461289788011596,0,0.00043915547973996026
l_kohakufa_fp16,0,fp16,65536.0,cudnn,dk,0.0003341448126519247,0.009779372900033367,1,0.012234451695586783
l_kohakufa_fp16,0,fp16,65536.0,cudnn,dq,0.0004726182105420683,0.015207973846960383,1,0.010826207005289872
l_kohakufa_fp16,0,fp16,65536.0,cudnn,dv,0.0002583999347991624,0.0003984125039014761,0,0.0004244781523045362
l_kohakufa_fp16,0,fp16,65536.0,efficient,dk,0.0003835877022489289,0.0035541805946442914,1,0.0029920541190972937
l_kohakufa_fp16,0,fp16,65536.0,efficient,dq,0.0005052079267556535,0.007627517230866827,1,0.0033991300094659317
l_kohakufa_fp16,0,fp16,65536.0,efficient,dv,0.0002649454510466122,0.0004031452668698777,0,0.0004194905216233734
l_kohakufa_fp16,0,fp16,65536.0,fa4,dk,0.00033576026782596485,0.009827396885498227,1,0.012313462064212034
l_kohakufa_fp16,0,fp16,65536.0,fa4,dq,0.00045588159906689054,0.015233317640658182,1,0.010826207005289872
l_kohakufa_fp16,0,fp16,65536.0,fa4,dv,0.00025878130060265873,0.00040029629755281915,0,0.0004194905216233734
l_kohakufa_fp16,0,fp16,65536.0,flex,dk,0.00032262583823997775,0.0039307385765314255,1,0.004096002445360747
l_kohakufa_fp16,0,fp16,65536.0,flex,dq,0.00044573469877684556,0.0073735667093966705,1,0.0025654068055437677
l_kohakufa_fp16,0,fp16,65536.0,flex,dv,0.0002585980969524979,0.00039707480061263405,0,0.0004194905216233734
l_kohakufa_fp16,0,fp16,65536.0,floor,dk,0.0002506637775353949,0.0033607806143078765,1,0.002355910190648982
l_kohakufa_fp16,0,fp16,65536.0,floor,dq,0.0003897375153464522,0.007305515661187793,1,0.002574551443030216
l_kohakufa_fp16,0,fp16,65536.0,floor,dv,0.00015407276895484213,0.0003457795581689982,0,0.00043915547973996026
l_kohakufa_fp16,0,fp16,65536.0,kohakufa,dk,0.00038319177765765703,0.003970704366462088,1,0.0037313392055519008
l_kohakufa_fp16,0,fp16,65536.0,kohakufa,dq,0.0005044593558802744,0.0073016563091427905,1,0.002747704172899925
l_kohakufa_fp16,0,fp16,65536.0,kohakufa,dv,0.0002587305978770833,0.000401144097559141,0,0.0004194905216233734
l_kohakufa_fp16,0,fp16,65536.0,scale*dS,dk,0.00025424280869424184,0.003361770023638097,1,0.002360419283288744
l_kohakufa_fp16,0,fp16,65536.0,scale*dS,dq,0.0003906456817875174,0.007306568204678515,1,0.002575773042860128
l_kohakufa_fp16,0,fp16,65536.0,scale*dS,dv,0.00015407276895484213,0.0003457795581689982,0,0.00043915547973996026
l_kohakufa_fp16,0,fp16,65536.0,scale-shift,dk,0.00025100491166467614,0.009149913505311306,1,0.010622114347062669
l_kohakufa_fp16,0,fp16,65536.0,scale-shift,dq,0.0003897331725789513,0.011005599748751344,1,0.00416588900756485
l_kohakufa_fp16,0,fp16,65536.0,scale-shift,dv,0.00016683257451730618,0.0003463369193335237,0,0.00043915547973996026
l_kohakufa_fp16,0,fp16,65536.0,single lse,dk,0.0002506466674917927,0.0033616840146631316,1,0.002355910190648982
l_kohakufa_fp16,0,fp16,65536.0,single lse,dq,0.00038962048053049276,0.007305301147162085,1,0.002577802729399233
l_kohakufa_fp16,0,fp16,65536.0,single lse,dv,0.0001681446228178516,0.0003467736750363709,0,0.00043915547973996026
l_kohakufa_fp16,1000,bf16,1.0,all three,dk,0.0017901060868766477,0.010419708377225684,1,0.012067672863869502
l_kohakufa_fp16,1000,bf16,1.0,all three,dq,0.0036670421921686327,0.03580905099068804,1,0.021405098272056562
l_kohakufa_fp16,1000,bf16,1.0,all three,dv,0.0009229296064562416,0.0013859436530205974,3,0.0018952300768068494
l_kohakufa_fp16,1000,bf16,1.0,cudnn,dk,0.002463346302280716,0.010452811618206178,1,0.011652308616343606
l_kohakufa_fp16,1000,bf16,1.0,cudnn,dq,0.004215366499677018,0.03714017067738675,1,0.022991171691694547
l_kohakufa_fp16,1000,bf16,1.0,cudnn,dv,0.0018930039460679157,0.002175401503858003,3,0.0029677668910070686
l_kohakufa_fp16,1000,bf16,1.0,efficient,dk,0.00261012977739566,0.01107337378258775,1,0.012319796827813326
l_kohakufa_fp16,1000,bf16,1.0,efficient,dq,0.004340595513180552,0.03707529613440455,1,0.022991171691694547
l_kohakufa_fp16,1000,bf16,1.0,efficient,dv,0.0018927581045685739,0.0021739856047615714,3,0.0029677668910070686
l_kohakufa_fp16,1000,bf16,1.0,fa4,dk,0.0024063333609508106,0.010619137816367454,1,0.011652308616343606
l_kohakufa_fp16,1000,bf16,1.0,fa4,dq,0.004306838134692221,0.03692301527688129,1,0.022991171691694547
l_kohakufa_fp16,1000,bf16,1.0,fa4,dv,0.001892625340560185,0.002175363370000881,3,0.0029677668910070686
l_kohakufa_fp16,1000,bf16,1.0,flex,dk,0.0024532126636646347,0.010717155170727579,1,0.011652308616343606
l_kohakufa_fp16,1000,bf16,1.0,flex,dq,0.004030022887990176,0.03655049072799846,1,0.022991171691694547
l_kohakufa_fp16,1000,bf16,1.0,flex,dv,0.001892781237640155,0.0021753533224940906,3,0.0029677668910070686
l_kohakufa_fp16,1000,bf16,1.0,floor,dk,0.00179055446707618,0.010710523042573828,1,0.012036841090322872
l_kohakufa_fp16,1000,bf16,1.0,floor,dq,0.003667315217316809,0.03682735841574473,1,0.02294384852505257
l_kohakufa_fp16,1000,bf16,1.0,floor,dv,0.0009230008541935773,0.0013859396648665426,3,0.0018952300768068494
l_kohakufa_fp16,1000,bf16,1.0,kohakufa,dk,0.002611657699336635,0.010765357431472155,1,0.011819180669211036
l_kohakufa_fp16,1000,bf16,1.0,kohakufa,dq,0.004341625550888767,0.036981827526220694,1,0.022991171691694547
l_kohakufa_fp16,1000,bf16,1.0,kohakufa,dv,0.001892765109605468,0.002175363571702078,3,0.0029677668910070686
l_kohakufa_fp16,1000,bf16,1.0,scale*dS,dk,0.00179055446707618,0.010710523042573828,1,0.012036841090322872
l_kohakufa_fp16,1000,bf16,1.0,scale*dS,dq,0.003667315217316809,0.03682735841574473,1,0.02294384852505257
l_kohakufa_fp16,1000,bf16,1.0,scale*dS,dv,0.0009230008541935773,0.0013859396648665426,3,0.0018952300768068494
l_kohakufa_fp16,1000,bf16,1.0,scale-shift,dk,0.0017901082950413148,0.010419010883838243,1,0.012067672863869502
l_kohakufa_fp16,1000,bf16,1.0,scale-shift,dq,0.0036670439870626964,0.03580948544279471,1,0.021405098272056562
l_kohakufa_fp16,1000,bf16,1.0,scale-shift,dv,0.0009229293176055026,0.0013859393256794247,3,0.0018952300768068494
l_kohakufa_fp16,1000,bf16,1.0,single lse,dk,0.0017905501798163544,0.010710503631653885,1,0.012036841090322872
l_kohakufa_fp16,1000,bf16,1.0,single lse,dq,0.0036673100859848894,0.036827323372401834,1,0.02294384852505257
l_kohakufa_fp16,1000,bf16,1.0,single lse,dv,0.0009229293117674107,0.0013859298753408735,3,0.0018952300768068494
l_kohakufa_fp16,1000,fp16,65536.0,all three,dk,0.00025026152803101685,0.0029232958590880835,1,0.004329932792480945
l_kohakufa_fp16,1000,fp16,65536.0,all three,dq,0.0004948608344560143,0.007879469650015796,1,0.00607905689220017
l_kohakufa_fp16,1000,fp16,65536.0,all three,dv,0.00011660021956295578,0.00017459228194363247,5,0.0002507055762785849
l_kohakufa_fp16,1000,fp16,65536.0,cudnn,dk,0.00032311508536581453,0.003274574844656144,1,0.00328653523398296
l_kohakufa_fp16,1000,fp16,65536.0,cudnn,dq,0.0005445576633521669,0.008585049993567925,1,0.006007875990225476
l_kohakufa_fp16,1000,fp16,65536.0,cudnn,dv,0.00023535449289623046,0.0002709549114117124,3,0.0004203797479496402
l_kohakufa_fp16,1000,fp16,65536.0,efficient,dk,0.0003474793795496597,0.0027273624590825924,1,0.0038672200094546894
l_kohakufa_fp16,1000,fp16,65536.0,efficient,dq,0.0005948837479739463,0.007777789827129937,1,0.006081420712350768
l_kohakufa_fp16,1000,fp16,65536.0,efficient,dv,0.00023535826294739917,0.000271771929826529,1,0.0006090744959631469
l_kohakufa_fp16,1000,fp16,65536.0,fa4,dk,0.0003103629141136493,0.0031367729415985443,1,0.0031794560758652253
l_kohakufa_fp16,1000,fp16,65536.0,fa4,dq,0.0005320388970257709,0.008577354573803106,1,0.006007875990225476
l_kohakufa_fp16,1000,fp16,65536.0,fa4,dv,0.00023536222098668566,0.0002709269880414891,3,0.0004203797479496402
l_kohakufa_fp16,1000,fp16,65536.0,flex,dk,0.0003177643252338201,0.0027487148311570765,1,0.0039970408658533615
l_kohakufa_fp16,1000,fp16,65536.0,flex,dq,0.0005301628298440993,0.007843170108906042,1,0.006232200359420762
l_kohakufa_fp16,1000,fp16,65536.0,flex,dv,0.00023539060312153032,0.0002709677569689783,3,0.0004203797479496402
l_kohakufa_fp16,1000,fp16,65536.0,floor,dk,0.00023628382800617702,0.00278604212738487,1,0.004151370400788123
l_kohakufa_fp16,1000,fp16,65536.0,floor,dq,0.0004845728408081356,0.007721444819047704,1,0.0060785412034048015
l_kohakufa_fp16,1000,fp16,65536.0,floor,dv,0.00011657826153470198,0.0001745985020264958,5,0.0002507055762785849
l_kohakufa_fp16,1000,fp16,65536.0,kohakufa,dk,0.00033679087942562743,0.002920742357624546,1,0.004308610921210174
l_kohakufa_fp16,1000,fp16,65536.0,kohakufa,dq,0.000558423087624489,0.00789885268600304,1,0.006232200359420762
l_kohakufa_fp16,1000,fp16,65536.0,kohakufa,dv,0.00023533787257839456,0.0002709485690925391,3,0.0004203797479496402
l_kohakufa_fp16,1000,fp16,65536.0,scale*dS,dk,0.0002502998970882678,0.0027884130136024226,1,0.00415022218665844
l_kohakufa_fp16,1000,fp16,65536.0,scale*dS,dq,0.0004949627326482012,0.007725313537275947,1,0.00607905689220017
l_kohakufa_fp16,1000,fp16,65536.0,scale*dS,dv,0.00011657826153470198,0.0001745985020264958,5,0.0002507055762785849
l_kohakufa_fp16,1000,fp16,65536.0,scale-shift,dk,0.0002362181702167748,0.002921555560275396,1,0.004324575938954524
l_kohakufa_fp16,1000,fp16,65536.0,scale-shift,dq,0.0004845141871141256,0.00787633277443688,1,0.0060785412034048015
l_kohakufa_fp16,1000,fp16,65536.0,scale-shift,dv,0.00011658868717440538,0.00017459534903606938,5,0.0002507055266171053
l_kohakufa_fp16,1000,fp16,65536.0,single lse,dk,0.00023477597235436668,0.0027860492949441473,1,0.004150926677157854
l_kohakufa_fp16,1000,fp16,65536.0,single lse,dq,0.0004845417182646353,0.007721384104490207,1,0.0060785412034048015
l_kohakufa_fp16,1000,fp16,65536.0,single lse,dv,0.00011659398622051069,0.00017458913101932273,5,0.0002507055762785849
l_kohakufa_fp16,2000,bf16,1.0,all three,dk,0.0022475022400453536,0.014879454237462276,1,0.009462562382967424
l_kohakufa_fp16,2000,bf16,1.0,all three,dq,0.005119170923785028,0.025335703208182077,0,0.05110248517762468
l_kohakufa_fp16,2000,bf16,1.0,all three,dv,0.0009645002160403443,0.0017199437865331858,14,0.0038046365150176007
l_kohakufa_fp16,2000,bf16,1.0,cudnn,dk,0.002765336898402991,0.014595957698950411,1,0.009056874683499036
l_kohakufa_fp16,2000,bf16,1.0,cudnn,dq,0.005389062770672899,0.025349851565576637,0,0.05134558777136634
l_kohakufa_fp16,2000,bf16,1.0,cudnn,dv,0.0019529991882476943,0.002363824635621028,14,0.004618541758770315
l_kohakufa_fp16,2000,bf16,1.0,efficient,dk,0.0030573641776734865,0.013416707473800853,1,0.009056874683499036
l_kohakufa_fp16,2000,bf16,1.0,efficient,dq,0.005425925275734685,0.0237547893071579,0,0.040633424422920526
l_kohakufa_fp16,2000,bf16,1.0,efficient,dv,0.0019529504680329299,0.002363780008865902,14,0.004618541758770315
l_kohakufa_fp16,2000,bf16,1.0,fa4,dk,0.002740610304753339,0.014533437196227423,1,0.009056874683499036
l_kohakufa_fp16,2000,bf16,1.0,fa4,dq,0.0052723518039498535,0.025230852509819907,0,0.05046234651632064
l_kohakufa_fp16,2000,bf16,1.0,fa4,dv,0.001952999804039799,0.0023638026588511493,14,0.004618541758770315
l_kohakufa_fp16,2000,bf16,1.0,flex,dk,0.0027622478086660545,0.015052699304387813,1,0.009056874683499036
l_kohakufa_fp16,2000,bf16,1.0,flex,dq,0.0054106033882477655,0.023425881685421153,0,0.040523019266039816
l_kohakufa_fp16,2000,bf16,1.0,flex,dv,0.0019530232196252096,0.0023638317078938363,14,0.004618541758770315
l_kohakufa_fp16,2000,bf16,1.0,floor,dk,0.002247092724314206,0.015161462998866703,1,0.009114653114345521
l_kohakufa_fp16,2000,bf16,1.0,floor,dq,0.005119540991930223,0.02533835402950638,0,0.05110248517762468
l_kohakufa_fp16,2000,bf16,1.0,floor,dv,0.0009642615275648017,0.0017193407848761979,14,0.0038046365150176007
l_kohakufa_fp16,2000,bf16,1.0,kohakufa,dk,0.0030608288890818327,0.015145385254129156,1,0.009056874683499036
l_kohakufa_fp16,2000,bf16,1.0,kohakufa,dq,0.005427293202666927,0.023771908073242837,0,0.040633424422920526
l_kohakufa_fp16,2000,bf16,1.0,kohakufa,dv,0.0019528060815395072,0.0023638319788331936,14,0.004618541758770315
l_kohakufa_fp16,2000,bf16,1.0,scale*dS,dk,0.002247092724314206,0.015161462998866703,1,0.009114653114345521
l_kohakufa_fp16,2000,bf16,1.0,scale*dS,dq,0.005119540991930223,0.02533835402950638,0,0.05110248517762468
l_kohakufa_fp16,2000,bf16,1.0,scale*dS,dv,0.0009642615275648017,0.0017193407848761979,14,0.0038046365150176007
l_kohakufa_fp16,2000,bf16,1.0,scale-shift,dk,0.0022474923162438295,0.014878843915904778,1,0.009461867337284364
l_kohakufa_fp16,2000,bf16,1.0,scale-shift,dq,0.005119173437096,0.025335650593159075,0,0.05110248517762468
l_kohakufa_fp16,2000,bf16,1.0,scale-shift,dv,0.0009631958898346524,0.0017193402239451,14,0.0038046365150176007
l_kohakufa_fp16,2000,bf16,1.0,single lse,dk,0.002247372615985781,0.015162181770804448,1,0.009114653114345521
l_kohakufa_fp16,2000,bf16,1.0,single lse,dq,0.005119539000945465,0.02533841553486944,0,0.05110248517762468
l_kohakufa_fp16,2000,bf16,1.0,single lse,dv,0.0009637859320616952,0.0017192608155596127,14,0.0038046365150176007
l_kohakufa_fp16,2000,fp16,65536.0,all three,dk,0.00033796089867847603,0.0027019793054251424,1,0.0010413256047257066
l_kohakufa_fp16,2000,fp16,65536.0,all three,dq,0.0008749534391804324,0.004089476111754399,1,0.0013652696734631408
l_kohakufa_fp16,2000,fp16,65536.0,all three,dv,0.00013120809284533294,0.00021536200519384568,14,0.0006220323832749559
l_kohakufa_fp16,2000,fp16,65536.0,cudnn,dk,0.00039039908903425565,0.0029509263201566525,1,0.0012070733580794313
l_kohakufa_fp16,2000,fp16,65536.0,cudnn,dq,0.0008919382312851916,0.00462172078882494,1,0.00171171848636812
l_kohakufa_fp16,2000,fp16,65536.0,cudnn,dv,0.00024434481130090554,0.00029671291468635875,14,0.0005990471744835615
l_kohakufa_fp16,2000,fp16,65536.0,efficient,dk,0.00040216719396352307,0.001739543548994933,1,0.0011016066117504474
l_kohakufa_fp16,2000,fp16,65536.0,efficient,dq,0.0009130169253062356,0.003109148570184423,1,0.001437003128871204
l_kohakufa_fp16,2000,fp16,65536.0,efficient,dv,0.0002442568788554454,0.00029648673649945284,8,0.0005320861226791437
l_kohakufa_fp16,2000,fp16,65536.0,fa4,dk,0.00033313226885247157,0.0029712028875896594,1,0.0012994605376960772
l_kohakufa_fp16,2000,fp16,65536.0,fa4,dq,0.000682084872886987,0.004492268161964705,1,0.0016911691534464912
l_kohakufa_fp16,2000,fp16,65536.0,fa4,dv,0.00024430595705020704,0.00029645832631800787,8,0.0005320861226791437
l_kohakufa_fp16,2000,fp16,65536.0,flex,dk,0.00033704952063971197,0.0018202030497840287,1,0.00122994429344491
l_kohakufa_fp16,2000,fp16,65536.0,flex,dq,0.0006716693087600981,0.0037010916812722163,1,0.00171171848636812
l_kohakufa_fp16,2000,fp16,65536.0,flex,dv,0.00024428392412486645,0.00029845656637596284,14,0.000656487277552151
l_kohakufa_fp16,2000,fp16,65536.0,floor,dk,0.0002651020245835818,0.0015704251986703266,1,0.0009437057920600673
l_kohakufa_fp16,2000,fp16,65536.0,floor,dq,0.0006415507536856885,0.003302120916605605,1,0.0013652696734631408
l_kohakufa_fp16,2000,fp16,65536.0,floor,dv,0.000130395171748246,0.00021524634634220792,14,0.0006220323832749559
l_kohakufa_fp16,2000,fp16,65536.0,kohakufa,dk,0.0003673936380796274,0.0017880591390404463,1,0.0011791439611075186
l_kohakufa_fp16,2000,fp16,65536.0,kohakufa,dq,0.00068799473074659,0.003385796458324934,1,0.0015324107460073378
l_kohakufa_fp16,2000,fp16,65536.0,kohakufa,dv,0.00024428700735381226,0.0002967457232336879,14,0.0005990471744835615
l_kohakufa_fp16,2000,fp16,65536.0,scale*dS,dk,0.00033618909381352143,0.0016105656969597417,1,0.0009555008245072621
l_kohakufa_fp16,2000,fp16,65536.0,scale*dS,dq,0.0008751961196456406,0.003333188299904241,1,0.0013652696734631408
l_kohakufa_fp16,2000,fp16,65536.0,scale*dS,dv,0.000130395171748246,0.00021524634634220792,14,0.0006220323832749559
l_kohakufa_fp16,2000,fp16,65536.0,scale-shift,dk,0.00026965022371175184,0.002690344072376472,1,0.0010362942999665894
l_kohakufa_fp16,2000,fp16,65536.0,scale-shift,dq,0.0006398723991573047,0.004068605314740358,1,0.0013652696734631408
l_kohakufa_fp16,2000,fp16,65536.0,scale-shift,dv,0.00013345677508449038,0.00021532986527667802,14,0.0006220323832749559
l_kohakufa_fp16,2000,fp16,65536.0,single lse,dk,0.00026509717736119404,0.0015692414448807937,1,0.0009413506368499353
l_kohakufa_fp16,2000,fp16,65536.0,single lse,dq,0.0006415664568544868,0.003302088942461089,1,0.0013652696734631408
l_kohakufa_fp16,2000,fp16,65536.0,single lse,dv,0.0001330839165276753,0.00021535981487604133,14,0.0006220323832749559
l_kohakufa_fp16,3000,bf16,1.0,all three,dk,0.0030228146978944826,0.012104467504038992,1,0.010871033694383426
l_kohakufa_fp16,3000,bf16,1.0,all three,dq,0.0057135951631418075,0.038052744050390525,1,0.027123931876971822
l_kohakufa_fp16,3000,bf16,1.0,all three,dv,0.0013247507968553853,0.00216954281171874,14,0.004504243344959221
l_kohakufa_fp16,3000,bf16,1.0,cudnn,dk,0.003496350471562458,0.012014246879687376,1,0.01073608168843029
l_kohakufa_fp16,3000,bf16,1.0,cudnn,dq,0.0058843707426224435,0.032305239235627115,1,0.027188874594058624
l_kohakufa_fp16,3000,bf16,1.0,cudnn,dv,0.002116092906480835,0.002730733182411631,14,0.005522324495449633
l_kohakufa_fp16,3000,bf16,1.0,efficient,dk,0.003623842707822973,0.012171415521157209,1,0.01081089451341925
l_kohakufa_fp16,3000,bf16,1.0,efficient,dq,0.006051796283713481,0.03813442247962899,1,0.027188874594058624
l_kohakufa_fp16,3000,bf16,1.0,efficient,dv,0.002117560709810395,0.0027307690705236564,14,0.005522324495449633
l_kohakufa_fp16,3000,bf16,1.0,fa4,dk,0.0036406229583679306,0.012274613819346207,1,0.010745375207062459
l_kohakufa_fp16,3000,bf16,1.0,fa4,dq,0.006027210746000811,0.03266467832995918,1,0.027188874594058624
l_kohakufa_fp16,3000,bf16,1.0,fa4,dv,0.002117574752616071,0.002730767580498507,14,0.005522324495449633
l_kohakufa_fp16,3000,bf16,1.0,flex,dk,0.0034895617706552137,0.011750314443270083,1,0.010741657799609592
l_kohakufa_fp16,3000,bf16,1.0,flex,dq,0.005933875068536326,0.03243581606847209,1,0.027188874594058624
l_kohakufa_fp16,3000,bf16,1.0,flex,dv,0.0021175751873314095,0.002730767281695407,14,0.005522324495449633
l_kohakufa_fp16,3000,bf16,1.0,floor,dk,0.003022425320382505,0.012795712812644326,1,0.010781275512236638
l_kohakufa_fp16,3000,bf16,1.0,floor,dq,0.005713636293113279,0.038375915317172826,1,0.027123931876971822
l_kohakufa_fp16,3000,bf16,1.0,floor,dv,0.0013247254755905814,0.0021695185271475587,14,0.004504243344959221
l_kohakufa_fp16,3000,bf16,1.0,kohakufa,dk,0.0036206895573838134,0.011980180650772203,1,0.010714706595576301
l_kohakufa_fp16,3000,bf16,1.0,kohakufa,dq,0.006053292899433212,0.03217411789090679,1,0.027188874594058624
l_kohakufa_fp16,3000,bf16,1.0,kohakufa,dv,0.0021175903439969402,0.002730792711773164,14,0.005522324495449633
l_kohakufa_fp16,3000,bf16,1.0,scale*dS,dk,0.003022425320382505,0.012795712812644326,1,0.010781275512236638
l_kohakufa_fp16,3000,bf16,1.0,scale*dS,dq,0.005713636293113279,0.038375915317172826,1,0.027123931876971822
l_kohakufa_fp16,3000,bf16,1.0,scale*dS,dv,0.0013247254755905814,0.0021695185271475587,14,0.004504243344959221
l_kohakufa_fp16,3000,bf16,1.0,scale-shift,dk,0.0030228172433986655,0.012104991565797486,1,0.010871043110237079
l_kohakufa_fp16,3000,bf16,1.0,scale-shift,dq,0.005713591038727771,0.03805289934089782,1,0.027123931876971822
l_kohakufa_fp16,3000,bf16,1.0,scale-shift,dv,0.0013247506130175907,0.0021695703019397683,14,0.004504243344959221
l_kohakufa_fp16,3000,bf16,1.0,single lse,dk,0.0030224113716070798,0.012802982685340478,1,0.01078127484573979
l_kohakufa_fp16,3000,bf16,1.0,single lse,dq,0.005713639429757004,0.038378732275609985,1,0.027123931876971822
l_kohakufa_fp16,3000,bf16,1.0,single lse,dv,0.0013247256315536784,0.0021695051160807175,14,0.004504243344959221
l_kohakufa_fp16,3000,fp16,65536.0,all three,dk,0.000600544973846267,0.0024666714067679047,1,0.0018153107755444586
l_kohakufa_fp16,3000,fp16,65536.0,all three,dq,0.0011661940995179969,0.005674436389474911,1,0.004000549091784043
l_kohakufa_fp16,3000,fp16,65536.0,all three,dv,0.0001649855852964582,0.0002970172238159915,14,0.0004760530682545434
l_kohakufa_fp16,3000,fp16,65536.0,cudnn,dk,0.0006310047215817318,0.002476961891043098,1,0.0017013942687645824
l_kohakufa_fp16,3000,fp16,65536.0,cudnn,dq,0.0011939492126716944,0.006614310407536325,1,0.004284596133936027
l_kohakufa_fp16,3000,fp16,65536.0,cudnn,dv,0.00026247792817720144,0.0003611666678967138,14,0.00047922058469134063
l_kohakufa_fp16,3000,fp16,65536.0,efficient,dk,0.0006511013493544163,0.001545508662080015,1,0.0012129451990744637
l_kohakufa_fp16,3000,fp16,65536.0,efficient,dq,0.0011940460331764447,0.005492011960657855,1,0.0031067716941185902
l_kohakufa_fp16,3000,fp16,65536.0,efficient,dv,0.00026269201742493153,0.0003622323275135239,14,0.00047922058469134063
l_kohakufa_fp16,3000,fp16,65536.0,fa4,dk,0.0005230922186255133,0.002440670798646866,1,0.0017069940304829518
l_kohakufa_fp16,3000,fp16,65536.0,fa4,dq,0.0009695434198604435,0.006475825122647618,1,0.004031458335876658
l_kohakufa_fp16,3000,fp16,65536.0,fa4,dv,0.0002625268409464539,0.00036144580425897686,14,0.00047922058469134063
l_kohakufa_fp16,3000,fp16,65536.0,flex,dk,0.00047994824677763517,0.001422894605553903,1,0.0012129451990744637
l_kohakufa_fp16,3000,fp16,65536.0,flex,dq,0.0009269797922210887,0.005228096507573334,1,0.003243799886826618
l_kohakufa_fp16,3000,fp16,65536.0,flex,dv,0.00026227613185230157,0.00036117868175051333,14,0.00047922058469134063
l_kohakufa_fp16,3000,fp16,65536.0,floor,dk,0.00045313419870032047,0.0014341458645547223,1,0.001194942491209878
l_kohakufa_fp16,3000,fp16,65536.0,floor,dq,0.0009101774651516585,0.005276166324046938,1,0.0032435523351711276
l_kohakufa_fp16,3000,fp16,65536.0,floor,dv,0.00016499748219866745,0.00029686699648265536,14,0.0004759570499940043
l_kohakufa_fp16,3000,fp16,65536.0,kohakufa,dk,0.000491311434488463,0.0015503345518343087,1,0.0012557763270841047
l_kohakufa_fp16,3000,fp16,65536.0,kohakufa,dq,0.0009379559665130549,0.00553347507862433,1,0.003946036222388132
l_kohakufa_fp16,3000,fp16,65536.0,kohakufa,dv,0.00026234164908091323,0.0003625139919876692,14,0.00047922058469134063
l_kohakufa_fp16,3000,fp16,65536.0,scale*dS,dk,0.0006004310054877386,0.0014824056341573688,1,0.0011953954453650885
l_kohakufa_fp16,3000,fp16,65536.0,scale*dS,dq,0.001166094009419525,0.005346954696495909,1,0.003231380052347209
l_kohakufa_fp16,3000,fp16,65536.0,scale*dS,dv,0.00016499748219866745,0.00029686699648265536,14,0.0004759570499940043
l_kohakufa_fp16,3000,fp16,65536.0,scale-shift,dk,0.0004531636924186629,0.002442826278162984,1,0.0018120387793581067
l_kohakufa_fp16,3000,fp16,65536.0,scale-shift,dq,0.0009110026047604011,0.005614977186752476,1,0.003999701890932429
l_kohakufa_fp16,3000,fp16,65536.0,scale-shift,dv,0.00016507009406346745,0.00029703554202546554,14,0.0004760530682545434
l_kohakufa_fp16,3000,fp16,65536.0,single lse,dk,0.00045316301504977796,0.0014336933427894823,1,0.0011942680407424962
l_kohakufa_fp16,3000,fp16,65536.0,single lse,dq,0.0009101523825766582,0.005279218778948913,1,0.0032435523351711276
l_kohakufa_fp16,3000,fp16,65536.0,single lse,dv,0.00016497771878792479,0.0002969894088448869,14,0.0004760530682545434
l_kohakufa_fp16,4000,bf16,1.0,all three,dk,0.0040237082843753115,0.009800308904266272,9,0.012565509428481244
l_kohakufa_fp16,4000,bf16,1.0,all three,dq,0.006302312423066918,0.018184383369690825,1,0.01262205481277147
l_kohakufa_fp16,4000,bf16,1.0,all three,dv,0.0013921146606447666,0.0021659846325302367,14,0.004568988564458428
l_kohakufa_fp16,4000,bf16,1.0,cudnn,dk,0.004315214988754,0.009945208894213062,9,0.012666194784980838
l_kohakufa_fp16,4000,bf16,1.0,cudnn,dq,0.006565607110556343,0.018062708914768272,1,0.012663283937693198
l_kohakufa_fp16,4000,bf16,1.0,cudnn,dv,0.0021577743834916446,0.002710094838534113,14,0.0046377830983994695
l_kohakufa_fp16,4000,bf16,1.0,efficient,dk,0.0043844636296928195,0.010041936598994005,9,0.012666194784980838
l_kohakufa_fp16,4000,bf16,1.0,efficient,dq,0.006558947109394385,0.018333334304578647,1,0.012663283937693198
l_kohakufa_fp16,4000,bf16,1.0,efficient,dv,0.0021574878147047364,0.0027101573457944824,14,0.0046377830983994695
l_kohakufa_fp16,4000,bf16,1.0,fa4,dk,0.004296750845464541,0.012682600110784127,12,0.03172345244685251
l_kohakufa_fp16,4000,bf16,1.0,fa4,dq,0.0069570935078997,0.01840465896775273,1,0.012663283937693198
l_kohakufa_fp16,4000,bf16,1.0,fa4,dv,0.0021574795781772456,0.0027101018738513206,14,0.0046377830983994695
l_kohakufa_fp16,4000,bf16,1.0,flex,dk,0.00428462572467373,0.009928582150513829,9,0.012666194784980838
l_kohakufa_fp16,4000,bf16,1.0,flex,dq,0.006555276236194588,0.018301092460694154,1,0.012663283937693198
l_kohakufa_fp16,4000,bf16,1.0,flex,dv,0.0021575331579764094,0.0027105834560234464,14,0.0046377830983994695
l_kohakufa_fp16,4000,bf16,1.0,floor,dk,0.004030343141966729,0.009799916305943837,9,0.012565509428481244
l_kohakufa_fp16,4000,bf16,1.0,floor,dq,0.0063018796669172565,0.018203217463647194,1,0.01262205481277147
l_kohakufa_fp16,4000,bf16,1.0,floor,dv,0.0013921162795182635,0.00216601531197886,14,0.004568988564458428
l_kohakufa_fp16,4000,bf16,1.0,kohakufa,dk,0.004381403610931722,0.01003959446652591,9,0.012666194784980838
l_kohakufa_fp16,4000,bf16,1.0,kohakufa,dq,0.0065589751065167545,0.018277020995162874,1,0.012663283937693198
l_kohakufa_fp16,4000,bf16,1.0,kohakufa,dv,0.0021574697377100198,0.0027101090391665134,14,0.0046377830983994695
l_kohakufa_fp16,4000,bf16,1.0,scale*dS,dk,0.004030343141966729,0.009799916305943837,9,0.012565509428481244
l_kohakufa_fp16,4000,bf16,1.0,scale*dS,dq,0.0063018796669172565,0.018203217463647194,1,0.01262205481277147
l_kohakufa_fp16,4000,bf16,1.0,scale*dS,dv,0.0013921162795182635,0.00216601531197886,14,0.004568988564458428
l_kohakufa_fp16,4000,bf16,1.0,scale-shift,dk,0.004023820892665512,0.009800307453459582,9,0.012565509428481244
l_kohakufa_fp16,4000,bf16,1.0,scale-shift,dq,0.006302303757150844,0.018184399069480335,1,0.01262205481277147
l_kohakufa_fp16,4000,bf16,1.0,scale-shift,dv,0.00139211622088261,0.002166016047385226,14,0.004568988564458428
l_kohakufa_fp16,4000,bf16,1.0,single lse,dk,0.004030402479564836,0.00979991837610176,9,0.012565509428481244
l_kohakufa_fp16,4000,bf16,1.0,single lse,dq,0.006301881399156049,0.018202648229110028,1,0.01262205481277147
l_kohakufa_fp16,4000,bf16,1.0,single lse,dv,0.0013921162555562273,0.0021659827652061744,14,0.004568988564458428
l_kohakufa_fp16,4000,fp16,65536.0,all three,dk,0.001044807801811814,0.0024666941547009835,5,0.00032931051569796483
l_kohakufa_fp16,4000,fp16,65536.0,all three,dq,0.0016956551801583942,0.0036848526947504197,5,0.0010963513813692864
l_kohakufa_fp16,4000,fp16,65536.0,all three,dv,0.0001668985134622209,0.00029587102942151006,16,0.0006130818903393716
l_kohakufa_fp16,4000,fp16,65536.0,cudnn,dk,0.0010634553642395344,0.0024754811514389194,5,0.00032975823926604706
l_kohakufa_fp16,4000,fp16,65536.0,cudnn,dq,0.001729792861039892,0.0036834035189516998,5,0.0010427998872394534
l_kohakufa_fp16,4000,fp16,65536.0,cudnn,dv,0.00026598500456009915,0.00036046299252321556,16,0.0008444103961727631
l_kohakufa_fp16,4000,fp16,65536.0,efficient,dk,0.001068711389035121,0.002484161717257641,5,0.0006198383376450258
l_kohakufa_fp16,4000,fp16,65536.0,efficient,dq,0.0016936845586427536,0.003691280248491793,5,0.0010427998872394534
l_kohakufa_fp16,4000,fp16,65536.0,efficient,dv,0.0002659472244585024,0.000360847115293188,16,0.0008444103961727631
l_kohakufa_fp16,4000,fp16,65536.0,fa4,dk,0.0006746805292886168,0.0014892323400318478,1,0.0009562709055902454
l_kohakufa_fp16,4000,fp16,65536.0,fa4,dq,0.0010792426361753559,0.0026609718424996025,1,0.00111225199594802
l_kohakufa_fp16,4000,fp16,65536.0,fa4,dv,0.0002659244236430888,0.0003609793219302317,16,0.0008444103961727631
l_kohakufa_fp16,4000,fp16,65536.0,flex,dk,0.0006745781707341295,0.0013202493478696531,6,0.0027022335529167706
l_kohakufa_fp16,4000,fp16,65536.0,flex,dq,0.0010414601244114355,0.0027139722238351885,6,0.006226167598642507
l_kohakufa_fp16,4000,fp16,65536.0,flex,dv,0.00026601399648372724,0.000360943499832168,16,0.0008444103961727631
l_kohakufa_fp16,4000,fp16,65536.0,floor,dk,0.0006432910420948813,0.0013058098078244837,6,0.0027239894428737277
l_kohakufa_fp16,4000,fp16,65536.0,floor,dq,0.0009877255245152826,0.002702692401659214,6,0.006209115290189157
l_kohakufa_fp16,4000,fp16,65536.0,floor,dv,0.0001668987706398525,0.00029591509494718586,16,0.0006130818903393716
l_kohakufa_fp16,4000,fp16,65536.0,kohakufa,dk,0.0007066738907123066,0.0013280789261440155,6,0.0027022335529167706
l_kohakufa_fp16,4000,fp16,65536.0,kohakufa,dq,0.001076720492395832,0.0026637144433306627,6,0.005964276109974908
l_kohakufa_fp16,4000,fp16,65536.0,kohakufa,dv,0.00026601297452024015,0.00036094232204333677,16,0.0008444103961727631
l_kohakufa_fp16,4000,fp16,65536.0,scale*dS,dk,0.0010449875536160727,0.002466676474945515,5,0.00032931051569796483
l_kohakufa_fp16,4000,fp16,65536.0,scale*dS,dq,0.0016637839012370406,0.0036848319741354402,5,0.0010963513813692864
l_kohakufa_fp16,4000,fp16,65536.0,scale*dS,dv,0.0001668987706398525,0.00029591509494718586,16,0.0006130818903393716
l_kohakufa_fp16,4000,fp16,65536.0,scale-shift,dk,0.0006435839892658294,0.0014882424350651053,1,0.0010213903971234945
l_kohakufa_fp16,4000,fp16,65536.0,scale-shift,dq,0.0009873155782490158,0.002704815310802755,6,0.006209115290189157
l_kohakufa_fp16,4000,fp16,65536.0,scale-shift,dv,0.0001669002187305882,0.0002958620195703667,16,0.0006130818903393716
l_kohakufa_fp16,4000,fp16,65536.0,single lse,dk,0.0006432887717736825,0.0013058081535534368,6,0.0027239894428737277
l_kohakufa_fp16,4000,fp16,65536.0,single lse,dq,0.000987747687726266,0.0027026486199289985,6,0.006209115290189157
l_kohakufa_fp16,4000,fp16,65536.0,single lse,dv,0.0001668335754112406,0.0002958754816766445,16,0.0006130818903393716
l_kohakufa_fp16,5000,bf16,1.0,all three,dk,0.004557804112878633,0.014139300670924136,10,0.01773679665568313
l_kohakufa_fp16,5000,bf16,1.0,all three,dq,0.006244035015242382,0.0347792667035107,1,0.026381250630547488
l_kohakufa_fp16,5000,bf16,1.0,all three,dv,0.0014314885386821144,0.0024686911001767704,16,0.0030612713597510696
l_kohakufa_fp16,5000,bf16,1.0,cudnn,dk,0.004850231340281065,0.014257914614885318,10,0.017748370485173876
l_kohakufa_fp16,5000,bf16,1.0,cudnn,dq,0.006430307595808696,0.03520969924718656,1,0.02640535035484844
l_kohakufa_fp16,5000,bf16,1.0,cudnn,dv,0.002185403625983849,0.003056000767055121,16,0.004221918211736534
l_kohakufa_fp16,5000,bf16,1.0,efficient,dk,0.004889974482298586,0.014626127996076994,10,0.017748370485173876
l_kohakufa_fp16,5000,bf16,1.0,efficient,dq,0.006526675313601971,0.028950067437254565,1,0.019275817070411677
l_kohakufa_fp16,5000,bf16,1.0,efficient,dv,0.0021831437322839898,0.0030558095097603746,16,0.004221918211736534
l_kohakufa_fp16,5000,bf16,1.0,fa4,dk,0.005132678990155633,0.01807756357067216,2,0.047355429573594905
l_kohakufa_fp16,5000,bf16,1.0,fa4,dq,0.0072353578211017625,0.035189898564807066,1,0.02640535035484844
l_kohakufa_fp16,5000,bf16,1.0,fa4,dv,0.0021835364693705878,0.003055812767922445,16,0.004221918211736534
l_kohakufa_fp16,5000,bf16,1.0,flex,dk,0.004764516246285645,0.014251546756506146,10,0.017748370485173876
l_kohakufa_fp16,5000,bf16,1.0,flex,dq,0.006429884421561321,0.03481667552276337,1,0.02640535035484844
l_kohakufa_fp16,5000,bf16,1.0,flex,dv,0.0021831150917674402,0.003055837578886409,16,0.004221918211736534
l_kohakufa_fp16,5000,bf16,1.0,floor,dk,0.004557201653324406,0.014139097042392424,10,0.01773679665568313
l_kohakufa_fp16,5000,bf16,1.0,floor,dq,0.006243843654326537,0.03480533327419792,1,0.026381250630547488
l_kohakufa_fp16,5000,bf16,1.0,floor,dv,0.0014314885463834314,0.0024686911472108245,16,0.0030612713597510696
l_kohakufa_fp16,5000,bf16,1.0,kohakufa,dk,0.004887894682686084,0.014625944115481003,10,0.017748370485173876
l_kohakufa_fp16,5000,bf16,1.0,kohakufa,dq,0.006526493137253792,0.03490073593257776,1,0.02640535035484844
l_kohakufa_fp16,5000,bf16,1.0,kohakufa,dv,0.002183539682035323,0.003055821840606903,16,0.004221918211736534
l_kohakufa_fp16,5000,bf16,1.0,scale*dS,dk,0.004557201653324406,0.014139097042392424,10,0.01773679665568313
l_kohakufa_fp16,5000,bf16,1.0,scale*dS,dq,0.006243843654326537,0.03480533327419792,1,0.026381250630547488
l_kohakufa_fp16,5000,bf16,1.0,scale*dS,dv,0.0014314885463834314,0.0024686911472108245,16,0.0030612713597510696
l_kohakufa_fp16,5000,bf16,1.0,scale-shift,dk,0.004557879080807312,0.01413930035407111,10,0.01773679665568313
l_kohakufa_fp16,5000,bf16,1.0,scale-shift,dq,0.0062442665584819665,0.03478961476506158,1,0.026381250630547488
l_kohakufa_fp16,5000,bf16,1.0,scale-shift,dv,0.0014314871493906686,0.0024686892890149223,16,0.0030612713597510696
l_kohakufa_fp16,5000,bf16,1.0,single lse,dk,0.004557127051968803,0.01413909801498628,10,0.01773679665568313
l_kohakufa_fp16,5000,bf16,1.0,single lse,dq,0.006243926076161052,0.03480539254198892,1,0.026381250630547488
l_kohakufa_fp16,5000,bf16,1.0,single lse,dv,0.0014314874546846861,0.0024686911726611803,16,0.0030612713597510696
l_kohakufa_fp16,5000,fp16,65536.0,all three,dk,0.0011159487798274768,0.0028330107582567434,1,0.0020668024364890155
l_kohakufa_fp16,5000,fp16,65536.0,all three,dq,0.0018626985773513105,0.005338954193182969,1,0.0022238271230777262
l_kohakufa_fp16,5000,fp16,65536.0,all three,dv,0.00018176215943616292,0.00036796864326318153,16,0.00037092780572589844
l_kohakufa_fp16,5000,fp16,65536.0,cudnn,dk,0.0011360344126053721,0.0025000894930137718,1,0.0012582406185301202
l_kohakufa_fp16,5000,fp16,65536.0,cudnn,dq,0.0018713212351588906,0.005127317738340355,1,0.0020986078660013415
l_kohakufa_fp16,5000,fp16,65536.0,cudnn,dv,0.0002780968739589064,0.0004199033773034421,16,0.0003992609091096741
l_kohakufa_fp16,5000,fp16,65536.0,efficient,dk,0.0011481401590165573,0.002208948105682125,3,0.0010323362274424197
l_kohakufa_fp16,5000,fp16,65536.0,efficient,dq,0.0018555880418976202,0.004216031799904137,1,0.0022330453991774852
l_kohakufa_fp16,5000,fp16,65536.0,efficient,dv,0.000278055426487902,0.00042005255731698566,16,0.0003992609091096741
l_kohakufa_fp16,5000,fp16,65536.0,fa4,dk,0.000661123544116789,0.002460208443464264,1,0.0012328424661973817
l_kohakufa_fp16,5000,fp16,65536.0,fa4,dq,0.0009869838896859632,0.0050678658886088475,1,0.0020830531100966636
l_kohakufa_fp16,5000,fp16,65536.0,fa4,dv,0.0002780750731174344,0.0004203627620710298,16,0.0003992609091096741
l_kohakufa_fp16,5000,fp16,65536.0,flex,dk,0.0007022963119926468,0.0018785065097606224,1,0.0011210621868645127
l_kohakufa_fp16,5000,fp16,65536.0,flex,dq,0.0010066721333776266,0.0041023996574309,1,0.0022141574812932336
l_kohakufa_fp16,5000,fp16,65536.0,flex,dv,0.0002780712626637577,0.00042032639799014545,16,0.0003992609091096741
l_kohakufa_fp16,5000,fp16,65536.0,floor,dk,0.0006671970073632773,0.0018922573149072342,1,0.0012018016916688226
l_kohakufa_fp16,5000,fp16,65536.0,floor,dq,0.0009815919843107579,0.004042890657962931,1,0.0022469427967085303
l_kohakufa_fp16,5000,fp16,65536.0,floor,dv,0.00018165790508116548,0.00036787546597693785,16,0.00037092780572589844
l_kohakufa_fp16,5000,fp16,65536.0,kohakufa,dk,0.0007185898491542533,0.001874180666463974,1,0.0011500886466733566
l_kohakufa_fp16,5000,fp16,65536.0,kohakufa,dq,0.0010144691998746644,0.004139120688949189,1,0.002247489101088972
l_kohakufa_fp16,5000,fp16,65536.0,kohakufa,dv,0.00027800655594704103,0.0004204595031102517,16,0.0003992609091096741
l_kohakufa_fp16,5000,fp16,65536.0,scale*dS,dk,0.0011159677975860263,0.0021741492430395596,3,0.00036900810096893096
l_kohakufa_fp16,5000,fp16,65536.0,scale*dS,dq,0.0018628614549707312,0.004158156122415037,1,0.0022526277258074815
l_kohakufa_fp16,5000,fp16,65536.0,scale*dS,dv,0.00018165790508116548,0.00036787546597693785,16,0.00037092780572589844
l_kohakufa_fp16,5000,fp16,65536.0,scale-shift,dk,0.0006670157963513002,0.002789575298599301,1,0.0020602415907261147
l_kohakufa_fp16,5000,fp16,65536.0,scale-shift,dq,0.0009821695725957774,0.0052559182872443525,1,0.002215770354106592
l_kohakufa_fp16,5000,fp16,65536.0,scale-shift,dv,0.00018177611841908495,0.00036802284871174256,16,0.00037092780572589844
l_kohakufa_fp16,5000,fp16,65536.0,single lse,dk,0.0006671948121017042,0.0018922551380840663,1,0.001202332537791037
l_kohakufa_fp16,5000,fp16,65536.0,single lse,dq,0.000981680204274278,0.004043448981631441,1,0.0022469427967085303
l_kohakufa_fp16,5000,fp16,65536.0,single lse,dv,0.00018180347627546597,0.0003680360219496098,16,0.00037092780572589844
l_kohakufa_fp16,6000,bf16,1.0,all three,dk,0.006094277794975329,0.014489566745540963,8,0.024500349251624597
l_kohakufa_fp16,6000,bf16,1.0,all three,dq,0.008151831567727532,0.02624770391362427,1,0.0194471591963992
l_kohakufa_fp16,6000,bf16,1.0,all three,dv,0.001688885208271694,0.003862446842874064,14,0.010459065923831633
l_kohakufa_fp16,6000,bf16,1.0,cudnn,dk,0.006314148003478278,0.014486529814402318,8,0.02452717826642871
l_kohakufa_fp16,6000,bf16,1.0,cudnn,dq,0.008290445122063304,0.028398781003619727,1,0.019621048205524683
l_kohakufa_fp16,6000,bf16,1.0,cudnn,dv,0.0024150036748415526,0.004178670070823733,14,0.010739660953604879
l_kohakufa_fp16,6000,bf16,1.0,efficient,dk,0.006715270755446288,0.01476467809772615,8,0.024356972827069688
l_kohakufa_fp16,6000,bf16,1.0,efficient,dq,0.008397222676389045,0.02811217408486782,1,0.019621048205524683
l_kohakufa_fp16,6000,bf16,1.0,efficient,dv,0.002415085952182003,0.004180923781088258,14,0.010739660953604879
l_kohakufa_fp16,6000,bf16,1.0,fa4,dk,0.006192819381128404,0.022324996626874646,2,0.0426277824702695
l_kohakufa_fp16,6000,bf16,1.0,fa4,dq,0.00930636305281408,0.02873485160801978,1,0.019621048205524683
l_kohakufa_fp16,6000,bf16,1.0,fa4,dv,0.0024149837087802523,0.004178736607574382,14,0.010739660953604879
l_kohakufa_fp16,6000,bf16,1.0,flex,dk,0.006327355267043629,0.014511509854075804,8,0.02452717826642871
l_kohakufa_fp16,6000,bf16,1.0,flex,dq,0.008284527487744428,0.02664544828498493,1,0.019621048205524683
l_kohakufa_fp16,6000,bf16,1.0,flex,dv,0.0024149949267665183,0.004180749730057797,14,0.010739660953604879
l_kohakufa_fp16,6000,bf16,1.0,floor,dk,0.006093228645509845,0.014401578224928333,8,0.024500349251624597
l_kohakufa_fp16,6000,bf16,1.0,floor,dq,0.008094641897671383,0.028481626357040497,1,0.0194471591963992
l_kohakufa_fp16,6000,bf16,1.0,floor,dv,0.0016888835681382972,0.0038624446006547365,14,0.010459065923831633
l_kohakufa_fp16,6000,bf16,1.0,kohakufa,dk,0.006717160620332493,0.014763984713200031,8,0.024356972827069688
l_kohakufa_fp16,6000,bf16,1.0,kohakufa,dq,0.008395972730603413,0.026523824272955365,1,0.019621048205524683
l_kohakufa_fp16,6000,bf16,1.0,kohakufa,dv,0.0024150883287940537,0.004180922707991369,14,0.010739660953604879
l_kohakufa_fp16,6000,bf16,1.0,scale*dS,dk,0.006093228645509845,0.014401578224928333,8,0.024500349251624597
l_kohakufa_fp16,6000,bf16,1.0,scale*dS,dq,0.008094641897671383,0.028481626357040497,1,0.0194471591963992
l_kohakufa_fp16,6000,bf16,1.0,scale*dS,dv,0.0016888835681382972,0.0038624446006547365,14,0.010459065923831633
l_kohakufa_fp16,6000,bf16,1.0,scale-shift,dk,0.00609428027996914,0.014489566412856467,8,0.024500349251624597
l_kohakufa_fp16,6000,bf16,1.0,scale-shift,dq,0.008151835362318774,0.026246556916787248,1,0.0194471591963992
l_kohakufa_fp16,6000,bf16,1.0,scale-shift,dv,0.0016889122239873832,0.0038624444582032492,14,0.010459065923831633
l_kohakufa_fp16,6000,bf16,1.0,single lse,dk,0.0060932153974909194,0.0144015788377395,8,0.024500349251624597
l_kohakufa_fp16,6000,bf16,1.0,single lse,dq,0.008094638168885249,0.02848162030593098,1,0.0194471591963992
l_kohakufa_fp16,6000,bf16,1.0,single lse,dv,0.0016888851223531404,0.0038624471578336543,14,0.010459065923831633
l_kohakufa_fp16,6000,fp16,65536.0,all three,dk,0.0014515017840562772,0.0030386375941639544,5,0.0006439232525769767
l_kohakufa_fp16,6000,fp16,65536.0,all three,dq,0.0017291622408755248,0.003243190836558901,1,0.001186078115903724
l_kohakufa_fp16,6000,fp16,65536.0,all three,dv,0.00021581000112974092,0.0005393012432542514,14,0.0014964721087525005
l_kohakufa_fp16,6000,fp16,65536.0,cudnn,dk,0.0014727524004157916,0.0030475543700305818,5,0.0006434361103273743
l_kohakufa_fp16,6000,fp16,65536.0,cudnn,dq,0.0017541502940278133,0.0038647068720997933,1,0.0012913783764533812
l_kohakufa_fp16,6000,fp16,65536.0,cudnn,dv,0.0003013504566802289,0.0005709247742914249,14,0.0015364583785431915
l_kohakufa_fp16,6000,fp16,65536.0,efficient,dk,0.0015129229854544464,0.0030533122279522797,5,0.0006434361103273743
l_kohakufa_fp16,6000,fp16,65536.0,efficient,dq,0.0017697757253420307,0.003231887530411578,12,0.0036149438161180557
l_kohakufa_fp16,6000,fp16,65536.0,efficient,dv,0.00030070460316979503,0.0005770237031945878,14,0.0015364583785431915
l_kohakufa_fp16,6000,fp16,65536.0,fa4,dk,0.0011330160676771188,0.003024868163834771,2,0.004727876496648978
l_kohakufa_fp16,6000,fp16,65536.0,fa4,dq,0.0012501197259015204,0.003823242288756514,1,0.001604579324758242
l_kohakufa_fp16,6000,fp16,65536.0,fa4,dv,0.0003006926796206036,0.0005710025769861324,14,0.0015364583785431915
l_kohakufa_fp16,6000,fp16,65536.0,flex,dk,0.0010237644502655075,0.0023793695188497094,12,0.002940980887689507
l_kohakufa_fp16,6000,fp16,65536.0,flex,dq,0.001138209062801977,0.003134797335995702,12,0.003602989669120761
l_kohakufa_fp16,6000,fp16,65536.0,flex,dv,0.00030158184728009855,0.0005706187152485914,14,0.0015364583785431915
l_kohakufa_fp16,6000,fp16,65536.0,floor,dk,0.0009809960386012128,0.00236859731554882,12,0.002940702361912733
l_kohakufa_fp16,6000,fp16,65536.0,floor,dq,0.001140604862853903,0.0031246485455342413,12,0.0036092639424816866
l_kohakufa_fp16,6000,fp16,65536.0,floor,dv,0.00021579227005243899,0.000539695449576467,14,0.0014964721087525005
l_kohakufa_fp16,6000,fp16,65536.0,kohakufa,dk,0.0010416185891455763,0.002392294549485654,12,0.002940980887689507
l_kohakufa_fp16,6000,fp16,65536.0,kohakufa,dq,0.0011474981026435285,0.0031287965542868765,12,0.003618928531783821
l_kohakufa_fp16,6000,fp16,65536.0,kohakufa,dv,0.0003006977149329701,0.0005708247092676421,14,0.0015364583785431915
l_kohakufa_fp16,6000,fp16,65536.0,scale*dS,dk,0.0014508940452889346,0.003038499851028536,5,0.0006439232525769767
l_kohakufa_fp16,6000,fp16,65536.0,scale*dS,dq,0.0017269191135122878,0.003223858906934124,12,0.0035985448044047255
l_kohakufa_fp16,6000,fp16,65536.0,scale*dS,dv,0.00021579227005243899,0.000539695449576467,14,0.0014964721087525005
l_kohakufa_fp16,6000,fp16,65536.0,scale-shift,dk,0.0009810240107265581,0.0023618357401651194,12,0.002940702361912733
l_kohakufa_fp16,6000,fp16,65536.0,scale-shift,dq,0.0011405733386854243,0.0031565820775482202,1,0.0011887725939737693
l_kohakufa_fp16,6000,fp16,65536.0,scale-shift,dv,0.00021569992176620188,0.0005395705847560625,14,0.0014964721087525005
l_kohakufa_fp16,6000,fp16,65536.0,single lse,dk,0.0009800763439259967,0.0023685988017455232,12,0.002940702361912733
l_kohakufa_fp16,6000,fp16,65536.0,single lse,dq,0.0011406305032006037,0.0031248006607430363,12,0.0036092639424816866
l_kohakufa_fp16,6000,fp16,65536.0,single lse,dv,0.0002158589554433635,0.0005328664845307466,14,0.0014964721087525005
l_kohakufa_fp16,7000,bf16,1.0,all three,dk,0.010520094480502012,0.0241277500236931,14,0.04877681510643921
l_kohakufa_fp16,7000,bf16,1.0,all three,dq,0.011899463097690674,0.0340491828775704,1,0.020531602527017006
l_kohakufa_fp16,7000,bf16,1.0,all three,dv,0.0020181566015649395,0.004216451809298078,9,0.006216834617026793
l_kohakufa_fp16,7000,bf16,1.0,cudnn,dk,0.010650541103422027,0.024235115499918625,14,0.04875609974722205
l_kohakufa_fp16,7000,bf16,1.0,cudnn,dq,0.0119802219163366,0.034371301812299464,1,0.02047460433184955
l_kohakufa_fp16,7000,bf16,1.0,cudnn,dv,0.0025718185097419973,0.004529810773991066,14,0.010263576521229485
l_kohakufa_fp16,7000,bf16,1.0,efficient,dk,0.010841069160139896,0.024241676461347852,14,0.04875609974722205
l_kohakufa_fp16,7000,bf16,1.0,efficient,dq,0.011944196112916913,0.03490572479645669,1,0.021713912914661633
l_kohakufa_fp16,7000,bf16,1.0,efficient,dv,0.002572411644341011,0.004529808383966517,14,0.010263576521229485
l_kohakufa_fp16,7000,bf16,1.0,fa4,dk,0.01048429827512265,0.024197442317039474,14,0.04875609974722205
l_kohakufa_fp16,7000,bf16,1.0,fa4,dq,0.012187624019042314,0.0342608972024233,1,0.02047460433184955
l_kohakufa_fp16,7000,bf16,1.0,fa4,dv,0.002571784872595744,0.004529780799546377,14,0.010263576521229485
l_kohakufa_fp16,7000,bf16,1.0,flex,dk,0.0106436248374416,0.024242694422089546,14,0.04875609974722205
l_kohakufa_fp16,7000,bf16,1.0,flex,dq,0.011969451560924807,0.03418489207487224,1,0.02047460433184955
l_kohakufa_fp16,7000,bf16,1.0,flex,dv,0.0025717123267559147,0.004529910273356964,14,0.010263576521229485
l_kohakufa_fp16,7000,bf16,1.0,floor,dk,0.010520343216086721,0.024128787620618194,14,0.04877958541475939
l_kohakufa_fp16,7000,bf16,1.0,floor,dq,0.011899494039093815,0.03410984524655166,1,0.020531602527017006
l_kohakufa_fp16,7000,bf16,1.0,floor,dv,0.0020181731723590917,0.004216451668833137,9,0.006216834617026793
l_kohakufa_fp16,7000,bf16,1.0,kohakufa,dk,0.010837805108568025,0.024244403537945502,14,0.04875609974722205
l_kohakufa_fp16,7000,bf16,1.0,kohakufa,dq,0.01194413212795064,0.03432452021521605,1,0.02047460433184955
l_kohakufa_fp16,7000,bf16,1.0,kohakufa,dv,0.0025724173514540655,0.004529775732128642,14,0.010263576521229485
l_kohakufa_fp16,7000,bf16,1.0,scale*dS,dk,0.010520343216086721,0.024128787620618194,14,0.04877958541475939
l_kohakufa_fp16,7000,bf16,1.0,scale*dS,dq,0.011899494039093815,0.03410984524655166,1,0.020531602527017006
l_kohakufa_fp16,7000,bf16,1.0,scale*dS,dv,0.0020181731723590917,0.004216451668833137,9,0.006216834617026793
l_kohakufa_fp16,7000,bf16,1.0,scale-shift,dk,0.010520096706552571,0.02412776065419701,14,0.04877681510643921
l_kohakufa_fp16,7000,bf16,1.0,scale-shift,dq,0.011899464855829394,0.03404912059821461,1,0.020531602527017006
l_kohakufa_fp16,7000,bf16,1.0,scale-shift,dv,0.002018164322421367,0.004216451672678296,9,0.006216834617026793
l_kohakufa_fp16,7000,bf16,1.0,single lse,dk,0.010520355646054663,0.02412877081247135,14,0.04877958541475939
l_kohakufa_fp16,7000,bf16,1.0,single lse,dq,0.011899491410150302,0.034109855713987704,1,0.020531602527017006
l_kohakufa_fp16,7000,bf16,1.0,single lse,dv,0.002018612116294505,0.004216478351647374,9,0.006216834617026793
l_kohakufa_fp16,7000,fp16,65536.0,all three,dk,0.002052965278309002,0.005098790314224113,5,0.0011090372840659435
l_kohakufa_fp16,7000,fp16,65536.0,all three,dq,0.002156407077482272,0.009462279088701838,1,0.004295052265592539
l_kohakufa_fp16,7000,fp16,65536.0,all three,dv,0.00023523062622192692,0.0005403201849624796,9,0.0007856527370692376
l_kohakufa_fp16,7000,fp16,65536.0,cudnn,dk,0.0020479254437238267,0.005105780521311569,5,0.001107614331416362
l_kohakufa_fp16,7000,fp16,65536.0,cudnn,dq,0.0021671674060606046,0.010765614493826516,1,0.005996745880949034
l_kohakufa_fp16,7000,fp16,65536.0,cudnn,dv,0.0003204722891744065,0.0005813601935004718,9,0.0008299637458066303
l_kohakufa_fp16,7000,fp16,65536.0,efficient,dk,0.001941074781571781,0.005107166875830489,5,0.001107614331416362
l_kohakufa_fp16,7000,fp16,65536.0,efficient,dq,0.0021801869102990898,0.00921830758756909,1,0.00572771111775958
l_kohakufa_fp16,7000,fp16,65536.0,efficient,dv,0.00032056769214521344,0.0005812771533103598,9,0.0008299637458066303
l_kohakufa_fp16,7000,fp16,65536.0,fa4,dk,0.0012051395304502007,0.00245982846436295,12,0.005431309395847692
l_kohakufa_fp16,7000,fp16,65536.0,fa4,dq,0.001331845657765069,0.010707272889700874,1,0.006008443044565966
l_kohakufa_fp16,7000,fp16,65536.0,fa4,dv,0.0003213449448058046,0.0005810926035619316,9,0.0008299637458066303
l_kohakufa_fp16,7000,fp16,65536.0,flex,dk,0.0011835979211644704,0.002483269565621316,12,0.005431309395847692
l_kohakufa_fp16,7000,fp16,65536.0,flex,dq,0.0013219741992511458,0.00906529132409731,1,0.0057355092268375355
l_kohakufa_fp16,7000,fp16,65536.0,flex,dv,0.0003215220006939007,0.0005810493162824632,9,0.0008299637458066303
l_kohakufa_fp16,7000,fp16,65536.0,floor,dk,0.0011596458585365409,0.002416222012905353,12,0.005439720401290416
l_kohakufa_fp16,7000,fp16,65536.0,floor,dq,0.0013136279638498597,0.009102813592252939,1,0.005726736354124836
l_kohakufa_fp16,7000,fp16,65536.0,floor,dv,0.00023330403922366936,0.0005401344578607897,9,0.0007856527370692376
l_kohakufa_fp16,7000,fp16,65536.0,kohakufa,dk,0.0011985641134829178,0.0025268497366714893,12,0.005478931309687379
l_kohakufa_fp16,7000,fp16,65536.0,kohakufa,dq,0.001337579536995409,0.009150725513431003,1,0.00572771111775958
l_kohakufa_fp16,7000,fp16,65536.0,kohakufa,dv,0.0003208355267794176,0.0005810082707116539,9,0.0008299637458066303
l_kohakufa_fp16,7000,fp16,65536.0,scale*dS,dk,0.0020435177300210123,0.005098501554598911,5,0.0011090372840659435
l_kohakufa_fp16,7000,fp16,65536.0,scale*dS,dq,0.0022160466494558187,0.009133376339874667,1,0.005726736354124836
l_kohakufa_fp16,7000,fp16,65536.0,scale*dS,dv,0.00023330403922366936,0.0005401344578607897,9,0.0007856527370692376
l_kohakufa_fp16,7000,fp16,65536.0,scale-shift,dk,0.0011702618392611392,0.0032065461547307033,1,0.0016396778587728143
l_kohakufa_fp16,7000,fp16,65536.0,scale-shift,dq,0.0012829449498607207,0.00943675673057611,1,0.004308474303922515
l_kohakufa_fp16,7000,fp16,65536.0,scale-shift,dv,0.00023329540411767057,0.0005401481424446614,9,0.0007856527370692376
l_kohakufa_fp16,7000,fp16,65536.0,single lse,dk,0.0011595992590244875,0.002416220745529161,12,0.005439720401290416
l_kohakufa_fp16,7000,fp16,65536.0,single lse,dq,0.001313627206513328,0.009103037144365977,1,0.005726736354124836
l_kohakufa_fp16,7000,fp16,65536.0,single lse,dv,0.00023330176455834583,0.000540320612171938,9,0.0007856527370692376
l_kohakufa_fp16,8000,bf16,1.0,all three,dk,0.011009920498660805,0.0343319254057793,9,0.05952004358005633
l_kohakufa_fp16,8000,bf16,1.0,all three,dq,0.009436032806549064,0.043201993273099676,1,0.04099340498211325
l_kohakufa_fp16,8000,bf16,1.0,all three,dv,0.0024000404975915222,0.006017150253811754,14,0.013547245387388114
l_kohakufa_fp16,8000,bf16,1.0,cudnn,dk,0.011221705891428705,0.03437981341223454,9,0.059349881338885954
l_kohakufa_fp16,8000,bf16,1.0,cudnn,dq,0.009563843888244794,0.04374435122048801,1,0.04175050588219427
l_kohakufa_fp16,8000,bf16,1.0,cudnn,dv,0.0028996937383778515,0.00627415492805571,14,0.014502518277347729
l_kohakufa_fp16,8000,bf16,1.0,efficient,dk,0.011302869605322112,0.034395918900433656,9,0.059349881338885954
l_kohakufa_fp16,8000,bf16,1.0,efficient,dq,0.010055556417821613,0.04223730787986452,1,0.04107915174179991
l_kohakufa_fp16,8000,bf16,1.0,efficient,dv,0.002899915519184247,0.006275251224499734,14,0.014502518277347729
l_kohakufa_fp16,8000,bf16,1.0,fa4,dk,0.011201326443513508,0.0399584583106074,9,0.07287058051755277
l_kohakufa_fp16,8000,bf16,1.0,fa4,dq,0.01106901958201427,0.04390398237861241,1,0.04175050588219427
l_kohakufa_fp16,8000,bf16,1.0,fa4,dv,0.0028996861033238662,0.0062736589133671646,14,0.014502518277347729
l_kohakufa_fp16,8000,bf16,1.0,flex,dk,0.011132079264501835,0.03433067447065407,9,0.059349881338885954
l_kohakufa_fp16,8000,bf16,1.0,flex,dq,0.009586324212417442,0.043085423543138504,1,0.04175050588219427
l_kohakufa_fp16,8000,bf16,1.0,flex,dv,0.002899749702010448,0.00627880054408916,14,0.014502518277347729
l_kohakufa_fp16,8000,bf16,1.0,floor,dk,0.011010279694169385,0.03433148189625824,9,0.05952004358005633
l_kohakufa_fp16,8000,bf16,1.0,floor,dq,0.009436204623047091,0.043480458063490074,1,0.04099340498211325
l_kohakufa_fp16,8000,bf16,1.0,floor,dv,0.0024000391187448517,0.006017149898967991,14,0.013547245387388114
l_kohakufa_fp16,8000,bf16,1.0,kohakufa,dk,0.011302668246054609,0.03439856670146768,9,0.059349881338885954
l_kohakufa_fp16,8000,bf16,1.0,kohakufa,dq,0.01006054668476455,0.042940051200303274,1,0.04107915174179991
l_kohakufa_fp16,8000,bf16,1.0,kohakufa,dv,0.0028997790785673483,0.006273771321898365,14,0.014502518277347729
l_kohakufa_fp16,8000,bf16,1.0,scale*dS,dk,0.011010279694169385,0.03433148189625824,9,0.05952004358005633
l_kohakufa_fp16,8000,bf16,1.0,scale*dS,dq,0.009436204623047091,0.043480458063490074,1,0.04099340498211325
l_kohakufa_fp16,8000,bf16,1.0,scale*dS,dv,0.0024000391187448517,0.006017149898967991,14,0.013547245387388114
l_kohakufa_fp16,8000,bf16,1.0,scale-shift,dk,0.011009930454870436,0.034331923179841906,9,0.05952004358005633
l_kohakufa_fp16,8000,bf16,1.0,scale-shift,dq,0.009436127569035082,0.04319798746791537,1,0.04099340498211325
l_kohakufa_fp16,8000,bf16,1.0,scale-shift,dv,0.0024000392639931868,0.006017150395397358,14,0.013547245387388114
l_kohakufa_fp16,8000,bf16,1.0,single lse,dk,0.01101027357623412,0.034331865039085536,9,0.05952004358005633
l_kohakufa_fp16,8000,bf16,1.0,single lse,dq,0.009436204626585287,0.04348162565017624,1,0.04099340498211325
l_kohakufa_fp16,8000,bf16,1.0,single lse,dv,0.002400039813666823,0.006017150696377397,14,0.013547245387388114
l_kohakufa_fp16,8000,fp16,65536.0,all three,dk,0.002392192106649542,0.005842131398336513,5,0.0009176061778206603
l_kohakufa_fp16,8000,fp16,65536.0,all three,dq,0.0021376744036203147,0.013936111114294075,1,0.012934756346627075
l_kohakufa_fp16,8000,fp16,65536.0,all three,dv,0.00030405844104104755,0.0007977626452173556,16,0.0018980510269883148
l_kohakufa_fp16,8000,fp16,65536.0,cudnn,dk,0.0023777074687801364,0.00640512821696529,1,0.004219993122728721
l_kohakufa_fp16,8000,fp16,65536.0,cudnn,dq,0.002259078544236571,0.013055661787136583,1,0.013196741913600346
l_kohakufa_fp16,8000,fp16,65536.0,cudnn,dv,0.0003658791772587441,0.0008191955086687505,16,0.0018111113968189083
l_kohakufa_fp16,8000,fp16,65536.0,efficient,dk,0.002400383995880556,0.005861965333751933,5,0.0009184422236635884
l_kohakufa_fp16,8000,fp16,65536.0,efficient,dq,0.0021265989032573495,0.01305517243509619,1,0.012903867218643327
l_kohakufa_fp16,8000,fp16,65536.0,efficient,dv,0.00036772312929189173,0.0008190379050900392,16,0.0018111113968189083
l_kohakufa_fp16,8000,fp16,65536.0,fa4,dk,0.0013599631208634103,0.006347311454160976,1,0.00421691545505713
l_kohakufa_fp16,8000,fp16,65536.0,fa4,dq,0.0014042303585705736,0.012999313550393467,1,0.01318993087418274
l_kohakufa_fp16,8000,fp16,65536.0,fa4,dv,0.0003668705191475865,0.0008205003714814981,16,0.0018111113968189083
l_kohakufa_fp16,8000,fp16,65536.0,flex,dk,0.0013804221569851981,0.004892383271719379,1,0.004093039331275576
l_kohakufa_fp16,8000,fp16,65536.0,flex,dq,0.0013908397871622794,0.010523660442079849,1,0.012910678258060932
l_kohakufa_fp16,8000,fp16,65536.0,flex,dv,0.00036668510594688495,0.0008196492124140348,16,0.0018111113968189083
l_kohakufa_fp16,8000,fp16,65536.0,floor,dk,0.0013346466161527864,0.004559604400320259,1,0.004086063578845256
l_kohakufa_fp16,8000,fp16,65536.0,floor,dq,0.001379920732768192,0.0119929223298989,1,0.012908945566880964
l_kohakufa_fp16,8000,fp16,65536.0,floor,dv,0.00030395934192791255,0.000798897311104148,16,0.0018980510269883148
l_kohakufa_fp16,8000,fp16,65536.0,kohakufa,dk,0.0013497483660921033,0.004789487614057371,1,0.0040845757451787
l_kohakufa_fp16,8000,fp16,65536.0,kohakufa,dq,0.0014014798578708299,0.010533720634370754,1,0.012910678258060932
l_kohakufa_fp16,8000,fp16,65536.0,kohakufa,dv,0.0003669953378587137,0.0008201346515341436,16,0.0018111113968189083
l_kohakufa_fp16,8000,fp16,65536.0,scale*dS,dk,0.0023793282506089737,0.005841878200171526,5,0.0009176061778206603
l_kohakufa_fp16,8000,fp16,65536.0,scale*dS,dq,0.0021113821308340612,0.01203806026488799,1,0.01290705989337033
l_kohakufa_fp16,8000,fp16,65536.0,scale*dS,dv,0.00030395934192791255,0.000798897311104148,16,0.0018980510269883148
l_kohakufa_fp16,8000,fp16,65536.0,scale-shift,dk,0.0013161702534770093,0.005666049097357922,1,0.004182246328960302
l_kohakufa_fp16,8000,fp16,65536.0,scale-shift,dq,0.0013595018030562094,0.013892753771598277,1,0.012936642020137711
l_kohakufa_fp16,8000,fp16,65536.0,scale-shift,dv,0.00030400940917078894,0.000797876838000898,16,0.0018980510269883148
l_kohakufa_fp16,8000,fp16,65536.0,single lse,dk,0.0013346563638108365,0.0045599637750031435,1,0.004086063578845256
l_kohakufa_fp16,8000,fp16,65536.0,single lse,dq,0.0013799217312038712,0.011992468463419179,1,0.012908945566880964
l_kohakufa_fp16,8000,fp16,65536.0,single lse,dv,0.00030405406891143445,0.000797780966112133,16,0.0018980510269883148
l_kohakufa_fp16,9000,bf16,1.0,all three,dk,0.006966492368306195,0.02298926589314454,12,0.03673621368530153
l_kohakufa_fp16,9000,bf16,1.0,all three,dq,0.009148425649529935,0.02398193106299606,12,0.011982171511272966
l_kohakufa_fp16,9000,bf16,1.0,all three,dv,0.0016818045992048032,0.004213043427270756,16,0.0072174481912796636
l_kohakufa_fp16,9000,bf16,1.0,cudnn,dk,0.0071373342988203985,0.02310575619679331,12,0.036736265945712755
l_kohakufa_fp16,9000,bf16,1.0,cudnn,dq,0.00928259858891883,0.024080040486637637,12,0.011973279230678412
l_kohakufa_fp16,9000,bf16,1.0,cudnn,dv,0.0023910736529249113,0.0044984755451544485,16,0.007294370526314429
l_kohakufa_fp16,9000,bf16,1.0,efficient,dk,0.007280976728324093,0.02316719366145514,12,0.036736265945712755
l_kohakufa_fp16,9000,bf16,1.0,efficient,dq,0.009377456282197553,0.024157355677605793,12,0.011973279230678412
l_kohakufa_fp16,9000,bf16,1.0,efficient,dv,0.002391086172165688,0.004499519518940239,16,0.007294370526314429
l_kohakufa_fp16,9000,bf16,1.0,fa4,dk,0.008299963372797585,0.024119050751136725,12,0.036736265945712755
l_kohakufa_fp16,9000,bf16,1.0,fa4,dq,0.01125512059335211,0.025178365884284543,12,0.011973279230678412
l_kohakufa_fp16,9000,bf16,1.0,fa4,dv,0.0023910290383503353,0.0044985642168177365,16,0.007294370526314429
l_kohakufa_fp16,9000,bf16,1.0,flex,dk,0.007111507205370598,0.02305988526251291,12,0.036736265945712755
l_kohakufa_fp16,9000,bf16,1.0,flex,dq,0.009269927407574442,0.02404124511958241,12,0.011973279230678412
l_kohakufa_fp16,9000,bf16,1.0,flex,dv,0.0023910100504657213,0.0044985756104520295,16,0.007294370526314429
l_kohakufa_fp16,9000,bf16,1.0,floor,dk,0.006966246672763156,0.022989751438727255,12,0.03673621368530153
l_kohakufa_fp16,9000,bf16,1.0,floor,dq,0.009148311008173423,0.023982445611008586,12,0.011982171511272966
l_kohakufa_fp16,9000,bf16,1.0,floor,dv,0.001681707884070648,0.004213101093420938,16,0.0072174481912796636
l_kohakufa_fp16,9000,bf16,1.0,kohakufa,dk,0.007279741005579418,0.02317531906556388,12,0.036736265945712755
l_kohakufa_fp16,9000,bf16,1.0,kohakufa,dq,0.009375762359972475,0.024160919441823095,12,0.011973279230678412
l_kohakufa_fp16,9000,bf16,1.0,kohakufa,dv,0.0023910844617394344,0.004498572422185332,16,0.007294370526314429
l_kohakufa_fp16,9000,bf16,1.0,scale*dS,dk,0.006966246672763156,0.022989751438727255,12,0.03673621368530153
l_kohakufa_fp16,9000,bf16,1.0,scale*dS,dq,0.009148311008173423,0.023982445611008586,12,0.011982171511272966
l_kohakufa_fp16,9000,bf16,1.0,scale*dS,dv,0.001681707884070648,0.004213101093420938,16,0.0072174481912796636
l_kohakufa_fp16,9000,bf16,1.0,scale-shift,dk,0.006966494505254909,0.022989278369138104,12,0.03673621368530153
l_kohakufa_fp16,9000,bf16,1.0,scale-shift,dq,0.009148417963235473,0.023981931090671135,12,0.011982171511272966
l_kohakufa_fp16,9000,bf16,1.0,scale-shift,dv,0.0016817079151269121,0.004213042935892921,16,0.0072174481912796636
l_kohakufa_fp16,9000,bf16,1.0,single lse,dk,0.00696624556651231,0.022990344657717553,12,0.03673621368530153
l_kohakufa_fp16,9000,bf16,1.0,single lse,dq,0.00914831916516598,0.023982442031921784,12,0.011982171511272966
l_kohakufa_fp16,9000,bf16,1.0,single lse,dv,0.001681804692167028,0.004212646619937965,16,0.0072174481912796636
l_kohakufa_fp16,9000,fp16,65536.0,all three,dk,0.0018391688702370185,0.005353135616576237,5,0.0009234853709371465
l_kohakufa_fp16,9000,fp16,65536.0,all three,dq,0.002151952447627945,0.003928547065639908,13,0.0028320785745749237
l_kohakufa_fp16,9000,fp16,65536.0,all three,dv,0.0002086007565757251,0.0005829433909636654,16,0.0009862888325804593
l_kohakufa_fp16,9000,fp16,65536.0,cudnn,dk,0.0018594432678260265,0.005357879095489542,5,0.0009249121008812612
l_kohakufa_fp16,9000,fp16,65536.0,cudnn,dq,0.0021669252565700804,0.003876453174050702,13,0.0028320131105364385
l_kohakufa_fp16,9000,fp16,65536.0,cudnn,dv,0.00029670176098499053,0.0006264288264271393,16,0.0009802538831864783
l_kohakufa_fp16,9000,fp16,65536.0,efficient,dk,0.0018479280075298298,0.0053787870099050936,5,0.001283600269249766
l_kohakufa_fp16,9000,fp16,65536.0,efficient,dq,0.002150409197984624,0.00393461633860426,13,0.002839163529246715
l_kohakufa_fp16,9000,fp16,65536.0,efficient,dv,0.0002967708264513813,0.0006264895068960757,16,0.0009802538831864783
l_kohakufa_fp16,9000,fp16,65536.0,fa4,dk,0.0011056988225526172,0.0031889204396496336,12,0.003227958184578648
l_kohakufa_fp16,9000,fp16,65536.0,fa4,dq,0.0013253740627036045,0.003969125126214963,1,0.0021590484221764824
l_kohakufa_fp16,9000,fp16,65536.0,fa4,dv,0.00029708798359689824,0.0006264326459192946,16,0.0010012446948092586
l_kohakufa_fp16,9000,fp16,65536.0,flex,dk,0.0007470312230520971,0.003334648309528377,12,0.003227958184578648
l_kohakufa_fp16,9000,fp16,65536.0,flex,dq,0.0011097411021986341,0.0034821313919404704,12,0.0011574350692644128
l_kohakufa_fp16,9000,fp16,65536.0,flex,dv,0.0002972578027882659,0.000626603194258472,16,0.0009802538831864783
l_kohakufa_fp16,9000,fp16,65536.0,floor,dk,0.0007405847235041191,0.0033255736224816245,12,0.0032150505062402213
l_kohakufa_fp16,9000,fp16,65536.0,floor,dq,0.001093270998279948,0.0034792218732381,12,0.0011579711084947295
l_kohakufa_fp16,9000,fp16,65536.0,floor,dv,0.00020865545598911572,0.0005823926662297885,16,0.0009862888325804593
l_kohakufa_fp16,9000,fp16,65536.0,kohakufa,dk,0.0008213138015777949,0.0032896335545491533,12,0.003227958184578648
l_kohakufa_fp16,9000,fp16,65536.0,kohakufa,dq,0.00111548804344776,0.003466683290548865,12,0.0011628107183842354
l_kohakufa_fp16,9000,fp16,65536.0,kohakufa,dv,0.0002973023497506652,0.0006258102621866539,16,0.0009802538831864783
l_kohakufa_fp16,9000,fp16,65536.0,scale*dS,dk,0.0018397446700866753,0.005353181003984914,5,0.0009234853709371465
l_kohakufa_fp16,9000,fp16,65536.0,scale*dS,dq,0.002152213203207766,0.003920825123370085,13,0.0028320785745749237
l_kohakufa_fp16,9000,fp16,65536.0,scale*dS,dv,0.00020865545598911572,0.0005823926662297885,16,0.0009862888325804593
l_kohakufa_fp16,9000,fp16,65536.0,scale-shift,dk,0.0008513164232034616,0.0033164035186677987,12,0.0032150505062402213
l_kohakufa_fp16,9000,fp16,65536.0,scale-shift,dq,0.0010937206430309883,0.0034705381409230584,12,0.0011579711084947295
l_kohakufa_fp16,9000,fp16,65536.0,scale-shift,dv,0.00020849459307196555,0.0005829412304204395,16,0.0009862888325804593
l_kohakufa_fp16,9000,fp16,65536.0,single lse,dk,0.0007402725476917932,0.0033255960848805888,12,0.0032150505062402213
l_kohakufa_fp16,9000,fp16,65536.0,single lse,dq,0.0010932537891234727,0.003479224274997547,12,0.0011579711084947295
l_kohakufa_fp16,9000,fp16,65536.0,single lse,dv,0.00020875060828458417,0.0005829072181587969,16,0.0009862888325804593
l_kohakufa_fp16,10000,bf16,1.0,all three,dk,0.009226221501820285,0.02347192434386216,10,0.02492026235109429
l_kohakufa_fp16,10000,bf16,1.0,all three,dq,0.011146788936418994,0.032505786835444715,12,0.03540651765690279
l_kohakufa_fp16,10000,bf16,1.0,all three,dv,0.0019190163148958374,0.004939181723808373,14,0.00936680922187343
l_kohakufa_fp16,10000,bf16,1.0,cudnn,dk,0.009336913071699105,0.02354404380376351,10,0.02501378562922168
l_kohakufa_fp16,10000,bf16,1.0,cudnn,dq,0.01133903345859574,0.0325588796961998,12,0.03551297233006464
l_kohakufa_fp16,10000,bf16,1.0,cudnn,dv,0.002557516657823634,0.005205280418412124,14,0.00935726727455627
l_kohakufa_fp16,10000,bf16,1.0,efficient,dk,0.009839302893165489,0.023533242319230385,10,0.02501378562922168
l_kohakufa_fp16,10000,bf16,1.0,efficient,dq,0.01141537034972774,0.03241657738538726,12,0.03551297233006464
l_kohakufa_fp16,10000,bf16,1.0,efficient,dv,0.0025574642907179074,0.00519782882888027,14,0.00935726727455627
l_kohakufa_fp16,10000,bf16,1.0,fa4,dk,0.00958571136171391,0.02748965533270948,2,0.04928067290762245
l_kohakufa_fp16,10000,bf16,1.0,fa4,dq,0.0111520888847079,0.03373629242550642,12,0.04196638596174828
l_kohakufa_fp16,10000,bf16,1.0,fa4,dv,0.002557465080083499,0.005207363032289961,14,0.00935726727455627
l_kohakufa_fp16,10000,bf16,1.0,flex,dk,0.009355942343470099,0.02353607172106887,10,0.02501378562922168
l_kohakufa_fp16,10000,bf16,1.0,flex,dq,0.011284492217952979,0.03253791526032241,12,0.03551297233006464
l_kohakufa_fp16,10000,bf16,1.0,flex,dv,0.002557464767741839,0.0052071389055244,14,0.00935726727455627
l_kohakufa_fp16,10000,bf16,1.0,floor,dk,0.009225546632844276,0.023470973986964253,10,0.02492026235109429
l_kohakufa_fp16,10000,bf16,1.0,floor,dq,0.011142640252210234,0.032505848954208195,12,0.03540651765690279
l_kohakufa_fp16,10000,bf16,1.0,floor,dv,0.001919019283772096,0.004939201336536971,14,0.00936680922187343
l_kohakufa_fp16,10000,bf16,1.0,kohakufa,dk,0.00983788937648098,0.0235363130753992,10,0.02501378562922168
l_kohakufa_fp16,10000,bf16,1.0,kohakufa,dq,0.011407425298831037,0.03241783594278528,12,0.03551297233006464
l_kohakufa_fp16,10000,bf16,1.0,kohakufa,dv,0.0025574641442284982,0.005204713837455566,14,0.00935726727455627
l_kohakufa_fp16,10000,bf16,1.0,scale*dS,dk,0.009225546632844276,0.023470973986964253,10,0.02492026235109429
l_kohakufa_fp16,10000,bf16,1.0,scale*dS,dq,0.011142640252210234,0.032505848954208195,12,0.03540651765690279
l_kohakufa_fp16,10000,bf16,1.0,scale*dS,dv,0.001919019283772096,0.004939201336536971,14,0.00936680922187343
l_kohakufa_fp16,10000,bf16,1.0,scale-shift,dk,0.009226217498364322,0.023471925314183618,10,0.02492026235109429
l_kohakufa_fp16,10000,bf16,1.0,scale-shift,dq,0.01114678889093971,0.032505767754135384,12,0.03540651765690279
l_kohakufa_fp16,10000,bf16,1.0,scale-shift,dv,0.0019190199006079026,0.004939122170082507,14,0.00936680922187343
l_kohakufa_fp16,10000,bf16,1.0,single lse,dk,0.009225544524599573,0.02347097482613409,10,0.02492026235109429
l_kohakufa_fp16,10000,bf16,1.0,single lse,dq,0.01114263975439353,0.03250584853429911,12,0.03540651765690279
l_kohakufa_fp16,10000,bf16,1.0,single lse,dv,0.0019190159302750814,0.004939201614618747,14,0.00936680922187343
l_kohakufa_fp16,10000,fp16,65536.0,all three,dk,0.004023967343793175,0.011567727475981818,5,0.0027179385741618856
l_kohakufa_fp16,10000,fp16,65536.0,all three,dq,0.003437181584969602,0.006626878249489474,18,0.0010787527728753842
l_kohakufa_fp16,10000,fp16,65536.0,all three,dv,0.00024974114742221343,0.0006265356629004487,14,0.0012600496066185116
l_kohakufa_fp16,10000,fp16,65536.0,cudnn,dk,0.00401044805351834,0.011573163528414983,5,0.002714439541584553
l_kohakufa_fp16,10000,fp16,65536.0,cudnn,dq,0.0034330134126851616,0.006623934695895808,18,0.0010818696498891332
l_kohakufa_fp16,10000,fp16,65536.0,cudnn,dv,0.00032526963609619844,0.0006675592546041375,14,0.0013450728845584238
l_kohakufa_fp16,10000,fp16,65536.0,efficient,dk,0.004012591186522687,0.011571718944223,5,0.002714439541584553
l_kohakufa_fp16,10000,fp16,65536.0,efficient,dq,0.0033937450586571816,0.006626664968379373,18,0.0010818696498891332
l_kohakufa_fp16,10000,fp16,65536.0,efficient,dv,0.00032490564985433886,0.0006634146933396207,14,0.0013450728845584238
l_kohakufa_fp16,10000,fp16,65536.0,fa4,dk,0.0016837040034230442,0.0041619918028478736,8,0.010076743074877973
l_kohakufa_fp16,10000,fp16,65536.0,fa4,dq,0.0014485494437382702,0.006001480550605224,12,0.006268797903741143
l_kohakufa_fp16,10000,fp16,65536.0,fa4,dv,0.00032509478529920723,0.0006650983991097978,14,0.0013450728845584238
l_kohakufa_fp16,10000,fp16,65536.0,flex,dk,0.0013798933854005937,0.00381268623858543,12,0.005257907029649573
l_kohakufa_fp16,10000,fp16,65536.0,flex,dq,0.0014270908371977645,0.005716128421594628,12,0.006268797903741143
l_kohakufa_fp16,10000,fp16,65536.0,flex,dv,0.0003250791684860283,0.0006654710331649262,14,0.0013450728845584238
l_kohakufa_fp16,10000,fp16,65536.0,floor,dk,0.0014121403258477436,0.003804861823076337,12,0.005258587054166099
l_kohakufa_fp16,10000,fp16,65536.0,floor,dq,0.0014113721708219834,0.005711476316309349,12,0.006268425627045294
l_kohakufa_fp16,10000,fp16,65536.0,floor,dv,0.00024990921952469176,0.0006263213583147425,14,0.0012600496066185116
l_kohakufa_fp16,10000,fp16,65536.0,kohakufa,dk,0.0013954726625031277,0.003832318384836379,12,0.005262582447894966
l_kohakufa_fp16,10000,fp16,65536.0,kohakufa,dq,0.0014434019582051604,0.00572124897558548,12,0.006275485821926215
l_kohakufa_fp16,10000,fp16,65536.0,kohakufa,dv,0.00032500976947750154,0.0006657142562076335,14,0.0013450728845584238
l_kohakufa_fp16,10000,fp16,65536.0,scale*dS,dk,0.004023206351817534,0.011569066657801967,5,0.0027179385741618856
l_kohakufa_fp16,10000,fp16,65536.0,scale*dS,dq,0.0033807165297608907,0.006626968828459804,18,0.0010787527728753842
l_kohakufa_fp16,10000,fp16,65536.0,scale*dS,dv,0.00024990921952469176,0.0006263213583147425,14,0.0012600496066185116
l_kohakufa_fp16,10000,fp16,65536.0,scale-shift,dk,0.0015737012324821204,0.0038102080886636756,12,0.005258587054166099
l_kohakufa_fp16,10000,fp16,65536.0,scale-shift,dq,0.0014109296064787928,0.0061261856804920595,1,0.004675006760063876
l_kohakufa_fp16,10000,fp16,65536.0,scale-shift,dv,0.0002497440126179447,0.0006262371927748024,14,0.0012600496066185116
l_kohakufa_fp16,10000,fp16,65536.0,single lse,dk,0.0014121390884652245,0.0038048811098620205,12,0.005258587054166099
l_kohakufa_fp16,10000,fp16,65536.0,single lse,dq,0.0014120387831496092,0.0057114885244420495,12,0.006268425627045294
l_kohakufa_fp16,10000,fp16,65536.0,single lse,dv,0.00024991244146850886,0.0006254651331617074,14,0.0012600496066185116
l_kohakufa_fp16,11000,bf16,1.0,all three,dk,0.011053152633032453,0.029580437709318726,12,0.052878097598327636
l_kohakufa_fp16,11000,bf16,1.0,all three,dq,0.0112162570119432,0.024906026807111962,6,0.02326892125011769
l_kohakufa_fp16,11000,bf16,1.0,all three,dv,0.0021274454843210186,0.004479102580498241,16,0.009051789216458541
l_kohakufa_fp16,11000,bf16,1.0,cudnn,dk,0.011168212118455053,0.029706886942953217,12,0.05292209433263835
l_kohakufa_fp16,11000,bf16,1.0,cudnn,dq,0.01134778547983745,0.025126115535451295,1,0.015255029198757002
l_kohakufa_fp16,11000,bf16,1.0,cudnn,dv,0.0026696797100628183,0.004748708716448641,16,0.00932620335862121
l_kohakufa_fp16,11000,bf16,1.0,efficient,dk,0.010360408845612805,0.029662439656814393,12,0.052878279245029025
l_kohakufa_fp16,11000,bf16,1.0,efficient,dq,0.011405228661476318,0.02495747000893413,6,0.023320729024924415
l_kohakufa_fp16,11000,bf16,1.0,efficient,dv,0.0026696919746154583,0.00474888806550773,16,0.00932620335862121
l_kohakufa_fp16,11000,bf16,1.0,fa4,dk,0.011191537469249797,0.0296498748965358,12,0.05258617866096685
l_kohakufa_fp16,11000,bf16,1.0,fa4,dq,0.011181377154248539,0.02733473268837904,10,0.017065420167227684
l_kohakufa_fp16,11000,bf16,1.0,fa4,dv,0.0026699497893143695,0.0047487110836501225,16,0.00932620335862121
l_kohakufa_fp16,11000,bf16,1.0,flex,dk,0.010424667877195638,0.02965672729860795,12,0.052878279245029025
l_kohakufa_fp16,11000,bf16,1.0,flex,dq,0.011319593038188335,0.024992765890111908,6,0.023320729024924415
l_kohakufa_fp16,11000,bf16,1.0,flex,dv,0.0026697204268566824,0.0047487161843386295,16,0.00932620335862121
l_kohakufa_fp16,11000,bf16,1.0,floor,dk,0.011661286510345294,0.02963469526686111,12,0.052878097598327636
l_kohakufa_fp16,11000,bf16,1.0,floor,dq,0.011216116385398602,0.024905994872577854,6,0.02326892125011769
l_kohakufa_fp16,11000,bf16,1.0,floor,dv,0.0021274462697411204,0.004479185328276167,16,0.009051789216458541
l_kohakufa_fp16,11000,bf16,1.0,kohakufa,dk,0.010636143738145499,0.02967456242817651,12,0.052878279245029025
l_kohakufa_fp16,11000,bf16,1.0,kohakufa,dq,0.011380677080507412,0.02495789575662793,6,0.023320729024924415
l_kohakufa_fp16,11000,bf16,1.0,kohakufa,dv,0.0026699665423102646,0.0047487168682790555,16,0.00932620335862121
l_kohakufa_fp16,11000,bf16,1.0,scale*dS,dk,0.011661286510345294,0.02963469526686111,12,0.052878097598327636
l_kohakufa_fp16,11000,bf16,1.0,scale*dS,dq,0.011216116385398602,0.024905994872577854,6,0.02326892125011769
l_kohakufa_fp16,11000,bf16,1.0,scale*dS,dv,0.0021274462697411204,0.004479185328276167,16,0.009051789216458541
l_kohakufa_fp16,11000,bf16,1.0,scale-shift,dk,0.011060105016601035,0.02958043826141438,12,0.052878097598327636
l_kohakufa_fp16,11000,bf16,1.0,scale-shift,dq,0.011216286330990961,0.024906022847957725,6,0.02326892125011769
l_kohakufa_fp16,11000,bf16,1.0,scale-shift,dv,0.0021274460360308505,0.004479185343918223,16,0.009051789216458541
l_kohakufa_fp16,11000,bf16,1.0,single lse,dk,0.011664847323610074,0.029634660660266373,12,0.052878097598327636
l_kohakufa_fp16,11000,bf16,1.0,single lse,dq,0.011216354367089983,0.024905996422894486,6,0.02326892125011769
l_kohakufa_fp16,11000,bf16,1.0,single lse,dv,0.0021274462065048703,0.0044791025736331215,16,0.009051789216458541
l_kohakufa_fp16,11000,fp16,65536.0,all three,dk,0.005711266523644811,0.012008723622915959,5,0.0014703806308070937
l_kohakufa_fp16,11000,fp16,65536.0,all three,dq,0.005563050203835397,0.010539068956146187,5,0.0015327250099823498
l_kohakufa_fp16,11000,fp16,65536.0,all three,dv,0.0002616193796629255,0.0005213069687472066,14,0.0009507169212997726
l_kohakufa_fp16,11000,fp16,65536.0,cudnn,dk,0.005720493130415545,0.012013180155883893,5,0.0014695260097907473
l_kohakufa_fp16,11000,fp16,65536.0,cudnn,dq,0.005592936766097863,0.010544679159372886,5,0.0015325737870725538
l_kohakufa_fp16,11000,fp16,65536.0,cudnn,dv,0.0003341238559508175,0.000563627679096213,14,0.0011429667245377445
l_kohakufa_fp16,11000,fp16,65536.0,efficient,dk,0.005716607061981302,0.012018234667986042,5,0.0014695260097907473
l_kohakufa_fp16,11000,fp16,65536.0,efficient,dq,0.005584989756635007,0.010546500991418465,5,0.0015325737870725538
l_kohakufa_fp16,11000,fp16,65536.0,efficient,dv,0.0003330336841829542,0.0005637278813137637,14,0.0011429667245377445
l_kohakufa_fp16,11000,fp16,65536.0,fa4,dk,0.0012575648964450186,0.006401831188134176,12,0.0090034130657001
l_kohakufa_fp16,11000,fp16,65536.0,fa4,dq,0.001697346177138954,0.009058622549363125,1,0.007959480061775246
l_kohakufa_fp16,11000,fp16,65536.0,fa4,dv,0.0003339115050779022,0.0005638398795056185,14,0.0011429667245377445
l_kohakufa_fp16,11000,fp16,65536.0,flex,dk,0.0012679453257300644,0.006373684316254466,12,0.0090034130657001
l_kohakufa_fp16,11000,fp16,65536.0,flex,dq,0.0016631864894911766,0.005619953908982178,12,0.004092219964994571
l_kohakufa_fp16,11000,fp16,65536.0,flex,dv,0.00033354664136518513,0.0005635128260502153,14,0.0011429667245377445
l_kohakufa_fp16,11000,fp16,65536.0,floor,dk,0.0013680366588737073,0.006378939368548997,12,0.009011534613408211
l_kohakufa_fp16,11000,fp16,65536.0,floor,dq,0.0016844981542293276,0.005614746643426345,12,0.004091717529257552
l_kohakufa_fp16,11000,fp16,65536.0,floor,dv,0.00026120005696978854,0.0005215244371881369,14,0.0009507169212997726
l_kohakufa_fp16,11000,fp16,65536.0,kohakufa,dk,0.001277139509452211,0.006396506069047031,12,0.0090034130657001
l_kohakufa_fp16,11000,fp16,65536.0,kohakufa,dq,0.0016669598011352998,0.005623363300348294,12,0.004094034759332162
l_kohakufa_fp16,11000,fp16,65536.0,kohakufa,dv,0.0003333616697470325,0.0005647749883518855,14,0.0011429667245377445
l_kohakufa_fp16,11000,fp16,65536.0,scale*dS,dk,0.005707879935587932,0.012008895604602363,5,0.0014703806308070937
l_kohakufa_fp16,11000,fp16,65536.0,scale*dS,dq,0.00555079708569328,0.01053890327028783,5,0.0015327250099823498
l_kohakufa_fp16,11000,fp16,65536.0,scale*dS,dv,0.00026120005696978854,0.0005215244371881369,14,0.0009507169212997726
l_kohakufa_fp16,11000,fp16,65536.0,scale-shift,dk,0.0014088746145260237,0.006348298536008343,12,0.009011534613408211
l_kohakufa_fp16,11000,fp16,65536.0,scale-shift,dq,0.0016822906725032789,0.0058924425194155665,1,0.0035898698615227298
l_kohakufa_fp16,11000,fp16,65536.0,scale-shift,dv,0.0002612054888991734,0.0005214071531973508,14,0.0009507169212997726
l_kohakufa_fp16,11000,fp16,65536.0,single lse,dk,0.001368030078644242,0.006379002965333978,12,0.009011534613408211
l_kohakufa_fp16,11000,fp16,65536.0,single lse,dq,0.0016845313364908547,0.005614739621284796,12,0.004091717529257552
l_kohakufa_fp16,11000,fp16,65536.0,single lse,dv,0.00026121105672799845,0.0005214242970150455,14,0.0009507169212997726
l_kohakufa_fp16,12000,bf16,1.0,all three,dk,0.010803014803003913,0.027616692871792865,12,0.02574520346246608
l_kohakufa_fp16,12000,bf16,1.0,all three,dq,0.009885232628634938,0.0566909591195119,1,0.06464898139177899
l_kohakufa_fp16,12000,bf16,1.0,all three,dv,0.0022099318999952685,0.006119371172873287,16,0.02075956044860074
l_kohakufa_fp16,12000,bf16,1.0,cudnn,dk,0.011021932760290972,0.027646694321603923,12,0.025692522912697403
l_kohakufa_fp16,12000,bf16,1.0,cudnn,dq,0.010060889554350793,0.05352443308394262,1,0.05958034464339714
l_kohakufa_fp16,12000,bf16,1.0,cudnn,dv,0.0027882892156182735,0.006346800575981989,16,0.020595475852657984
l_kohakufa_fp16,12000,bf16,1.0,efficient,dk,0.01105588180435441,0.02785736514300347,12,0.026912265353988232
l_kohakufa_fp16,12000,bf16,1.0,efficient,dq,0.010145789573837292,0.05679603902135993,1,0.06473341909709858
l_kohakufa_fp16,12000,bf16,1.0,efficient,dv,0.002788648270545616,0.006347290276516841,16,0.020595475852657984
l_kohakufa_fp16,12000,bf16,1.0,fa4,dk,0.011184734642602426,0.0358341537957657,2,0.028217067927819008
l_kohakufa_fp16,12000,bf16,1.0,fa4,dq,0.010264548812889159,0.0542806133190341,1,0.05958034464339714
l_kohakufa_fp16,12000,bf16,1.0,fa4,dv,0.0027886541017714127,0.006346518366405743,16,0.020595475852657984
l_kohakufa_fp16,12000,bf16,1.0,flex,dk,0.010999058527642774,0.02763876179818913,12,0.025692522912697403
l_kohakufa_fp16,12000,bf16,1.0,flex,dq,0.01004601056518022,0.05652612577828882,1,0.06473341909709858
l_kohakufa_fp16,12000,bf16,1.0,flex,dv,0.0027896566239833573,0.00634646899636014,16,0.020595475852657984
l_kohakufa_fp16,12000,bf16,1.0,floor,dk,0.010807366839729621,0.027653297466700626,12,0.025945482894897
l_kohakufa_fp16,12000,bf16,1.0,floor,dq,0.00988382454074134,0.0565118248915569,1,0.06464898139177899
l_kohakufa_fp16,12000,bf16,1.0,floor,dv,0.0022089286521635694,0.006119340440944371,16,0.02075956044860074
l_kohakufa_fp16,12000,bf16,1.0,kohakufa,dk,0.011187683406023533,0.027871707744135762,12,0.026912265353988232
l_kohakufa_fp16,12000,bf16,1.0,kohakufa,dq,0.010144531255661253,0.056786203526614266,1,0.06508389172072473
l_kohakufa_fp16,12000,bf16,1.0,kohakufa,dv,0.0027886067565708423,0.006346516292125442,16,0.020595475852657984
l_kohakufa_fp16,12000,bf16,1.0,scale*dS,dk,0.010807366839729621,0.027653297466700626,12,0.025945482894897
l_kohakufa_fp16,12000,bf16,1.0,scale*dS,dq,0.00988382454074134,0.0565118248915569,1,0.06464898139177899
l_kohakufa_fp16,12000,bf16,1.0,scale*dS,dv,0.0022089286521635694,0.006119340440944371,16,0.02075956044860074
l_kohakufa_fp16,12000,bf16,1.0,scale-shift,dk,0.010802929232026802,0.02761675593050156,12,0.02574520346246608
l_kohakufa_fp16,12000,bf16,1.0,scale-shift,dq,0.009885193974596505,0.056690153308822565,1,0.06464898139177899
l_kohakufa_fp16,12000,bf16,1.0,scale-shift,dv,0.00220892830817419,0.006119374303562156,16,0.02075956044860074
l_kohakufa_fp16,12000,bf16,1.0,single lse,dk,0.010807278627939934,0.027653298358962963,12,0.025945482894897
l_kohakufa_fp16,12000,bf16,1.0,single lse,dq,0.009883755842449863,0.05651172113368925,1,0.06464898139177899
l_kohakufa_fp16,12000,bf16,1.0,single lse,dv,0.0022088868763996392,0.006119337307678095,16,0.02075956044860074
l_kohakufa_fp16,12000,fp16,65536.0,all three,dk,0.006165117622510319,0.0178252213636191,5,0.0017928429765282662
l_kohakufa_fp16,12000,fp16,65536.0,all three,dq,0.007125920694157601,0.018326629869080267,1,0.022915508063569616
l_kohakufa_fp16,12000,fp16,65536.0,all three,dv,0.0002711142564862149,0.0008193801452720109,14,0.0013809296083821033
l_kohakufa_fp16,12000,fp16,65536.0,cudnn,dk,0.0061683239209057925,0.01783053467430249,5,0.0017948828100362553
l_kohakufa_fp16,12000,fp16,65536.0,cudnn,dq,0.007129008090189193,0.017902617171581866,1,0.02290667688980833
l_kohakufa_fp16,12000,fp16,65536.0,cudnn,dv,0.00034296883319627464,0.0008484860790227976,14,0.001397275114316055
l_kohakufa_fp16,12000,fp16,65536.0,efficient,dk,0.006157414949563656,0.01783464061473764,5,0.0017948828100362553
l_kohakufa_fp16,12000,fp16,65536.0,efficient,dq,0.007131496586054953,0.011668838422121668,18,0.0017656565970635715
l_kohakufa_fp16,12000,fp16,65536.0,efficient,dv,0.0003429580781875065,0.0008460780735178941,14,0.001397275114316055
l_kohakufa_fp16,12000,fp16,65536.0,fa4,dk,0.0017690596222827207,0.005744166313668549,12,0.005507527463425983
l_kohakufa_fp16,12000,fp16,65536.0,fa4,dq,0.0013557123614208967,0.01766340473390661,1,0.02290667688980833
l_kohakufa_fp16,12000,fp16,65536.0,fa4,dv,0.0003429753162576715,0.0008485989827228439,14,0.001397275114316055
l_kohakufa_fp16,12000,fp16,65536.0,flex,dk,0.001782631715449744,0.0057027329793009895,12,0.005507527463425983
l_kohakufa_fp16,12000,fp16,65536.0,flex,dq,0.001376434498125685,0.00852354102102982,1,0.010143519344272958
l_kohakufa_fp16,12000,fp16,65536.0,flex,dv,0.00034293093290214206,0.0008478624028396664,14,0.001397275114316055
l_kohakufa_fp16,12000,fp16,65536.0,floor,dk,0.0017249972732000108,0.005653096866088254,12,0.005251768505688507
l_kohakufa_fp16,12000,fp16,65536.0,floor,dq,0.0013352250004873157,0.008440092696190839,1,0.009908785888302468
l_kohakufa_fp16,12000,fp16,65536.0,floor,dv,0.0002710763411255125,0.0008197591900891306,14,0.0013809296083821033
l_kohakufa_fp16,12000,fp16,65536.0,kohakufa,dk,0.0017954687568589854,0.005699954346324003,12,0.005507527463425983
l_kohakufa_fp16,12000,fp16,65536.0,kohakufa,dq,0.001404243914914667,0.008383228919408453,1,0.009907564099699572
l_kohakufa_fp16,12000,fp16,65536.0,kohakufa,dv,0.0003430165962539112,0.0008472293165562843,14,0.001397275114316055
l_kohakufa_fp16,12000,fp16,65536.0,scale*dS,dk,0.006164675068332247,0.01782541856743838,5,0.0017928429765282662
l_kohakufa_fp16,12000,fp16,65536.0,scale*dS,dq,0.0071258925119679645,0.01166634194006691,18,0.0017956300597488524
l_kohakufa_fp16,12000,fp16,65536.0,scale*dS,dv,0.0002710763411255125,0.0008197591900891306,14,0.0013809296083821033
l_kohakufa_fp16,12000,fp16,65536.0,scale-shift,dk,0.0017587557690026455,0.005710128011136037,12,0.005507790774177668
l_kohakufa_fp16,12000,fp16,65536.0,scale-shift,dq,0.0013360937935450608,0.018095059107646933,1,0.022940179619393014
l_kohakufa_fp16,12000,fp16,65536.0,scale-shift,dv,0.00027113956872550196,0.0008198008808549148,14,0.0013809296083821033
l_kohakufa_fp16,12000,fp16,65536.0,single lse,dk,0.0017260324660293203,0.00565310279651117,12,0.005251768505688507
l_kohakufa_fp16,12000,fp16,65536.0,single lse,dq,0.0013352561085511322,0.008439442637795338,1,0.009908785888302468
l_kohakufa_fp16,12000,fp16,65536.0,single lse,dv,0.00027119787102916545,0.0008196298317265199,14,0.0013809296083821033
l_kohakufa_fp16,13000,bf16,1.0,all three,dk,0.01813115252507562,0.057014702322735734,12,0.06222104855258893
l_kohakufa_fp16,13000,bf16,1.0,all three,dq,0.012201178228763015,0.1254405173318232,1,0.19386610135745538
l_kohakufa_fp16,13000,bf16,1.0,all three,dv,0.003035648061814671,0.011266803308489498,14,0.0228245980390068
l_kohakufa_fp16,13000,bf16,1.0,cudnn,dk,0.018178286215307093,0.056797365252989666,12,0.0627739925939166
l_kohakufa_fp16,13000,bf16,1.0,cudnn,dq,0.012231165386719119,0.12585529512265006,1,0.19339787579310105
l_kohakufa_fp16,13000,bf16,1.0,cudnn,dv,0.003463311327895219,0.011385282555214548,14,0.02258602660824234
l_kohakufa_fp16,13000,bf16,1.0,efficient,dk,0.018497057287963643,0.05747583468936967,12,0.0627739925939166
l_kohakufa_fp16,13000,bf16,1.0,efficient,dq,0.012304352337590137,0.12557751710913437,1,0.19339787579310105
l_kohakufa_fp16,13000,bf16,1.0,efficient,dv,0.003464720646560628,0.011385404625822168,14,0.02258602660824234
l_kohakufa_fp16,13000,bf16,1.0,fa4,dk,0.018341435126123063,0.05838912175248707,12,0.0627739925939166
l_kohakufa_fp16,13000,bf16,1.0,fa4,dq,0.012421498843003843,0.12577987346914063,1,0.19339787579310105
l_kohakufa_fp16,13000,bf16,1.0,fa4,dv,0.0034640777619276645,0.011385374728223225,14,0.02258602660824234
l_kohakufa_fp16,13000,bf16,1.0,flex,dk,0.018194569423160493,0.05704281203461924,12,0.0627739925939166
l_kohakufa_fp16,13000,bf16,1.0,flex,dq,0.012374683485559023,0.12596036013892772,1,0.19339787579310105
l_kohakufa_fp16,13000,bf16,1.0,flex,dv,0.0034633453327357197,0.011385387636403134,14,0.02258602660824234
l_kohakufa_fp16,13000,bf16,1.0,floor,dk,0.01813099230320306,0.056954462677715346,12,0.06216272429776867
l_kohakufa_fp16,13000,bf16,1.0,floor,dq,0.012201140900128467,0.1258348011681198,1,0.19386610135745538
l_kohakufa_fp16,13000,bf16,1.0,floor,dv,0.003035622629323392,0.011266782457370892,14,0.0228245980390068
l_kohakufa_fp16,13000,bf16,1.0,kohakufa,dk,0.018498342041957393,0.05746922201425527,12,0.0627739925939166
l_kohakufa_fp16,13000,bf16,1.0,kohakufa,dq,0.012304315888503874,0.1256065829932887,1,0.19339787579310105
l_kohakufa_fp16,13000,bf16,1.0,kohakufa,dv,0.0034641555000169298,0.011385375435097565,14,0.02258602660824234
l_kohakufa_fp16,13000,bf16,1.0,scale*dS,dk,0.01813099230320306,0.056954462677715346,12,0.06216272429776867
l_kohakufa_fp16,13000,bf16,1.0,scale*dS,dq,0.012201140900128467,0.1258348011681198,1,0.19386610135745538
l_kohakufa_fp16,13000,bf16,1.0,scale*dS,dv,0.003035622629323392,0.011266782457370892,14,0.0228245980390068
l_kohakufa_fp16,13000,bf16,1.0,scale-shift,dk,0.018131174739208996,0.05701470169958607,12,0.06222104855258893
l_kohakufa_fp16,13000,bf16,1.0,scale-shift,dq,0.012201156762717323,0.12543833454078995,1,0.19386610135745538
l_kohakufa_fp16,13000,bf16,1.0,scale-shift,dv,0.0030356037036613,0.011266782531800374,14,0.0228245980390068
l_kohakufa_fp16,13000,bf16,1.0,single lse,dk,0.018130970199137914,0.056954462598059384,12,0.06216272429776867
l_kohakufa_fp16,13000,bf16,1.0,single lse,dq,0.01220120172558609,0.12583630635887605,1,0.19386610135745538
l_kohakufa_fp16,13000,bf16,1.0,single lse,dv,0.0030356718336798914,0.01126680684376715,14,0.0228245980390068
l_kohakufa_fp16,13000,fp16,65536.0,all three,dk,0.005045242758720007,0.011020775922631133,12,0.00712133084191987
l_kohakufa_fp16,13000,fp16,65536.0,all three,dq,0.0036619887630689575,0.025416401933337603,1,0.031660125446869136
l_kohakufa_fp16,13000,fp16,65536.0,all three,dv,0.00037921965332938086,0.001778167299899546,14,0.004211056067330973
l_kohakufa_fp16,13000,fp16,65536.0,cudnn,dk,0.004996234559516029,0.010966359510681851,12,0.007145277399034105
l_kohakufa_fp16,13000,fp16,65536.0,cudnn,dq,0.0036731240988726,0.0306362701756853,1,0.03103340700988853
l_kohakufa_fp16,13000,fp16,65536.0,cudnn,dv,0.00043215160861894434,0.0017992602460231437,14,0.004231673393332512
l_kohakufa_fp16,13000,fp16,65536.0,efficient,dk,0.005052098049114681,0.011011805718905171,12,0.007145277399034105
l_kohakufa_fp16,13000,fp16,65536.0,efficient,dq,0.0036918880592931393,0.02307707587560746,1,0.029513164114363333
l_kohakufa_fp16,13000,fp16,65536.0,efficient,dv,0.0004303403559951328,0.0017994609890922928,14,0.004231673393332512
l_kohakufa_fp16,13000,fp16,65536.0,fa4,dk,0.003170915870375757,0.01151589741349155,1,0.009708977622255288
l_kohakufa_fp16,13000,fp16,65536.0,fa4,dq,0.001862103606613078,0.03481390913136011,1,0.03103340700988853
l_kohakufa_fp16,13000,fp16,65536.0,fa4,dv,0.00043235704724585525,0.001799807476249393,14,0.004231673393332512
l_kohakufa_fp16,13000,fp16,65536.0,flex,dk,0.0031300391833429296,0.010376330169312865,12,0.007112456553144894
l_kohakufa_fp16,13000,fp16,65536.0,flex,dq,0.001890854074575298,0.023922422319792178,1,0.03094653598728709
l_kohakufa_fp16,13000,fp16,65536.0,flex,dv,0.0004332107265123225,0.0017995640517228012,14,0.004231673393332512
l_kohakufa_fp16,13000,fp16,65536.0,floor,dk,0.003127831553611042,0.01040786530637993,12,0.00711585702835833
l_kohakufa_fp16,13000,fp16,65536.0,floor,dq,0.0018835126357846942,0.024236261416651812,1,0.03174427644782784
l_kohakufa_fp16,13000,fp16,65536.0,floor,dv,0.00037882275561481124,0.0017795870476870672,14,0.004211056067330973
l_kohakufa_fp16,13000,fp16,65536.0,kohakufa,dk,0.003159835212955014,0.010372873781879573,12,0.007112456553144894
l_kohakufa_fp16,13000,fp16,65536.0,kohakufa,dq,0.0020375568968480297,0.024329752460874203,1,0.03175009294635041
l_kohakufa_fp16,13000,fp16,65536.0,kohakufa,dv,0.00043223480127607596,0.0017994068426946653,14,0.004231673393332512
l_kohakufa_fp16,13000,fp16,65536.0,scale*dS,dk,0.004996924686557606,0.011046940545901442,12,0.00712133084191987
l_kohakufa_fp16,13000,fp16,65536.0,scale*dS,dq,0.0036680625543016334,0.024285251025288983,1,0.03174979602390988
l_kohakufa_fp16,13000,fp16,65536.0,scale*dS,dv,0.00037882275561481124,0.0017795870476870672,14,0.004211056067330973
l_kohakufa_fp16,13000,fp16,65536.0,scale-shift,dk,0.0031278192249391684,0.01038100188988079,12,0.00711585702835833
l_kohakufa_fp16,13000,fp16,65536.0,scale-shift,dq,0.0018828756224369347,0.025352204131940104,1,0.0316546058707871
l_kohakufa_fp16,13000,fp16,65536.0,scale-shift,dv,0.0003787234944150014,0.0017797195465277965,14,0.004211056067330973
l_kohakufa_fp16,13000,fp16,65536.0,single lse,dk,0.0031278349053770337,0.01040799215434501,12,0.00711585702835833
l_kohakufa_fp16,13000,fp16,65536.0,single lse,dq,0.0018835660755101994,0.02425049659382497,1,0.03174427644782784
l_kohakufa_fp16,13000,fp16,65536.0,single lse,dv,0.00037875964217271545,0.0017795651320629102,14,0.004211056067330973
l_kohakufa_fp16,14000,bf16,1.0,all three,dk,0.01582657797844225,0.03923808519471165,12,0.05415598886475167
l_kohakufa_fp16,14000,bf16,1.0,all three,dq,0.010459826040951211,0.0654029403166569,1,0.07181667864426078
l_kohakufa_fp16,14000,bf16,1.0,all three,dv,0.0024337439707932595,0.007277209663706749,14,0.013662304975061532
l_kohakufa_fp16,14000,bf16,1.0,cudnn,dk,0.015937014411962953,0.03935860891347339,12,0.05421126099678208
l_kohakufa_fp16,14000,bf16,1.0,cudnn,dq,0.01057117917280312,0.06568888463266181,1,0.07163100936365555
l_kohakufa_fp16,14000,bf16,1.0,cudnn,dv,0.0030111647406664927,0.0074818591736586434,14,0.015139626795045606
l_kohakufa_fp16,14000,bf16,1.0,efficient,dk,0.016160285442918212,0.03961874751912259,12,0.05421126099678208
l_kohakufa_fp16,14000,bf16,1.0,efficient,dq,0.010576915709174562,0.06536777919395707,1,0.07163100936365555
l_kohakufa_fp16,14000,bf16,1.0,efficient,dv,0.0030112538342644303,0.00748126327193391,14,0.015139626795045606
l_kohakufa_fp16,14000,bf16,1.0,fa4,dk,0.015971349341312262,0.03999801045147395,12,0.05421126099678208
l_kohakufa_fp16,14000,bf16,1.0,fa4,dq,0.011175503430119837,0.06550647136387137,1,0.07163100936365555
l_kohakufa_fp16,14000,bf16,1.0,fa4,dv,0.0030112846322315036,0.007481302547511735,14,0.015139626795045606
l_kohakufa_fp16,14000,bf16,1.0,flex,dk,0.015912135998357616,0.03931016963089793,12,0.05421126099678208
l_kohakufa_fp16,14000,bf16,1.0,flex,dq,0.010567779109671898,0.06540750602689899,1,0.07163100936365555
l_kohakufa_fp16,14000,bf16,1.0,flex,dv,0.003011318221762532,0.007481449420436556,14,0.015139626795045606
l_kohakufa_fp16,14000,bf16,1.0,floor,dk,0.015831619945216754,0.0392353450973349,12,0.05415598886475167
l_kohakufa_fp16,14000,bf16,1.0,floor,dq,0.010459843430873885,0.06535062223218402,1,0.07181667864426078
l_kohakufa_fp16,14000,bf16,1.0,floor,dv,0.002433743975344532,0.007277209742724576,14,0.013662304975061532
l_kohakufa_fp16,14000,bf16,1.0,kohakufa,dk,0.01613883526557313,0.03961896760699122,12,0.05421126099678208
l_kohakufa_fp16,14000,bf16,1.0,kohakufa,dq,0.010576921084702042,0.06540365300462213,1,0.07163100936365555
l_kohakufa_fp16,14000,bf16,1.0,kohakufa,dv,0.0030112796816931285,0.007481243432009766,14,0.015139626795045606
l_kohakufa_fp16,14000,bf16,1.0,scale*dS,dk,0.015831619945216754,0.0392353450973349,12,0.05415598886475167
l_kohakufa_fp16,14000,bf16,1.0,scale*dS,dq,0.010459843430873885,0.06535062223218402,1,0.07181667864426078
l_kohakufa_fp16,14000,bf16,1.0,scale*dS,dv,0.002433743975344532,0.007277209742724576,14,0.013662304975061532
l_kohakufa_fp16,14000,bf16,1.0,scale-shift,dk,0.015826577230462963,0.03923767502534255,12,0.05415598886475167
l_kohakufa_fp16,14000,bf16,1.0,scale-shift,dq,0.010459826413527896,0.06540288640631815,1,0.07181667864426078
l_kohakufa_fp16,14000,bf16,1.0,scale-shift,dv,0.002433743402379073,0.0072774288761368044,14,0.013662304975061532
l_kohakufa_fp16,14000,bf16,1.0,single lse,dk,0.015831619927920027,0.03923534683561018,12,0.05415598886475167
l_kohakufa_fp16,14000,bf16,1.0,single lse,dq,0.010459843105762331,0.06535063021473574,1,0.07181667864426078
l_kohakufa_fp16,14000,bf16,1.0,single lse,dv,0.0024340480859431054,0.00727721022881877,14,0.013662304975061532
l_kohakufa_fp16,14000,fp16,65536.0,all three,dk,0.008034591165321995,0.020616710800143705,5,0.0027318679523064666
l_kohakufa_fp16,14000,fp16,65536.0,all three,dq,0.005596899021838069,0.011306274474728227,1,0.009288654158274685
l_kohakufa_fp16,14000,fp16,65536.0,all three,dv,0.0003144994599151901,0.001086928751088892,14,0.002584950737176392
l_kohakufa_fp16,14000,fp16,65536.0,cudnn,dk,0.008078696077400376,0.02062117985270684,5,0.002731995856644511
l_kohakufa_fp16,14000,fp16,65536.0,cudnn,dq,0.005599622123041218,0.011196511619473225,5,0.0020514303275453063
l_kohakufa_fp16,14000,fp16,65536.0,cudnn,dv,0.0003754533406986686,0.0011036405135442463,14,0.0026669403559293884
l_kohakufa_fp16,14000,fp16,65536.0,efficient,dk,0.00812863160840566,0.02062608706523004,5,0.002731995856644511
l_kohakufa_fp16,14000,fp16,65536.0,efficient,dq,0.005590178308656827,0.01120452358390654,5,0.0020514303275453063
l_kohakufa_fp16,14000,fp16,65536.0,efficient,dv,0.00037567389277040386,0.0011055804717011325,14,0.0026669403559293884
l_kohakufa_fp16,14000,fp16,65536.0,fa4,dk,0.002610586253573027,0.007914378249731489,12,0.012651505967179517
l_kohakufa_fp16,14000,fp16,65536.0,fa4,dq,0.0017190780349714278,0.010345138763522513,1,0.011918256612115447
l_kohakufa_fp16,14000,fp16,65536.0,fa4,dv,0.00037547411640427564,0.0011033985750470258,14,0.0026669403559293884
l_kohakufa_fp16,14000,fp16,65536.0,flex,dk,0.0027201262460904824,0.007953036645562283,12,0.012651505967179517
l_kohakufa_fp16,14000,fp16,65536.0,flex,dq,0.001704267646705277,0.010011895502697899,1,0.011918256612115447
l_kohakufa_fp16,14000,fp16,65536.0,flex,dv,0.00037574431249640957,0.0011040209038682153,14,0.0026669403559293884
l_kohakufa_fp16,14000,fp16,65536.0,floor,dk,0.0027301559210656475,0.008024166954482348,12,0.012648698661945847
l_kohakufa_fp16,14000,fp16,65536.0,floor,dq,0.0016321852040036848,0.010012412011363285,1,0.011918543083596108
l_kohakufa_fp16,14000,fp16,65536.0,floor,dv,0.00031443305964520347,0.0010868622996422345,14,0.002584950737176392
l_kohakufa_fp16,14000,fp16,65536.0,kohakufa,dk,0.0027795851762347067,0.007994512878035367,12,0.012651505967179517
l_kohakufa_fp16,14000,fp16,65536.0,kohakufa,dq,0.001735747022772579,0.010057076321468334,1,0.011918256612115447
l_kohakufa_fp16,14000,fp16,65536.0,kohakufa,dv,0.00037547781474812106,0.001104402873964825,14,0.0026669403559293884
l_kohakufa_fp16,14000,fp16,65536.0,scale*dS,dk,0.008098078390278643,0.0206167790299922,5,0.0027318679523064666
l_kohakufa_fp16,14000,fp16,65536.0,scale*dS,dq,0.005597968339679296,0.01118761880347789,5,0.002053945519052644
l_kohakufa_fp16,14000,fp16,65536.0,scale*dS,dv,0.00031443305964520347,0.0010868622996422345,14,0.002584950737176392
l_kohakufa_fp16,14000,fp16,65536.0,scale-shift,dk,0.0027166505118450764,0.008027363260532877,12,0.012648698661945847
l_kohakufa_fp16,14000,fp16,65536.0,scale-shift,dq,0.0016328334608573837,0.01098835870611353,1,0.009288654158274685
l_kohakufa_fp16,14000,fp16,65536.0,scale-shift,dv,0.0003144767060618763,0.0010868619084757932,14,0.002584950737176392
l_kohakufa_fp16,14000,fp16,65536.0,single lse,dk,0.002730153591379186,0.008024128702622584,12,0.012648698661945847
l_kohakufa_fp16,14000,fp16,65536.0,single lse,dq,0.0016322146712838314,0.010013257527624317,1,0.011918543083596108
l_kohakufa_fp16,14000,fp16,65536.0,single lse,dv,0.00031448016527464966,0.0010869296265731414,14,0.002584950737176392
l_kohakufa_fp16,15000,bf16,1.0,all three,dk,0.01514497435063775,0.034967023968165194,10,0.04679507856319812
l_kohakufa_fp16,15000,bf16,1.0,all three,dq,0.011013594534433015,0.04232456255332483,1,0.05099669053762913
l_kohakufa_fp16,15000,bf16,1.0,all three,dv,0.0023002027744359315,0.006211623161421976,16,0.01257804675358151
l_kohakufa_fp16,15000,bf16,1.0,cudnn,dk,0.015068612363771824,0.03483077962561483,10,0.046802037697561326
l_kohakufa_fp16,15000,bf16,1.0,cudnn,dq,0.011285216660902047,0.042678658921881746,1,0.05099338204007594
l_kohakufa_fp16,15000,bf16,1.0,cudnn,dv,0.002838869735265466,0.0063570141831886745,16,0.012491882126787316
l_kohakufa_fp16,15000,bf16,1.0,efficient,dk,0.014963946710542131,0.03501340171952301,10,0.04661120469678731
l_kohakufa_fp16,15000,bf16,1.0,efficient,dq,0.011605539848078012,0.04208858043892571,1,0.05099338204007594
l_kohakufa_fp16,15000,bf16,1.0,efficient,dv,0.0028385722145070308,0.006356153304803103,16,0.012491882126787316
l_kohakufa_fp16,15000,bf16,1.0,fa4,dk,0.015065261312786274,0.03589418259591675,2,0.07678373937551101
l_kohakufa_fp16,15000,bf16,1.0,fa4,dq,0.015587027359286255,0.04310794230291475,1,0.05099338204007594
l_kohakufa_fp16,15000,bf16,1.0,fa4,dv,0.002839141316107029,0.00635577394872233,16,0.012491882126787316
l_kohakufa_fp16,15000,bf16,1.0,flex,dk,0.01500108378086757,0.034846168850437426,10,0.046802037697561326
l_kohakufa_fp16,15000,bf16,1.0,flex,dq,0.011228324854172782,0.0424078267402504,1,0.05099338204007594
l_kohakufa_fp16,15000,bf16,1.0,flex,dv,0.0028391410147740946,0.006356165209525494,16,0.012491882126787316
l_kohakufa_fp16,15000,bf16,1.0,floor,dk,0.01511479622889649,0.03482758591591545,10,0.04679507856319812
l_kohakufa_fp16,15000,bf16,1.0,floor,dq,0.011015489954364781,0.042364438410651795,1,0.05099669053762913
l_kohakufa_fp16,15000,bf16,1.0,floor,dv,0.0023000563975517484,0.0062117974131603824,16,0.01257804675358151
l_kohakufa_fp16,15000,bf16,1.0,kohakufa,dk,0.015115495771494469,0.03501381028923086,10,0.04661120469678731
l_kohakufa_fp16,15000,bf16,1.0,kohakufa,dq,0.011605554049014647,0.04212221623183884,1,0.05099338204007594
l_kohakufa_fp16,15000,bf16,1.0,kohakufa,dv,0.002838893100354297,0.006356156586586621,16,0.012491882126787316
l_kohakufa_fp16,15000,bf16,1.0,scale*dS,dk,0.01511479622889649,0.03482758591591545,10,0.04679507856319812
l_kohakufa_fp16,15000,bf16,1.0,scale*dS,dq,0.011015489954364781,0.042364438410651795,1,0.05099669053762913
l_kohakufa_fp16,15000,bf16,1.0,scale*dS,dv,0.0023000563975517484,0.0062117974131603824,16,0.01257804675358151
l_kohakufa_fp16,15000,bf16,1.0,scale-shift,dk,0.015143354273052072,0.03496698979718352,10,0.04679507856319812
l_kohakufa_fp16,15000,bf16,1.0,scale-shift,dq,0.01101411599429258,0.04232316811724012,1,0.05099669053762913
l_kohakufa_fp16,15000,bf16,1.0,scale-shift,dv,0.0023000570323690674,0.006211804672925093,16,0.01257804675358151
l_kohakufa_fp16,15000,bf16,1.0,single lse,dk,0.015116203133517076,0.03482758575894521,10,0.04679507856319812
l_kohakufa_fp16,15000,bf16,1.0,single lse,dq,0.011014968838638497,0.04236653882291273,1,0.05099669053762913
l_kohakufa_fp16,15000,bf16,1.0,single lse,dv,0.002300057228685123,0.0062126706441472486,16,0.01257804675358151
l_kohakufa_fp16,15000,fp16,65536.0,all three,dk,0.0040453887542040625,0.013732548542858729,5,0.0026453306127857948
l_kohakufa_fp16,15000,fp16,65536.0,all three,dq,0.004270990320249238,0.007971933378743534,13,0.009227765262846691
l_kohakufa_fp16,15000,fp16,65536.0,all three,dv,0.00029200224976070634,0.0009032788631909756,14,0.001571305209976905
l_kohakufa_fp16,15000,fp16,65536.0,cudnn,dk,0.004006130212387826,0.013740919290424909,5,0.0026476265457876613
l_kohakufa_fp16,15000,fp16,65536.0,cudnn,dq,0.004285383548867618,0.007979857375926352,13,0.009227848398414172
l_kohakufa_fp16,15000,fp16,65536.0,cudnn,dv,0.00036204455115144697,0.0009163543260076859,16,0.0025789814727269693
l_kohakufa_fp16,15000,fp16,65536.0,efficient,dk,0.004003759785227105,0.013740340471928294,5,0.0026476265457876613
l_kohakufa_fp16,15000,fp16,65536.0,efficient,dq,0.0042761291615679145,0.00797290150735761,13,0.009156019268110802
l_kohakufa_fp16,15000,fp16,65536.0,efficient,dv,0.0003641152402217512,0.0009165370459356981,16,0.0025789814727269693
l_kohakufa_fp16,15000,fp16,65536.0,fa4,dk,0.0021004775461100716,0.0056630968288481215,12,0.004916627781920766
l_kohakufa_fp16,15000,fp16,65536.0,fa4,dq,0.001753585977219494,0.0069415980621278395,12,0.006021587428124115
l_kohakufa_fp16,15000,fp16,65536.0,fa4,dv,0.0003592894501891165,0.0009167090074537517,16,0.0025789814727269693
l_kohakufa_fp16,15000,fp16,65536.0,flex,dk,0.0016038872585946366,0.005515639663729163,12,0.004916627781920766
l_kohakufa_fp16,15000,fp16,65536.0,flex,dq,0.001966014874513559,0.006726137427572561,12,0.006021587428124115
l_kohakufa_fp16,15000,fp16,65536.0,flex,dv,0.000363436551007883,0.0009161351883795721,16,0.0025789814727269693
l_kohakufa_fp16,15000,fp16,65536.0,floor,dk,0.0016323021457870003,0.0054995107733953955,12,0.004913792433078228
l_kohakufa_fp16,15000,fp16,65536.0,floor,dq,0.001949183984478753,0.006716999763585119,12,0.006017604658014134
l_kohakufa_fp16,15000,fp16,65536.0,floor,dv,0.0002919331884384538,0.0009030264865002292,14,0.001571305209976905
l_kohakufa_fp16,15000,fp16,65536.0,kohakufa,dk,0.0016186698235107905,0.0055281860270215396,12,0.004916627781920766
l_kohakufa_fp16,15000,fp16,65536.0,kohakufa,dq,0.0019322340024330686,0.0067348571308300745,12,0.006021587428124115
l_kohakufa_fp16,15000,fp16,65536.0,kohakufa,dv,0.0003603832236552673,0.0009163795493297968,16,0.0025789814727269693
l_kohakufa_fp16,15000,fp16,65536.0,scale*dS,dk,0.0040443752750343835,0.013732231356666335,5,0.0026453306127857948
l_kohakufa_fp16,15000,fp16,65536.0,scale*dS,dq,0.004271213481145029,0.007964231289642637,13,0.009227765262846691
l_kohakufa_fp16,15000,fp16,65536.0,scale*dS,dv,0.0002919331884384538,0.0009030264865002292,14,0.001571305209976905
l_kohakufa_fp16,15000,fp16,65536.0,scale-shift,dk,0.0021733341148957633,0.005512122067536572,12,0.004913792433078228
l_kohakufa_fp16,15000,fp16,65536.0,scale-shift,dq,0.0019490631400756733,0.00730953945749562,1,0.00401595829566064
l_kohakufa_fp16,15000,fp16,65536.0,scale-shift,dv,0.00029197202360437506,0.0009032784296092887,14,0.001571305209976905
l_kohakufa_fp16,15000,fp16,65536.0,single lse,dk,0.0016322967104171384,0.0054994852630287135,12,0.004913792433078228
l_kohakufa_fp16,15000,fp16,65536.0,single lse,dq,0.0019491703347310867,0.006717043421760948,12,0.006017604658014134
l_kohakufa_fp16,15000,fp16,65536.0,single lse,dv,0.00029200039723163544,0.0009024566904139115,14,0.001571305209976905
l_kohakufa_fp16,16000,bf16,1.0,all three,dk,0.015483006833842348,0.038855239862049334,16,0.09323174106810903
l_kohakufa_fp16,16000,bf16,1.0,all three,dq,0.013362704536022259,0.038083822077784345,12,0.03648150626010676
l_kohakufa_fp16,16000,bf16,1.0,all three,dv,0.002543456431885734,0.009942471644429763,14,0.017998316333815212
l_kohakufa_fp16,16000,bf16,1.0,cudnn,dk,0.015588123700121694,0.03888286341488607,16,0.09347191623835302
l_kohakufa_fp16,16000,bf16,1.0,cudnn,dq,0.013441683100604724,0.03824874684693464,12,0.03650506733124734
l_kohakufa_fp16,16000,bf16,1.0,cudnn,dv,0.003090228615745044,0.010043007218440292,14,0.016862987194844352
l_kohakufa_fp16,16000,bf16,1.0,efficient,dk,0.015822265260044207,0.03899289343765367,16,0.09371202546062947
l_kohakufa_fp16,16000,bf16,1.0,efficient,dq,0.013409723721359366,0.038148534070721586,12,0.03650506733124734
l_kohakufa_fp16,16000,bf16,1.0,efficient,dv,0.003090274934864079,0.010043431437139814,14,0.016862987194844352
l_kohakufa_fp16,16000,bf16,1.0,fa4,dk,0.015542809342469266,0.03910847124107381,14,0.05074106431757486
l_kohakufa_fp16,16000,bf16,1.0,fa4,dq,0.01256368295401238,0.04125210562420519,12,0.04845565246660971
l_kohakufa_fp16,16000,bf16,1.0,fa4,dv,0.003090231071719336,0.010034158754645896,14,0.016862987194844352
l_kohakufa_fp16,16000,bf16,1.0,flex,dk,0.015584077867255288,0.03886643406437791,16,0.09323180701607657
l_kohakufa_fp16,16000,bf16,1.0,flex,dq,0.013440014219673693,0.03822792913825519,12,0.03650506733124734
l_kohakufa_fp16,16000,bf16,1.0,flex,dv,0.0030905669409642504,0.010042809177783241,14,0.016862987194844352
l_kohakufa_fp16,16000,bf16,1.0,floor,dk,0.015487829855478618,0.03885770187023075,16,0.09325518923434696
l_kohakufa_fp16,16000,bf16,1.0,floor,dq,0.013335667519494354,0.03819833422804487,12,0.03648150626010676
l_kohakufa_fp16,16000,bf16,1.0,floor,dv,0.002543454631420576,0.009942414795230305,14,0.017998316333815212
l_kohakufa_fp16,16000,bf16,1.0,kohakufa,dk,0.015834954894738226,0.03897773557272007,16,0.09371202546062947
l_kohakufa_fp16,16000,bf16,1.0,kohakufa,dq,0.013409850299413332,0.03814830190427761,12,0.03650506733124734
l_kohakufa_fp16,16000,bf16,1.0,kohakufa,dv,0.0030905719894737216,0.01004268181287467,14,0.016862987194844352
l_kohakufa_fp16,16000,bf16,1.0,scale*dS,dk,0.015487829855478618,0.03885770187023075,16,0.09325518923434696
l_kohakufa_fp16,16000,bf16,1.0,scale*dS,dq,0.013335667519494354,0.03819833422804487,12,0.03648150626010676
l_kohakufa_fp16,16000,bf16,1.0,scale*dS,dv,0.002543454631420576,0.009942414795230305,14,0.017998316333815212
l_kohakufa_fp16,16000,bf16,1.0,scale-shift,dk,0.01548296990458979,0.038855294431533606,16,0.09323174106810903
l_kohakufa_fp16,16000,bf16,1.0,scale-shift,dq,0.013362704347212807,0.03808379329360188,12,0.03648150626010676
l_kohakufa_fp16,16000,bf16,1.0,scale-shift,dv,0.0025434546830041273,0.009942471636628881,14,0.017998316333815212
l_kohakufa_fp16,16000,bf16,1.0,single lse,dk,0.015487829247926356,0.03885769263808031,16,0.09325518923434696
l_kohakufa_fp16,16000,bf16,1.0,single lse,dq,0.01333566780052753,0.03819836556789922,12,0.03648150626010676
l_kohakufa_fp16,16000,bf16,1.0,single lse,dv,0.0025434534973852807,0.009942470977788193,14,0.017998316333815212
l_kohakufa_fp16,16000,fp16,65536.0,all three,dk,0.005622148273187884,0.013951053326334908,5,0.0025861862823414617
l_kohakufa_fp16,16000,fp16,65536.0,all three,dq,0.0036399701262251763,0.011413014205888791,18,0.0031039914463635776
l_kohakufa_fp16,16000,fp16,65536.0,all three,dv,0.0003527706833510577,0.0013466960515632399,16,0.0038025804046283693
l_kohakufa_fp16,16000,fp16,65536.0,cudnn,dk,0.0056842981278569125,0.01395399685599614,5,0.002583149030885253
l_kohakufa_fp16,16000,fp16,65536.0,cudnn,dq,0.003651808951281449,0.01142224544002423,18,0.003103249237911478
l_kohakufa_fp16,16000,fp16,65536.0,cudnn,dv,0.00040786556542983065,0.0013615183561035517,16,0.0037012627842444305
l_kohakufa_fp16,16000,fp16,65536.0,efficient,dk,0.005686026560738797,0.01395820876622557,5,0.002583149030885253
l_kohakufa_fp16,16000,fp16,65536.0,efficient,dq,0.0036343140110694835,0.011417141887670196,18,0.003103249237911478
l_kohakufa_fp16,16000,fp16,65536.0,efficient,dv,0.00040781466588448465,0.001363452397290383,16,0.0037012627842444305
l_kohakufa_fp16,16000,fp16,65536.0,fa4,dk,0.0027205772391609485,0.006944256349038216,12,0.006079274934289984
l_kohakufa_fp16,16000,fp16,65536.0,fa4,dq,0.0016377725422194451,0.008018291614091991,12,0.007289533767001763
l_kohakufa_fp16,16000,fp16,65536.0,fa4,dv,0.0004080271402743708,0.0013618841671436622,16,0.0037012627842444305
l_kohakufa_fp16,16000,fp16,65536.0,flex,dk,0.002457207306092194,0.007316325192759487,12,0.006079274934289984
l_kohakufa_fp16,16000,fp16,65536.0,flex,dq,0.0015384420695958168,0.008507529314438949,12,0.007289533767001763
l_kohakufa_fp16,16000,fp16,65536.0,flex,dv,0.00040784756656297966,0.001363080889131325,16,0.0037012627842444305
l_kohakufa_fp16,16000,fp16,65536.0,floor,dk,0.0023581911445734547,0.007285722450207883,12,0.006075561667472764
l_kohakufa_fp16,16000,fp16,65536.0,floor,dq,0.0014832046242707969,0.008495054805659838,12,0.007289779164616696
l_kohakufa_fp16,16000,fp16,65536.0,floor,dv,0.00035236516339468016,0.0013465068615170137,16,0.0038025804046283693
l_kohakufa_fp16,16000,fp16,65536.0,kohakufa,dk,0.0024627397090665436,0.0073194727511254375,12,0.006079274934289984
l_kohakufa_fp16,16000,fp16,65536.0,kohakufa,dq,0.0015782337073776175,0.008509822637004422,12,0.007289533767001763
l_kohakufa_fp16,16000,fp16,65536.0,kohakufa,dv,0.0004079289764836605,0.001363201077775791,16,0.0037012627842444305
l_kohakufa_fp16,16000,fp16,65536.0,scale*dS,dk,0.005668275196225189,0.013950811359888435,5,0.0025861862823414617
l_kohakufa_fp16,16000,fp16,65536.0,scale*dS,dq,0.003628931106708296,0.011413322047034637,18,0.0031039914463635776
l_kohakufa_fp16,16000,fp16,65536.0,scale*dS,dv,0.00035236516339468016,0.0013465068615170137,16,0.0038025804046283693
l_kohakufa_fp16,16000,fp16,65536.0,scale-shift,dk,0.0024039032843668202,0.007398377105172676,12,0.006075561667472764
l_kohakufa_fp16,16000,fp16,65536.0,scale-shift,dq,0.0014831637865414247,0.008858422714025026,1,0.008473389944961541
l_kohakufa_fp16,16000,fp16,65536.0,scale-shift,dv,0.00035254130859387907,0.0013465519436588918,16,0.0038025804046283693
l_kohakufa_fp16,16000,fp16,65536.0,single lse,dk,0.0023581747827224027,0.007285723100172712,12,0.006075561667472764
l_kohakufa_fp16,16000,fp16,65536.0,single lse,dq,0.0014831728187464192,0.008495053062831721,12,0.007289779164616696
l_kohakufa_fp16,16000,fp16,65536.0,single lse,dv,0.00035276939318315,0.0013464401472054579,16,0.0038025804046283693
l_kohakufa_fp16,17000,bf16,1.0,all three,dk,0.02015115230503365,0.07165423255031073,17,0.11616610824195137
l_kohakufa_fp16,17000,bf16,1.0,all three,dq,0.017635115223938524,0.07819315067846042,1,0.1361389980019746
l_kohakufa_fp16,17000,bf16,1.0,all three,dv,0.003198796892859175,0.017175331707960793,14,0.029269066431561106
l_kohakufa_fp16,17000,bf16,1.0,cudnn,dk,0.01999695405092312,0.06956219574562139,17,0.11615686124460632
l_kohakufa_fp16,17000,bf16,1.0,cudnn,dq,0.017567823234049564,0.07826820942970601,1,0.1363713552531001
l_kohakufa_fp16,17000,bf16,1.0,cudnn,dv,0.0036206691092231847,0.017324002409249018,14,0.02927241909440771
l_kohakufa_fp16,17000,bf16,1.0,efficient,dk,0.02000979889004775,0.06987636827570418,14,0.1195333891346499
l_kohakufa_fp16,17000,bf16,1.0,efficient,dq,0.01752211955706648,0.07815656560035338,1,0.13561310779723032
l_kohakufa_fp16,17000,bf16,1.0,efficient,dv,0.003621012092809453,0.017324723507195404,14,0.02927241909440771
l_kohakufa_fp16,17000,bf16,1.0,fa4,dk,0.019964567591985064,0.08087142588359983,9,0.14445228373296182
l_kohakufa_fp16,17000,bf16,1.0,fa4,dq,0.019849850460715933,0.07847638337995094,1,0.1363713552531001
l_kohakufa_fp16,17000,bf16,1.0,fa4,dv,0.0036205036503051914,0.01732462521620425,14,0.02927241909440771
l_kohakufa_fp16,17000,bf16,1.0,flex,dk,0.020124174163259696,0.06962158491295736,17,0.11615686124460632
l_kohakufa_fp16,17000,bf16,1.0,flex,dq,0.01774010226562505,0.07823364678319283,1,0.1363713552531001
l_kohakufa_fp16,17000,bf16,1.0,flex,dv,0.00362067118063503,0.017324693031685934,14,0.02927241909440771
l_kohakufa_fp16,17000,bf16,1.0,floor,dk,0.02017230225643669,0.07166033893040961,17,0.11616841341490762
l_kohakufa_fp16,17000,bf16,1.0,floor,dq,0.017635122332220768,0.07807394125028667,1,0.1361389980019746
l_kohakufa_fp16,17000,bf16,1.0,floor,dv,0.003198030904900763,0.017175442085666025,14,0.029269066431561106
l_kohakufa_fp16,17000,bf16,1.0,kohakufa,dk,0.019948598636976102,0.06988880519989425,14,0.1195333891346499
l_kohakufa_fp16,17000,bf16,1.0,kohakufa,dq,0.017567143688758148,0.07805309762367713,1,0.13561310779723032
l_kohakufa_fp16,17000,bf16,1.0,kohakufa,dv,0.00362055530895083,0.017324739609307235,14,0.02927241909440771
l_kohakufa_fp16,17000,bf16,1.0,scale*dS,dk,0.02017230225643669,0.07166033893040961,17,0.11616841341490762
l_kohakufa_fp16,17000,bf16,1.0,scale*dS,dq,0.017635122332220768,0.07807394125028667,1,0.1361389980019746
l_kohakufa_fp16,17000,bf16,1.0,scale*dS,dv,0.003198030904900763,0.017175442085666025,14,0.029269066431561106
l_kohakufa_fp16,17000,bf16,1.0,scale-shift,dk,0.020149607181979067,0.07165423453020743,17,0.11616610824195137
l_kohakufa_fp16,17000,bf16,1.0,scale-shift,dq,0.017635098232311894,0.07819322116565695,1,0.1361389980019746
l_kohakufa_fp16,17000,bf16,1.0,scale-shift,dv,0.003198103212742819,0.017175442085868187,14,0.029269066431561106
l_kohakufa_fp16,17000,bf16,1.0,single lse,dk,0.020169988837002547,0.07165991235790509,17,0.11616610824195137
l_kohakufa_fp16,17000,bf16,1.0,single lse,dq,0.017635141615235064,0.07809897801223453,1,0.1361389980019746
l_kohakufa_fp16,17000,bf16,1.0,single lse,dv,0.003198240882969662,0.01717533192179471,14,0.029269066431561106
l_kohakufa_fp16,17000,fp16,65536.0,all three,dk,0.00819844836400223,0.01706265278834066,5,0.002012075098662445
l_kohakufa_fp16,17000,fp16,65536.0,all three,dq,0.004258729487401103,0.01641914021181747,1,0.022094277717617645
l_kohakufa_fp16,17000,fp16,65536.0,all three,dv,0.00043781825312009647,0.0020385402289964647,16,0.0038543950388652813
l_kohakufa_fp16,17000,fp16,65536.0,cudnn,dk,0.008190629999684996,0.017066656836115406,5,0.0020147650388982114
l_kohakufa_fp16,17000,fp16,65536.0,cudnn,dq,0.00425637514794593,0.014664464432634935,1,0.022096306370522907
l_kohakufa_fp16,17000,fp16,65536.0,cudnn,dv,0.0004861766681796166,0.0020618951098005547,16,0.003937146119040207
l_kohakufa_fp16,17000,fp16,65536.0,efficient,dk,0.00820822872269835,0.01707061165432155,5,0.0020147650388982114
l_kohakufa_fp16,17000,fp16,65536.0,efficient,dq,0.0042584361347493644,0.013816040710607248,1,0.022096306370522907
l_kohakufa_fp16,17000,fp16,65536.0,efficient,dv,0.00048666461979464425,0.002059052851598392,16,0.003937146119040207
l_kohakufa_fp16,17000,fp16,65536.0,fa4,dk,0.004126107818394083,0.009326773223446275,10,0.010779958305681445
l_kohakufa_fp16,17000,fp16,65536.0,fa4,dq,0.0027895035139759734,0.014211199686289148,1,0.022096306370522907
l_kohakufa_fp16,17000,fp16,65536.0,fa4,dv,0.00048665932592799674,0.00205572173591869,16,0.003937146119040207
l_kohakufa_fp16,17000,fp16,65536.0,flex,dk,0.004136208813110275,0.00912887500224208,12,0.008444671504671947
l_kohakufa_fp16,17000,fp16,65536.0,flex,dq,0.0026215699016127665,0.013763749171574908,1,0.022096306370522907
l_kohakufa_fp16,17000,fp16,65536.0,flex,dv,0.0004867868678082358,0.002060143287850765,16,0.003937146119040207
l_kohakufa_fp16,17000,fp16,65536.0,floor,dk,0.0041267426094346825,0.008821544796886176,12,0.008432326012502376
l_kohakufa_fp16,17000,fp16,65536.0,floor,dq,0.002615979207057762,0.013699107501975151,1,0.022093940569336515
l_kohakufa_fp16,17000,fp16,65536.0,floor,dv,0.0004378025308403212,0.0020397324364641377,16,0.0038543950388652813
l_kohakufa_fp16,17000,fp16,65536.0,kohakufa,dk,0.004120871820443432,0.00910571833332638,12,0.008444671504671947
l_kohakufa_fp16,17000,fp16,65536.0,kohakufa,dq,0.0026209530493315715,0.013640695034682408,1,0.022096306370522907
l_kohakufa_fp16,17000,fp16,65536.0,kohakufa,dv,0.0004862581110121347,0.002060335605296625,16,0.003937146119040207
l_kohakufa_fp16,17000,fp16,65536.0,scale*dS,dk,0.008195770358278936,0.017062553602360253,5,0.002012075098662445
l_kohakufa_fp16,17000,fp16,65536.0,scale*dS,dq,0.0042587043053069285,0.013871171911675475,1,0.02209390887163487
l_kohakufa_fp16,17000,fp16,65536.0,scale*dS,dv,0.0004378025308403212,0.0020397324364641377,16,0.0038543950388652813
l_kohakufa_fp16,17000,fp16,65536.0,scale-shift,dk,0.0041307937469930505,0.00867479419218468,12,0.008432326012502376
l_kohakufa_fp16,17000,fp16,65536.0,scale-shift,dq,0.002616553312543646,0.01626871643020274,1,0.022093940569336515
l_kohakufa_fp16,17000,fp16,65536.0,scale-shift,dv,0.0004377434677058071,0.002038676140893432,16,0.0038543950388652813
l_kohakufa_fp16,17000,fp16,65536.0,single lse,dk,0.004126744987889492,0.008821520523053973,12,0.008432326012502376
l_kohakufa_fp16,17000,fp16,65536.0,single lse,dq,0.0026159809822026603,0.01369829367080783,1,0.02209430941531929
l_kohakufa_fp16,17000,fp16,65536.0,single lse,dv,0.00043784080812592414,0.002039875100167243,16,0.0038543950388652813
l_kohakufa_fp16,18000,bf16,1.0,all three,dk,0.016267904307309202,0.04410356459288947,12,0.036314758050842486
l_kohakufa_fp16,18000,bf16,1.0,all three,dq,0.011287639547237821,0.03838845174091514,1,0.041499916653564214
l_kohakufa_fp16,18000,bf16,1.0,all three,dv,0.002715888176503365,0.009927954908297894,16,0.03265255812079636
l_kohakufa_fp16,18000,bf16,1.0,cudnn,dk,0.01636430602982555,0.0441693864487691,12,0.03627563127019893
l_kohakufa_fp16,18000,bf16,1.0,cudnn,dq,0.011390454339712919,0.037698741242969264,1,0.04153892721115369
l_kohakufa_fp16,18000,bf16,1.0,cudnn,dv,0.0031340603782954173,0.01009578585736661,16,0.03280600533850618
l_kohakufa_fp16,18000,bf16,1.0,efficient,dk,0.016429598747252198,0.04435480471602544,12,0.03627563127019893
l_kohakufa_fp16,18000,bf16,1.0,efficient,dq,0.01153506968682642,0.03561622486289396,12,0.026472429867813816
l_kohakufa_fp16,18000,bf16,1.0,efficient,dv,0.0031380632864636527,0.010063405631624963,16,0.03280600533850618
l_kohakufa_fp16,18000,bf16,1.0,fa4,dk,0.016260945805478117,0.04350158254570033,12,0.03627563127019893
l_kohakufa_fp16,18000,bf16,1.0,fa4,dq,0.01508344733490112,0.03800806982436827,1,0.04153892721115369
l_kohakufa_fp16,18000,bf16,1.0,fa4,dv,0.003137965559157757,0.010095880773016527,16,0.03280600533850618
l_kohakufa_fp16,18000,bf16,1.0,flex,dk,0.016382020347308474,0.04412833681335156,12,0.03627563127019893
l_kohakufa_fp16,18000,bf16,1.0,flex,dq,0.011396099225260055,0.03774062421672055,1,0.04153892721115369
l_kohakufa_fp16,18000,bf16,1.0,flex,dv,0.0031378394272877958,0.010063374401856237,16,0.03280600533850618
l_kohakufa_fp16,18000,bf16,1.0,floor,dk,0.01626783997249725,0.04409995117060175,12,0.036314758050842486
l_kohakufa_fp16,18000,bf16,1.0,floor,dq,0.011287189518766524,0.038325511685584575,1,0.041499916653564214
l_kohakufa_fp16,18000,bf16,1.0,floor,dv,0.0027158885962053785,0.009909339157762124,16,0.03265255812079636
l_kohakufa_fp16,18000,bf16,1.0,kohakufa,dk,0.016429661000506995,0.04422230088302072,12,0.03627563127019893
l_kohakufa_fp16,18000,bf16,1.0,kohakufa,dq,0.011536115207074942,0.03745587763138522,1,0.04153892721115369
l_kohakufa_fp16,18000,bf16,1.0,kohakufa,dv,0.0031380238624885474,0.010063323847346218,16,0.03280600533850618
l_kohakufa_fp16,18000,bf16,1.0,scale*dS,dk,0.01626783997249725,0.04409995117060175,12,0.036314758050842486
l_kohakufa_fp16,18000,bf16,1.0,scale*dS,dq,0.011287189518766524,0.038325511685584575,1,0.041499916653564214
l_kohakufa_fp16,18000,bf16,1.0,scale*dS,dv,0.0027158885962053785,0.009909339157762124,16,0.03265255812079636
l_kohakufa_fp16,18000,bf16,1.0,scale-shift,dk,0.016267913184661097,0.044103778546052665,12,0.036314758050842486
l_kohakufa_fp16,18000,bf16,1.0,scale-shift,dq,0.01128763953863335,0.03838841609390639,1,0.041499916653564214
l_kohakufa_fp16,18000,bf16,1.0,scale-shift,dv,0.0027158882704760388,0.009909329336346378,16,0.03265255812079636
l_kohakufa_fp16,18000,bf16,1.0,single lse,dk,0.016267832689764707,0.04409972657586041,12,0.036314758050842486
l_kohakufa_fp16,18000,bf16,1.0,single lse,dq,0.011287189817785086,0.0383255354485951,1,0.041499916653564214
l_kohakufa_fp16,18000,bf16,1.0,single lse,dv,0.0027158880565205123,0.009909377562410587,16,0.03265255812079636
l_kohakufa_fp16,18000,fp16,65536.0,all three,dk,0.007947894167246543,0.019190062555454322,5,0.0025933578961120835
l_kohakufa_fp16,18000,fp16,65536.0,all three,dq,0.004705995446865775,0.012987041340608968,18,0.004342829581777737
l_kohakufa_fp16,18000,fp16,65536.0,all three,dv,0.0003384222361559696,0.001418169617732654,16,0.0034600116014896535
l_kohakufa_fp16,18000,fp16,65536.0,cudnn,dk,0.007950839719081376,0.019195266606564357,5,0.0025974120264073064
l_kohakufa_fp16,18000,fp16,65536.0,cudnn,dq,0.004770241532125597,0.012995952901142487,18,0.004341068598357877
l_kohakufa_fp16,18000,fp16,65536.0,cudnn,dv,0.0003965904990569324,0.001436638635530722,16,0.0033908672147408667
l_kohakufa_fp16,18000,fp16,65536.0,efficient,dk,0.007958369061741683,0.01920104495651217,5,0.0025974120264073064
l_kohakufa_fp16,18000,fp16,65536.0,efficient,dq,0.0046962443664211265,0.012989595268384096,18,0.004294432899514669
l_kohakufa_fp16,18000,fp16,65536.0,efficient,dv,0.00039521349640815666,0.0014313050190502793,16,0.0033908672147408667
l_kohakufa_fp16,18000,fp16,65536.0,fa4,dk,0.002762642575606321,0.009550278042361733,12,0.008327210660572197
l_kohakufa_fp16,18000,fp16,65536.0,fa4,dq,0.0017889538107541435,0.008475031889000718,12,0.005588822365399346
l_kohakufa_fp16,18000,fp16,65536.0,fa4,dv,0.00039620346469692946,0.0014363730953210608,16,0.0033908672147408667
l_kohakufa_fp16,18000,fp16,65536.0,flex,dk,0.0027476522377888543,0.009393452004225488,12,0.008455172462634972
l_kohakufa_fp16,18000,fp16,65536.0,flex,dq,0.0014173526736633352,0.008298611889120136,12,0.005676420226121459
l_kohakufa_fp16,18000,fp16,65536.0,flex,dv,0.00039533516867605427,0.0014366818868048624,16,0.0033908672147408667
l_kohakufa_fp16,18000,fp16,65536.0,floor,dk,0.00274682972861217,0.009382304644987216,12,0.008446634911085812
l_kohakufa_fp16,18000,fp16,65536.0,floor,dq,0.0014780377664288507,0.0082925552753946,12,0.0056755220058699145
l_kohakufa_fp16,18000,fp16,65536.0,floor,dv,0.0003381398370332987,0.0014181582566395834,16,0.0034600116014896535
l_kohakufa_fp16,18000,fp16,65536.0,kohakufa,dk,0.0027636076127087483,0.009422397580010618,12,0.008455172462634972
l_kohakufa_fp16,18000,fp16,65536.0,kohakufa,dq,0.001419258284651754,0.008319939742699647,12,0.005682677216173038
l_kohakufa_fp16,18000,fp16,65536.0,kohakufa,dv,0.00039608565724894614,0.0014356702133779843,16,0.0033908672147408667
l_kohakufa_fp16,18000,fp16,65536.0,scale*dS,dk,0.007940160638531656,0.019190134214906115,5,0.0025933578961120835
l_kohakufa_fp16,18000,fp16,65536.0,scale*dS,dq,0.004705019186353409,0.012987083126720943,18,0.004342829581777737
l_kohakufa_fp16,18000,fp16,65536.0,scale*dS,dv,0.0003381398370332987,0.0014181582566395834,16,0.0034600116014896535
l_kohakufa_fp16,18000,fp16,65536.0,scale-shift,dk,0.002745052023461491,0.009328549775325688,12,0.008318079536210735
l_kohakufa_fp16,18000,fp16,65536.0,scale-shift,dq,0.001400576185024685,0.008639358548182778,1,0.007998637068097713
l_kohakufa_fp16,18000,fp16,65536.0,scale-shift,dv,0.0003384057968105928,0.0014181365842940788,16,0.0034600116014896535
l_kohakufa_fp16,18000,fp16,65536.0,single lse,dk,0.0027468354772103394,0.009382352857303695,12,0.008446634911085812
l_kohakufa_fp16,18000,fp16,65536.0,single lse,dq,0.001477951063287358,0.00829256471049933,12,0.0056755220058699145
l_kohakufa_fp16,18000,fp16,65536.0,single lse,dv,0.00033839081040241563,0.0014180035039423795,16,0.0034600116014896535
l_kohakufa_fp16,19000,bf16,1.0,all three,dk,0.011307966718199758,0.036173494741019725,12,0.027495349113678475
l_kohakufa_fp16,19000,bf16,1.0,all three,dq,0.008791586440518797,0.04017173461460235,1,0.03972212279928062
l_kohakufa_fp16,19000,bf16,1.0,all three,dv,0.0023328242949840956,0.006180877196836316,14,0.009460279062578139
l_kohakufa_fp16,19000,bf16,1.0,cudnn,dk,0.011389802254642388,0.03628602305545719,12,0.028663301656842756
l_kohakufa_fp16,19000,bf16,1.0,cudnn,dq,0.00871308768386597,0.04027705530648639,1,0.039631548614211004
l_kohakufa_fp16,19000,bf16,1.0,cudnn,dv,0.002845425381398734,0.006351965498579962,14,0.008992896060436815
l_kohakufa_fp16,19000,bf16,1.0,efficient,dk,0.011583731100876425,0.03622494750018894,12,0.028159525070376792
l_kohakufa_fp16,19000,bf16,1.0,efficient,dq,0.008876032823853394,0.040019844608578936,1,0.04071990533582321
l_kohakufa_fp16,19000,bf16,1.0,efficient,dv,0.0028503530695815796,0.006354031513007059,14,0.008992896060436815
l_kohakufa_fp16,19000,bf16,1.0,fa4,dk,0.01148594290956759,0.03835175752975951,12,0.030150486736526434
l_kohakufa_fp16,19000,bf16,1.0,fa4,dq,0.008829203053525272,0.04042222469588715,12,0.04872393380364568
l_kohakufa_fp16,19000,bf16,1.0,fa4,dv,0.0028503613310707603,0.006351906717542753,14,0.008992896060436815
l_kohakufa_fp16,19000,bf16,1.0,flex,dk,0.011569169450308527,0.03615464546048022,12,0.028159525070376792
l_kohakufa_fp16,19000,bf16,1.0,flex,dq,0.008967448758949725,0.04022763298421229,1,0.039631548614211004
l_kohakufa_fp16,19000,bf16,1.0,flex,dv,0.002850334041418697,0.006350578912940607,14,0.008992896060436815
l_kohakufa_fp16,19000,bf16,1.0,floor,dk,0.011509031642429828,0.036166336423599725,12,0.027393040003380314
l_kohakufa_fp16,19000,bf16,1.0,floor,dq,0.008791611438124448,0.04019255347506559,1,0.03972212279928062
l_kohakufa_fp16,19000,bf16,1.0,floor,dv,0.0023328222516727035,0.0061808787604725884,14,0.009460279062578139
l_kohakufa_fp16,19000,bf16,1.0,kohakufa,dk,0.011954202084680114,0.036221520344526394,12,0.028159525070376792
l_kohakufa_fp16,19000,bf16,1.0,kohakufa,dq,0.008880024423855522,0.04047815408528497,1,0.04071990533582321
l_kohakufa_fp16,19000,bf16,1.0,kohakufa,dv,0.002850333708916573,0.00635403051745404,14,0.008992896060436815
l_kohakufa_fp16,19000,bf16,1.0,scale*dS,dk,0.011509031642429828,0.036166336423599725,12,0.027393040003380314
l_kohakufa_fp16,19000,bf16,1.0,scale*dS,dq,0.008791611438124448,0.04019255347506559,1,0.03972212279928062
l_kohakufa_fp16,19000,bf16,1.0,scale*dS,dv,0.0023328222516727035,0.0061808787604725884,14,0.009460279062578139
l_kohakufa_fp16,19000,bf16,1.0,scale-shift,dk,0.011308373368188969,0.03617345819707924,12,0.027495349113678475
l_kohakufa_fp16,19000,bf16,1.0,scale-shift,dq,0.008791668373279854,0.04017187959537934,1,0.03972212279928062
l_kohakufa_fp16,19000,bf16,1.0,scale-shift,dv,0.0023328226749201476,0.006180878750277557,14,0.009460279062578139
l_kohakufa_fp16,19000,bf16,1.0,single lse,dk,0.011508783406130922,0.03616625906266329,12,0.027393040003380314
l_kohakufa_fp16,19000,bf16,1.0,single lse,dq,0.008771936072602161,0.04019265555870727,1,0.03972212279928062
l_kohakufa_fp16,19000,bf16,1.0,single lse,dv,0.002332823851880075,0.0061817020188347045,14,0.009460279062578139
l_kohakufa_fp16,19000,fp16,65536.0,all three,dk,0.007375505400563287,0.022365297056430415,5,0.00390529148586134
l_kohakufa_fp16,19000,fp16,65536.0,all three,dq,0.005657284153310416,0.012064029685779031,18,0.0007816617603838243
l_kohakufa_fp16,19000,fp16,65536.0,all three,dv,0.00028430258926634357,0.000940982276934395,14,0.0016301932544218296
l_kohakufa_fp16,19000,fp16,65536.0,cudnn,dk,0.007374331409821464,0.02236980634850899,5,0.00391091798100034
l_kohakufa_fp16,19000,fp16,65536.0,cudnn,dq,0.005664045812576745,0.012068264643857426,18,0.0007969549538343974
l_kohakufa_fp16,19000,fp16,65536.0,cudnn,dv,0.0003553645283678946,0.0009702003967573996,14,0.0017010740482799021
l_kohakufa_fp16,19000,fp16,65536.0,efficient,dk,0.007406948954722652,0.022375707692857683,5,0.00391091798100034
l_kohakufa_fp16,19000,fp16,65536.0,efficient,dq,0.005444082979479279,0.012072912708829783,18,0.0007969549538343974
l_kohakufa_fp16,19000,fp16,65536.0,efficient,dv,0.0003554508843638941,0.0009685777732685207,14,0.0017010740482799021
l_kohakufa_fp16,19000,fp16,65536.0,fa4,dk,0.0019370658864894547,0.007903351379655562,12,0.00975128547296926
l_kohakufa_fp16,19000,fp16,65536.0,fa4,dq,0.0014103465572846317,0.009181019343984994,12,0.011329487622325702
l_kohakufa_fp16,19000,fp16,65536.0,fa4,dv,0.0003554725145492075,0.000968286465805013,14,0.0017010740482799021
l_kohakufa_fp16,19000,fp16,65536.0,flex,dk,0.0018336596952910397,0.007850529409267908,12,0.009757873319839997
l_kohakufa_fp16,19000,fp16,65536.0,flex,dq,0.0015598757173800196,0.009081561522298921,12,0.011338311434651476
l_kohakufa_fp16,19000,fp16,65536.0,flex,dv,0.00035538028172521724,0.0009702366041907556,14,0.0017010740482799021
l_kohakufa_fp16,19000,fp16,65536.0,floor,dk,0.0018506402430543537,0.007863889913399988,12,0.009751305074869586
l_kohakufa_fp16,19000,fp16,65536.0,floor,dq,0.0015397473294465386,0.009076404922562625,12,0.011329989562821774
l_kohakufa_fp16,19000,fp16,65536.0,floor,dv,0.0002841494759172901,0.0009413458093987416,14,0.0016301932544218296
l_kohakufa_fp16,19000,fp16,65536.0,kohakufa,dk,0.0019612461659125,0.007895458249360013,12,0.009757873319839997
l_kohakufa_fp16,19000,fp16,65536.0,kohakufa,dq,0.001559442536970153,0.009107138942280527,12,0.011338311434651476
l_kohakufa_fp16,19000,fp16,65536.0,kohakufa,dv,0.0003553988047408178,0.0009684247762713229,14,0.0017010740482799021
l_kohakufa_fp16,19000,fp16,65536.0,scale*dS,dk,0.007376461140516204,0.022364920974376222,5,0.00390529148586134
l_kohakufa_fp16,19000,fp16,65536.0,scale*dS,dq,0.00543946313240225,0.012063973826514963,18,0.0007816617603838243
l_kohakufa_fp16,19000,fp16,65536.0,scale*dS,dv,0.0002841494759172901,0.0009413458093987416,14,0.0016301932544218296
l_kohakufa_fp16,19000,fp16,65536.0,scale-shift,dk,0.001871291452135371,0.00767276822353444,12,0.009751305074869586
l_kohakufa_fp16,19000,fp16,65536.0,scale-shift,dq,0.0013533021082136635,0.008853578103662937,12,0.011329989562821774
l_kohakufa_fp16,19000,fp16,65536.0,scale-shift,dv,0.0002841680908550315,0.0009414715951828994,14,0.0016301932544218296
l_kohakufa_fp16,19000,fp16,65536.0,single lse,dk,0.0018506153278735886,0.007863669592494255,12,0.009751305074869586
l_kohakufa_fp16,19000,fp16,65536.0,single lse,dq,0.0015396957181317138,0.009076188006891788,12,0.011329989562821774
l_kohakufa_fp16,19000,fp16,65536.0,single lse,dv,0.00028433555010300496,0.0009409126067444775,14,0.0016301932544218296
l_kohakufa_fp16,20000,bf16,1.0,all three,dk,0.013988286594783907,0.06783585597708708,11,0.12185393254530826
l_kohakufa_fp16,20000,bf16,1.0,all three,dq,0.013113390431631632,0.09719998913291403,1,0.1168728333184588
l_kohakufa_fp16,20000,bf16,1.0,all three,dv,0.0029748017549239645,0.01277380432746785,14,0.039182513041434185
l_kohakufa_fp16,20000,bf16,1.0,cudnn,dk,0.014050037234177293,0.06780960460316868,11,0.12233676481863767
l_kohakufa_fp16,20000,bf16,1.0,cudnn,dq,0.013246964001218546,0.09188275110936112,1,0.10974879293665339
l_kohakufa_fp16,20000,bf16,1.0,cudnn,dv,0.0034037436618960686,0.012901670390476887,14,0.03960541732137396
l_kohakufa_fp16,20000,bf16,1.0,efficient,dk,0.014502232881676519,0.06788866409205203,11,0.12233676481863767
l_kohakufa_fp16,20000,bf16,1.0,efficient,dq,0.013444153602977436,0.09759881851722818,1,0.11769327140261394
l_kohakufa_fp16,20000,bf16,1.0,efficient,dv,0.0034041940907035017,0.012907902157052384,14,0.03960541732137396
l_kohakufa_fp16,20000,bf16,1.0,fa4,dk,0.013797199252613253,0.06942757107931476,11,0.12233676481863767
l_kohakufa_fp16,20000,bf16,1.0,fa4,dq,0.013301502441736173,0.09178462902927674,1,0.10974879293665339
l_kohakufa_fp16,20000,bf16,1.0,fa4,dv,0.0034042295348051047,0.012907918528734984,14,0.03960541732137396
l_kohakufa_fp16,20000,bf16,1.0,flex,dk,0.014136533798231952,0.06787386133372741,11,0.12233676481863767
l_kohakufa_fp16,20000,bf16,1.0,flex,dq,0.013241093802066386,0.09714186341009684,1,0.11719674149849141
l_kohakufa_fp16,20000,bf16,1.0,flex,dv,0.0034041217357529234,0.012907804604838369,14,0.03960541732137396
l_kohakufa_fp16,20000,bf16,1.0,floor,dk,0.013937042906788417,0.06783467752336855,11,0.12185393254530826
l_kohakufa_fp16,20000,bf16,1.0,floor,dq,0.013113035791775826,0.049208379786255335,12,0.08919749705336054
l_kohakufa_fp16,20000,bf16,1.0,floor,dv,0.002973747246333707,0.012773804243719863,14,0.039182513041434185
l_kohakufa_fp16,20000,bf16,1.0,kohakufa,dk,0.014566872890251801,0.06792015867565926,11,0.12233676481863767
l_kohakufa_fp16,20000,bf16,1.0,kohakufa,dq,0.013443464775173556,0.09781140693498468,1,0.11769327140261394
l_kohakufa_fp16,20000,bf16,1.0,kohakufa,dv,0.003404120825796995,0.01290791802830296,14,0.03960541732137396
l_kohakufa_fp16,20000,bf16,1.0,scale*dS,dk,0.013937042906788417,0.06783467752336855,11,0.12185393254530826
l_kohakufa_fp16,20000,bf16,1.0,scale*dS,dq,0.013113035791775826,0.049208379786255335,12,0.08919749705336054
l_kohakufa_fp16,20000,bf16,1.0,scale*dS,dv,0.002973747246333707,0.012773804243719863,14,0.039182513041434185
l_kohakufa_fp16,20000,bf16,1.0,scale-shift,dk,0.013988227532246206,0.06783585574528574,11,0.12185393254530826
l_kohakufa_fp16,20000,bf16,1.0,scale-shift,dq,0.013113431752994231,0.09720003414582679,1,0.1168728333184588
l_kohakufa_fp16,20000,bf16,1.0,scale-shift,dv,0.002974766996319109,0.012773804293707497,14,0.039182513041434185
l_kohakufa_fp16,20000,bf16,1.0,single lse,dk,0.013937042370824776,0.06783467754645013,11,0.12185393254530826
l_kohakufa_fp16,20000,bf16,1.0,single lse,dq,0.013113007283990426,0.049208377879037785,12,0.08919749705336054
l_kohakufa_fp16,20000,bf16,1.0,single lse,dv,0.0029757659574129124,0.012773804238461117,14,0.039182513041434185
l_kohakufa_fp16,20000,fp16,65536.0,all three,dk,0.014057298094265952,0.024673543814501098,5,0.0028869133785503747
l_kohakufa_fp16,20000,fp16,65536.0,all three,dq,0.008882229336055565,0.019905846478848525,18,0.0019409608345785916
l_kohakufa_fp16,20000,fp16,65536.0,all three,dv,0.00038870717333377655,0.0016132869700143185,14,0.005138955263157058
l_kohakufa_fp16,20000,fp16,65536.0,cudnn,dk,0.014071741892228842,0.02467985723843639,5,0.002889174116153936
l_kohakufa_fp16,20000,fp16,65536.0,cudnn,dq,0.00888622109275504,0.019909530708322395,18,0.0019418878521321205
l_kohakufa_fp16,20000,fp16,65536.0,cudnn,dv,0.00045324853227626414,0.0016267787950592254,14,0.005106032945851991
l_kohakufa_fp16,20000,fp16,65536.0,efficient,dk,0.014085898035575972,0.024681463340043133,5,0.002889174116153936
l_kohakufa_fp16,20000,fp16,65536.0,efficient,dq,0.008891207976616784,0.019909587395248653,18,0.0019418878521321205
l_kohakufa_fp16,20000,fp16,65536.0,efficient,dv,0.00045349865670405343,0.0016338037598042712,14,0.005106032945851991
l_kohakufa_fp16,20000,fp16,65536.0,fa4,dk,0.0023756887294615254,0.007948470230899316,10,0.013708209333265301
l_kohakufa_fp16,20000,fp16,65536.0,fa4,dq,0.0025884085286405523,0.010597089276591636,12,0.016292978744975137
l_kohakufa_fp16,20000,fp16,65536.0,fa4,dv,0.0004531703682120445,0.001633576915952374,14,0.005106032945851991
l_kohakufa_fp16,20000,fp16,65536.0,flex,dk,0.0023507681820207206,0.007917838547856607,12,0.017899403952680585
l_kohakufa_fp16,20000,fp16,65536.0,flex,dq,0.002390848819476192,0.010562612687278898,12,0.016292978744975137
l_kohakufa_fp16,20000,fp16,65536.0,flex,dv,0.00045436437134336693,0.0016335312793162924,14,0.005106032945851991
l_kohakufa_fp16,20000,fp16,65536.0,floor,dk,0.0022967559677180747,0.007859704327451717,12,0.01789541551415059
l_kohakufa_fp16,20000,fp16,65536.0,floor,dq,0.00234974723786903,0.010542804168511714,12,0.016289482627673085
l_kohakufa_fp16,20000,fp16,65536.0,floor,dv,0.0003876696897060449,0.001616653387971316,14,0.005138955263157058
l_kohakufa_fp16,20000,fp16,65536.0,kohakufa,dk,0.0023598396503304053,0.007931551874636764,12,0.017899403952680585
l_kohakufa_fp16,20000,fp16,65536.0,kohakufa,dq,0.002400041614127338,0.010568705059630045,12,0.016292978744975137
l_kohakufa_fp16,20000,fp16,65536.0,kohakufa,dv,0.00045369511932531796,0.0016335609996665935,14,0.005106032945851991
l_kohakufa_fp16,20000,fp16,65536.0,scale*dS,dk,0.014058900568965476,0.02467352601050684,5,0.0028869133785503747
l_kohakufa_fp16,20000,fp16,65536.0,scale*dS,dq,0.00888784093087304,0.01990558800219967,18,0.0019409608345785916
l_kohakufa_fp16,20000,fp16,65536.0,scale*dS,dv,0.0003876696897060449,0.001616653387971316,14,0.005138955263157058
l_kohakufa_fp16,20000,fp16,65536.0,scale-shift,dk,0.002296150437149569,0.007908084920046332,12,0.01789541551415059
l_kohakufa_fp16,20000,fp16,65536.0,scale-shift,dq,0.0023511146225445208,0.010617867268665647,12,0.016289482627673085
l_kohakufa_fp16,20000,fp16,65536.0,scale-shift,dv,0.00038760735192044487,0.0016169238810838991,14,0.005138955263157058
l_kohakufa_fp16,20000,fp16,65536.0,single lse,dk,0.002296762191277018,0.007859835143598944,12,0.01789541551415059
l_kohakufa_fp16,20000,fp16,65536.0,single lse,dq,0.0023497170060017987,0.010542796157586255,12,0.016289482627673085
l_kohakufa_fp16,20000,fp16,65536.0,single lse,dv,0.000388713232720451,0.001615959210927486,14,0.005138955263157058
