run,step,dtype,loss_scale,layer,max_logit,row_max_p,ds_subnormal,scaled_ds_subnormal,kernel,tensor,rel_l2,cos,max_rel
b_kohakufa_fp16,0,fp16,65536.0,0,138600.19417576864,0.9361892737645978,0.5902552604675293,0.7599681615829468,cudnn,dq,0.1044035762149855,0.9945946514091047,0.0523744286258255
b_kohakufa_fp16,0,fp16,65536.0,0,138600.19417576864,0.9361892737645978,0.5902552604675293,0.7599681615829468,cudnn,dk,0.05448489305925758,0.9985180195627189,0.03528191145303511
b_kohakufa_fp16,0,fp16,65536.0,0,138600.19417576864,0.9361892737645978,0.5902552604675293,0.7599681615829468,cudnn,dv,0.0011558620267225898,0.9999993454184164,0.002803373112701368
b_kohakufa_fp16,0,fp16,65536.0,0,138600.19417576864,0.9361892737645978,0.5902552604675293,0.7599681615829468,efficient,dq,0.005679040393651786,0.9999838805477571,0.004303861947995204
b_kohakufa_fp16,0,fp16,65536.0,0,138600.19417576864,0.9361892737645978,0.5902552604675293,0.7599681615829468,efficient,dk,0.0022160196605289168,0.9999975446379726,0.0012343202695721833
b_kohakufa_fp16,0,fp16,65536.0,0,138600.19417576864,0.9361892737645978,0.5902552604675293,0.7599681615829468,efficient,dv,0.0014338815628676322,0.9999989720707783,0.005047195548112744
b_kohakufa_fp16,0,fp16,65536.0,0,138600.19417576864,0.9361892737645978,0.5902552604675293,0.7599681615829468,flex,dq,0.005671051891505122,0.9999839235343974,0.004303861947995204
b_kohakufa_fp16,0,fp16,65536.0,0,138600.19417576864,0.9361892737645978,0.5902552604675293,0.7599681615829468,flex,dk,0.0021551727765230094,0.9999976789173982,0.0011954525402240116
b_kohakufa_fp16,0,fp16,65536.0,0,138600.19417576864,0.9361892737645978,0.5902552604675293,0.7599681615829468,flex,dv,0.00029509947080217904,0.999999956762263,0.001122170015966134
b_kohakufa_fp16,0,fp16,65536.0,0,138600.19417576864,0.9361892737645978,0.5902552604675293,0.7599681615829468,fa4,dq,0.1040773640121611,0.9946281858594248,0.05184206512091634
b_kohakufa_fp16,0,fp16,65536.0,0,138600.19417576864,0.9361892737645978,0.5902552604675293,0.7599681615829468,fa4,dk,0.054762859059010266,0.9985028198896712,0.0354840236456456
b_kohakufa_fp16,0,fp16,65536.0,0,138600.19417576864,0.9361892737645978,0.5902552604675293,0.7599681615829468,fa4,dv,0.0037326736909893982,0.9999930335722148,0.016246787153416844
b_kohakufa_fp16,0,fp16,65536.0,0,138600.19417576864,0.9361892737645978,0.5902552604675293,0.7599681615829468,kohakufa,dq,0.005652776227677057,0.9999840301821524,0.004253160661813379
b_kohakufa_fp16,0,fp16,65536.0,0,138600.19417576864,0.9361892737645978,0.5902552604675293,0.7599681615829468,kohakufa,dk,0.0022438908693075497,0.9999974828518374,0.001273187998920355
b_kohakufa_fp16,0,fp16,65536.0,0,138600.19417576864,0.9361892737645978,0.5902552604675293,0.7599681615829468,kohakufa,dv,0.0001603106482697756,0.9999999872087344,0.0002718671987322506
b_kohakufa_fp16,0,fp16,65536.0,0,138600.19417576864,0.9361892737645978,0.5902552604675293,0.7599681615829468,floor,dq,0.005480811347635253,0.9999849833323979,0.004301812623375678
b_kohakufa_fp16,0,fp16,65536.0,0,138600.19417576864,0.9361892737645978,0.5902552604675293,0.7599681615829468,floor,dk,0.002132851756748328,0.9999977254868465,0.0012077553959238458
b_kohakufa_fp16,0,fp16,65536.0,0,138600.19417576864,0.9361892737645978,0.5902552604675293,0.7599681615829468,floor,dv,7.165247196939778e-05,0.9999999974347188,0.00010607259947897659
b_kohakufa_fp16,0,fp16,65536.0,0,138600.19417576864,0.9361892737645978,0.5902552604675293,0.7599681615829468,scale*dS,dq,0.005480703888119914,0.9999849839073378,0.004297788098541262
b_kohakufa_fp16,0,fp16,65536.0,0,138600.19417576864,0.9361892737645978,0.5902552604675293,0.7599681615829468,scale*dS,dk,0.0021326041007988824,0.9999977260134126,0.0012077543283897758
b_kohakufa_fp16,0,fp16,65536.0,0,138600.19417576864,0.9361892737645978,0.5902552604675293,0.7599681615829468,scale*dS,dv,7.165247196939778e-05,0.9999999974347188,0.00010607259947897659
b_kohakufa_fp16,0,fp16,65536.0,0,138600.19417576864,0.9361892737645978,0.5902552604675293,0.7599681615829468,single lse,dq,0.005485735370544562,0.9999849563091199,0.004301812623375678
b_kohakufa_fp16,0,fp16,65536.0,0,138600.19417576864,0.9361892737645978,0.5902552604675293,0.7599681615829468,single lse,dk,0.002206253380181687,0.9999975663419206,0.0012105717880309106
b_kohakufa_fp16,0,fp16,65536.0,0,138600.19417576864,0.9361892737645978,0.5902552604675293,0.7599681615829468,single lse,dv,0.0011080041513472831,0.9999993887075764,0.0027116856848760106
b_kohakufa_fp16,0,fp16,65536.0,0,138600.19417576864,0.9361892737645978,0.5902552604675293,0.7599681615829468,scale-shift,dq,0.1275794264440136,0.9919605697964691,0.08163704234167939
b_kohakufa_fp16,0,fp16,65536.0,0,138600.19417576864,0.9361892737645978,0.5902552604675293,0.7599681615829468,scale-shift,dk,0.07657749321652357,0.9970819024852837,0.031927954918578895
b_kohakufa_fp16,0,fp16,65536.0,0,138600.19417576864,0.9361892737645978,0.5902552604675293,0.7599681615829468,scale-shift,dv,0.00113181770004391,0.999999359827917,0.002796922066749263
b_kohakufa_fp16,0,fp16,65536.0,0,138600.19417576864,0.9361892737645978,0.5902552604675293,0.7599681615829468,all three,dq,0.127553513573073,0.991963795895066,0.08145265602357282
b_kohakufa_fp16,0,fp16,65536.0,0,138600.19417576864,0.9361892737645978,0.5902552604675293,0.7599681615829468,all three,dk,0.07659817173272622,0.9970803799239325,0.03185455590189073
b_kohakufa_fp16,0,fp16,65536.0,0,138600.19417576864,0.9361892737645978,0.5902552604675293,0.7599681615829468,all three,dv,0.001888247912893511,0.9999982192424394,0.0039051249394258373
b_kohakufa_fp16,0,fp16,65536.0,1,75.91605055239052,0.20718065500763228,0.356621116399765,0.6665188074111938,cudnn,dq,0.001304734820121396,0.999999148915951,0.0011316375624099066
b_kohakufa_fp16,0,fp16,65536.0,1,75.91605055239052,0.20718065500763228,0.356621116399765,0.6665188074111938,cudnn,dk,0.0003563086698512903,0.9999999367025435,0.0003684164575514808
b_kohakufa_fp16,0,fp16,65536.0,1,75.91605055239052,0.20718065500763228,0.356621116399765,0.6665188074111938,cudnn,dv,0.00032465227542608725,0.99999994730049,0.00041908386818008614
b_kohakufa_fp16,0,fp16,65536.0,1,75.91605055239052,0.20718065500763228,0.356621116399765,0.6665188074111938,efficient,dq,0.0012979226498756856,0.9999991577872783,0.0011121761446213178
b_kohakufa_fp16,0,fp16,65536.0,1,75.91605055239052,0.20718065500763228,0.356621116399765,0.6665188074111938,efficient,dk,0.00040983772283705673,0.9999999191830031,0.0004505764848105559
b_kohakufa_fp16,0,fp16,65536.0,1,75.91605055239052,0.20718065500763228,0.356621116399765,0.6665188074111938,efficient,dv,0.00032451073866227156,0.999999947350144,0.00041908386818008614
b_kohakufa_fp16,0,fp16,65536.0,1,75.91605055239052,0.20718065500763228,0.356621116399765,0.6665188074111938,flex,dq,0.0012841019029450464,0.9999991755697342,0.0011316375624099066
b_kohakufa_fp16,0,fp16,65536.0,1,75.91605055239052,0.20718065500763228,0.356621116399765,0.6665188074111938,flex,dk,0.00034369499194340146,0.9999999413233929,0.0003684164575514808
b_kohakufa_fp16,0,fp16,65536.0,1,75.91605055239052,0.20718065500763228,0.356621116399765,0.6665188074111938,flex,dv,0.00032402220167441483,0.9999999475074309,0.00041908386818008614
b_kohakufa_fp16,0,fp16,65536.0,1,75.91605055239052,0.20718065500763228,0.356621116399765,0.6665188074111938,fa4,dq,0.0013933264634777506,0.9999990293659691,0.0022496423404848617
b_kohakufa_fp16,0,fp16,65536.0,1,75.91605055239052,0.20718065500763228,0.356621116399765,0.6665188074111938,fa4,dk,0.00035637829835287834,0.9999999365749414,0.0003684164575514808
b_kohakufa_fp16,0,fp16,65536.0,1,75.91605055239052,0.20718065500763228,0.356621116399765,0.6665188074111938,fa4,dv,0.0003231707974524314,0.9999999477844448,0.00041908386818008614
b_kohakufa_fp16,0,fp16,65536.0,1,75.91605055239052,0.20718065500763228,0.356621116399765,0.6665188074111938,kohakufa,dq,0.0013134405215938884,0.9999991375337327,0.001118663283884181
b_kohakufa_fp16,0,fp16,65536.0,1,75.91605055239052,0.20718065500763228,0.356621116399765,0.6665188074111938,kohakufa,dk,0.00041202457673821235,0.9999999183142699,0.0004505764848105559
b_kohakufa_fp16,0,fp16,65536.0,1,75.91605055239052,0.20718065500763228,0.356621116399765,0.6665188074111938,kohakufa,dv,0.0003238835172429358,0.999999947552818,0.00041908386818008614
b_kohakufa_fp16,0,fp16,65536.0,1,75.91605055239052,0.20718065500763228,0.356621116399765,0.6665188074111938,floor,dq,0.001275096579102832,0.9999991870726265,0.0011316205492101264
b_kohakufa_fp16,0,fp16,65536.0,1,75.91605055239052,0.20718065500763228,0.356621116399765,0.6665188074111938,floor,dk,0.0002577702094019454,0.9999999668076948,0.0001833169381348633
b_kohakufa_fp16,0,fp16,65536.0,1,75.91605055239052,0.20718065500763228,0.356621116399765,0.6665188074111938,floor,dv,0.00025577067513887373,0.9999999672920231,0.00037524581206783796
b_kohakufa_fp16,0,fp16,65536.0,1,75.91605055239052,0.20718065500763228,0.356621116399765,0.6665188074111938,scale*dS,dq,0.00127507409794605,0.9999991871011571,0.0011315010113751606
b_kohakufa_fp16,0,fp16,65536.0,1,75.91605055239052,0.20718065500763228,0.356621116399765,0.6665188074111938,scale*dS,dk,0.0002577970811237827,0.9999999668007564,0.00018331741534782835
b_kohakufa_fp16,0,fp16,65536.0,1,75.91605055239052,0.20718065500763228,0.356621116399765,0.6665188074111938,scale*dS,dv,0.00025577067513887373,0.9999999672920231,0.00037524581206783796
b_kohakufa_fp16,0,fp16,65536.0,1,75.91605055239052,0.20718065500763228,0.356621116399765,0.6665188074111938,single lse,dq,0.0012750653542245739,0.9999991871126009,0.0011316205492101264
b_kohakufa_fp16,0,fp16,65536.0,1,75.91605055239052,0.20718065500763228,0.356621116399765,0.6665188074111938,single lse,dk,0.00025759102264869097,0.9999999668542723,0.0001833169381348633
b_kohakufa_fp16,0,fp16,65536.0,1,75.91605055239052,0.20718065500763228,0.356621116399765,0.6665188074111938,single lse,dv,0.00025577638310659954,0.9999999672898212,0.00037524581206783796
b_kohakufa_fp16,0,fp16,65536.0,1,75.91605055239052,0.20718065500763228,0.356621116399765,0.6665188074111938,scale-shift,dq,0.0012654655822813294,0.9999991993078201,0.0011316205492101264
b_kohakufa_fp16,0,fp16,65536.0,1,75.91605055239052,0.20718065500763228,0.356621116399765,0.6665188074111938,scale-shift,dk,0.000257871954952326,0.9999999667826945,0.0001833169381348633
b_kohakufa_fp16,0,fp16,65536.0,1,75.91605055239052,0.20718065500763228,0.356621116399765,0.6665188074111938,scale-shift,dv,0.00025579358358526294,0.9999999672861082,0.00037524581206783796
b_kohakufa_fp16,0,fp16,65536.0,1,75.91605055239052,0.20718065500763228,0.356621116399765,0.6665188074111938,all three,dq,0.0012655178470700236,0.999999199241688,0.0011315010113751606
b_kohakufa_fp16,0,fp16,65536.0,1,75.91605055239052,0.20718065500763228,0.356621116399765,0.6665188074111938,all three,dk,0.0002578445939847426,0.9999999667895242,0.00018331741534782835
b_kohakufa_fp16,0,fp16,65536.0,1,75.91605055239052,0.20718065500763228,0.356621116399765,0.6665188074111938,all three,dv,0.0002558740976510736,0.9999999672653854,0.00037524581206783796
b_kohakufa_fp16,0,fp16,65536.0,2,29.167353620752692,0.3217633256682459,0.427517294883728,0.694709300994873,cudnn,dq,0.0015288229585387909,0.9999988313543169,0.0011157901424873567
b_kohakufa_fp16,0,fp16,65536.0,2,29.167353620752692,0.3217633256682459,0.427517294883728,0.694709300994873,cudnn,dk,0.0012821897739207458,0.9999991779943572,0.0011300418375547578
b_kohakufa_fp16,0,fp16,65536.0,2,29.167353620752692,0.3217633256682459,0.427517294883728,0.694709300994873,cudnn,dv,0.00026879598235185243,0.999999963905637,0.00042542388940648566
b_kohakufa_fp16,0,fp16,65536.0,2,29.167353620752692,0.3217633256682459,0.427517294883728,0.694709300994873,efficient,dq,0.0015087528793193091,0.9999988618420325,0.0011134642038286363
b_kohakufa_fp16,0,fp16,65536.0,2,29.167353620752692,0.3217633256682459,0.427517294883728,0.694709300994873,efficient,dk,0.0012617461212191194,0.9999992040135982,0.001090723634488499
b_kohakufa_fp16,0,fp16,65536.0,2,29.167353620752692,0.3217633256682459,0.427517294883728,0.694709300994873,efficient,dv,0.00026786019452213264,0.9999999641342501,0.00042542388940648566
b_kohakufa_fp16,0,fp16,65536.0,2,29.167353620752692,0.3217633256682459,0.427517294883728,0.694709300994873,flex,dq,0.0014922621524692508,0.9999988866126885,0.0011140456884933163
b_kohakufa_fp16,0,fp16,65536.0,2,29.167353620752692,0.3217633256682459,0.427517294883728,0.694709300994873,flex,dk,0.0012446860012421746,0.9999992253811818,0.0011300418375547578
b_kohakufa_fp16,0,fp16,65536.0,2,29.167353620752692,0.3217633256682459,0.427517294883728,0.694709300994873,flex,dv,0.00026783453485480617,0.999999964143026,0.00042542388940648566
b_kohakufa_fp16,0,fp16,65536.0,2,29.167353620752692,0.3217633256682459,0.427517294883728,0.694709300994873,fa4,dq,0.0015020518238597438,0.9999988720145818,0.0011157901424873567
b_kohakufa_fp16,0,fp16,65536.0,2,29.167353620752692,0.3217633256682459,0.427517294883728,0.694709300994873,fa4,dk,0.0012521870681824225,0.9999992160161565,0.0011300418375547578
b_kohakufa_fp16,0,fp16,65536.0,2,29.167353620752692,0.3217633256682459,0.427517294883728,0.694709300994873,fa4,dv,0.0002681299554789642,0.9999999640603827,0.00042542388940648566
b_kohakufa_fp16,0,fp16,65536.0,2,29.167353620752692,0.3217633256682459,0.427517294883728,0.694709300994873,kohakufa,dq,0.0015085910078076223,0.9999988621014921,0.0011134642038286363
b_kohakufa_fp16,0,fp16,65536.0,2,29.167353620752692,0.3217633256682459,0.427517294883728,0.694709300994873,kohakufa,dk,0.0012625987783956658,0.9999992029392613,0.001090723634488499
b_kohakufa_fp16,0,fp16,65536.0,2,29.167353620752692,0.3217633256682459,0.427517294883728,0.694709300994873,kohakufa,dv,0.00026780906635504964,0.9999999641490515,0.00042542388940648566
b_kohakufa_fp16,0,fp16,65536.0,2,29.167353620752692,0.3217633256682459,0.427517294883728,0.694709300994873,floor,dq,0.0014730843835696827,0.9999989150677454,0.0011137574937498489
b_kohakufa_fp16,0,fp16,65536.0,2,29.167353620752692,0.3217633256682459,0.427517294883728,0.694709300994873,floor,dk,0.0012216838570148047,0.9999992537441958,0.0011259568748540154
b_kohakufa_fp16,0,fp16,65536.0,2,29.167353620752692,0.3217633256682459,0.427517294883728,0.694709300994873,floor,dv,0.00016825234409497474,0.99999998584753,0.00019581386966751335
b_kohakufa_fp16,0,fp16,65536.0,2,29.167353620752692,0.3217633256682459,0.427517294883728,0.694709300994873,scale*dS,dq,0.001473097972927139,0.9999989150475108,0.0011136044154896104
b_kohakufa_fp16,0,fp16,65536.0,2,29.167353620752692,0.3217633256682459,0.427517294883728,0.694709300994873,scale*dS,dk,0.00122170983568348,0.9999992537124409,0.0011257009875866406
b_kohakufa_fp16,0,fp16,65536.0,2,29.167353620752692,0.3217633256682459,0.427517294883728,0.694709300994873,scale*dS,dv,0.00016825234409497474,0.99999998584753,0.00019581386966751335
b_kohakufa_fp16,0,fp16,65536.0,2,29.167353620752692,0.3217633256682459,0.427517294883728,0.694709300994873,single lse,dq,0.0014730455705666407,0.9999989151215739,0.0011137574937498489
b_kohakufa_fp16,0,fp16,65536.0,2,29.167353620752692,0.3217633256682459,0.427517294883728,0.694709300994873,single lse,dk,0.0012216471158356546,0.9999992537890782,0.0011259568748540154
b_kohakufa_fp16,0,fp16,65536.0,2,29.167353620752692,0.3217633256682459,0.427517294883728,0.694709300994873,single lse,dv,0.00016824347693164738,0.9999999858491041,0.00019581386966751335
b_kohakufa_fp16,0,fp16,65536.0,2,29.167353620752692,0.3217633256682459,0.427517294883728,0.694709300994873,scale-shift,dq,0.001475890389213535,0.9999989109285243,0.0011137574937498489
b_kohakufa_fp16,0,fp16,65536.0,2,29.167353620752692,0.3217633256682459,0.427517294883728,0.694709300994873,scale-shift,dk,0.0012244596664700272,0.999999250349155,0.0011259568748540154
b_kohakufa_fp16,0,fp16,65536.0,2,29.167353620752692,0.3217633256682459,0.427517294883728,0.694709300994873,scale-shift,dv,0.00016824385326182783,0.9999999858488862,0.00019581386966751335
b_kohakufa_fp16,0,fp16,65536.0,2,29.167353620752692,0.3217633256682459,0.427517294883728,0.694709300994873,all three,dq,0.0014759050758794778,0.9999989109064006,0.0011136044154896104
b_kohakufa_fp16,0,fp16,65536.0,2,29.167353620752692,0.3217633256682459,0.427517294883728,0.694709300994873,all three,dk,0.0012244869881183557,0.9999992503156737,0.0011257009875866406
b_kohakufa_fp16,0,fp16,65536.0,2,29.167353620752692,0.3217633256682459,0.427517294883728,0.694709300994873,all three,dv,0.00016823984938524507,0.9999999858491888,0.00019581386966751335
b_kohakufa_fp16,0,fp16,65536.0,3,28.560801261570305,0.35924929143082923,0.491524875164032,0.7147916555404663,cudnn,dq,0.0009821590988387328,0.9999995177552603,0.0003266662991351838
b_kohakufa_fp16,0,fp16,65536.0,3,28.560801261570305,0.35924929143082923,0.491524875164032,0.7147916555404663,cudnn,dk,0.0006312569689591452,0.9999998008088125,0.0002903365349745821
b_kohakufa_fp16,0,fp16,65536.0,3,28.560801261570305,0.35924929143082923,0.491524875164032,0.7147916555404663,cudnn,dv,0.0002601547945800988,0.9999999661645911,0.00036119462372077984
b_kohakufa_fp16,0,fp16,65536.0,3,28.560801261570305,0.35924929143082923,0.491524875164032,0.7147916555404663,efficient,dq,0.0009231201773634002,0.9999995740776932,0.00037858633228010093
b_kohakufa_fp16,0,fp16,65536.0,3,28.560801261570305,0.35924929143082923,0.491524875164032,0.7147916555404663,efficient,dk,0.0006307740582558038,0.9999998037105345,0.0004379313128722194
b_kohakufa_fp16,0,fp16,65536.0,3,28.560801261570305,0.35924929143082923,0.491524875164032,0.7147916555404663,efficient,dv,0.0002592138585966116,0.9999999664269171,0.00036119462372077984
b_kohakufa_fp16,0,fp16,65536.0,3,28.560801261570305,0.35924929143082923,0.491524875164032,0.7147916555404663,flex,dq,0.0008977689122949044,0.9999995971823926,0.00030781436837803544
b_kohakufa_fp16,0,fp16,65536.0,3,28.560801261570305,0.35924929143082923,0.491524875164032,0.7147916555404663,flex,dk,0.0005801326257796538,0.9999998317279455,0.0002903365349745821
b_kohakufa_fp16,0,fp16,65536.0,3,28.560801261570305,0.35924929143082923,0.491524875164032,0.7147916555404663,flex,dv,0.00025919865553175245,0.999999966429428,0.00036119462372077984
b_kohakufa_fp16,0,fp16,65536.0,3,28.560801261570305,0.35924929143082923,0.491524875164032,0.7147916555404663,fa4,dq,0.0009292959271468426,0.9999995682750832,0.00030781436837803544
b_kohakufa_fp16,0,fp16,65536.0,3,28.560801261570305,0.35924929143082923,0.491524875164032,0.7147916555404663,fa4,dk,0.0006026905802528856,0.9999998185065565,0.0002903365349745821
b_kohakufa_fp16,0,fp16,65536.0,3,28.560801261570305,0.35924929143082923,0.491524875164032,0.7147916555404663,fa4,dv,0.0002590750465155578,0.999999966461796,0.00036119462372077984
b_kohakufa_fp16,0,fp16,65536.0,3,28.560801261570305,0.35924929143082923,0.491524875164032,0.7147916555404663,kohakufa,dq,0.0009219193588436441,0.999999575193352,0.00037858633228010093
b_kohakufa_fp16,0,fp16,65536.0,3,28.560801261570305,0.35924929143082923,0.491524875164032,0.7147916555404663,kohakufa,dk,0.0006308996871819648,0.9999998035644523,0.0004379313128722194
b_kohakufa_fp16,0,fp16,65536.0,3,28.560801261570305,0.35924929143082923,0.491524875164032,0.7147916555404663,kohakufa,dv,0.000259195773898994,0.9999999664305522,0.00036119462372077984
b_kohakufa_fp16,0,fp16,65536.0,3,28.560801261570305,0.35924929143082923,0.491524875164032,0.7147916555404663,floor,dq,0.0008733442742011474,0.99999961867123,0.0003071063225528928
b_kohakufa_fp16,0,fp16,65536.0,3,28.560801261570305,0.35924929143082923,0.491524875164032,0.7147916555404663,floor,dk,0.0005395657857373462,0.9999998544361732,0.00018847038362843467
b_kohakufa_fp16,0,fp16,65536.0,3,28.560801261570305,0.35924929143082923,0.491524875164032,0.7147916555404663,floor,dv,0.00015628832749255484,0.9999999878036833,0.00013975865671379633
b_kohakufa_fp16,0,fp16,65536.0,3,28.560801261570305,0.35924929143082923,0.491524875164032,0.7147916555404663,scale*dS,dq,0.0008734253241622426,0.999999618600777,0.0003069254791755506
b_kohakufa_fp16,0,fp16,65536.0,3,28.560801261570305,0.35924929143082923,0.491524875164032,0.7147916555404663,scale*dS,dk,0.0005396449656126994,0.9999998543934489,0.0001884582974772143
b_kohakufa_fp16,0,fp16,65536.0,3,28.560801261570305,0.35924929143082923,0.491524875164032,0.7147916555404663,scale*dS,dv,0.00015628832749255484,0.9999999878036833,0.00013975865671379633
b_kohakufa_fp16,0,fp16,65536.0,3,28.560801261570305,0.35924929143082923,0.491524875164032,0.7147916555404663,single lse,dq,0.0008733808992711176,0.9999996186392164,0.0003071063225528928
b_kohakufa_fp16,0,fp16,65536.0,3,28.560801261570305,0.35924929143082923,0.491524875164032,0.7147916555404663,single lse,dk,0.0005395913113587587,0.9999998544230347,0.00018847038362843467
b_kohakufa_fp16,0,fp16,65536.0,3,28.560801261570305,0.35924929143082923,0.491524875164032,0.7147916555404663,single lse,dv,0.00015629353604653185,0.9999999878037995,0.00013975865671379633
b_kohakufa_fp16,0,fp16,65536.0,3,28.560801261570305,0.35924929143082923,0.491524875164032,0.7147916555404663,scale-shift,dq,0.0008729828141772873,0.9999996189980219,0.0003071063225528928
b_kohakufa_fp16,0,fp16,65536.0,3,28.560801261570305,0.35924929143082923,0.491524875164032,0.7147916555404663,scale-shift,dk,0.0005389183740229271,0.9999998547855087,0.00018847038362843467
b_kohakufa_fp16,0,fp16,65536.0,3,28.560801261570305,0.35924929143082923,0.491524875164032,0.7147916555404663,scale-shift,dv,0.0001562934194474183,0.9999999878026318,0.00013975865671379633
b_kohakufa_fp16,0,fp16,65536.0,3,28.560801261570305,0.35924929143082923,0.491524875164032,0.7147916555404663,all three,dq,0.0008730878105803653,0.99999961890669,0.0003069254791755506
b_kohakufa_fp16,0,fp16,65536.0,3,28.560801261570305,0.35924929143082923,0.491524875164032,0.7147916555404663,all three,dk,0.0005389995274331525,0.9999998547423415,0.0001884582974772143
b_kohakufa_fp16,0,fp16,65536.0,3,28.560801261570305,0.35924929143082923,0.491524875164032,0.7147916555404663,all three,dv,0.00015629448015204398,0.9999999878024124,0.00013975865671379633
b_kohakufa_fp16,0,fp16,65536.0,4,21.246210288780276,0.2938135581528421,0.4267767369747162,0.6471940875053406,cudnn,dq,0.0005981777532440411,0.9999998210972069,0.00032695986851154197
b_kohakufa_fp16,0,fp16,65536.0,4,21.246210288780276,0.2938135581528421,0.4267767369747162,0.6471940875053406,cudnn,dk,0.0004237634682012486,0.9999999102703947,0.0003461747431048058
b_kohakufa_fp16,0,fp16,65536.0,4,21.246210288780276,0.2938135581528421,0.4267767369747162,0.6471940875053406,cudnn,dv,0.000258326059031406,0.9999999666616811,0.0003046809643172434
b_kohakufa_fp16,0,fp16,65536.0,4,21.246210288780276,0.2938135581528421,0.4267767369747162,0.6471940875053406,efficient,dq,0.0005534231470778479,0.9999998469483816,0.0002698661123150732
b_kohakufa_fp16,0,fp16,65536.0,4,21.246210288780276,0.2938135581528421,0.4267767369747162,0.6471940875053406,efficient,dk,0.0004076279899139143,0.9999999169312758,0.0003461747431048058
b_kohakufa_fp16,0,fp16,65536.0,4,21.246210288780276,0.2938135581528421,0.4267767369747162,0.6471940875053406,efficient,dv,0.0002577310870604952,0.9999999668136614,0.0003046809643172434
b_kohakufa_fp16,0,fp16,65536.0,4,21.246210288780276,0.2938135581528421,0.4267767369747162,0.6471940875053406,flex,dq,0.0005254251713625536,0.9999998619685534,0.00024501789789419946
b_kohakufa_fp16,0,fp16,65536.0,4,21.246210288780276,0.2938135581528421,0.4267767369747162,0.6471940875053406,flex,dk,0.0003756570642467157,0.9999999294483233,0.0003461747431048058
b_kohakufa_fp16,0,fp16,65536.0,4,21.246210288780276,0.2938135581528421,0.4267767369747162,0.6471940875053406,flex,dv,0.00025774331912383234,0.999999966809094,0.0003046809643172434
b_kohakufa_fp16,0,fp16,65536.0,4,21.246210288780276,0.2938135581528421,0.4267767369747162,0.6471940875053406,fa4,dq,0.0005406742741357638,0.9999998538364273,0.00021154449276559003
b_kohakufa_fp16,0,fp16,65536.0,4,21.246210288780276,0.2938135581528421,0.4267767369747162,0.6471940875053406,fa4,dk,0.0003840925604165531,0.9999999263206606,0.0003461747431048058
b_kohakufa_fp16,0,fp16,65536.0,4,21.246210288780276,0.2938135581528421,0.4267767369747162,0.6471940875053406,fa4,dv,0.0002577684485485178,0.9999999668039505,0.0003046809643172434
b_kohakufa_fp16,0,fp16,65536.0,4,21.246210288780276,0.2938135581528421,0.4267767369747162,0.6471940875053406,kohakufa,dq,0.0005534777968274814,0.999999846884504,0.00021154449276559003
b_kohakufa_fp16,0,fp16,65536.0,4,21.246210288780276,0.2938135581528421,0.4267767369747162,0.6471940875053406,kohakufa,dk,0.0004078231487317531,0.9999999168480974,0.0003461747431048058
b_kohakufa_fp16,0,fp16,65536.0,4,21.246210288780276,0.2938135581528421,0.4267767369747162,0.6471940875053406,kohakufa,dv,0.0002577349960606762,0.9999999668120375,0.0003046809643172434
b_kohakufa_fp16,0,fp16,65536.0,4,21.246210288780276,0.2938135581528421,0.4267767369747162,0.6471940875053406,floor,dq,0.0004789470429273772,0.999999885307853,0.00014739584947343886
b_kohakufa_fp16,0,fp16,65536.0,4,21.246210288780276,0.2938135581528421,0.4267767369747162,0.6471940875053406,floor,dk,0.000309508787016151,0.9999999521027377,0.00010882080765725938
b_kohakufa_fp16,0,fp16,65536.0,4,21.246210288780276,0.2938135581528421,0.4267767369747162,0.6471940875053406,floor,dv,0.00015608879820425324,0.9999999878184727,0.00010307616727096775
b_kohakufa_fp16,0,fp16,65536.0,4,21.246210288780276,0.2938135581528421,0.4267767369747162,0.6471940875053406,scale*dS,dq,0.00047905053896961304,0.999999885258464,0.00014722373831194902
b_kohakufa_fp16,0,fp16,65536.0,4,21.246210288780276,0.2938135581528421,0.4267767369747162,0.6471940875053406,scale*dS,dk,0.00030957930131174035,0.999999952080914,0.00010878484040368575
b_kohakufa_fp16,0,fp16,65536.0,4,21.246210288780276,0.2938135581528421,0.4267767369747162,0.6471940875053406,scale*dS,dv,0.00015608879820425324,0.9999999878184727,0.00010307616727096775
b_kohakufa_fp16,0,fp16,65536.0,4,21.246210288780276,0.2938135581528421,0.4267767369747162,0.6471940875053406,single lse,dq,0.00047882082304270325,0.9999998853685279,0.00014739584947343886
b_kohakufa_fp16,0,fp16,65536.0,4,21.246210288780276,0.2938135581528421,0.4267767369747162,0.6471940875053406,single lse,dk,0.0003094020445803886,0.9999999521356842,0.00010882080765725938
b_kohakufa_fp16,0,fp16,65536.0,4,21.246210288780276,0.2938135581528421,0.4267767369747162,0.6471940875053406,single lse,dv,0.00015607742115470653,0.9999999878202622,0.00010307616727096775
b_kohakufa_fp16,0,fp16,65536.0,4,21.246210288780276,0.2938135581528421,0.4267767369747162,0.6471940875053406,scale-shift,dq,0.00047851296738984255,0.9999998855163256,0.00014739584947343886
b_kohakufa_fp16,0,fp16,65536.0,4,21.246210288780276,0.2938135581528421,0.4267767369747162,0.6471940875053406,scale-shift,dk,0.0003091990352508222,0.999999952198809,0.00010882080765725938
b_kohakufa_fp16,0,fp16,65536.0,4,21.246210288780276,0.2938135581528421,0.4267767369747162,0.6471940875053406,scale-shift,dv,0.0001560963157863191,0.9999999878173244,0.00010307616727096775
b_kohakufa_fp16,0,fp16,65536.0,4,21.246210288780276,0.2938135581528421,0.4267767369747162,0.6471940875053406,all three,dq,0.0004786385649923504,0.9999998854564521,0.00014722373831194902
b_kohakufa_fp16,0,fp16,65536.0,4,21.246210288780276,0.2938135581528421,0.4267767369747162,0.6471940875053406,all three,dk,0.0003091948371963785,0.9999999522000559,0.00010878484040368575
b_kohakufa_fp16,0,fp16,65536.0,4,21.246210288780276,0.2938135581528421,0.4267767369747162,0.6471940875053406,all three,dv,0.00015605287939730118,0.9999999878241072,0.00010307616727096775
b_kohakufa_fp16,0,fp16,65536.0,5,15.108868686802452,0.22400064683145796,0.4206557273864746,0.6836812496185303,cudnn,dq,0.0004516353620365166,0.9999998980155165,0.0005260537366483299
b_kohakufa_fp16,0,fp16,65536.0,5,15.108868686802452,0.22400064683145796,0.4206557273864746,0.6836812496185303,cudnn,dk,0.00029370878695912964,0.9999999570722129,0.00044621860117609763
b_kohakufa_fp16,0,fp16,65536.0,5,15.108868686802452,0.22400064683145796,0.4206557273864746,0.6836812496185303,cudnn,dv,0.00026262040565057945,0.9999999655406498,0.0004510284216688133
b_kohakufa_fp16,0,fp16,65536.0,5,15.108868686802452,0.22400064683145796,0.4206557273864746,0.6836812496185303,efficient,dq,0.0004675044766114853,0.9999998907385275,0.00035847369888622927
b_kohakufa_fp16,0,fp16,65536.0,5,15.108868686802452,0.22400064683145796,0.4206557273864746,0.6836812496185303,efficient,dk,0.0003236390588748818,0.9999999476566386,0.0004649346033787076
b_kohakufa_fp16,0,fp16,65536.0,5,15.108868686802452,0.22400064683145796,0.4206557273864746,0.6836812496185303,efficient,dv,0.00026264228715718334,0.9999999655307338,0.0004510284216688133
b_kohakufa_fp16,0,fp16,65536.0,5,15.108868686802452,0.22400064683145796,0.4206557273864746,0.6836812496185303,flex,dq,0.0004198859769507795,0.9999999118602846,0.0005260537366483299
b_kohakufa_fp16,0,fp16,65536.0,5,15.108868686802452,0.22400064683145796,0.4206557273864746,0.6836812496185303,flex,dk,0.00028647741986581376,0.9999999591319841,0.00044621860117609763
b_kohakufa_fp16,0,fp16,65536.0,5,15.108868686802452,0.22400064683145796,0.4206557273864746,0.6836812496185303,flex,dv,0.00026254842062844503,0.9999999655543724,0.0004510284216688133
b_kohakufa_fp16,0,fp16,65536.0,5,15.108868686802452,0.22400064683145796,0.4206557273864746,0.6836812496185303,fa4,dq,0.0004362149749411296,0.9999999048726488,0.00035847369888622927
b_kohakufa_fp16,0,fp16,65536.0,5,15.108868686802452,0.22400064683145796,0.4206557273864746,0.6836812496185303,fa4,dk,0.00028944219270887034,0.9999999584601553,0.00044621860117609763
b_kohakufa_fp16,0,fp16,65536.0,5,15.108868686802452,0.22400064683145796,0.4206557273864746,0.6836812496185303,fa4,dv,0.00026252894339795355,0.9999999655582251,0.0004510284216688133
b_kohakufa_fp16,0,fp16,65536.0,5,15.108868686802452,0.22400064683145796,0.4206557273864746,0.6836812496185303,kohakufa,dq,0.0004674354559037402,0.9999998907694878,0.00035847369888622927
b_kohakufa_fp16,0,fp16,65536.0,5,15.108868686802452,0.22400064683145796,0.4206557273864746,0.6836812496185303,kohakufa,dk,0.00032380392955477555,0.9999999475981465,0.0004649346033787076
b_kohakufa_fp16,0,fp16,65536.0,5,15.108868686802452,0.22400064683145796,0.4206557273864746,0.6836812496185303,kohakufa,dv,0.0002625456682277295,0.9999999655555365,0.0004510284216688133
b_kohakufa_fp16,0,fp16,65536.0,5,15.108868686802452,0.22400064683145796,0.4206557273864746,0.6836812496185303,floor,dq,0.00036525401521977636,0.9999999333242979,0.000270032943225107
b_kohakufa_fp16,0,fp16,65536.0,5,15.108868686802452,0.22400064683145796,0.4206557273864746,0.6836812496185303,floor,dk,0.00019405402078157897,0.9999999812286162,0.00012497570682948176
b_kohakufa_fp16,0,fp16,65536.0,5,15.108868686802452,0.22400064683145796,0.4206557273864746,0.6836812496185303,floor,dv,0.00016148796841777935,0.9999999869736536,0.00018827450466860413
b_kohakufa_fp16,0,fp16,65536.0,5,15.108868686802452,0.22400064683145796,0.4206557273864746,0.6836812496185303,scale*dS,dq,0.00036538022816659743,0.9999999332779133,0.0002697774205192207
b_kohakufa_fp16,0,fp16,65536.0,5,15.108868686802452,0.22400064683145796,0.4206557273864746,0.6836812496185303,scale*dS,dk,0.00019412114538732927,0.9999999812156835,0.00012497534024398087
b_kohakufa_fp16,0,fp16,65536.0,5,15.108868686802452,0.22400064683145796,0.4206557273864746,0.6836812496185303,scale*dS,dv,0.00016148796841777935,0.9999999869736536,0.00018827450466860413
b_kohakufa_fp16,0,fp16,65536.0,5,15.108868686802452,0.22400064683145796,0.4206557273864746,0.6836812496185303,single lse,dq,0.00036529126282382185,0.9999999333105696,0.000270032943225107
b_kohakufa_fp16,0,fp16,65536.0,5,15.108868686802452,0.22400064683145796,0.4206557273864746,0.6836812496185303,single lse,dk,0.0001941195846307236,0.9999999812167704,0.00012497570682948176
b_kohakufa_fp16,0,fp16,65536.0,5,15.108868686802452,0.22400064683145796,0.4206557273864746,0.6836812496185303,single lse,dv,0.00016148612415420394,0.9999999869734532,0.00018827450466860413
b_kohakufa_fp16,0,fp16,65536.0,5,15.108868686802452,0.22400064683145796,0.4206557273864746,0.6836812496185303,scale-shift,dq,0.000369801473005123,0.9999999316551353,0.00041758652499846355
b_kohakufa_fp16,0,fp16,65536.0,5,15.108868686802452,0.22400064683145796,0.4206557273864746,0.6836812496185303,scale-shift,dk,0.0001958152343238461,0.9999999808827013,0.00012581213105016963
b_kohakufa_fp16,0,fp16,65536.0,5,15.108868686802452,0.22400064683145796,0.4206557273864746,0.6836812496185303,scale-shift,dv,0.00016146057870852147,0.9999999869783337,0.00018827450466860413
b_kohakufa_fp16,0,fp16,65536.0,5,15.108868686802452,0.22400064683145796,0.4206557273864746,0.6836812496185303,all three,dq,0.00036983901313077317,0.9999999316417739,0.00041647894253785036
b_kohakufa_fp16,0,fp16,65536.0,5,15.108868686802452,0.22400064683145796,0.4206557273864746,0.6836812496185303,all three,dk,0.00019593356082885492,0.9999999808609595,0.00012581176446466877
b_kohakufa_fp16,0,fp16,65536.0,5,15.108868686802452,0.22400064683145796,0.4206557273864746,0.6836812496185303,all three,dv,0.00016145753437218953,0.9999999869779149,0.00018827450466860413
b_kohakufa_fp16,0,fp16,65536.0,6,15.765018466860056,0.20004522009287656,0.41139113903045654,0.6549034118652344,cudnn,dq,0.0004440218030983431,0.9999999014313079,0.0008287235621381501
b_kohakufa_fp16,0,fp16,65536.0,6,15.765018466860056,0.20004522009287656,0.41139113903045654,0.6549034118652344,cudnn,dk,0.00027349729266555606,0.9999999626044329,0.00031175752596248387
b_kohakufa_fp16,0,fp16,65536.0,6,15.765018466860056,0.20004522009287656,0.41139113903045654,0.6549034118652344,cudnn,dv,0.00025135803205302064,0.9999999684206826,0.00036364502919366664
b_kohakufa_fp16,0,fp16,65536.0,6,15.765018466860056,0.20004522009287656,0.41139113903045654,0.6549034118652344,efficient,dq,0.0004705597569118472,0.9999998892873158,0.000601775073686309
b_kohakufa_fp16,0,fp16,65536.0,6,15.765018466860056,0.20004522009287656,0.41139113903045654,0.6549034118652344,efficient,dk,0.0003007216189585058,0.9999999547855427,0.00022645956392978916
b_kohakufa_fp16,0,fp16,65536.0,6,15.765018466860056,0.20004522009287656,0.41139113903045654,0.6549034118652344,efficient,dv,0.00025057076525699426,0.9999999686179393,0.00036364502919366664
b_kohakufa_fp16,0,fp16,65536.0,6,15.765018466860056,0.20004522009287656,0.41139113903045654,0.6549034118652344,flex,dq,0.000421906823473089,0.9999999110252143,0.0008287235621381501
b_kohakufa_fp16,0,fp16,65536.0,6,15.765018466860056,0.20004522009287656,0.41139113903045654,0.6549034118652344,flex,dk,0.00026768321537005236,0.9999999641805292,0.00031175752596248387
b_kohakufa_fp16,0,fp16,65536.0,6,15.765018466860056,0.20004522009287656,0.41139113903045654,0.6549034118652344,flex,dv,0.00025078057166195094,0.9999999685617189,0.00036364502919366664
b_kohakufa_fp16,0,fp16,65536.0,6,15.765018466860056,0.20004522009287656,0.41139113903045654,0.6549034118652344,fa4,dq,0.0004359628940273104,0.9999999050124976,0.0008287235621381501
b_kohakufa_fp16,0,fp16,65536.0,6,15.765018466860056,0.20004522009287656,0.41139113903045654,0.6549034118652344,fa4,dk,0.00027320664214911574,0.9999999626833463,0.00031175752596248387
b_kohakufa_fp16,0,fp16,65536.0,6,15.765018466860056,0.20004522009287656,0.41139113903045654,0.6549034118652344,fa4,dv,0.00025066745130910873,0.9999999685899594,0.00036364502919366664
b_kohakufa_fp16,0,fp16,65536.0,6,15.765018466860056,0.20004522009287656,0.41139113903045654,0.6549034118652344,kohakufa,dq,0.0004713790770594956,0.9999998889016949,0.000601775073686309
b_kohakufa_fp16,0,fp16,65536.0,6,15.765018466860056,0.20004522009287656,0.41139113903045654,0.6549034118652344,kohakufa,dk,0.00030260216877162457,0.9999999542201014,0.00022645956392978916
b_kohakufa_fp16,0,fp16,65536.0,6,15.765018466860056,0.20004522009287656,0.41139113903045654,0.6549034118652344,kohakufa,dv,0.0002508340401323269,0.999999968548502,0.00036364502919366664
b_kohakufa_fp16,0,fp16,65536.0,6,15.765018466860056,0.20004522009287656,0.41139113903045654,0.6549034118652344,floor,dq,0.0003701168453072841,0.9999999315184988,0.0008583247401253612
b_kohakufa_fp16,0,fp16,65536.0,6,15.765018466860056,0.20004522009287656,0.41139113903045654,0.6549034118652344,floor,dk,0.00016762740663364565,0.9999999859637801,0.00017145903104900164
b_kohakufa_fp16,0,fp16,65536.0,6,15.765018466860056,0.20004522009287656,0.41139113903045654,0.6549034118652344,floor,dv,0.00013547470249482296,0.9999999908233651,0.00013341136130576908
b_kohakufa_fp16,0,fp16,65536.0,6,15.765018466860056,0.20004522009287656,0.41139113903045654,0.6549034118652344,scale*dS,dq,0.00037022082532240725,0.9999999314798331,0.0008579257049996805
b_kohakufa_fp16,0,fp16,65536.0,6,15.765018466860056,0.20004522009287656,0.41139113903045654,0.6549034118652344,scale*dS,dk,0.00016770607773002952,0.9999999859506128,0.0001713253978458773
b_kohakufa_fp16,0,fp16,65536.0,6,15.765018466860056,0.20004522009287656,0.41139113903045654,0.6549034118652344,scale*dS,dv,0.00013547470249482296,0.9999999908233651,0.00013341136130576908
b_kohakufa_fp16,0,fp16,65536.0,6,15.765018466860056,0.20004522009287656,0.41139113903045654,0.6549034118652344,single lse,dq,0.0003700810959050538,0.9999999315317492,0.0008583247401253612
b_kohakufa_fp16,0,fp16,65536.0,6,15.765018466860056,0.20004522009287656,0.41139113903045654,0.6549034118652344,single lse,dk,0.0001676600682080116,0.9999999859576976,0.00017145903104900164
b_kohakufa_fp16,0,fp16,65536.0,6,15.765018466860056,0.20004522009287656,0.41139113903045654,0.6549034118652344,single lse,dv,0.00013546849282990565,0.9999999908242067,0.00013341136130576908
b_kohakufa_fp16,0,fp16,65536.0,6,15.765018466860056,0.20004522009287656,0.41139113903045654,0.6549034118652344,scale-shift,dq,0.0003698021545123973,0.9999999316354277,0.0008583247401253612
b_kohakufa_fp16,0,fp16,65536.0,6,15.765018466860056,0.20004522009287656,0.41139113903045654,0.6549034118652344,scale-shift,dk,0.0001673715728938072,0.9999999860066904,0.00017145903104900164
b_kohakufa_fp16,0,fp16,65536.0,6,15.765018466860056,0.20004522009287656,0.41139113903045654,0.6549034118652344,scale-shift,dv,0.00013556538216520422,0.9999999908110558,0.00013341136130576908
b_kohakufa_fp16,0,fp16,65536.0,6,15.765018466860056,0.20004522009287656,0.41139113903045654,0.6549034118652344,all three,dq,0.0003699833549169158,0.9999999315685774,0.0008579257049996805
b_kohakufa_fp16,0,fp16,65536.0,6,15.765018466860056,0.20004522009287656,0.41139113903045654,0.6549034118652344,all three,dk,0.00016746319817998972,0.9999999859913613,0.0001713253978458773
b_kohakufa_fp16,0,fp16,65536.0,6,15.765018466860056,0.20004522009287656,0.41139113903045654,0.6549034118652344,all three,dv,0.00013556658556517002,0.9999999908108871,0.00013341136130576908
b_kohakufa_fp16,0,fp16,65536.0,7,15.20960757904686,0.17655111342353388,0.3323253095149994,0.6162944436073303,cudnn,dq,0.00037292566550848027,0.9999999304632655,0.0002614895468563863
b_kohakufa_fp16,0,fp16,65536.0,7,15.20960757904686,0.17655111342353388,0.3323253095149994,0.6162944436073303,cudnn,dk,0.0002577683827508214,0.9999999667800711,0.00020098620251738538
b_kohakufa_fp16,0,fp16,65536.0,7,15.20960757904686,0.17655111342353388,0.3323253095149994,0.6162944436073303,cudnn,dv,0.00022998132513798243,0.9999999735712821,0.0003518994501409404
b_kohakufa_fp16,0,fp16,65536.0,7,15.20960757904686,0.17655111342353388,0.3323253095149994,0.6162944436073303,efficient,dq,0.00040508259393593843,0.9999999179755582,0.00029807237772405833
b_kohakufa_fp16,0,fp16,65536.0,7,15.20960757904686,0.17655111342353388,0.3323253095149994,0.6162944436073303,efficient,dk,0.00028298538965128875,0.999999959959638,0.00020098620251738538
b_kohakufa_fp16,0,fp16,65536.0,7,15.20960757904686,0.17655111342353388,0.3323253095149994,0.6162944436073303,efficient,dv,0.00022987570384046168,0.9999999735958973,0.0003518994501409404
b_kohakufa_fp16,0,fp16,65536.0,7,15.20960757904686,0.17655111342353388,0.3323253095149994,0.6162944436073303,flex,dq,0.00036722702147010865,0.9999999325747646,0.00023111017787295977
b_kohakufa_fp16,0,fp16,65536.0,7,15.20960757904686,0.17655111342353388,0.3323253095149994,0.6162944436073303,flex,dk,0.00025318699209339504,0.9999999679510742,0.00020098620251738538
b_kohakufa_fp16,0,fp16,65536.0,7,15.20960757904686,0.17655111342353388,0.3323253095149994,0.6162944436073303,flex,dv,0.00022999678498042853,0.9999999735695139,0.0003518994501409404
b_kohakufa_fp16,0,fp16,65536.0,7,15.20960757904686,0.17655111342353388,0.3323253095149994,0.6162944436073303,fa4,dq,0.00037215329686275694,0.9999999307592263,0.00023111017787295977
b_kohakufa_fp16,0,fp16,65536.0,7,15.20960757904686,0.17655111342353388,0.3323253095149994,0.6162944436073303,fa4,dk,0.0002565566124069798,0.9999999670966883,0.00020098620251738538
b_kohakufa_fp16,0,fp16,65536.0,7,15.20960757904686,0.17655111342353388,0.3323253095149994,0.6162944436073303,fa4,dv,0.00022986174406884594,0.9999999735997048,0.0003518994501409404
b_kohakufa_fp16,0,fp16,65536.0,7,15.20960757904686,0.17655111342353388,0.3323253095149994,0.6162944436073303,kohakufa,dq,0.00040470220966850825,0.9999999181193732,0.00029807237772405833
b_kohakufa_fp16,0,fp16,65536.0,7,15.20960757904686,0.17655111342353388,0.3323253095149994,0.6162944436073303,kohakufa,dk,0.00028178637121850365,0.999999960299303,0.00020098620251738538
b_kohakufa_fp16,0,fp16,65536.0,7,15.20960757904686,0.17655111342353388,0.3323253095149994,0.6162944436073303,kohakufa,dv,0.00022989234139577318,0.9999999735934573,0.0003518994501409404
b_kohakufa_fp16,0,fp16,65536.0,7,15.20960757904686,0.17655111342353388,0.3323253095149994,0.6162944436073303,floor,dq,0.0003021120046603441,0.9999999543658087,0.00021010146884232743
b_kohakufa_fp16,0,fp16,65536.0,7,15.20960757904686,0.17655111342353388,0.3323253095149994,0.6162944436073303,floor,dk,0.0001513394972886592,0.9999999885575442,8.282583428044244e-05
b_kohakufa_fp16,0,fp16,65536.0,7,15.20960757904686,0.17655111342353388,0.3323253095149994,0.6162944436073303,floor,dv,0.00010477215241668118,0.9999999945131802,6.700802334447359e-05
b_kohakufa_fp16,0,fp16,65536.0,7,15.20960757904686,0.17655111342353388,0.3323253095149994,0.6162944436073303,scale*dS,dq,0.0003022237569662189,0.9999999543320601,0.00021030325374191703
b_kohakufa_fp16,0,fp16,65536.0,7,15.20960757904686,0.17655111342353388,0.3323253095149994,0.6162944436073303,scale*dS,dk,0.00015144162170391092,0.9999999885420728,8.28108697904043e-05
b_kohakufa_fp16,0,fp16,65536.0,7,15.20960757904686,0.17655111342353388,0.3323253095149994,0.6162944436073303,scale*dS,dv,0.00010477215241668118,0.9999999945131802,6.700802334447359e-05
b_kohakufa_fp16,0,fp16,65536.0,7,15.20960757904686,0.17655111342353388,0.3323253095149994,0.6162944436073303,single lse,dq,0.00030211209437441046,0.9999999543657816,0.00021010146884232743
b_kohakufa_fp16,0,fp16,65536.0,7,15.20960757904686,0.17655111342353388,0.3323253095149994,0.6162944436073303,single lse,dk,0.00015137510967484799,0.9999999885522284,8.282583428044244e-05
b_kohakufa_fp16,0,fp16,65536.0,7,15.20960757904686,0.17655111342353388,0.3323253095149994,0.6162944436073303,single lse,dv,0.0001048149447031151,0.999999994508642,6.700802334447359e-05
b_kohakufa_fp16,0,fp16,65536.0,7,15.20960757904686,0.17655111342353388,0.3323253095149994,0.6162944436073303,scale-shift,dq,0.0003018697246123735,0.9999999544390455,0.00021010146884232743
b_kohakufa_fp16,0,fp16,65536.0,7,15.20960757904686,0.17655111342353388,0.3323253095149994,0.6162944436073303,scale-shift,dk,0.00015134242825323745,0.9999999885570124,8.282583428044244e-05
b_kohakufa_fp16,0,fp16,65536.0,7,15.20960757904686,0.17655111342353388,0.3323253095149994,0.6162944436073303,scale-shift,dv,0.00010475610274202326,0.9999999945148275,6.700802334447359e-05
b_kohakufa_fp16,0,fp16,65536.0,7,15.20960757904686,0.17655111342353388,0.3323253095149994,0.6162944436073303,all three,dq,0.0003019182227132875,0.9999999544243653,0.00021030325374191703
b_kohakufa_fp16,0,fp16,65536.0,7,15.20960757904686,0.17655111342353388,0.3323253095149994,0.6162944436073303,all three,dk,0.00015142340794996046,0.9999999885447882,8.28108697904043e-05
b_kohakufa_fp16,0,fp16,65536.0,7,15.20960757904686,0.17655111342353388,0.3323253095149994,0.6162944436073303,all three,dv,0.00010479376890339587,0.9999999945108141,6.700802334447359e-05
b_kohakufa_fp16,0,fp16,65536.0,8,17.48530565854162,0.19862890702108646,0.43965470790863037,0.7134594917297363,cudnn,dq,0.0003775183609811363,0.999999928753648,0.00028882094435734375
b_kohakufa_fp16,0,fp16,65536.0,8,17.48530565854162,0.19862890702108646,0.43965470790863037,0.7134594917297363,cudnn,dk,0.00023197788774723932,0.9999999731793856,0.00013639644157403734
b_kohakufa_fp16,0,fp16,65536.0,8,17.48530565854162,0.19862890702108646,0.43965470790863037,0.7134594917297363,cudnn,dv,0.00023411426525989622,0.9999999725983639,0.00026905905204213133
b_kohakufa_fp16,0,fp16,65536.0,8,17.48530565854162,0.19862890702108646,0.43965470790863037,0.7134594917297363,efficient,dq,0.0004129743657001977,0.9999999147279254,0.0003109120158532545
b_kohakufa_fp16,0,fp16,65536.0,8,17.48530565854162,0.19862890702108646,0.43965470790863037,0.7134594917297363,efficient,dk,0.0002587617093579767,0.9999999665282108,0.00013639644157403734
b_kohakufa_fp16,0,fp16,65536.0,8,17.48530565854162,0.19862890702108646,0.43965470790863037,0.7134594917297363,efficient,dv,0.0002347774580925678,0.9999999724403651,0.00026905905204213133
b_kohakufa_fp16,0,fp16,65536.0,8,17.48530565854162,0.19862890702108646,0.43965470790863037,0.7134594917297363,flex,dq,0.00037304703687872983,0.9999999304311527,0.00028882094435734375
b_kohakufa_fp16,0,fp16,65536.0,8,17.48530565854162,0.19862890702108646,0.43965470790863037,0.7134594917297363,flex,dk,0.0002298623913132357,0.9999999736425151,0.00013639644157403734
b_kohakufa_fp16,0,fp16,65536.0,8,17.48530565854162,0.19862890702108646,0.43965470790863037,0.7134594917297363,flex,dv,0.00023472845435413753,0.9999999724527943,0.00026905905204213133
b_kohakufa_fp16,0,fp16,65536.0,8,17.48530565854162,0.19862890702108646,0.43965470790863037,0.7134594917297363,fa4,dq,0.0003761729713506552,0.9999999292505292,0.00021898741475642294
b_kohakufa_fp16,0,fp16,65536.0,8,17.48530565854162,0.19862890702108646,0.43965470790863037,0.7134594917297363,fa4,dk,0.00023289387477002933,0.9999999729132555,0.00013639644157403734
b_kohakufa_fp16,0,fp16,65536.0,8,17.48530565854162,0.19862890702108646,0.43965470790863037,0.7134594917297363,fa4,dv,0.00023464872950636613,0.9999999724713058,0.00026905905204213133
b_kohakufa_fp16,0,fp16,65536.0,8,17.48530565854162,0.19862890702108646,0.43965470790863037,0.7134594917297363,kohakufa,dq,0.0004131847760358221,0.9999999146394841,0.0003109120158532545
b_kohakufa_fp16,0,fp16,65536.0,8,17.48530565854162,0.19862890702108646,0.43965470790863037,0.7134594917297363,kohakufa,dk,0.0002582490199474892,0.9999999666599062,0.00013639644157403734
b_kohakufa_fp16,0,fp16,65536.0,8,17.48530565854162,0.19862890702108646,0.43965470790863037,0.7134594917297363,kohakufa,dv,0.0002347542414907877,0.9999999724466545,0.00026905905204213133
b_kohakufa_fp16,0,fp16,65536.0,8,17.48530565854162,0.19862890702108646,0.43965470790863037,0.7134594917297363,floor,dq,0.0003082855245455765,0.9999999524854919,0.00024111895449673658
b_kohakufa_fp16,0,fp16,65536.0,8,17.48530565854162,0.19862890702108646,0.43965470790863037,0.7134594917297363,floor,dk,0.00012661444697826968,0.9999999919870796,3.047140652878335e-05
b_kohakufa_fp16,0,fp16,65536.0,8,17.48530565854162,0.19862890702108646,0.43965470790863037,0.7134594917297363,floor,dv,0.00010834883828955127,0.9999999941398604,0.00010660237580985124
b_kohakufa_fp16,0,fp16,65536.0,8,17.48530565854162,0.19862890702108646,0.43965470790863037,0.7134594917297363,scale*dS,dq,0.0003084304089607667,0.9999999524407946,0.00024121172462098875
b_kohakufa_fp16,0,fp16,65536.0,8,17.48530565854162,0.19862890702108646,0.43965470790863037,0.7134594917297363,scale*dS,dk,0.00012673432299762627,0.9999999919718996,3.047140652878335e-05
b_kohakufa_fp16,0,fp16,65536.0,8,17.48530565854162,0.19862890702108646,0.43965470790863037,0.7134594917297363,scale*dS,dv,0.00010834883828955127,0.9999999941398604,0.00010660237580985124
b_kohakufa_fp16,0,fp16,65536.0,8,17.48530565854162,0.19862890702108646,0.43965470790863037,0.7134594917297363,single lse,dq,0.00030825070802915856,0.9999999524961941,0.00024111895449673658
b_kohakufa_fp16,0,fp16,65536.0,8,17.48530565854162,0.19862890702108646,0.43965470790863037,0.7134594917297363,single lse,dk,0.00012668868131970678,0.9999999919778203,3.047140652878335e-05
b_kohakufa_fp16,0,fp16,65536.0,8,17.48530565854162,0.19862890702108646,0.43965470790863037,0.7134594917297363,single lse,dv,0.00010836069665147406,0.9999999941385918,0.00010660237580985124
b_kohakufa_fp16,0,fp16,65536.0,8,17.48530565854162,0.19862890702108646,0.43965470790863037,0.7134594917297363,scale-shift,dq,0.0003083637527143933,0.9999999524618932,0.00024111895449673658
b_kohakufa_fp16,0,fp16,65536.0,8,17.48530565854162,0.19862890702108646,0.43965470790863037,0.7134594917297363,scale-shift,dk,0.00012682248451674217,0.9999999919608892,3.047140652878335e-05
b_kohakufa_fp16,0,fp16,65536.0,8,17.48530565854162,0.19862890702108646,0.43965470790863037,0.7134594917297363,scale-shift,dv,0.00010827598386279309,0.9999999941468235,0.00010660237580985124
b_kohakufa_fp16,0,fp16,65536.0,8,17.48530565854162,0.19862890702108646,0.43965470790863037,0.7134594917297363,all three,dq,0.0003087006098080618,0.9999999523572305,0.00024288881805352972
b_kohakufa_fp16,0,fp16,65536.0,8,17.48530565854162,0.19862890702108646,0.43965470790863037,0.7134594917297363,all three,dk,0.00012693172608591114,0.9999999919470932,3.047140652878335e-05
b_kohakufa_fp16,0,fp16,65536.0,8,17.48530565854162,0.19862890702108646,0.43965470790863037,0.7134594917297363,all three,dv,0.00010833296232899293,0.9999999941416223,0.00010660237580985124
b_kohakufa_fp16,0,fp16,65536.0,9,13.555626119952649,0.21388651768626604,0.39272886514663696,0.6881879568099976,cudnn,dq,0.00034402415375695694,0.9999999408643246,0.0004233295988628399
b_kohakufa_fp16,0,fp16,65536.0,9,13.555626119952649,0.21388651768626604,0.39272886514663696,0.6881879568099976,cudnn,dk,0.000231528733615025,0.9999999732779365,0.00022730582068906282
b_kohakufa_fp16,0,fp16,65536.0,9,13.555626119952649,0.21388651768626604,0.39272886514663696,0.6881879568099976,cudnn,dv,0.00022593558287140666,0.9999999744800033,0.00029230294207745737
b_kohakufa_fp16,0,fp16,65536.0,9,13.555626119952649,0.21388651768626604,0.39272886514663696,0.6881879568099976,efficient,dq,0.00037488360583565243,0.9999999297315282,0.0004490460374627697
b_kohakufa_fp16,0,fp16,65536.0,9,13.555626119952649,0.21388651768626604,0.39272886514663696,0.6881879568099976,efficient,dk,0.0002485019882121265,0.9999999692582366,0.00022730582068906282
b_kohakufa_fp16,0,fp16,65536.0,9,13.555626119952649,0.21388651768626604,0.39272886514663696,0.6881879568099976,efficient,dv,0.00022551518123954778,0.9999999745739772,0.00029230294207745737
b_kohakufa_fp16,0,fp16,65536.0,9,13.555626119952649,0.21388651768626604,0.39272886514663696,0.6881879568099976,flex,dq,0.00033521153956079207,0.9999999438312178,0.0004233295988628399
b_kohakufa_fp16,0,fp16,65536.0,9,13.555626119952649,0.21388651768626604,0.39272886514663696,0.6881879568099976,flex,dk,0.00023124916733181135,0.9999999733738328,0.00022730582068906282
b_kohakufa_fp16,0,fp16,65536.0,9,13.555626119952649,0.21388651768626604,0.39272886514663696,0.6881879568099976,flex,dv,0.00022552927471791446,0.9999999745695601,0.00029230294207745737
b_kohakufa_fp16,0,fp16,65536.0,9,13.555626119952649,0.21388651768626604,0.39272886514663696,0.6881879568099976,fa4,dq,0.0003447811398592512,0.9999999405671802,0.0004788913526790282
b_kohakufa_fp16,0,fp16,65536.0,9,13.555626119952649,0.21388651768626604,0.39272886514663696,0.6881879568099976,fa4,dk,0.00023343143849294728,0.9999999728056264,0.00022730582068906282
b_kohakufa_fp16,0,fp16,65536.0,9,13.555626119952649,0.21388651768626604,0.39272886514663696,0.6881879568099976,fa4,dv,0.0002255327071246407,0.9999999745695313,0.00029230294207745737
b_kohakufa_fp16,0,fp16,65536.0,9,13.555626119952649,0.21388651768626604,0.39272886514663696,0.6881879568099976,kohakufa,dq,0.0003737536740525908,0.9999999301541086,0.0004490460374627697
b_kohakufa_fp16,0,fp16,65536.0,9,13.555626119952649,0.21388651768626604,0.39272886514663696,0.6881879568099976,kohakufa,dk,0.00024823381623382916,0.9999999693901139,0.00022730582068906282
b_kohakufa_fp16,0,fp16,65536.0,9,13.555626119952649,0.21388651768626604,0.39272886514663696,0.6881879568099976,kohakufa,dv,0.00022554486657755247,0.9999999745668218,0.00029230294207745737
b_kohakufa_fp16,0,fp16,65536.0,9,13.555626119952649,0.21388651768626604,0.39272886514663696,0.6881879568099976,floor,dq,0.0002640289561993692,0.9999999651479163,0.0005156908905913616
b_kohakufa_fp16,0,fp16,65536.0,9,13.555626119952649,0.21388651768626604,0.39272886514663696,0.6881879568099976,floor,dk,0.00010401656672189058,0.9999999945925739,2.728989370012842e-05
b_kohakufa_fp16,0,fp16,65536.0,9,13.555626119952649,0.21388651768626604,0.39272886514663696,0.6881879568099976,floor,dv,8.493750076224625e-05,0.999999996392924,0.0001046980215663749
b_kohakufa_fp16,0,fp16,65536.0,9,13.555626119952649,0.21388651768626604,0.39272886514663696,0.6881879568099976,scale*dS,dq,0.0002642982548107309,0.9999999650767543,0.000515671289356053
b_kohakufa_fp16,0,fp16,65536.0,9,13.555626119952649,0.21388651768626604,0.39272886514663696,0.6881879568099976,scale*dS,dk,0.00010417168328776012,0.9999999945764482,2.728429202930666e-05
b_kohakufa_fp16,0,fp16,65536.0,9,13.555626119952649,0.21388651768626604,0.39272886514663696,0.6881879568099976,scale*dS,dv,8.493750076224625e-05,0.999999996392924,0.0001046980215663749
b_kohakufa_fp16,0,fp16,65536.0,9,13.555626119952649,0.21388651768626604,0.39272886514663696,0.6881879568099976,single lse,dq,0.00026407089005351536,0.9999999651367842,0.0005156908905913616
b_kohakufa_fp16,0,fp16,65536.0,9,13.555626119952649,0.21388651768626604,0.39272886514663696,0.6881879568099976,single lse,dk,0.00010399143545312511,0.9999999945953282,2.728989370012842e-05
b_kohakufa_fp16,0,fp16,65536.0,9,13.555626119952649,0.21388651768626604,0.39272886514663696,0.6881879568099976,single lse,dv,8.492573800454611e-05,0.9999999963939298,0.0001046980215663749
b_kohakufa_fp16,0,fp16,65536.0,9,13.555626119952649,0.21388651768626604,0.39272886514663696,0.6881879568099976,scale-shift,dq,0.0002639125130047505,0.9999999651783623,0.0005156908905913616
b_kohakufa_fp16,0,fp16,65536.0,9,13.555626119952649,0.21388651768626604,0.39272886514663696,0.6881879568099976,scale-shift,dk,0.00010396163989742565,0.9999999945982823,2.728989370012842e-05
b_kohakufa_fp16,0,fp16,65536.0,9,13.555626119952649,0.21388651768626604,0.39272886514663696,0.6881879568099976,scale-shift,dv,8.49644065957697e-05,0.9999999963906625,0.0001046980215663749
b_kohakufa_fp16,0,fp16,65536.0,9,13.555626119952649,0.21388651768626604,0.39272886514663696,0.6881879568099976,all three,dq,0.0002641721636866953,0.9999999651098093,0.000515671289356053
b_kohakufa_fp16,0,fp16,65536.0,9,13.555626119952649,0.21388651768626604,0.39272886514663696,0.6881879568099976,all three,dk,0.0001041059925619418,0.9999999945833736,2.728429202930666e-05
b_kohakufa_fp16,0,fp16,65536.0,9,13.555626119952649,0.21388651768626604,0.39272886514663696,0.6881879568099976,all three,dv,8.494964797998112e-05,0.9999999963919243,0.0001046980215663749
b_kohakufa_fp16,0,fp16,65536.0,10,11.187152312835678,0.1914638128621598,0.34417983889579773,0.6779482364654541,cudnn,dq,0.00031935326922960484,0.9999999490436152,0.00029117261034167984
b_kohakufa_fp16,0,fp16,65536.0,10,11.187152312835678,0.1914638128621598,0.34417983889579773,0.6779482364654541,cudnn,dk,0.00022101975465472142,0.9999999755787443,0.00029198191305348527
b_kohakufa_fp16,0,fp16,65536.0,10,11.187152312835678,0.1914638128621598,0.34417983889579773,0.6779482364654541,cudnn,dv,0.00021700739348732708,0.9999999764545157,0.000300259123086337
b_kohakufa_fp16,0,fp16,65536.0,10,11.187152312835678,0.1914638128621598,0.34417983889579773,0.6779482364654541,efficient,dq,0.00033889239445531003,0.9999999426241946,0.00034146285625823994
b_kohakufa_fp16,0,fp16,65536.0,10,11.187152312835678,0.1914638128621598,0.34417983889579773,0.6779482364654541,efficient,dk,0.0002310991385558596,0.9999999732975765,0.00029198191305348527
b_kohakufa_fp16,0,fp16,65536.0,10,11.187152312835678,0.1914638128621598,0.34417983889579773,0.6779482364654541,efficient,dv,0.00021701557983552466,0.9999999764525518,0.000300259123086337
b_kohakufa_fp16,0,fp16,65536.0,10,11.187152312835678,0.1914638128621598,0.34417983889579773,0.6779482364654541,flex,dq,0.0003180551664535657,0.9999999495449763,0.00034146285625823994
b_kohakufa_fp16,0,fp16,65536.0,10,11.187152312835678,0.1914638128621598,0.34417983889579773,0.6779482364654541,flex,dk,0.000221022395761325,0.9999999755757106,0.00029198191305348527
b_kohakufa_fp16,0,fp16,65536.0,10,11.187152312835678,0.1914638128621598,0.34417983889579773,0.6779482364654541,flex,dv,0.00021707201991140877,0.9999999764398706,0.000300259123086337
b_kohakufa_fp16,0,fp16,65536.0,10,11.187152312835678,0.1914638128621598,0.34417983889579773,0.6779482364654541,fa4,dq,0.0003236743414132223,0.9999999477099164,0.00042915057443874375
b_kohakufa_fp16,0,fp16,65536.0,10,11.187152312835678,0.1914638128621598,0.34417983889579773,0.6779482364654541,fa4,dk,0.00022189153025187108,0.999999975397946,0.00029198191305348527
b_kohakufa_fp16,0,fp16,65536.0,10,11.187152312835678,0.1914638128621598,0.34417983889579773,0.6779482364654541,fa4,dv,0.00021696145319599738,0.9999999764638867,0.000300259123086337
b_kohakufa_fp16,0,fp16,65536.0,10,11.187152312835678,0.1914638128621598,0.34417983889579773,0.6779482364654541,kohakufa,dq,0.00034091345618299907,0.9999999419181238,0.00034146285625823994
b_kohakufa_fp16,0,fp16,65536.0,10,11.187152312835678,0.1914638128621598,0.34417983889579773,0.6779482364654541,kohakufa,dk,0.000231311832901344,0.9999999732480905,0.00029198191305348527
b_kohakufa_fp16,0,fp16,65536.0,10,11.187152312835678,0.1914638128621598,0.34417983889579773,0.6779482364654541,kohakufa,dv,0.0002169887573308941,0.9999999764582876,0.000300259123086337
b_kohakufa_fp16,0,fp16,65536.0,10,11.187152312835678,0.1914638128621598,0.34417983889579773,0.6779482364654541,floor,dq,0.000245628390888671,0.9999999699650368,0.0003048378643094399
b_kohakufa_fp16,0,fp16,65536.0,10,11.187152312835678,0.1914638128621598,0.34417983889579773,0.6779482364654541,floor,dk,8.585039331602393e-05,0.9999999963175006,7.447235469712912e-05
b_kohakufa_fp16,0,fp16,65536.0,10,11.187152312835678,0.1914638128621598,0.34417983889579773,0.6779482364654541,floor,dv,6.326670828202456e-05,0.999999998000799,0.00011156424219578561
b_kohakufa_fp16,0,fp16,65536.0,10,11.187152312835678,0.1914638128621598,0.34417983889579773,0.6779482364654541,scale*dS,dq,0.0002458371255630909,0.9999999699143649,0.0003048265036927603
b_kohakufa_fp16,0,fp16,65536.0,10,11.187152312835678,0.1914638128621598,0.34417983889579773,0.6779482364654541,scale*dS,dk,8.598498119609458e-05,0.9999999963059306,7.449797843324277e-05
b_kohakufa_fp16,0,fp16,65536.0,10,11.187152312835678,0.1914638128621598,0.34417983889579773,0.6779482364654541,scale*dS,dv,6.326670828202456e-05,0.999999998000799,0.00011156424219578561
b_kohakufa_fp16,0,fp16,65536.0,10,11.187152312835678,0.1914638128621598,0.34417983889579773,0.6779482364654541,single lse,dq,0.0002461679480789902,0.9999999698341857,0.0003048378643094399
b_kohakufa_fp16,0,fp16,65536.0,10,11.187152312835678,0.1914638128621598,0.34417983889579773,0.6779482364654541,single lse,dk,8.601136457342429e-05,0.9999999963037204,7.447235469712912e-05
b_kohakufa_fp16,0,fp16,65536.0,10,11.187152312835678,0.1914638128621598,0.34417983889579773,0.6779482364654541,single lse,dv,6.325759738386871e-05,0.9999999980014673,0.00011156424219578561
b_kohakufa_fp16,0,fp16,65536.0,10,11.187152312835678,0.1914638128621598,0.34417983889579773,0.6779482364654541,scale-shift,dq,0.0002457422882811591,0.9999999699371226,0.0003048378643094399
b_kohakufa_fp16,0,fp16,65536.0,10,11.187152312835678,0.1914638128621598,0.34417983889579773,0.6779482364654541,scale-shift,dk,8.598146914714095e-05,0.9999999963055355,7.447235469712912e-05
b_kohakufa_fp16,0,fp16,65536.0,10,11.187152312835678,0.1914638128621598,0.34417983889579773,0.6779482364654541,scale-shift,dv,6.32558109416021e-05,0.999999998001521,0.00011156424219578561
b_kohakufa_fp16,0,fp16,65536.0,10,11.187152312835678,0.1914638128621598,0.34417983889579773,0.6779482364654541,all three,dq,0.0002464501655453669,0.9999999697660533,0.0003048265036927603
b_kohakufa_fp16,0,fp16,65536.0,10,11.187152312835678,0.1914638128621598,0.34417983889579773,0.6779482364654541,all three,dk,8.627646454349932e-05,0.9999999962801859,7.449797843324277e-05
b_kohakufa_fp16,0,fp16,65536.0,10,11.187152312835678,0.1914638128621598,0.34417983889579773,0.6779482364654541,all three,dv,6.323992931319257e-05,0.9999999980025791,0.00011156424219578561
b_kohakufa_fp16,0,fp16,65536.0,11,8.507928614271805,0.11525323367708805,0.21006648242473602,0.5683791637420654,cudnn,dq,0.0004939719419259006,0.999999878025242,0.0007693633204105871
b_kohakufa_fp16,0,fp16,65536.0,11,8.507928614271805,0.11525323367708805,0.21006648242473602,0.5683791637420654,cudnn,dk,0.00022590342900079884,0.9999999745215399,0.00043812933253102116
b_kohakufa_fp16,0,fp16,65536.0,11,8.507928614271805,0.11525323367708805,0.21006648242473602,0.5683791637420654,cudnn,dv,0.0002181650191236143,0.9999999762430933,0.0002979500008237363
b_kohakufa_fp16,0,fp16,65536.0,11,8.507928614271805,0.11525323367708805,0.21006648242473602,0.5683791637420654,efficient,dq,0.0005056117482373537,0.9999998721848857,0.000734913985570807
b_kohakufa_fp16,0,fp16,65536.0,11,8.507928614271805,0.11525323367708805,0.21006648242473602,0.5683791637420654,efficient,dk,0.00022729182641997118,0.9999999741835539,0.00042057292451096976
b_kohakufa_fp16,0,fp16,65536.0,11,8.507928614271805,0.11525323367708805,0.21006648242473602,0.5683791637420654,efficient,dv,0.00021815727580437754,0.9999999762481463,0.0002979500008237363
b_kohakufa_fp16,0,fp16,65536.0,11,8.507928614271805,0.11525323367708805,0.21006648242473602,0.5683791637420654,flex,dq,0.00048386532768673245,0.9999998829589349,0.0007693633204105871
b_kohakufa_fp16,0,fp16,65536.0,11,8.507928614271805,0.11525323367708805,0.21006648242473602,0.5683791637420654,flex,dk,0.00022495778796158343,0.9999999747651732,0.00043812933253102116
b_kohakufa_fp16,0,fp16,65536.0,11,8.507928614271805,0.11525323367708805,0.21006648242473602,0.5683791637420654,flex,dv,0.00021814195746701893,0.9999999762533182,0.0002979500008237363
b_kohakufa_fp16,0,fp16,65536.0,11,8.507928614271805,0.11525323367708805,0.21006648242473602,0.5683791637420654,fa4,dq,0.000491582039324856,0.9999998791845772,0.000788934774574788
b_kohakufa_fp16,0,fp16,65536.0,11,8.507928614271805,0.11525323367708805,0.21006648242473602,0.5683791637420654,fa4,dk,0.00022502479162623664,0.9999999748206057,0.00043812933253102116
b_kohakufa_fp16,0,fp16,65536.0,11,8.507928614271805,0.11525323367708805,0.21006648242473602,0.5683791637420654,fa4,dv,0.00021816185923196965,0.9999999762482152,0.0002979500008237363
b_kohakufa_fp16,0,fp16,65536.0,11,8.507928614271805,0.11525323367708805,0.21006648242473602,0.5683791637420654,kohakufa,dq,0.0005046598324695063,0.9999998726651382,0.0007542625743602276
b_kohakufa_fp16,0,fp16,65536.0,11,8.507928614271805,0.11525323367708805,0.21006648242473602,0.5683791637420654,kohakufa,dk,0.00022734710639254623,0.9999999741708121,0.00042057292451096976
b_kohakufa_fp16,0,fp16,65536.0,11,8.507928614271805,0.11525323367708805,0.21006648242473602,0.5683791637420654,kohakufa,dv,0.00021815952450724915,0.9999999762479281,0.0002979500008237363
b_kohakufa_fp16,0,fp16,65536.0,11,8.507928614271805,0.11525323367708805,0.21006648242473602,0.5683791637420654,floor,dq,0.0004356147232206497,0.9999999051474091,0.0007100785069180814
b_kohakufa_fp16,0,fp16,65536.0,11,8.507928614271805,0.11525323367708805,0.21006648242473602,0.5683791637420654,floor,dk,5.459647670952942e-05,0.9999999985096415,3.16783656479153e-05
b_kohakufa_fp16,0,fp16,65536.0,11,8.507928614271805,0.11525323367708805,0.21006648242473602,0.5683791637420654,floor,dv,2.353895221876283e-05,0.9999999997237909,1.1306014067937534e-05
b_kohakufa_fp16,0,fp16,65536.0,11,8.507928614271805,0.11525323367708805,0.21006648242473602,0.5683791637420654,scale*dS,dq,0.0004358905970613559,0.999999905027056,0.0007079624627692999
b_kohakufa_fp16,0,fp16,65536.0,11,8.507928614271805,0.11525323367708805,0.21006648242473602,0.5683791637420654,scale*dS,dk,5.47730545254182e-05,0.9999999984999842,3.168139502059779e-05
b_kohakufa_fp16,0,fp16,65536.0,11,8.507928614271805,0.11525323367708805,0.21006648242473602,0.5683791637420654,scale*dS,dv,2.353895221876283e-05,0.9999999997237909,1.1306014067937534e-05
b_kohakufa_fp16,0,fp16,65536.0,11,8.507928614271805,0.11525323367708805,0.21006648242473602,0.5683791637420654,single lse,dq,0.00043555478020527387,0.9999999051734046,0.0007100785069180814
b_kohakufa_fp16,0,fp16,65536.0,11,8.507928614271805,0.11525323367708805,0.21006648242473602,0.5683791637420654,single lse,dk,5.4600531576258935e-05,0.9999999985094101,3.16783656479153e-05
b_kohakufa_fp16,0,fp16,65536.0,11,8.507928614271805,0.11525323367708805,0.21006648242473602,0.5683791637420654,single lse,dv,2.3537473709356882e-05,0.9999999997238264,1.1306014067937534e-05
b_kohakufa_fp16,0,fp16,65536.0,11,8.507928614271805,0.11525323367708805,0.21006648242473602,0.5683791637420654,scale-shift,dq,0.00043545653107942027,0.9999999052168138,0.0007100785069180814
b_kohakufa_fp16,0,fp16,65536.0,11,8.507928614271805,0.11525323367708805,0.21006648242473602,0.5683791637420654,scale-shift,dk,5.451788797563184e-05,0.9999999985139307,3.16783656479153e-05
b_kohakufa_fp16,0,fp16,65536.0,11,8.507928614271805,0.11525323367708805,0.21006648242473602,0.5683791637420654,scale-shift,dv,2.354936889492971e-05,0.9999999997235502,1.1306014067937534e-05
b_kohakufa_fp16,0,fp16,65536.0,11,8.507928614271805,0.11525323367708805,0.21006648242473602,0.5683791637420654,all three,dq,0.0004356820639502725,0.9999999051183478,0.0007079624627692999
b_kohakufa_fp16,0,fp16,65536.0,11,8.507928614271805,0.11525323367708805,0.21006648242473602,0.5683791637420654,all three,dk,5.468614261362681e-05,0.9999999985047351,3.168139502059779e-05
b_kohakufa_fp16,0,fp16,65536.0,11,8.507928614271805,0.11525323367708805,0.21006648242473602,0.5683791637420654,all three,dv,2.353451229072882e-05,0.999999999723891,1.1306014067937534e-05
b_kohakufa_fp16,0,bf16,1.0,0,138473.7069194317,0.9365017679725732,0.999998152256012,1.0,cudnn,dq,0.8784734553229333,0.7516374839279498,0.7775638168061672
b_kohakufa_fp16,0,bf16,1.0,0,138473.7069194317,0.9365017679725732,0.999998152256012,1.0,cudnn,dk,0.5049855433557522,0.8918959621938902,0.3166832498427031
b_kohakufa_fp16,0,bf16,1.0,0,138473.7069194317,0.9365017679725732,0.999998152256012,1.0,cudnn,dv,0.002729503056652838,0.9999962918970462,0.008351006502551767
b_kohakufa_fp16,0,bf16,1.0,0,138473.7069194317,0.9365017679725732,0.999998152256012,1.0,efficient,dq,0.03122854001053933,0.9995126037051241,0.021987054733262658
b_kohakufa_fp16,0,bf16,1.0,0,138473.7069194317,0.9365017679725732,0.999998152256012,1.0,efficient,dk,0.006367039467469058,0.9999797655239728,0.0034820498334654382
b_kohakufa_fp16,0,bf16,1.0,0,138473.7069194317,0.9365017679725732,0.999998152256012,1.0,efficient,dv,0.0025988176081734116,0.9999966406106737,0.0071289765669086715
b_kohakufa_fp16,0,bf16,1.0,0,138473.7069194317,0.9365017679725732,0.999998152256012,1.0,flex,dq,0.031018328441925102,0.9995209579622517,0.023379785492190556
b_kohakufa_fp16,0,bf16,1.0,0,138473.7069194317,0.9365017679725732,0.999998152256012,1.0,flex,dk,0.006208051534493816,0.9999811169322599,0.0037322033069465054
b_kohakufa_fp16,0,bf16,1.0,0,138473.7069194317,0.9365017679725732,0.999998152256012,1.0,flex,dv,0.0012551524741466651,0.9999992127523875,0.002230815854225148
b_kohakufa_fp16,0,bf16,1.0,0,138473.7069194317,0.9365017679725732,0.999998152256012,1.0,fa4,dq,0.8698658523583624,0.7544731239055092,0.7677212368465954
b_kohakufa_fp16,0,bf16,1.0,0,138473.7069194317,0.9365017679725732,0.999998152256012,1.0,fa4,dk,0.49963187617365046,0.8939009319784942,0.31463532729202254
b_kohakufa_fp16,0,bf16,1.0,0,138473.7069194317,0.9365017679725732,0.999998152256012,1.0,fa4,dv,0.0035262504590823367,0.9999938187046032,0.010360723103114129
b_kohakufa_fp16,0,bf16,1.0,0,138473.7069194317,0.9365017679725732,0.999998152256012,1.0,kohakufa,dq,0.03126300451215129,0.9995115215963087,0.021987054733262658
b_kohakufa_fp16,0,bf16,1.0,0,138473.7069194317,0.9365017679725732,0.999998152256012,1.0,kohakufa,dk,0.006227020099453464,0.9999806679127596,0.0034820498334654382
b_kohakufa_fp16,0,bf16,1.0,0,138473.7069194317,0.9365017679725732,0.999998152256012,1.0,kohakufa,dv,0.0012526991259611449,0.9999992159044848,0.002230815854225148
b_kohakufa_fp16,0,bf16,1.0,0,138473.7069194317,0.9365017679725732,0.999998152256012,1.0,floor,dq,0.030923121180639397,0.9995238309739469,0.02345127395747309
b_kohakufa_fp16,0,bf16,1.0,0,138473.7069194317,0.9365017679725732,0.999998152256012,1.0,floor,dk,0.005654455551586224,0.9999841505787709,0.0025503651897685305
b_kohakufa_fp16,0,bf16,1.0,0,138473.7069194317,0.9365017679725732,0.999998152256012,1.0,floor,dv,0.0005541654599300715,0.9999998465408587,0.0005827556997899342
b_kohakufa_fp16,0,bf16,1.0,0,138473.7069194317,0.9365017679725732,0.999998152256012,1.0,scale*dS,dq,0.030923121180639397,0.9995238309739469,0.02345127395747309
b_kohakufa_fp16,0,bf16,1.0,0,138473.7069194317,0.9365017679725732,0.999998152256012,1.0,scale*dS,dk,0.005654455551586224,0.9999841505787709,0.0025503651897685305
b_kohakufa_fp16,0,bf16,1.0,0,138473.7069194317,0.9365017679725732,0.999998152256012,1.0,scale*dS,dv,0.0005541654599300715,0.9999998465408587,0.0005827556997899342
b_kohakufa_fp16,0,bf16,1.0,0,138473.7069194317,0.9365017679725732,0.999998152256012,1.0,single lse,dq,0.030933570969293986,0.9995235072516292,0.02345127395747309
b_kohakufa_fp16,0,bf16,1.0,0,138473.7069194317,0.9365017679725732,0.999998152256012,1.0,single lse,dk,0.005713688212825156,0.9999838305956897,0.0025503651897685305
b_kohakufa_fp16,0,bf16,1.0,0,138473.7069194317,0.9365017679725732,0.999998152256012,1.0,single lse,dv,0.0018054551457747873,0.9999983715591021,0.005176313430923186
b_kohakufa_fp16,0,bf16,1.0,0,138473.7069194317,0.9365017679725732,0.999998152256012,1.0,scale-shift,dq,1.0694273832706769,0.6833918513997496,0.771489099487369
b_kohakufa_fp16,0,bf16,1.0,0,138473.7069194317,0.9365017679725732,0.999998152256012,1.0,scale-shift,dk,0.5800185677372082,0.8645578288046697,0.3022077091323415
b_kohakufa_fp16,0,bf16,1.0,0,138473.7069194317,0.9365017679725732,0.999998152256012,1.0,scale-shift,dv,0.0018520349958397674,0.9999982853744019,0.005762896493901162
b_kohakufa_fp16,0,bf16,1.0,0,138473.7069194317,0.9365017679725732,0.999998152256012,1.0,all three,dq,1.0680735216059822,0.6838530516294813,0.7684517408279699
b_kohakufa_fp16,0,bf16,1.0,0,138473.7069194317,0.9365017679725732,0.999998152256012,1.0,all three,dk,0.5788003893757262,0.8650206960937983,0.301072908298786
b_kohakufa_fp16,0,bf16,1.0,0,138473.7069194317,0.9365017679725732,0.999998152256012,1.0,all three,dv,0.003001671884469562,0.9999955051529859,0.01214750496877348
b_kohakufa_fp16,0,bf16,1.0,1,75.80500251054764,0.2072275114888021,0.9999987483024597,1.0,cudnn,dq,0.00988172493893686,0.9999512046698422,0.009445057461992257
b_kohakufa_fp16,0,bf16,1.0,1,75.80500251054764,0.2072275114888021,0.9999987483024597,1.0,cudnn,dk,0.002848836191422821,0.999996015100888,0.004031737478533149
b_kohakufa_fp16,0,bf16,1.0,1,75.80500251054764,0.2072275114888021,0.9999987483024597,1.0,cudnn,dv,0.002687739222356472,0.9999963899293336,0.0035293890797143
b_kohakufa_fp16,0,bf16,1.0,1,75.80500251054764,0.2072275114888021,0.9999987483024597,1.0,efficient,dq,0.010118855299601038,0.9999488169648828,0.010065518286990377
b_kohakufa_fp16,0,bf16,1.0,1,75.80500251054764,0.2072275114888021,0.9999987483024597,1.0,efficient,dk,0.0031549057793081588,0.9999951213511306,0.0035912891314473032
b_kohakufa_fp16,0,bf16,1.0,1,75.80500251054764,0.2072275114888021,0.9999987483024597,1.0,efficient,dv,0.0026894990744772795,0.9999963849195478,0.0035293890797143
b_kohakufa_fp16,0,bf16,1.0,1,75.80500251054764,0.2072275114888021,0.9999987483024597,1.0,flex,dq,0.009803460149548549,0.9999519747402953,0.009445057461992257
b_kohakufa_fp16,0,bf16,1.0,1,75.80500251054764,0.2072275114888021,0.9999987483024597,1.0,flex,dk,0.002697785884761178,0.9999964357372682,0.004031737478533149
b_kohakufa_fp16,0,bf16,1.0,1,75.80500251054764,0.2072275114888021,0.9999987483024597,1.0,flex,dv,0.0026893681512956897,0.9999963852447548,0.0035293890797143
b_kohakufa_fp16,0,bf16,1.0,1,75.80500251054764,0.2072275114888021,0.9999987483024597,1.0,fa4,dq,0.010395725491565982,0.9999459790405928,0.01059916235941895
b_kohakufa_fp16,0,bf16,1.0,1,75.80500251054764,0.2072275114888021,0.9999987483024597,1.0,fa4,dk,0.0026411071352529627,0.9999965145215329,0.003422531007859096
b_kohakufa_fp16,0,bf16,1.0,1,75.80500251054764,0.2072275114888021,0.9999987483024597,1.0,fa4,dv,0.0026892885762121723,0.9999963854092099,0.0035293890797143
b_kohakufa_fp16,0,bf16,1.0,1,75.80500251054764,0.2072275114888021,0.9999987483024597,1.0,kohakufa,dq,0.01011674780341006,0.999948838160893,0.010065518286990377
b_kohakufa_fp16,0,bf16,1.0,1,75.80500251054764,0.2072275114888021,0.9999987483024597,1.0,kohakufa,dk,0.0031592080653785005,0.9999951098189395,0.0035912891314473032
b_kohakufa_fp16,0,bf16,1.0,1,75.80500251054764,0.2072275114888021,0.9999987483024597,1.0,kohakufa,dv,0.0026891062779950824,0.9999963859644664,0.0035293890797143
b_kohakufa_fp16,0,bf16,1.0,1,75.80500251054764,0.2072275114888021,0.9999987483024597,1.0,floor,dq,0.009629536196904879,0.9999536413235098,0.009396137193447925
b_kohakufa_fp16,0,bf16,1.0,1,75.80500251054764,0.2072275114888021,0.9999987483024597,1.0,floor,dk,0.0020514201029937754,0.9999979566930979,0.0021253455029172203
b_kohakufa_fp16,0,bf16,1.0,1,75.80500251054764,0.2072275114888021,0.9999987483024597,1.0,floor,dv,0.0020763410327298217,0.9999978456606311,0.0027771464397314716
b_kohakufa_fp16,0,bf16,1.0,1,75.80500251054764,0.2072275114888021,0.9999987483024597,1.0,scale*dS,dq,0.009629536196904879,0.9999536413235098,0.009396137193447925
b_kohakufa_fp16,0,bf16,1.0,1,75.80500251054764,0.2072275114888021,0.9999987483024597,1.0,scale*dS,dk,0.0020514201029937754,0.9999979566930979,0.0021253455029172203
b_kohakufa_fp16,0,bf16,1.0,1,75.80500251054764,0.2072275114888021,0.9999987483024597,1.0,scale*dS,dv,0.0020763410327298217,0.9999978456606311,0.0027771464397314716
b_kohakufa_fp16,0,bf16,1.0,1,75.80500251054764,0.2072275114888021,0.9999987483024597,1.0,single lse,dq,0.009629641871197825,0.9999536403072736,0.009396137193447925
b_kohakufa_fp16,0,bf16,1.0,1,75.80500251054764,0.2072275114888021,0.9999987483024597,1.0,single lse,dk,0.0020514036621841407,0.9999979567070396,0.0021253455029172203
b_kohakufa_fp16,0,bf16,1.0,1,75.80500251054764,0.2072275114888021,0.9999987483024597,1.0,single lse,dv,0.0020762500892914713,0.9999978458781623,0.0027771464397314716
b_kohakufa_fp16,0,bf16,1.0,1,75.80500251054764,0.2072275114888021,0.9999987483024597,1.0,scale-shift,dq,0.009627434809228378,0.9999536615751307,0.009396137193447925
b_kohakufa_fp16,0,bf16,1.0,1,75.80500251054764,0.2072275114888021,0.9999987483024597,1.0,scale-shift,dk,0.0020514274804898616,0.9999979564934286,0.0021253455029172203
b_kohakufa_fp16,0,bf16,1.0,1,75.80500251054764,0.2072275114888021,0.9999987483024597,1.0,scale-shift,dv,0.002076289158272663,0.999997845796538,0.0027771464397314716
b_kohakufa_fp16,0,bf16,1.0,1,75.80500251054764,0.2072275114888021,0.9999987483024597,1.0,all three,dq,0.009627680273504396,0.9999536592264788,0.009396137193447925
b_kohakufa_fp16,0,bf16,1.0,1,75.80500251054764,0.2072275114888021,0.9999987483024597,1.0,all three,dk,0.0020515092910929765,0.9999979562916623,0.0021253455029172203
b_kohakufa_fp16,0,bf16,1.0,1,75.80500251054764,0.2072275114888021,0.9999987483024597,1.0,all three,dv,0.0020763566726680156,0.9999978456599381,0.0027771464397314716
b_kohakufa_fp16,0,bf16,1.0,2,29.034494996070862,0.3217844862603375,0.9999998211860657,1.0,cudnn,dq,0.011740359520278947,0.9999310999209003,0.007897445355407439
b_kohakufa_fp16,0,bf16,1.0,2,29.034494996070862,0.3217844862603375,0.9999998211860657,1.0,cudnn,dk,0.009772663007702725,0.9999523015760411,0.008162852764651538
b_kohakufa_fp16,0,bf16,1.0,2,29.034494996070862,0.3217844862603375,0.9999998211860657,1.0,cudnn,dv,0.002126018523795311,0.9999977400219627,0.00247985634863833
b_kohakufa_fp16,0,bf16,1.0,2,29.034494996070862,0.3217844862603375,0.9999998211860657,1.0,efficient,dq,0.011497195388630815,0.9999339168062611,0.0076935598775740004
b_kohakufa_fp16,0,bf16,1.0,2,29.034494996070862,0.3217844862603375,0.9999998211860657,1.0,efficient,dk,0.009541211505031805,0.999954510497726,0.008162852764651538
b_kohakufa_fp16,0,bf16,1.0,2,29.034494996070862,0.3217844862603375,0.9999998211860657,1.0,efficient,dv,0.002126343051832197,0.9999977393347115,0.00247985634863833
b_kohakufa_fp16,0,bf16,1.0,2,29.034494996070862,0.3217844862603375,0.9999998211860657,1.0,flex,dq,0.011391582666271547,0.9999351421167213,0.007897445355407439
b_kohakufa_fp16,0,bf16,1.0,2,29.034494996070862,0.3217844862603375,0.9999998211860657,1.0,flex,dk,0.009441661705543922,0.9999554695727338,0.008162852764651538
b_kohakufa_fp16,0,bf16,1.0,2,29.034494996070862,0.3217844862603375,0.9999998211860657,1.0,flex,dv,0.0021263884473109334,0.9999977392375453,0.00247985634863833
b_kohakufa_fp16,0,bf16,1.0,2,29.034494996070862,0.3217844862603375,0.9999998211860657,1.0,fa4,dq,0.011428482745752689,0.999934707380533,0.007897445355407439
b_kohakufa_fp16,0,bf16,1.0,2,29.034494996070862,0.3217844862603375,0.9999998211860657,1.0,fa4,dk,0.009493986253289049,0.9999549482895899,0.008162852764651538
b_kohakufa_fp16,0,bf16,1.0,2,29.034494996070862,0.3217844862603375,0.9999998211860657,1.0,fa4,dv,0.002126308041410146,0.9999977394054416,0.00247985634863833
b_kohakufa_fp16,0,bf16,1.0,2,29.034494996070862,0.3217844862603375,0.9999998211860657,1.0,kohakufa,dq,0.011494990884303943,0.9999339455414297,0.0076935598775740004
b_kohakufa_fp16,0,bf16,1.0,2,29.034494996070862,0.3217844862603375,0.9999998211860657,1.0,kohakufa,dk,0.009541999027102514,0.9999545075672591,0.008162852764651538
b_kohakufa_fp16,0,bf16,1.0,2,29.034494996070862,0.3217844862603375,0.9999998211860657,1.0,kohakufa,dv,0.0021264108604090175,0.9999977391899482,0.00247985634863833
b_kohakufa_fp16,0,bf16,1.0,2,29.034494996070862,0.3217844862603375,0.9999998211860657,1.0,floor,dq,0.01128503139050015,0.9999363363932576,0.007897859762864222
b_kohakufa_fp16,0,bf16,1.0,2,29.034494996070862,0.3217844862603375,0.9999998211860657,1.0,floor,dk,0.00931717132834245,0.9999566555870083,0.00772867980999465
b_kohakufa_fp16,0,bf16,1.0,2,29.034494996070862,0.3217844862603375,0.9999998211860657,1.0,floor,dv,0.001326308135842592,0.9999991205155772,0.00199877904933084
b_kohakufa_fp16,0,bf16,1.0,2,29.034494996070862,0.3217844862603375,0.9999998211860657,1.0,scale*dS,dq,0.01128503139050015,0.9999363363932576,0.007897859762864222
b_kohakufa_fp16,0,bf16,1.0,2,29.034494996070862,0.3217844862603375,0.9999998211860657,1.0,scale*dS,dk,0.00931717132834245,0.9999566555870083,0.00772867980999465
b_kohakufa_fp16,0,bf16,1.0,2,29.034494996070862,0.3217844862603375,0.9999998211860657,1.0,scale*dS,dv,0.001326308135842592,0.9999991205155772,0.00199877904933084
b_kohakufa_fp16,0,bf16,1.0,2,29.034494996070862,0.3217844862603375,0.9999998211860657,1.0,single lse,dq,0.011284479551564894,0.9999363426250355,0.007897859762864222
b_kohakufa_fp16,0,bf16,1.0,2,29.034494996070862,0.3217844862603375,0.9999998211860657,1.0,single lse,dk,0.009316547933921629,0.999956661395836,0.00772867980999465
b_kohakufa_fp16,0,bf16,1.0,2,29.034494996070862,0.3217844862603375,0.9999998211860657,1.0,single lse,dv,0.0013263795716266392,0.9999991204206946,0.00199877904933084
b_kohakufa_fp16,0,bf16,1.0,2,29.034494996070862,0.3217844862603375,0.9999998211860657,1.0,scale-shift,dq,0.011284382968816491,0.9999363437118348,0.007897859762864222
b_kohakufa_fp16,0,bf16,1.0,2,29.034494996070862,0.3217844862603375,0.9999998211860657,1.0,scale-shift,dk,0.009316607846268452,0.9999566608376383,0.00772867980999465
b_kohakufa_fp16,0,bf16,1.0,2,29.034494996070862,0.3217844862603375,0.9999998211860657,1.0,scale-shift,dv,0.0013263073238198961,0.9999991205185982,0.00199877904933084
b_kohakufa_fp16,0,bf16,1.0,2,29.034494996070862,0.3217844862603375,0.9999998211860657,1.0,all three,dq,0.011284405145370716,0.99993634347211,0.007897859762864222
b_kohakufa_fp16,0,bf16,1.0,2,29.034494996070862,0.3217844862603375,0.9999998211860657,1.0,all three,dk,0.009316631535813568,0.9999566606363055,0.00772867980999465
b_kohakufa_fp16,0,bf16,1.0,2,29.034494996070862,0.3217844862603375,0.9999998211860657,1.0,all three,dv,0.00132637860084708,0.999999120422011,0.00199877904933084
b_kohakufa_fp16,0,bf16,1.0,3,28.53027257323265,0.35929033601966376,0.9999995231628418,1.0,cudnn,dq,0.00782501846569598,0.9999693843964536,0.0033382690244114633
b_kohakufa_fp16,0,bf16,1.0,3,28.53027257323265,0.35929033601966376,0.9999995231628418,1.0,cudnn,dk,0.00498563747631708,0.9999875924431211,0.0021621393320715994
b_kohakufa_fp16,0,bf16,1.0,3,28.53027257323265,0.35929033601966376,0.9999995231628418,1.0,cudnn,dv,0.0020887707387697513,0.9999978186258218,0.0027606400616576043
b_kohakufa_fp16,0,bf16,1.0,3,28.53027257323265,0.35929033601966376,0.9999995231628418,1.0,efficient,dq,0.00733435558892339,0.999973103615726,0.0020071334678542735
b_kohakufa_fp16,0,bf16,1.0,3,28.53027257323265,0.35929033601966376,0.9999995231628418,1.0,efficient,dk,0.004785262119609069,0.9999886040206689,0.0021621393320715994
b_kohakufa_fp16,0,bf16,1.0,3,28.53027257323265,0.35929033601966376,0.9999995231628418,1.0,efficient,dv,0.0020884793283444626,0.9999978191678364,0.0027606400616576043
b_kohakufa_fp16,0,bf16,1.0,3,28.53027257323265,0.35929033601966376,0.9999995231628418,1.0,flex,dq,0.0072032448673970155,0.9999740562963385,0.0020140606854193136
b_kohakufa_fp16,0,bf16,1.0,3,28.53027257323265,0.35929033601966376,0.9999995231628418,1.0,flex,dk,0.004683854606543723,0.9999890510400383,0.0021621393320715994
b_kohakufa_fp16,0,bf16,1.0,3,28.53027257323265,0.35929033601966376,0.9999995231628418,1.0,flex,dv,0.002088554378871779,0.9999978190100894,0.0027606400616576043
b_kohakufa_fp16,0,bf16,1.0,3,28.53027257323265,0.35929033601966376,0.9999995231628418,1.0,fa4,dq,0.007481200665030697,0.9999720156130453,0.0029742790971095884
b_kohakufa_fp16,0,bf16,1.0,3,28.53027257323265,0.35929033601966376,0.9999995231628418,1.0,fa4,dk,0.004919541605488823,0.9999879169362748,0.002264790602829853
b_kohakufa_fp16,0,bf16,1.0,3,28.53027257323265,0.35929033601966376,0.9999995231628418,1.0,fa4,dv,0.002088641451542005,0.9999978188402716,0.0027606400616576043
b_kohakufa_fp16,0,bf16,1.0,3,28.53027257323265,0.35929033601966376,0.9999995231628418,1.0,kohakufa,dq,0.007346849687944613,0.9999730118640162,0.0020071334678542735
b_kohakufa_fp16,0,bf16,1.0,3,28.53027257323265,0.35929033601966376,0.9999995231628418,1.0,kohakufa,dk,0.004798344974518598,0.9999885416176133,0.0021621393320715994
b_kohakufa_fp16,0,bf16,1.0,3,28.53027257323265,0.35929033601966376,0.9999995231628418,1.0,kohakufa,dv,0.002088540846607103,0.9999978190394377,0.0027606400616576043
b_kohakufa_fp16,0,bf16,1.0,3,28.53027257323265,0.35929033601966376,0.9999995231628418,1.0,floor,dq,0.007033389984841188,0.9999752654207367,0.002012434670597598
b_kohakufa_fp16,0,bf16,1.0,3,28.53027257323265,0.35929033601966376,0.9999995231628418,1.0,floor,dk,0.004330627260852466,0.9999906250119676,0.0009642160420680842
b_kohakufa_fp16,0,bf16,1.0,3,28.53027257323265,0.35929033601966376,0.9999995231628418,1.0,floor,dv,0.0012705410823739525,0.9999991929292686,0.0013765156786483422
b_kohakufa_fp16,0,bf16,1.0,3,28.53027257323265,0.35929033601966376,0.9999995231628418,1.0,scale*dS,dq,0.007033389984841188,0.9999752654207367,0.002012434670597598
b_kohakufa_fp16,0,bf16,1.0,3,28.53027257323265,0.35929033601966376,0.9999995231628418,1.0,scale*dS,dk,0.004330627260852466,0.9999906250119676,0.0009642160420680842
b_kohakufa_fp16,0,bf16,1.0,3,28.53027257323265,0.35929033601966376,0.9999995231628418,1.0,scale*dS,dv,0.0012705410823739525,0.9999991929292686,0.0013765156786483422
b_kohakufa_fp16,0,bf16,1.0,3,28.53027257323265,0.35929033601966376,0.9999995231628418,1.0,single lse,dq,0.00703340635066985,0.9999752653057409,0.002012434670597598
b_kohakufa_fp16,0,bf16,1.0,3,28.53027257323265,0.35929033601966376,0.9999995231628418,1.0,single lse,dk,0.004330635966790092,0.9999906249752079,0.0009642160420680842
b_kohakufa_fp16,0,bf16,1.0,3,28.53027257323265,0.35929033601966376,0.9999995231628418,1.0,single lse,dv,0.001270542289348153,0.999999192926499,0.0013765156786483422
b_kohakufa_fp16,0,bf16,1.0,3,28.53027257323265,0.35929033601966376,0.9999995231628418,1.0,scale-shift,dq,0.007033223519378394,0.9999752665916176,0.002012434670597598
b_kohakufa_fp16,0,bf16,1.0,3,28.53027257323265,0.35929033601966376,0.9999995231628418,1.0,scale-shift,dk,0.004330648902480483,0.9999906249283207,0.0009642160420680842
b_kohakufa_fp16,0,bf16,1.0,3,28.53027257323265,0.35929033601966376,0.9999995231628418,1.0,scale-shift,dv,0.001270546367435645,0.999999192922491,0.0013765156786483422
b_kohakufa_fp16,0,bf16,1.0,3,28.53027257323265,0.35929033601966376,0.9999995231628418,1.0,all three,dq,0.007033244355975563,0.9999752664450041,0.002012434670597598
b_kohakufa_fp16,0,bf16,1.0,3,28.53027257323265,0.35929033601966376,0.9999995231628418,1.0,all three,dk,0.004330552122135669,0.9999906253535389,0.0009642160420680842
b_kohakufa_fp16,0,bf16,1.0,3,28.53027257323265,0.35929033601966376,0.9999995231628418,1.0,all three,dv,0.0012705415083932026,0.9999991929276106,0.0013765156786483422
b_kohakufa_fp16,0,bf16,1.0,4,21.216638803482056,0.29380330206073396,0.9999997019767761,1.0,cudnn,dq,0.005026881973764492,0.9999874229805774,0.003810999043063381
b_kohakufa_fp16,0,bf16,1.0,4,21.216638803482056,0.29380330206073396,0.9999997019767761,1.0,cudnn,dk,0.003493384607915271,0.9999938986527993,0.0025935634987701755
b_kohakufa_fp16,0,bf16,1.0,4,21.216638803482056,0.29380330206073396,0.9999997019767761,1.0,cudnn,dv,0.002093547864111883,0.9999978096401919,0.002495790907764287
b_kohakufa_fp16,0,bf16,1.0,4,21.216638803482056,0.29380330206073396,0.9999997019767761,1.0,efficient,dq,0.004517271413901452,0.9999898184317024,0.0014155377925563453
b_kohakufa_fp16,0,bf16,1.0,4,21.216638803482056,0.29380330206073396,0.9999997019767761,1.0,efficient,dk,0.003312188403252444,0.999994514758274,0.0019519166015737604
b_kohakufa_fp16,0,bf16,1.0,4,21.216638803482056,0.29380330206073396,0.9999997019767761,1.0,efficient,dv,0.002093498231330407,0.9999978099312609,0.002495790907764287
b_kohakufa_fp16,0,bf16,1.0,4,21.216638803482056,0.29380330206073396,0.9999997019767761,1.0,flex,dq,0.004397189087130516,0.9999903983910328,0.003810999043063381
b_kohakufa_fp16,0,bf16,1.0,4,21.216638803482056,0.29380330206073396,0.9999997019767761,1.0,flex,dk,0.003084778939310486,0.9999952441553515,0.0025935634987701755
b_kohakufa_fp16,0,bf16,1.0,4,21.216638803482056,0.29380330206073396,0.9999997019767761,1.0,flex,dv,0.002093436886723484,0.999997810049711,0.002495790907764287
b_kohakufa_fp16,0,bf16,1.0,4,21.216638803482056,0.29380330206073396,0.9999997019767761,1.0,fa4,dq,0.004574622044334044,0.9999896136057873,0.003810999043063381
b_kohakufa_fp16,0,bf16,1.0,4,21.216638803482056,0.29380330206073396,0.9999997019767761,1.0,fa4,dk,0.003173925060346071,0.9999949645339178,0.0025935634987701755
b_kohakufa_fp16,0,bf16,1.0,4,21.216638803482056,0.29380330206073396,0.9999997019767761,1.0,fa4,dv,0.0020933884189623247,0.9999978101540922,0.002495790907764287
b_kohakufa_fp16,0,bf16,1.0,4,21.216638803482056,0.29380330206073396,0.9999997019767761,1.0,kohakufa,dq,0.0045785562806284295,0.9999895672578261,0.003810999043063381
b_kohakufa_fp16,0,bf16,1.0,4,21.216638803482056,0.29380330206073396,0.9999997019767761,1.0,kohakufa,dk,0.0033032188565496243,0.9999945444556062,0.0019519166015737604
b_kohakufa_fp16,0,bf16,1.0,4,21.216638803482056,0.29380330206073396,0.9999997019767761,1.0,kohakufa,dv,0.002093429498326891,0.9999978100685412,0.002495790907764287
b_kohakufa_fp16,0,bf16,1.0,4,21.216638803482056,0.29380330206073396,0.9999997019767761,1.0,floor,dq,0.0040664859953665625,0.999991774486825,0.0016100479342328348
b_kohakufa_fp16,0,bf16,1.0,4,21.216638803482056,0.29380330206073396,0.9999997019767761,1.0,floor,dk,0.002634207905777256,0.999996534065649,0.0012916326048796718
b_kohakufa_fp16,0,bf16,1.0,4,21.216638803482056,0.29380330206073396,0.9999997019767761,1.0,floor,dv,0.0012417003910423065,0.9999992295319519,0.0008308783519524199
b_kohakufa_fp16,0,bf16,1.0,4,21.216638803482056,0.29380330206073396,0.9999997019767761,1.0,scale*dS,dq,0.0040664859953665625,0.999991774486825,0.0016100479342328348
b_kohakufa_fp16,0,bf16,1.0,4,21.216638803482056,0.29380330206073396,0.9999997019767761,1.0,scale*dS,dk,0.002634207905777256,0.999996534065649,0.0012916326048796718
b_kohakufa_fp16,0,bf16,1.0,4,21.216638803482056,0.29380330206073396,0.9999997019767761,1.0,scale*dS,dv,0.0012417003910423065,0.9999992295319519,0.0008308783519524199
b_kohakufa_fp16,0,bf16,1.0,4,21.216638803482056,0.29380330206073396,0.9999997019767761,1.0,single lse,dq,0.00406652018688443,0.9999917743448041,0.0016100479342328348
b_kohakufa_fp16,0,bf16,1.0,4,21.216638803482056,0.29380330206073396,0.9999997019767761,1.0,single lse,dk,0.0026341644106648594,0.9999965341833378,0.0012916326048796718
b_kohakufa_fp16,0,bf16,1.0,4,21.216638803482056,0.29380330206073396,0.9999997019767761,1.0,single lse,dv,0.0012416983178127538,0.9999992295346947,0.0008308783519524199
b_kohakufa_fp16,0,bf16,1.0,4,21.216638803482056,0.29380330206073396,0.9999997019767761,1.0,scale-shift,dq,0.0040666735945041835,0.9999917737538747,0.0016100479342328348
b_kohakufa_fp16,0,bf16,1.0,4,21.216638803482056,0.29380330206073396,0.9999997019767761,1.0,scale-shift,dk,0.002634077984014989,0.9999965344151355,0.0012916326048796718
b_kohakufa_fp16,0,bf16,1.0,4,21.216638803482056,0.29380330206073396,0.9999997019767761,1.0,scale-shift,dv,0.001241679871708817,0.9999992295614023,0.0008308783519524199
b_kohakufa_fp16,0,bf16,1.0,4,21.216638803482056,0.29380330206073396,0.9999997019767761,1.0,all three,dq,0.004066663521311145,0.9999917737977215,0.0016100479342328348
b_kohakufa_fp16,0,bf16,1.0,4,21.216638803482056,0.29380330206073396,0.9999997019767761,1.0,all three,dk,0.0026340298278092577,0.9999965345440335,0.0012916326048796718
b_kohakufa_fp16,0,bf16,1.0,4,21.216638803482056,0.29380330206073396,0.9999997019767761,1.0,all three,dv,0.001241697230470167,0.9999992295359623,0.0008308783519524199
b_kohakufa_fp16,0,bf16,1.0,5,15.112036522477865,0.22403189698843903,1.0,1.0,cudnn,dq,0.0035267530819473596,0.9999937821078254,0.002576994305564968
b_kohakufa_fp16,0,bf16,1.0,5,15.112036522477865,0.22403189698843903,1.0,1.0,cudnn,dk,0.0022903012565163006,0.9999973782433166,0.0031298705865143387
b_kohakufa_fp16,0,bf16,1.0,5,15.112036522477865,0.22403189698843903,1.0,1.0,cudnn,dv,0.002107836957736616,0.999997778972621,0.003430829946248466
b_kohakufa_fp16,0,bf16,1.0,5,15.112036522477865,0.22403189698843903,1.0,1.0,efficient,dq,0.0037189813827949664,0.9999930846150455,0.002514464693612983
b_kohakufa_fp16,0,bf16,1.0,5,15.112036522477865,0.22403189698843903,1.0,1.0,efficient,dk,0.0025525697893097237,0.9999967436452324,0.0031298705865143387
b_kohakufa_fp16,0,bf16,1.0,5,15.112036522477865,0.22403189698843903,1.0,1.0,efficient,dv,0.002109244028241008,0.9999977773117062,0.003430829946248466
b_kohakufa_fp16,0,bf16,1.0,5,15.112036522477865,0.22403189698843903,1.0,1.0,flex,dq,0.0033753982010166603,0.9999943033720241,0.0025821736061533433
b_kohakufa_fp16,0,bf16,1.0,5,15.112036522477865,0.22403189698843903,1.0,1.0,flex,dk,0.002230516722305279,0.9999975126373148,0.0031298705865143387
b_kohakufa_fp16,0,bf16,1.0,5,15.112036522477865,0.22403189698843903,1.0,1.0,flex,dv,0.002109145496748105,0.9999977775033342,0.003430829946248466
b_kohakufa_fp16,0,bf16,1.0,5,15.112036522477865,0.22403189698843903,1.0,1.0,fa4,dq,0.003473957250982403,0.9999939662734949,0.002452534653473876
b_kohakufa_fp16,0,bf16,1.0,5,15.112036522477865,0.22403189698843903,1.0,1.0,fa4,dk,0.0022546663669252873,0.9999974587936284,0.0031298705865143387
b_kohakufa_fp16,0,bf16,1.0,5,15.112036522477865,0.22403189698843903,1.0,1.0,fa4,dv,0.0021049864400388978,0.999997785033795,0.003430829946248466
b_kohakufa_fp16,0,bf16,1.0,5,15.112036522477865,0.22403189698843903,1.0,1.0,kohakufa,dq,0.0037380425982847048,0.999993013649253,0.002514464693612983
b_kohakufa_fp16,0,bf16,1.0,5,15.112036522477865,0.22403189698843903,1.0,1.0,kohakufa,dk,0.0025657334044957673,0.9999967092375128,0.0031298705865143387
b_kohakufa_fp16,0,bf16,1.0,5,15.112036522477865,0.22403189698843903,1.0,1.0,kohakufa,dv,0.002105080509609411,0.9999977848398381,0.003430829946248466
b_kohakufa_fp16,0,bf16,1.0,5,15.112036522477865,0.22403189698843903,1.0,1.0,floor,dq,0.0029596630061224163,0.9999956219550251,0.0019824287598399493
b_kohakufa_fp16,0,bf16,1.0,5,15.112036522477865,0.22403189698843903,1.0,1.0,floor,dk,0.0015076178948950688,0.9999988636294705,0.0007428529161005804
b_kohakufa_fp16,0,bf16,1.0,5,15.112036522477865,0.22403189698843903,1.0,1.0,floor,dv,0.0012608658969164048,0.9999992051486368,0.0012317632760330938
b_kohakufa_fp16,0,bf16,1.0,5,15.112036522477865,0.22403189698843903,1.0,1.0,scale*dS,dq,0.0029596630061224163,0.9999956219550251,0.0019824287598399493
b_kohakufa_fp16,0,bf16,1.0,5,15.112036522477865,0.22403189698843903,1.0,1.0,scale*dS,dk,0.0015076178948950688,0.9999988636294705,0.0007428529161005804
b_kohakufa_fp16,0,bf16,1.0,5,15.112036522477865,0.22403189698843903,1.0,1.0,scale*dS,dv,0.0012608658969164048,0.9999992051486368,0.0012317632760330938
b_kohakufa_fp16,0,bf16,1.0,5,15.112036522477865,0.22403189698843903,1.0,1.0,single lse,dq,0.0029598532567466393,0.9999956213996996,0.0019824287598399493
b_kohakufa_fp16,0,bf16,1.0,5,15.112036522477865,0.22403189698843903,1.0,1.0,single lse,dk,0.0015076200531856992,0.9999988636275219,0.0007428529161005804
b_kohakufa_fp16,0,bf16,1.0,5,15.112036522477865,0.22403189698843903,1.0,1.0,single lse,dv,0.0012608564618134916,0.9999992051609274,0.0012317632760330938
b_kohakufa_fp16,0,bf16,1.0,5,15.112036522477865,0.22403189698843903,1.0,1.0,scale-shift,dq,0.0029596702087462826,0.9999956219374505,0.0019824287598399493
b_kohakufa_fp16,0,bf16,1.0,5,15.112036522477865,0.22403189698843903,1.0,1.0,scale-shift,dk,0.0015073738754752626,0.9999988639993901,0.0007428529161005804
b_kohakufa_fp16,0,bf16,1.0,5,15.112036522477865,0.22403189698843903,1.0,1.0,scale-shift,dv,0.0012608663857465834,0.9999992051480183,0.0012317632760330938
b_kohakufa_fp16,0,bf16,1.0,5,15.112036522477865,0.22403189698843903,1.0,1.0,all three,dq,0.0029596522965344594,0.9999956219903148,0.0019824287598399493
b_kohakufa_fp16,0,bf16,1.0,5,15.112036522477865,0.22403189698843903,1.0,1.0,all three,dk,0.0015073858069416413,0.9999988639814716,0.0007428529161005804
b_kohakufa_fp16,0,bf16,1.0,5,15.112036522477865,0.22403189698843903,1.0,1.0,all three,dv,0.0012608572081633839,0.9999992051598803,0.0012317632760330938
b_kohakufa_fp16,0,bf16,1.0,6,15.789964199066162,0.20008207425006103,0.9999998211860657,1.0,cudnn,dq,0.0036335520039843263,0.9999933988285288,0.004503273703910299
b_kohakufa_fp16,0,bf16,1.0,6,15.789964199066162,0.20008207425006103,0.9999998211860657,1.0,cudnn,dk,0.002162734779393125,0.999997661676957,0.001780316004169635
b_kohakufa_fp16,0,bf16,1.0,6,15.789964199066162,0.20008207425006103,0.9999998211860657,1.0,cudnn,dv,0.0019520479769783623,0.9999980973842097,0.002340547042532945
b_kohakufa_fp16,0,bf16,1.0,6,15.789964199066162,0.20008207425006103,0.9999998211860657,1.0,efficient,dq,0.0038544863952099115,0.9999925821351562,0.005727123456830874
b_kohakufa_fp16,0,bf16,1.0,6,15.789964199066162,0.20008207425006103,0.9999998211860657,1.0,efficient,dk,0.002469318484077568,0.9999969538295991,0.0024753221306120393
b_kohakufa_fp16,0,bf16,1.0,6,15.789964199066162,0.20008207425006103,0.9999998211860657,1.0,efficient,dv,0.001953805621014081,0.9999980940525155,0.002340547042532945
b_kohakufa_fp16,0,bf16,1.0,6,15.789964199066162,0.20008207425006103,0.9999998211860657,1.0,flex,dq,0.0034319912448943155,0.9999941149585101,0.0032549373567524157
b_kohakufa_fp16,0,bf16,1.0,6,15.789964199066162,0.20008207425006103,0.9999998211860657,1.0,flex,dk,0.0021437337916646523,0.9999977029026261,0.001780316004169635
b_kohakufa_fp16,0,bf16,1.0,6,15.789964199066162,0.20008207425006103,0.9999998211860657,1.0,flex,dv,0.001953773239415953,0.9999980940976164,0.002340547042532945
b_kohakufa_fp16,0,bf16,1.0,6,15.789964199066162,0.20008207425006103,0.9999998211860657,1.0,fa4,dq,0.003649595379786051,0.9999933499816107,0.006792995186299394
b_kohakufa_fp16,0,bf16,1.0,6,15.789964199066162,0.20008207425006103,0.9999998211860657,1.0,fa4,dk,0.0022138574830316967,0.9999975494165597,0.0018206862611904984
b_kohakufa_fp16,0,bf16,1.0,6,15.789964199066162,0.20008207425006103,0.9999998211860657,1.0,fa4,dv,0.001953565281476592,0.9999980945664338,0.002340547042532945
b_kohakufa_fp16,0,bf16,1.0,6,15.789964199066162,0.20008207425006103,0.9999998211860657,1.0,kohakufa,dq,0.0038598799474301886,0.9999925607716438,0.005727123456830874
b_kohakufa_fp16,0,bf16,1.0,6,15.789964199066162,0.20008207425006103,0.9999998211860657,1.0,kohakufa,dk,0.0024641828574306635,0.9999969669444932,0.0024753221306120393
b_kohakufa_fp16,0,bf16,1.0,6,15.789964199066162,0.20008207425006103,0.9999998211860657,1.0,kohakufa,dv,0.001953434158605453,0.9999980947899652,0.002340547042532945
b_kohakufa_fp16,0,bf16,1.0,6,15.789964199066162,0.20008207425006103,0.9999998211860657,1.0,floor,dq,0.003004419824053909,0.9999954948563702,0.0035531417865623974
b_kohakufa_fp16,0,bf16,1.0,6,15.789964199066162,0.20008207425006103,0.9999998211860657,1.0,floor,dk,0.001391350820715083,0.9999990376925475,0.0011047767636137849
b_kohakufa_fp16,0,bf16,1.0,6,15.789964199066162,0.20008207425006103,0.9999998211860657,1.0,floor,dv,0.0010966474734148302,0.9999993986853364,0.0014096948784583212
b_kohakufa_fp16,0,bf16,1.0,6,15.789964199066162,0.20008207425006103,0.9999998211860657,1.0,scale*dS,dq,0.003004419824053909,0.9999954948563702,0.0035531417865623974
b_kohakufa_fp16,0,bf16,1.0,6,15.789964199066162,0.20008207425006103,0.9999998211860657,1.0,scale*dS,dk,0.001391350820715083,0.9999990376925475,0.0011047767636137849
b_kohakufa_fp16,0,bf16,1.0,6,15.789964199066162,0.20008207425006103,0.9999998211860657,1.0,scale*dS,dv,0.0010966474734148302,0.9999993986853364,0.0014096948784583212
b_kohakufa_fp16,0,bf16,1.0,6,15.789964199066162,0.20008207425006103,0.9999998211860657,1.0,single lse,dq,0.0030043324034127682,0.9999954951367569,0.0035531417865623974
b_kohakufa_fp16,0,bf16,1.0,6,15.789964199066162,0.20008207425006103,0.9999998211860657,1.0,single lse,dk,0.001391315142686528,0.9999990377314137,0.0011047767636137849
b_kohakufa_fp16,0,bf16,1.0,6,15.789964199066162,0.20008207425006103,0.9999998211860657,1.0,single lse,dv,0.0010966198065549564,0.9999993987193638,0.0014096948784583212
b_kohakufa_fp16,0,bf16,1.0,6,15.789964199066162,0.20008207425006103,0.9999998211860657,1.0,scale-shift,dq,0.0030062972695007097,0.9999954891179849,0.0035531417865623974
b_kohakufa_fp16,0,bf16,1.0,6,15.789964199066162,0.20008207425006103,0.9999998211860657,1.0,scale-shift,dk,0.0013922179608520525,0.9999990364233474,0.0011047767636137849
b_kohakufa_fp16,0,bf16,1.0,6,15.789964199066162,0.20008207425006103,0.9999998211860657,1.0,scale-shift,dv,0.001096524216524842,0.9999993988241549,0.0014096948784583212
b_kohakufa_fp16,0,bf16,1.0,6,15.789964199066162,0.20008207425006103,0.9999998211860657,1.0,all three,dq,0.0030063010949382333,0.9999954891254219,0.0035531417865623974
b_kohakufa_fp16,0,bf16,1.0,6,15.789964199066162,0.20008207425006103,0.9999998211860657,1.0,all three,dk,0.0013922371777449248,0.9999990363909036,0.0011047767636137849
b_kohakufa_fp16,0,bf16,1.0,6,15.789964199066162,0.20008207425006103,0.9999998211860657,1.0,all three,dv,0.0010966173409964251,0.9999993987220406,0.0014096948784583212
b_kohakufa_fp16,0,bf16,1.0,7,15.217106387019157,0.1765412780261373,1.0,1.0,cudnn,dq,0.00298757768506243,0.9999955375884276,0.00208464592976254
b_kohakufa_fp16,0,bf16,1.0,7,15.217106387019157,0.1765412780261373,1.0,1.0,cudnn,dk,0.002093322962337586,0.9999978090449457,0.002303364872324753
b_kohakufa_fp16,0,bf16,1.0,7,15.217106387019157,0.1765412780261373,1.0,1.0,cudnn,dv,0.0018386929291456095,0.9999983096754478,0.002525917184160576
b_kohakufa_fp16,0,bf16,1.0,7,15.217106387019157,0.1765412780261373,1.0,1.0,efficient,dq,0.003252449312152001,0.9999947115843874,0.00208464592976254
b_kohakufa_fp16,0,bf16,1.0,7,15.217106387019157,0.1765412780261373,1.0,1.0,efficient,dk,0.002291921459379979,0.9999973736595942,0.002303364872324753
b_kohakufa_fp16,0,bf16,1.0,7,15.217106387019157,0.1765412780261373,1.0,1.0,efficient,dv,0.00183891442259731,0.9999983092596706,0.002525917184160576
b_kohakufa_fp16,0,bf16,1.0,7,15.217106387019157,0.1765412780261373,1.0,1.0,flex,dq,0.002908121244190173,0.9999957714409756,0.00208464592976254
b_kohakufa_fp16,0,bf16,1.0,7,15.217106387019157,0.1765412780261373,1.0,1.0,flex,dk,0.002074563095573154,0.9999978480917101,0.002303364872324753
b_kohakufa_fp16,0,bf16,1.0,7,15.217106387019157,0.1765412780261373,1.0,1.0,flex,dv,0.0018387381761696656,0.9999983095783307,0.002525917184160576
b_kohakufa_fp16,0,bf16,1.0,7,15.217106387019157,0.1765412780261373,1.0,1.0,fa4,dq,0.0029665424255597163,0.9999955998133363,0.0019657996926432117
b_kohakufa_fp16,0,bf16,1.0,7,15.217106387019157,0.1765412780261373,1.0,1.0,fa4,dk,0.0020860252343258127,0.9999978280191141,0.002303364872324753
b_kohakufa_fp16,0,bf16,1.0,7,15.217106387019157,0.1765412780261373,1.0,1.0,fa4,dv,0.0018387518758050483,0.9999983095526034,0.002525917184160576
b_kohakufa_fp16,0,bf16,1.0,7,15.217106387019157,0.1765412780261373,1.0,1.0,kohakufa,dq,0.0032490008279506613,0.9999947234463091,0.002113744350542773
b_kohakufa_fp16,0,bf16,1.0,7,15.217106387019157,0.1765412780261373,1.0,1.0,kohakufa,dk,0.0022969631094703164,0.9999973626926508,0.002303364872324753
b_kohakufa_fp16,0,bf16,1.0,7,15.217106387019157,0.1765412780261373,1.0,1.0,kohakufa,dv,0.001838813637618655,0.9999983094481487,0.002525917184160576
b_kohakufa_fp16,0,bf16,1.0,7,15.217106387019157,0.1765412780261373,1.0,1.0,floor,dq,0.0024103182711184092,0.9999970954582631,0.001862087287953924
b_kohakufa_fp16,0,bf16,1.0,7,15.217106387019157,0.1765412780261373,1.0,1.0,floor,dk,0.001227827637063269,0.9999992466100135,0.0009214714346944808
b_kohakufa_fp16,0,bf16,1.0,7,15.217106387019157,0.1765412780261373,1.0,1.0,floor,dv,0.0008416486254425164,0.9999996458283901,0.0006568596439572127
b_kohakufa_fp16,0,bf16,1.0,7,15.217106387019157,0.1765412780261373,1.0,1.0,scale*dS,dq,0.0024103182711184092,0.9999970954582631,0.001862087287953924
b_kohakufa_fp16,0,bf16,1.0,7,15.217106387019157,0.1765412780261373,1.0,1.0,scale*dS,dk,0.001227827637063269,0.9999992466100135,0.0009214714346944808
b_kohakufa_fp16,0,bf16,1.0,7,15.217106387019157,0.1765412780261373,1.0,1.0,scale*dS,dv,0.0008416486254425164,0.9999996458283901,0.0006568596439572127
b_kohakufa_fp16,0,bf16,1.0,7,15.217106387019157,0.1765412780261373,1.0,1.0,single lse,dq,0.002410312744688539,0.9999970954727498,0.001862087287953924
b_kohakufa_fp16,0,bf16,1.0,7,15.217106387019157,0.1765412780261373,1.0,1.0,single lse,dk,0.001227758458074296,0.9999992466936718,0.0009214714346944808
b_kohakufa_fp16,0,bf16,1.0,7,15.217106387019157,0.1765412780261373,1.0,1.0,single lse,dv,0.0008416665654470464,0.9999996458091053,0.0006568596439572127
b_kohakufa_fp16,0,bf16,1.0,7,15.217106387019157,0.1765412780261373,1.0,1.0,scale-shift,dq,0.0024100692418508865,0.9999970960502362,0.001862087287953924
b_kohakufa_fp16,0,bf16,1.0,7,15.217106387019157,0.1765412780261373,1.0,1.0,scale-shift,dk,0.00122785061236272,0.9999992465809916,0.0009214714346944808
b_kohakufa_fp16,0,bf16,1.0,7,15.217106387019157,0.1765412780261373,1.0,1.0,scale-shift,dv,0.0008416493050369542,0.9999996458238618,0.0006568596439572127
b_kohakufa_fp16,0,bf16,1.0,7,15.217106387019157,0.1765412780261373,1.0,1.0,all three,dq,0.0024102110712346885,0.9999970957092527,0.001862087287953924
b_kohakufa_fp16,0,bf16,1.0,7,15.217106387019157,0.1765412780261373,1.0,1.0,all three,dk,0.0012277548341270428,0.9999992466983911,0.0009214714346944808
b_kohakufa_fp16,0,bf16,1.0,7,15.217106387019157,0.1765412780261373,1.0,1.0,all three,dv,0.0008416594721497815,0.999999645815176,0.0006568596439572127
b_kohakufa_fp16,0,bf16,1.0,8,17.50360283255577,0.19863931814284494,1.0,1.0,cudnn,dq,0.0030335077403398133,0.9999953990746937,0.00379366455004737
b_kohakufa_fp16,0,bf16,1.0,8,17.50360283255577,0.19863931814284494,1.0,1.0,cudnn,dk,0.0019025125633336188,0.9999981949795472,0.0015417237477317624
b_kohakufa_fp16,0,bf16,1.0,8,17.50360283255577,0.19863931814284494,1.0,1.0,cudnn,dv,0.0018740624057233292,0.9999982441197364,0.0025055630974888
b_kohakufa_fp16,0,bf16,1.0,8,17.50360283255577,0.19863931814284494,1.0,1.0,efficient,dq,0.0032389644196273975,0.999994755348985,0.0026088108884775685
b_kohakufa_fp16,0,bf16,1.0,8,17.50360283255577,0.19863931814284494,1.0,1.0,efficient,dk,0.0020736698321921956,0.9999978553091607,0.0015417237477317624
b_kohakufa_fp16,0,bf16,1.0,8,17.50360283255577,0.19863931814284494,1.0,1.0,efficient,dv,0.001873929326905732,0.9999982444199771,0.0025055630974888
b_kohakufa_fp16,0,bf16,1.0,8,17.50360283255577,0.19863931814284494,1.0,1.0,flex,dq,0.002976085624146564,0.9999955714493594,0.00379366455004737
b_kohakufa_fp16,0,bf16,1.0,8,17.50360283255577,0.19863931814284494,1.0,1.0,flex,dk,0.0018929509846149458,0.9999982139883331,0.0015417237477317624
b_kohakufa_fp16,0,bf16,1.0,8,17.50360283255577,0.19863931814284494,1.0,1.0,flex,dv,0.0018739542378708516,0.9999982442868101,0.0025055630974888
b_kohakufa_fp16,0,bf16,1.0,8,17.50360283255577,0.19863931814284494,1.0,1.0,fa4,dq,0.0030537336766680275,0.9999953376365703,0.00379366455004737
b_kohakufa_fp16,0,bf16,1.0,8,17.50360283255577,0.19863931814284494,1.0,1.0,fa4,dk,0.0018929449758504537,0.9999982130180879,0.0015417237477317624
b_kohakufa_fp16,0,bf16,1.0,8,17.50360283255577,0.19863931814284494,1.0,1.0,fa4,dv,0.0018740399443973514,0.9999982441065866,0.0025055630974888
b_kohakufa_fp16,0,bf16,1.0,8,17.50360283255577,0.19863931814284494,1.0,1.0,kohakufa,dq,0.0032322681374492065,0.9999947788217292,0.0024272821156747773
b_kohakufa_fp16,0,bf16,1.0,8,17.50360283255577,0.19863931814284494,1.0,1.0,kohakufa,dk,0.0020600560995511358,0.9999978849325954,0.0015417237477317624
b_kohakufa_fp16,0,bf16,1.0,8,17.50360283255577,0.19863931814284494,1.0,1.0,kohakufa,dv,0.0018741339071284403,0.9999982439364467,0.0025055630974888
b_kohakufa_fp16,0,bf16,1.0,8,17.50360283255577,0.19863931814284494,1.0,1.0,floor,dq,0.0024721816337530075,0.9999969441706436,0.002009835705546201
b_kohakufa_fp16,0,bf16,1.0,8,17.50360283255577,0.19863931814284494,1.0,1.0,floor,dk,0.0010522501027504408,0.9999994463906013,0.00031983858504753366
b_kohakufa_fp16,0,bf16,1.0,8,17.50360283255577,0.19863931814284494,1.0,1.0,floor,dv,0.0008478263391596638,0.9999996414245258,0.0006339237977304149
b_kohakufa_fp16,0,bf16,1.0,8,17.50360283255577,0.19863931814284494,1.0,1.0,scale*dS,dq,0.0024721816337530075,0.9999969441706436,0.002009835705546201
b_kohakufa_fp16,0,bf16,1.0,8,17.50360283255577,0.19863931814284494,1.0,1.0,scale*dS,dk,0.0010522501027504408,0.9999994463906013,0.00031983858504753366
b_kohakufa_fp16,0,bf16,1.0,8,17.50360283255577,0.19863931814284494,1.0,1.0,scale*dS,dv,0.0008478263391596638,0.9999996414245258,0.0006339237977304149
b_kohakufa_fp16,0,bf16,1.0,8,17.50360283255577,0.19863931814284494,1.0,1.0,single lse,dq,0.00247216077538448,0.9999969442211704,0.002009835705546201
b_kohakufa_fp16,0,bf16,1.0,8,17.50360283255577,0.19863931814284494,1.0,1.0,single lse,dk,0.0010522489851158123,0.9999994463916638,0.00031983858504753366
b_kohakufa_fp16,0,bf16,1.0,8,17.50360283255577,0.19863931814284494,1.0,1.0,single lse,dv,0.0008478281695175629,0.9999996414230521,0.0006339237977304149
b_kohakufa_fp16,0,bf16,1.0,8,17.50360283255577,0.19863931814284494,1.0,1.0,scale-shift,dq,0.002472461761952885,0.9999969434784987,0.002009835705546201
b_kohakufa_fp16,0,bf16,1.0,8,17.50360283255577,0.19863931814284494,1.0,1.0,scale-shift,dk,0.0010522570216599536,0.999999446383388,0.00031983858504753366
b_kohakufa_fp16,0,bf16,1.0,8,17.50360283255577,0.19863931814284494,1.0,1.0,scale-shift,dv,0.0008478021549124306,0.9999996414475761,0.0006339237977304149
b_kohakufa_fp16,0,bf16,1.0,8,17.50360283255577,0.19863931814284494,1.0,1.0,all three,dq,0.0024725332366019115,0.9999969433010162,0.002009835705546201
b_kohakufa_fp16,0,bf16,1.0,8,17.50360283255577,0.19863931814284494,1.0,1.0,all three,dk,0.0010522676172048666,0.9999994463722315,0.00031983858504753366
b_kohakufa_fp16,0,bf16,1.0,8,17.50360283255577,0.19863931814284494,1.0,1.0,all three,dv,0.0008478235280061151,0.9999996414271192,0.0006339237977304149
b_kohakufa_fp16,0,bf16,1.0,9,13.545045882463455,0.21387394809096594,1.0,1.0,cudnn,dq,0.00282668789026554,0.9999960050250897,0.004454344027003723
b_kohakufa_fp16,0,bf16,1.0,9,13.545045882463455,0.21387394809096594,1.0,1.0,cudnn,dk,0.001870152595436642,0.9999982588598862,0.001129390385601225
b_kohakufa_fp16,0,bf16,1.0,9,13.545045882463455,0.21387394809096594,1.0,1.0,cudnn,dv,0.001787890681873785,0.9999984017819213,0.0029739040332533145
b_kohakufa_fp16,0,bf16,1.0,9,13.545045882463455,0.21387394809096594,1.0,1.0,efficient,dq,0.0030209240921627817,0.9999954374424815,0.0038389782763171526
b_kohakufa_fp16,0,bf16,1.0,9,13.545045882463455,0.21387394809096594,1.0,1.0,efficient,dk,0.0020222428617814605,0.999997960013673,0.001129390385601225
b_kohakufa_fp16,0,bf16,1.0,9,13.545045882463455,0.21387394809096594,1.0,1.0,efficient,dv,0.0017874688773387804,0.9999984025222095,0.0029739040332533145
b_kohakufa_fp16,0,bf16,1.0,9,13.545045882463455,0.21387394809096594,1.0,1.0,flex,dq,0.0027169810444626743,0.9999963091224588,0.0028023354526719962
b_kohakufa_fp16,0,bf16,1.0,9,13.545045882463455,0.21387394809096594,1.0,1.0,flex,dk,0.0018557366374783765,0.9999982870864224,0.001129390385601225
b_kohakufa_fp16,0,bf16,1.0,9,13.545045882463455,0.21387394809096594,1.0,1.0,flex,dv,0.0017877415110641652,0.9999984020199034,0.0029739040332533145
b_kohakufa_fp16,0,bf16,1.0,9,13.545045882463455,0.21387394809096594,1.0,1.0,fa4,dq,0.0027507469800842387,0.9999962167530537,0.0028023354526719962
b_kohakufa_fp16,0,bf16,1.0,9,13.545045882463455,0.21387394809096594,1.0,1.0,fa4,dk,0.0018501785770570626,0.9999982913380489,0.001129390385601225
b_kohakufa_fp16,0,bf16,1.0,9,13.545045882463455,0.21387394809096594,1.0,1.0,fa4,dv,0.0017874752169491225,0.9999984025101823,0.0029739040332533145
b_kohakufa_fp16,0,bf16,1.0,9,13.545045882463455,0.21387394809096594,1.0,1.0,kohakufa,dq,0.0030162850209577716,0.9999954511910701,0.0038389782763171526
b_kohakufa_fp16,0,bf16,1.0,9,13.545045882463455,0.21387394809096594,1.0,1.0,kohakufa,dk,0.0020226740478968184,0.9999979595663572,0.001129390385601225
b_kohakufa_fp16,0,bf16,1.0,9,13.545045882463455,0.21387394809096594,1.0,1.0,kohakufa,dv,0.0017876173425280806,0.9999984022595765,0.0029739040332533145
b_kohakufa_fp16,0,bf16,1.0,9,13.545045882463455,0.21387394809096594,1.0,1.0,floor,dq,0.002156875707667073,0.999997674203381,0.0021756042986800775
b_kohakufa_fp16,0,bf16,1.0,9,13.545045882463455,0.21387394809096594,1.0,1.0,floor,dk,0.0008598865434771871,0.999999630300668,0.00035961570206499124
b_kohakufa_fp16,0,bf16,1.0,9,13.545045882463455,0.21387394809096594,1.0,1.0,floor,dv,0.0006795718002262439,0.9999997692392955,0.000999580168254236
b_kohakufa_fp16,0,bf16,1.0,9,13.545045882463455,0.21387394809096594,1.0,1.0,scale*dS,dq,0.002156875707667073,0.999997674203381,0.0021756042986800775
b_kohakufa_fp16,0,bf16,1.0,9,13.545045882463455,0.21387394809096594,1.0,1.0,scale*dS,dk,0.0008598865434771871,0.999999630300668,0.00035961570206499124
b_kohakufa_fp16,0,bf16,1.0,9,13.545045882463455,0.21387394809096594,1.0,1.0,scale*dS,dv,0.0006795718002262439,0.9999997692392955,0.000999580168254236
b_kohakufa_fp16,0,bf16,1.0,9,13.545045882463455,0.21387394809096594,1.0,1.0,single lse,dq,0.0021567975964031775,0.9999976743801119,0.0021756042986800775
b_kohakufa_fp16,0,bf16,1.0,9,13.545045882463455,0.21387394809096594,1.0,1.0,single lse,dk,0.0008620363614925095,0.9999996284479424,0.00035961570206499124
b_kohakufa_fp16,0,bf16,1.0,9,13.545045882463455,0.21387394809096594,1.0,1.0,single lse,dv,0.0006802489465057755,0.9999997687637847,0.000999580168254236
b_kohakufa_fp16,0,bf16,1.0,9,13.545045882463455,0.21387394809096594,1.0,1.0,scale-shift,dq,0.0021567291698843644,0.9999976745164619,0.0021756042986800775
b_kohakufa_fp16,0,bf16,1.0,9,13.545045882463455,0.21387394809096594,1.0,1.0,scale-shift,dk,0.000859963051896126,0.9999996302337555,0.00035961570206499124
b_kohakufa_fp16,0,bf16,1.0,9,13.545045882463455,0.21387394809096594,1.0,1.0,scale-shift,dv,0.0006795714770580597,0.9999997692395304,0.000999580168254236
b_kohakufa_fp16,0,bf16,1.0,9,13.545045882463455,0.21387394809096594,1.0,1.0,all three,dq,0.002156798640985787,0.9999976743665202,0.0021756042986800775
b_kohakufa_fp16,0,bf16,1.0,9,13.545045882463455,0.21387394809096594,1.0,1.0,all three,dk,0.000859966831904246,0.9999996302305386,0.00035961570206499124
b_kohakufa_fp16,0,bf16,1.0,9,13.545045882463455,0.21387394809096594,1.0,1.0,all three,dv,0.000680234343819212,0.999999768773672,0.000999580168254236
b_kohakufa_fp16,0,bf16,1.0,10,11.184523019939661,0.19150123164576077,1.0,1.0,cudnn,dq,0.002569956879361645,0.9999966984688923,0.002616960251654562
b_kohakufa_fp16,0,bf16,1.0,10,11.184523019939661,0.19150123164576077,1.0,1.0,cudnn,dk,0.0017909902584765448,0.9999983973012128,0.0022433003813114917
b_kohakufa_fp16,0,bf16,1.0,10,11.184523019939661,0.19150123164576077,1.0,1.0,cudnn,dv,0.0017242806472538919,0.999998513717793,0.0023253140363148944
b_kohakufa_fp16,0,bf16,1.0,10,11.184523019939661,0.19150123164576077,1.0,1.0,efficient,dq,0.0027547539563491817,0.9999962231221097,0.003563118475428765
b_kohakufa_fp16,0,bf16,1.0,10,11.184523019939661,0.19150123164576077,1.0,1.0,efficient,dk,0.0018798358570255357,0.9999982382132973,0.0022433003813114917
b_kohakufa_fp16,0,bf16,1.0,10,11.184523019939661,0.19150123164576077,1.0,1.0,efficient,dv,0.0017242126210602173,0.999998513870455,0.0023253140363148944
b_kohakufa_fp16,0,bf16,1.0,10,11.184523019939661,0.19150123164576077,1.0,1.0,flex,dq,0.0025277606586839095,0.9999968064579524,0.002616960251654562
b_kohakufa_fp16,0,bf16,1.0,10,11.184523019939661,0.19150123164576077,1.0,1.0,flex,dk,0.0017889380319726941,0.9999984009449677,0.0022433003813114917
b_kohakufa_fp16,0,bf16,1.0,10,11.184523019939661,0.19150123164576077,1.0,1.0,flex,dv,0.0017242668347906176,0.9999985137853118,0.0023253140363148944
b_kohakufa_fp16,0,bf16,1.0,10,11.184523019939661,0.19150123164576077,1.0,1.0,fa4,dq,0.0026287627274000766,0.9999965464419175,0.0035772801452621256
b_kohakufa_fp16,0,bf16,1.0,10,11.184523019939661,0.19150123164576077,1.0,1.0,fa4,dk,0.0017953782867503219,0.9999983895568276,0.0022574805627753815
b_kohakufa_fp16,0,bf16,1.0,10,11.184523019939661,0.19150123164576077,1.0,1.0,fa4,dv,0.0017241149313422309,0.9999985140496689,0.0023253140363148944
b_kohakufa_fp16,0,bf16,1.0,10,11.184523019939661,0.19150123164576077,1.0,1.0,kohakufa,dq,0.0027540428759297462,0.9999962247346971,0.003563118475428765
b_kohakufa_fp16,0,bf16,1.0,10,11.184523019939661,0.19150123164576077,1.0,1.0,kohakufa,dk,0.001876846362232791,0.9999982452849504,0.0022433003813114917
b_kohakufa_fp16,0,bf16,1.0,10,11.184523019939661,0.19150123164576077,1.0,1.0,kohakufa,dv,0.0017241927155124193,0.999998513908216,0.0023253140363148944
b_kohakufa_fp16,0,bf16,1.0,10,11.184523019939661,0.19150123164576077,1.0,1.0,floor,dq,0.0019131931711683316,0.9999981700829355,0.0020925839937271508
b_kohakufa_fp16,0,bf16,1.0,10,11.184523019939661,0.19150123164576077,1.0,1.0,floor,dk,0.0006681452335735941,0.9999997768923243,0.0006622765989148917
b_kohakufa_fp16,0,bf16,1.0,10,11.184523019939661,0.19150123164576077,1.0,1.0,floor,dv,0.0004726354472251603,0.9999998883174283,0.0009122956988255759
b_kohakufa_fp16,0,bf16,1.0,10,11.184523019939661,0.19150123164576077,1.0,1.0,scale*dS,dq,0.0019131931711683316,0.9999981700829355,0.0020925839937271508
b_kohakufa_fp16,0,bf16,1.0,10,11.184523019939661,0.19150123164576077,1.0,1.0,scale*dS,dk,0.0006681452335735941,0.9999997768923243,0.0006622765989148917
b_kohakufa_fp16,0,bf16,1.0,10,11.184523019939661,0.19150123164576077,1.0,1.0,scale*dS,dv,0.0004726354472251603,0.9999998883174283,0.0009122956988255759
b_kohakufa_fp16,0,bf16,1.0,10,11.184523019939661,0.19150123164576077,1.0,1.0,single lse,dq,0.001913159879506377,0.9999981701466572,0.0020925839937271508
b_kohakufa_fp16,0,bf16,1.0,10,11.184523019939661,0.19150123164576077,1.0,1.0,single lse,dk,0.0006681692835243227,0.9999997768760454,0.0006622765989148917
b_kohakufa_fp16,0,bf16,1.0,10,11.184523019939661,0.19150123164576077,1.0,1.0,single lse,dv,0.00047263651386224694,0.9999998883169295,0.0009122956988255759
b_kohakufa_fp16,0,bf16,1.0,10,11.184523019939661,0.19150123164576077,1.0,1.0,scale-shift,dq,0.0019127877156741304,0.9999981708595778,0.0020925839937271508
b_kohakufa_fp16,0,bf16,1.0,10,11.184523019939661,0.19150123164576077,1.0,1.0,scale-shift,dk,0.0006681069790815303,0.9999997769198625,0.0006622765989148917
b_kohakufa_fp16,0,bf16,1.0,10,11.184523019939661,0.19150123164576077,1.0,1.0,scale-shift,dv,0.00047263399301732914,0.9999998883181141,0.0009122956988255759
b_kohakufa_fp16,0,bf16,1.0,10,11.184523019939661,0.19150123164576077,1.0,1.0,all three,dq,0.001912763568049036,0.9999981709058996,0.0020925839937271508
b_kohakufa_fp16,0,bf16,1.0,10,11.184523019939661,0.19150123164576077,1.0,1.0,all three,dk,0.0006681168221084796,0.999999776913255,0.0006622765989148917
b_kohakufa_fp16,0,bf16,1.0,10,11.184523019939661,0.19150123164576077,1.0,1.0,all three,dv,0.00047258118873732364,0.9999998883433338,0.0009122956988255759
b_kohakufa_fp16,0,bf16,1.0,11,8.509028986096382,0.11524928552228561,1.0,1.0,cudnn,dq,0.0039525792384185994,0.9999921887104477,0.006397048040909232
b_kohakufa_fp16,0,bf16,1.0,11,8.509028986096382,0.11524928552228561,1.0,1.0,cudnn,dk,0.0016306697356358812,0.9999986717268975,0.002454186637281017
b_kohakufa_fp16,0,bf16,1.0,11,8.509028986096382,0.11524928552228561,1.0,1.0,cudnn,dv,0.001690920366174554,0.9999985760033335,0.001835753692929767
b_kohakufa_fp16,0,bf16,1.0,11,8.509028986096382,0.11524928552228561,1.0,1.0,efficient,dq,0.004109027280099067,0.9999915579206624,0.006397048040909232
b_kohakufa_fp16,0,bf16,1.0,11,8.509028986096382,0.11524928552228561,1.0,1.0,efficient,dk,0.0016727294456200797,0.999998601127118,0.002454186637281017
b_kohakufa_fp16,0,bf16,1.0,11,8.509028986096382,0.11524928552228561,1.0,1.0,efficient,dv,0.0016909083101751346,0.9999985760641684,0.001835753692929767
b_kohakufa_fp16,0,bf16,1.0,11,8.509028986096382,0.11524928552228561,1.0,1.0,flex,dq,0.003920290871252376,0.999992315630654,0.006397048040909232
b_kohakufa_fp16,0,bf16,1.0,11,8.509028986096382,0.11524928552228561,1.0,1.0,flex,dk,0.0016298025725720224,0.9999986730929924,0.002454186637281017
b_kohakufa_fp16,0,bf16,1.0,11,8.509028986096382,0.11524928552228561,1.0,1.0,flex,dv,0.001690906496873016,0.9999985760736844,0.001835753692929767
b_kohakufa_fp16,0,bf16,1.0,11,8.509028986096382,0.11524928552228561,1.0,1.0,fa4,dq,0.003942787090617241,0.9999922277517744,0.006810335819017691
b_kohakufa_fp16,0,bf16,1.0,11,8.509028986096382,0.11524928552228561,1.0,1.0,fa4,dk,0.0016392564752092137,0.9999986591203572,0.002454186637281017
b_kohakufa_fp16,0,bf16,1.0,11,8.509028986096382,0.11524928552228561,1.0,1.0,fa4,dv,0.0016909214454531882,0.9999985760494741,0.001835753692929767
b_kohakufa_fp16,0,bf16,1.0,11,8.509028986096382,0.11524928552228561,1.0,1.0,kohakufa,dq,0.004114231859129853,0.9999915365130285,0.006397048040909232
b_kohakufa_fp16,0,bf16,1.0,11,8.509028986096382,0.11524928552228561,1.0,1.0,kohakufa,dk,0.0016681440060937708,0.9999986090117045,0.002454186637281017
b_kohakufa_fp16,0,bf16,1.0,11,8.509028986096382,0.11524928552228561,1.0,1.0,kohakufa,dv,0.0016909228706700234,0.9999985760435088,0.001835753692929767
b_kohakufa_fp16,0,bf16,1.0,11,8.509028986096382,0.11524928552228561,1.0,1.0,floor,dq,0.003554607390281719,0.9999936823637983,0.006450497678664226
b_kohakufa_fp16,0,bf16,1.0,11,8.509028986096382,0.11524928552228561,1.0,1.0,floor,dk,0.0004293074086818146,0.9999999079084526,0.00016683062715675684
b_kohakufa_fp16,0,bf16,1.0,11,8.509028986096382,0.11524928552228561,1.0,1.0,floor,dv,0.0002631136462237665,0.9999999693335873,0.00031627969376681655
b_kohakufa_fp16,0,bf16,1.0,11,8.509028986096382,0.11524928552228561,1.0,1.0,scale*dS,dq,0.003554607390281719,0.9999936823637983,0.006450497678664226
b_kohakufa_fp16,0,bf16,1.0,11,8.509028986096382,0.11524928552228561,1.0,1.0,scale*dS,dk,0.0004293074086818146,0.9999999079084526,0.00016683062715675684
b_kohakufa_fp16,0,bf16,1.0,11,8.509028986096382,0.11524928552228561,1.0,1.0,scale*dS,dv,0.0002631136462237665,0.9999999693335873,0.00031627969376681655
b_kohakufa_fp16,0,bf16,1.0,11,8.509028986096382,0.11524928552228561,1.0,1.0,single lse,dq,0.0035545418336943627,0.9999936825967458,0.006450497678664226
b_kohakufa_fp16,0,bf16,1.0,11,8.509028986096382,0.11524928552228561,1.0,1.0,single lse,dk,0.0004293398517586035,0.9999999078948731,0.00016683062715675684
b_kohakufa_fp16,0,bf16,1.0,11,8.509028986096382,0.11524928552228561,1.0,1.0,single lse,dv,0.0002631153791102426,0.9999999693333176,0.00031627969376681655
b_kohakufa_fp16,0,bf16,1.0,11,8.509028986096382,0.11524928552228561,1.0,1.0,scale-shift,dq,0.003554844399083908,0.9999936815210124,0.006450497678664226
b_kohakufa_fp16,0,bf16,1.0,11,8.509028986096382,0.11524928552228561,1.0,1.0,scale-shift,dk,0.0004293182598457028,0.9999999079043278,0.00016683062715675684
b_kohakufa_fp16,0,bf16,1.0,11,8.509028986096382,0.11524928552228561,1.0,1.0,scale-shift,dv,0.00026316797356904154,0.9999999693184838,0.00031627969376681655
b_kohakufa_fp16,0,bf16,1.0,11,8.509028986096382,0.11524928552228561,1.0,1.0,all three,dq,0.0035546522265162248,0.9999936822041895,0.006450497678664226
b_kohakufa_fp16,0,bf16,1.0,11,8.509028986096382,0.11524928552228561,1.0,1.0,all three,dk,0.000429441171396995,0.9999999078513332,0.00016683062715675684
b_kohakufa_fp16,0,bf16,1.0,11,8.509028986096382,0.11524928552228561,1.0,1.0,all three,dv,0.0002631773357488523,0.9999999693160131,0.00031627969376681655
b_kohakufa_fp16,20000,fp16,8388608.0,0,124471.92210268974,0.96680624486862,0.6466000080108643,0.8884272575378418,cudnn,dq,0.04308324477876892,0.9990730557980966,0.016070914967810216
b_kohakufa_fp16,20000,fp16,8388608.0,0,124471.92210268974,0.96680624486862,0.6466000080108643,0.8884272575378418,cudnn,dk,0.011716319662610438,0.9999313903755597,0.0029195169045587695
b_kohakufa_fp16,20000,fp16,8388608.0,0,124471.92210268974,0.96680624486862,0.6466000080108643,0.8884272575378418,cudnn,dv,0.0005836245784293012,0.9999998338759635,0.0005701010558435555
b_kohakufa_fp16,20000,fp16,8388608.0,0,124471.92210268974,0.96680624486862,0.6466000080108643,0.8884272575378418,efficient,dq,0.0043211114238786725,0.9999907040372014,0.003613108368765631
b_kohakufa_fp16,20000,fp16,8388608.0,0,124471.92210268974,0.96680624486862,0.6466000080108643,0.8884272575378418,efficient,dk,0.0006237571314524377,0.9999998119002116,0.00038831205317237935
b_kohakufa_fp16,20000,fp16,8388608.0,0,124471.92210268974,0.96680624486862,0.6466000080108643,0.8884272575378418,efficient,dv,0.0004313228266482082,0.9999999097363578,0.0004818525797181659
b_kohakufa_fp16,20000,fp16,8388608.0,0,124471.92210268974,0.96680624486862,0.6466000080108643,0.8884272575378418,flex,dq,0.0031160921853548838,0.9999951471166286,0.0038065396059057477
b_kohakufa_fp16,20000,fp16,8388608.0,0,124471.92210268974,0.96680624486862,0.6466000080108643,0.8884272575378418,flex,dk,0.00048652350719412897,0.999999885288644,0.00038831205317237935
b_kohakufa_fp16,20000,fp16,8388608.0,0,124471.92210268974,0.96680624486862,0.6466000080108643,0.8884272575378418,flex,dv,0.00024486870378341005,0.9999999701459998,0.00031600965083441595
b_kohakufa_fp16,20000,fp16,8388608.0,0,124471.92210268974,0.96680624486862,0.6466000080108643,0.8884272575378418,fa4,dq,0.043039786191181074,0.9990748696463367,0.016070914967810216
b_kohakufa_fp16,20000,fp16,8388608.0,0,124471.92210268974,0.96680624486862,0.6466000080108643,0.8884272575378418,fa4,dk,0.011740663899421093,0.9999311055996731,0.0029177357893153976
b_kohakufa_fp16,20000,fp16,8388608.0,0,124471.92210268974,0.96680624486862,0.6466000080108643,0.8884272575378418,fa4,dv,0.0011419386479023148,0.9999993493327906,0.0010487886039547917
b_kohakufa_fp16,20000,fp16,8388608.0,0,124471.92210268974,0.96680624486862,0.6466000080108643,0.8884272575378418,kohakufa,dq,0.0030119741355386664,0.99999550887076,0.003613108368765631
b_kohakufa_fp16,20000,fp16,8388608.0,0,124471.92210268974,0.96680624486862,0.6466000080108643,0.8884272575378418,kohakufa,dk,0.0004523023112374178,0.9999999047152944,0.00038831205317237935
b_kohakufa_fp16,20000,fp16,8388608.0,0,124471.92210268974,0.96680624486862,0.6466000080108643,0.8884272575378418,kohakufa,dv,0.00024016494295300934,0.9999999712899809,0.00031600965083441595
b_kohakufa_fp16,20000,fp16,8388608.0,0,124471.92210268974,0.96680624486862,0.6466000080108643,0.8884272575378418,floor,dq,0.0030323446704190364,0.9999954082102739,0.0038238896248625025
b_kohakufa_fp16,20000,fp16,8388608.0,0,124471.92210268974,0.96680624486862,0.6466000080108643,0.8884272575378418,floor,dk,0.00039493198020879895,0.9999999225264431,0.00027746196240277646
b_kohakufa_fp16,20000,fp16,8388608.0,0,124471.92210268974,0.96680624486862,0.6466000080108643,0.8884272575378418,floor,dv,0.00010462006569376333,0.9999999945610125,7.341614984121606e-05
b_kohakufa_fp16,20000,fp16,8388608.0,0,124471.92210268974,0.96680624486862,0.6466000080108643,0.8884272575378418,scale*dS,dq,0.003032435488688596,0.9999954079383039,0.0038238896248625025
b_kohakufa_fp16,20000,fp16,8388608.0,0,124471.92210268974,0.96680624486862,0.6466000080108643,0.8884272575378418,scale*dS,dk,0.0003948175170004948,0.9999999225720394,0.0002774492067370735
b_kohakufa_fp16,20000,fp16,8388608.0,0,124471.92210268974,0.96680624486862,0.6466000080108643,0.8884272575378418,scale*dS,dv,0.00010462006569376333,0.9999999945610125,7.341614984121606e-05
b_kohakufa_fp16,20000,fp16,8388608.0,0,124471.92210268974,0.96680624486862,0.6466000080108643,0.8884272575378418,single lse,dq,0.0030368518236970257,0.9999953945245544,0.0038213698916738
b_kohakufa_fp16,20000,fp16,8388608.0,0,124471.92210268974,0.96680624486862,0.6466000080108643,0.8884272575378418,single lse,dk,0.00039763915497954664,0.9999999214511603,0.00027746196240277646
b_kohakufa_fp16,20000,fp16,8388608.0,0,124471.92210268974,0.96680624486862,0.6466000080108643,0.8884272575378418,single lse,dv,0.0004473448894132544,0.9999999000051796,0.0006487853530035029
b_kohakufa_fp16,20000,fp16,8388608.0,0,124471.92210268974,0.96680624486862,0.6466000080108643,0.8884272575378418,scale-shift,dq,0.03383534719135793,0.9994279493199014,0.010247273011181595
b_kohakufa_fp16,20000,fp16,8388608.0,0,124471.92210268974,0.96680624486862,0.6466000080108643,0.8884272575378418,scale-shift,dk,0.010063834390086382,0.9999493603439562,0.003233773074574979
b_kohakufa_fp16,20000,fp16,8388608.0,0,124471.92210268974,0.96680624486862,0.6466000080108643,0.8884272575378418,scale-shift,dv,0.0004506336195680632,0.9999999043266422,0.0006188560415709592
b_kohakufa_fp16,20000,fp16,8388608.0,0,124471.92210268974,0.96680624486862,0.6466000080108643,0.8884272575378418,all three,dq,0.033828104712662524,0.9994281939523804,0.01026117704511807
b_kohakufa_fp16,20000,fp16,8388608.0,0,124471.92210268974,0.96680624486862,0.6466000080108643,0.8884272575378418,all three,dk,0.010063207666091282,0.9999493665996113,0.0032360720329861854
b_kohakufa_fp16,20000,fp16,8388608.0,0,124471.92210268974,0.96680624486862,0.6466000080108643,0.8884272575378418,all three,dv,0.0007194415652091238,0.9999997458628525,0.0009201283197217373
b_kohakufa_fp16,20000,fp16,8388608.0,1,125.5141219701618,0.671418040721895,0.8018670082092285,0.9540637731552124,cudnn,dq,0.005602473768584649,0.9999843120518496,0.015634777107538002
b_kohakufa_fp16,20000,fp16,8388608.0,1,125.5141219701618,0.671418040721895,0.8018670082092285,0.9540637731552124,cudnn,dk,0.0022644456656247475,0.9999974362744111,0.004411076105262785
b_kohakufa_fp16,20000,fp16,8388608.0,1,125.5141219701618,0.671418040721895,0.8018670082092285,0.9540637731552124,cudnn,dv,0.00031069064094849883,0.9999999520411806,0.0006271757021756755
b_kohakufa_fp16,20000,fp16,8388608.0,1,125.5141219701618,0.671418040721895,0.8018670082092285,0.9540637731552124,efficient,dq,0.005639529960863046,0.9999841034505097,0.015715852406380817
b_kohakufa_fp16,20000,fp16,8388608.0,1,125.5141219701618,0.671418040721895,0.8018670082092285,0.9540637731552124,efficient,dk,0.002254783943259601,0.9999974623873751,0.004429633747823427
b_kohakufa_fp16,20000,fp16,8388608.0,1,125.5141219701618,0.671418040721895,0.8018670082092285,0.9540637731552124,efficient,dv,0.00031071421695446505,0.9999999520419339,0.0006271757021756755
b_kohakufa_fp16,20000,fp16,8388608.0,1,125.5141219701618,0.671418040721895,0.8018670082092285,0.9540637731552124,flex,dq,0.005598573692455507,0.9999843338011256,0.015634777107538002
b_kohakufa_fp16,20000,fp16,8388608.0,1,125.5141219701618,0.671418040721895,0.8018670082092285,0.9540637731552124,flex,dk,0.0022597402913641313,0.9999974468561268,0.004429633747823427
b_kohakufa_fp16,20000,fp16,8388608.0,1,125.5141219701618,0.671418040721895,0.8018670082092285,0.9540637731552124,flex,dv,0.00031046531062689064,0.9999999521155343,0.0006271757021756755
b_kohakufa_fp16,20000,fp16,8388608.0,1,125.5141219701618,0.671418040721895,0.8018670082092285,0.9540637731552124,fa4,dq,0.005641918296567223,0.9999840859580849,0.015634777107538002
b_kohakufa_fp16,20000,fp16,8388608.0,1,125.5141219701618,0.671418040721895,0.8018670082092285,0.9540637731552124,fa4,dk,0.0022453824897735145,0.9999974794481659,0.004336845535020221
b_kohakufa_fp16,20000,fp16,8388608.0,1,125.5141219701618,0.671418040721895,0.8018670082092285,0.9540637731552124,fa4,dv,0.0003106945856580295,0.9999999520457926,0.0006271757021756755
b_kohakufa_fp16,20000,fp16,8388608.0,1,125.5141219701618,0.671418040721895,0.8018670082092285,0.9540637731552124,kohakufa,dq,0.005681842310938806,0.9999838630235988,0.015715852406380817
b_kohakufa_fp16,20000,fp16,8388608.0,1,125.5141219701618,0.671418040721895,0.8018670082092285,0.9540637731552124,kohakufa,dk,0.002263523476218433,0.9999974410013156,0.004411076105262785
b_kohakufa_fp16,20000,fp16,8388608.0,1,125.5141219701618,0.671418040721895,0.8018670082092285,0.9540637731552124,kohakufa,dv,0.0003107034619600703,0.9999999520435395,0.0006271757021756755
b_kohakufa_fp16,20000,fp16,8388608.0,1,125.5141219701618,0.671418040721895,0.8018670082092285,0.9540637731552124,floor,dq,0.005628723806649734,0.9999841656795089,0.015646344509485356
b_kohakufa_fp16,20000,fp16,8388608.0,1,125.5141219701618,0.671418040721895,0.8018670082092285,0.9540637731552124,floor,dk,0.0022528326564362727,0.9999974629160236,0.0043338459166058305
b_kohakufa_fp16,20000,fp16,8388608.0,1,125.5141219701618,0.671418040721895,0.8018670082092285,0.9540637731552124,floor,dv,0.00021874704778766996,0.9999999762635167,0.0005265094006067347
b_kohakufa_fp16,20000,fp16,8388608.0,1,125.5141219701618,0.671418040721895,0.8018670082092285,0.9540637731552124,scale*dS,dq,0.005628788083668352,0.999984165303016,0.01564629325354912
b_kohakufa_fp16,20000,fp16,8388608.0,1,125.5141219701618,0.671418040721895,0.8018670082092285,0.9540637731552124,scale*dS,dk,0.002252863069422799,0.9999974628476609,0.004333903994631427
b_kohakufa_fp16,20000,fp16,8388608.0,1,125.5141219701618,0.671418040721895,0.8018670082092285,0.9540637731552124,scale*dS,dv,0.00021874704778766996,0.9999999762635167,0.0005265094006067347
b_kohakufa_fp16,20000,fp16,8388608.0,1,125.5141219701618,0.671418040721895,0.8018670082092285,0.9540637731552124,single lse,dq,0.005628697082478679,0.9999841658319432,0.015646344509485356
b_kohakufa_fp16,20000,fp16,8388608.0,1,125.5141219701618,0.671418040721895,0.8018670082092285,0.9540637731552124,single lse,dk,0.0022522754351108195,0.9999974641709829,0.004331179614690074
b_kohakufa_fp16,20000,fp16,8388608.0,1,125.5141219701618,0.671418040721895,0.8018670082092285,0.9540637731552124,single lse,dv,0.00021858208292996746,0.9999999763051522,0.0005265094006067347
b_kohakufa_fp16,20000,fp16,8388608.0,1,125.5141219701618,0.671418040721895,0.8018670082092285,0.9540637731552124,scale-shift,dq,0.005641547838626785,0.9999840933117208,0.015646344509485356
b_kohakufa_fp16,20000,fp16,8388608.0,1,125.5141219701618,0.671418040721895,0.8018670082092285,0.9540637731552124,scale-shift,dk,0.002252746528025794,0.9999974632863073,0.004317029185703863
b_kohakufa_fp16,20000,fp16,8388608.0,1,125.5141219701618,0.671418040721895,0.8018670082092285,0.9540637731552124,scale-shift,dv,0.00021840041746042964,0.9999999763435696,0.0005265094006067347
b_kohakufa_fp16,20000,fp16,8388608.0,1,125.5141219701618,0.671418040721895,0.8018670082092285,0.9540637731552124,all three,dq,0.00564161647277357,0.999984092911,0.01564629325354912
b_kohakufa_fp16,20000,fp16,8388608.0,1,125.5141219701618,0.671418040721895,0.8018670082092285,0.9540637731552124,all three,dk,0.0022524907287657867,0.9999974638634722,0.004315796021510274
b_kohakufa_fp16,20000,fp16,8388608.0,1,125.5141219701618,0.671418040721895,0.8018670082092285,0.9540637731552124,all three,dv,0.00021835361565456172,0.9999999763586812,0.0005265094006067347
b_kohakufa_fp16,20000,fp16,8388608.0,2,63.95837581215892,0.5554756472414991,0.7630605697631836,0.9556567072868347,cudnn,dq,0.0027553749875010984,0.9999962039840308,0.0029939475342267946
b_kohakufa_fp16,20000,fp16,8388608.0,2,63.95837581215892,0.5554756472414991,0.7630605697631836,0.9556567072868347,cudnn,dk,0.0018676145690795522,0.999998256094832,0.001399481219496472
b_kohakufa_fp16,20000,fp16,8388608.0,2,63.95837581215892,0.5554756472414991,0.7630605697631836,0.9556567072868347,cudnn,dv,0.0002492808780015144,0.9999999691436176,0.0003443395380231483
b_kohakufa_fp16,20000,fp16,8388608.0,2,63.95837581215892,0.5554756472414991,0.7630605697631836,0.9556567072868347,efficient,dq,0.0026979893216540984,0.9999963609481433,0.0030076680870675023
b_kohakufa_fp16,20000,fp16,8388608.0,2,63.95837581215892,0.5554756472414991,0.7630605697631836,0.9556567072868347,efficient,dk,0.0018335384670928661,0.9999983191913442,0.0014012084162184524
b_kohakufa_fp16,20000,fp16,8388608.0,2,63.95837581215892,0.5554756472414991,0.7630605697631836,0.9556567072868347,efficient,dv,0.00024912011262745063,0.9999999691783892,0.0003443395380231483
b_kohakufa_fp16,20000,fp16,8388608.0,2,63.95837581215892,0.5554756472414991,0.7630605697631836,0.9556567072868347,flex,dq,0.002679414454293829,0.9999964103859131,0.0029939475342267946
b_kohakufa_fp16,20000,fp16,8388608.0,2,63.95837581215892,0.5554756472414991,0.7630605697631836,0.9556567072868347,flex,dk,0.0018144398501508741,0.9999983539896522,0.001399481219496472
b_kohakufa_fp16,20000,fp16,8388608.0,2,63.95837581215892,0.5554756472414991,0.7630605697631836,0.9556567072868347,flex,dv,0.00024914202148279926,0.9999999691715351,0.0003443395380231483
b_kohakufa_fp16,20000,fp16,8388608.0,2,63.95837581215892,0.5554756472414991,0.7630605697631836,0.9556567072868347,fa4,dq,0.002836541076658795,0.9999959770728253,0.0029939475342267946
b_kohakufa_fp16,20000,fp16,8388608.0,2,63.95837581215892,0.5554756472414991,0.7630605697631836,0.9556567072868347,fa4,dk,0.0018413677522540332,0.9999983053959819,0.001399481219496472
b_kohakufa_fp16,20000,fp16,8388608.0,2,63.95837581215892,0.5554756472414991,0.7630605697631836,0.9556567072868347,fa4,dv,0.00024912017477766784,0.9999999691776787,0.0003443395380231483
b_kohakufa_fp16,20000,fp16,8388608.0,2,63.95837581215892,0.5554756472414991,0.7630605697631836,0.9556567072868347,kohakufa,dq,0.002697439614145564,0.9999963622180571,0.0030076680870675023
b_kohakufa_fp16,20000,fp16,8388608.0,2,63.95837581215892,0.5554756472414991,0.7630605697631836,0.9556567072868347,kohakufa,dk,0.0018327653466866582,0.9999983206322688,0.0014012084162184524
b_kohakufa_fp16,20000,fp16,8388608.0,2,63.95837581215892,0.5554756472414991,0.7630605697631836,0.9556567072868347,kohakufa,dv,0.00024914502830154805,0.9999999691722514,0.0003443395380231483
b_kohakufa_fp16,20000,fp16,8388608.0,2,63.95837581215892,0.5554756472414991,0.7630605697631836,0.9556567072868347,floor,dq,0.0026718154463013155,0.9999964306967035,0.00299260984784311
b_kohakufa_fp16,20000,fp16,8388608.0,2,63.95837581215892,0.5554756472414991,0.7630605697631836,0.9556567072868347,floor,dk,0.0017981644719988815,0.9999983833913146,0.0013989174974172423
b_kohakufa_fp16,20000,fp16,8388608.0,2,63.95837581215892,0.5554756472414991,0.7630605697631836,0.9556567072868347,floor,dv,0.0001357776229159147,0.9999999908673336,0.0002653788996768171
b_kohakufa_fp16,20000,fp16,8388608.0,2,63.95837581215892,0.5554756472414991,0.7630605697631836,0.9556567072868347,scale*dS,dq,0.002671913991213008,0.9999964304334937,0.002991881500891843
b_kohakufa_fp16,20000,fp16,8388608.0,2,63.95837581215892,0.5554756472414991,0.7630605697631836,0.9556567072868347,scale*dS,dk,0.0017982219434723294,0.9999983832880602,0.001398815714675844
b_kohakufa_fp16,20000,fp16,8388608.0,2,63.95837581215892,0.5554756472414991,0.7630605697631836,0.9556567072868347,scale*dS,dv,0.0001357776229159147,0.9999999908673336,0.0002653788996768171
b_kohakufa_fp16,20000,fp16,8388608.0,2,63.95837581215892,0.5554756472414991,0.7630605697631836,0.9556567072868347,single lse,dq,0.002671829109453719,0.9999964306602307,0.00299260984784311
b_kohakufa_fp16,20000,fp16,8388608.0,2,63.95837581215892,0.5554756472414991,0.7630605697631836,0.9556567072868347,single lse,dk,0.0017981589243241027,0.9999983834015285,0.0013989174974172423
b_kohakufa_fp16,20000,fp16,8388608.0,2,63.95837581215892,0.5554756472414991,0.7630605697631836,0.9556567072868347,single lse,dv,0.00013577620409799677,0.9999999908675012,0.0002653788996768171
b_kohakufa_fp16,20000,fp16,8388608.0,2,63.95837581215892,0.5554756472414991,0.7630605697631836,0.9556567072868347,scale-shift,dq,0.0026730010783131398,0.9999964275306932,0.00299260984784311
b_kohakufa_fp16,20000,fp16,8388608.0,2,63.95837581215892,0.5554756472414991,0.7630605697631836,0.9556567072868347,scale-shift,dk,0.0017938119132494717,0.9999983911754401,0.0013989174974172423
b_kohakufa_fp16,20000,fp16,8388608.0,2,63.95837581215892,0.5554756472414991,0.7630605697631836,0.9556567072868347,scale-shift,dv,0.00013584326125109445,0.9999999908589566,0.0002653788996768171
b_kohakufa_fp16,20000,fp16,8388608.0,2,63.95837581215892,0.5554756472414991,0.7630605697631836,0.9556567072868347,all three,dq,0.0026732135354105547,0.9999964269627809,0.002991881500891843
b_kohakufa_fp16,20000,fp16,8388608.0,2,63.95837581215892,0.5554756472414991,0.7630605697631836,0.9556567072868347,all three,dk,0.0017938546987820926,0.9999983910987158,0.001398815714675844
b_kohakufa_fp16,20000,fp16,8388608.0,2,63.95837581215892,0.5554756472414991,0.7630605697631836,0.9556567072868347,all three,dv,0.00013584759905874746,0.9999999908584847,0.0002653788996768171
b_kohakufa_fp16,20000,fp16,8388608.0,3,68.00386261381209,0.5854282073179186,0.6834422945976257,0.9417146444320679,cudnn,dq,0.0028871981867215966,0.9999958378838469,0.00547735345849972
b_kohakufa_fp16,20000,fp16,8388608.0,3,68.00386261381209,0.5854282073179186,0.6834422945976257,0.9417146444320679,cudnn,dk,0.0015824724736494304,0.9999987485326592,0.002206065795536415
b_kohakufa_fp16,20000,fp16,8388608.0,3,68.00386261381209,0.5854282073179186,0.6834422945976257,0.9417146444320679,cudnn,dv,0.00024672240680120134,0.9999999696432125,0.0003049775817816958
b_kohakufa_fp16,20000,fp16,8388608.0,3,68.00386261381209,0.5854282073179186,0.6834422945976257,0.9417146444320679,efficient,dq,0.002903037726851874,0.9999957913182247,0.005416403493723899
b_kohakufa_fp16,20000,fp16,8388608.0,3,68.00386261381209,0.5854282073179186,0.6834422945976257,0.9417146444320679,efficient,dk,0.0016060117166305794,0.9999987104072368,0.002206065795536415
b_kohakufa_fp16,20000,fp16,8388608.0,3,68.00386261381209,0.5854282073179186,0.6834422945976257,0.9417146444320679,efficient,dv,0.0002462612425207238,0.9999999697395113,0.0003049775817816958
b_kohakufa_fp16,20000,fp16,8388608.0,3,68.00386261381209,0.5854282073179186,0.6834422945976257,0.9417146444320679,flex,dq,0.0029280179608730363,0.9999957188154781,0.00547735345849972
b_kohakufa_fp16,20000,fp16,8388608.0,3,68.00386261381209,0.5854282073179186,0.6834422945976257,0.9417146444320679,flex,dk,0.001601984234993162,0.9999987178067316,0.002206065795536415
b_kohakufa_fp16,20000,fp16,8388608.0,3,68.00386261381209,0.5854282073179186,0.6834422945976257,0.9417146444320679,flex,dv,0.0002463006477552835,0.9999999697328262,0.0003049775817816958
b_kohakufa_fp16,20000,fp16,8388608.0,3,68.00386261381209,0.5854282073179186,0.6834422945976257,0.9417146444320679,fa4,dq,0.003452383661285318,0.9999940405088048,0.006407889672785451
b_kohakufa_fp16,20000,fp16,8388608.0,3,68.00386261381209,0.5854282073179186,0.6834422945976257,0.9417146444320679,fa4,dk,0.001863834236197783,0.999998263969379,0.0026040403421738433
b_kohakufa_fp16,20000,fp16,8388608.0,3,68.00386261381209,0.5854282073179186,0.6834422945976257,0.9417146444320679,fa4,dv,0.00024630530496882937,0.9999999697321087,0.0003049775817816958
b_kohakufa_fp16,20000,fp16,8388608.0,3,68.00386261381209,0.5854282073179186,0.6834422945976257,0.9417146444320679,kohakufa,dq,0.0029033423720065898,0.9999957906190364,0.005416403493723899
b_kohakufa_fp16,20000,fp16,8388608.0,3,68.00386261381209,0.5854282073179186,0.6834422945976257,0.9417146444320679,kohakufa,dk,0.0016054359300462684,0.9999987113198321,0.002206065795536415
b_kohakufa_fp16,20000,fp16,8388608.0,3,68.00386261381209,0.5854282073179186,0.6834422945976257,0.9417146444320679,kohakufa,dv,0.0002462329398394794,0.9999999697502221,0.0003049775817816958
b_kohakufa_fp16,20000,fp16,8388608.0,3,68.00386261381209,0.5854282073179186,0.6834422945976257,0.9417146444320679,floor,dq,0.0029202748811729914,0.9999957388778985,0.005479318912433984
b_kohakufa_fp16,20000,fp16,8388608.0,3,68.00386261381209,0.5854282073179186,0.6834422945976257,0.9417146444320679,floor,dk,0.0015836970329700844,0.9999987466108335,0.0022150657977642336
b_kohakufa_fp16,20000,fp16,8388608.0,3,68.00386261381209,0.5854282073179186,0.6834422945976257,0.9417146444320679,floor,dv,0.00013717057461083072,0.9999999908872599,0.0002124436716424953
b_kohakufa_fp16,20000,fp16,8388608.0,3,68.00386261381209,0.5854282073179186,0.6834422945976257,0.9417146444320679,scale*dS,dq,0.002920153329451221,0.9999957392047701,0.0054789435647356124
b_kohakufa_fp16,20000,fp16,8388608.0,3,68.00386261381209,0.5854282073179186,0.6834422945976257,0.9417146444320679,scale*dS,dk,0.0015836830942020565,0.9999987466335556,0.002215084539873261
b_kohakufa_fp16,20000,fp16,8388608.0,3,68.00386261381209,0.5854282073179186,0.6834422945976257,0.9417146444320679,scale*dS,dv,0.00013717057461083072,0.9999999908872599,0.0002124436716424953
b_kohakufa_fp16,20000,fp16,8388608.0,3,68.00386261381209,0.5854282073179186,0.6834422945976257,0.9417146444320679,single lse,dq,0.0029202973147797,0.9999957388136133,0.005479318912433984
b_kohakufa_fp16,20000,fp16,8388608.0,3,68.00386261381209,0.5854282073179186,0.6834422945976257,0.9417146444320679,single lse,dk,0.0015836972841718985,0.99999874661019,0.0022150657977642336
b_kohakufa_fp16,20000,fp16,8388608.0,3,68.00386261381209,0.5854282073179186,0.6834422945976257,0.9417146444320679,single lse,dv,0.00013717636671575672,0.9999999908871541,0.0002124436716424953
b_kohakufa_fp16,20000,fp16,8388608.0,3,68.00386261381209,0.5854282073179186,0.6834422945976257,0.9417146444320679,scale-shift,dq,0.0029161707362254192,0.9999957508190014,0.005479318912433984
b_kohakufa_fp16,20000,fp16,8388608.0,3,68.00386261381209,0.5854282073179186,0.6834422945976257,0.9417146444320679,scale-shift,dk,0.0015828802297121474,0.9999987479007053,0.0022150657977642336
b_kohakufa_fp16,20000,fp16,8388608.0,3,68.00386261381209,0.5854282073179186,0.6834422945976257,0.9417146444320679,scale-shift,dv,0.0001371717172766612,0.9999999908878519,0.0002124436716424953
b_kohakufa_fp16,20000,fp16,8388608.0,3,68.00386261381209,0.5854282073179186,0.6834422945976257,0.9417146444320679,all three,dq,0.0029160647599618685,0.9999957511042731,0.0054789435647356124
b_kohakufa_fp16,20000,fp16,8388608.0,3,68.00386261381209,0.5854282073179186,0.6834422945976257,0.9417146444320679,all three,dk,0.001582864880986127,0.9999987479256731,0.002215084539873261
b_kohakufa_fp16,20000,fp16,8388608.0,3,68.00386261381209,0.5854282073179186,0.6834422945976257,0.9417146444320679,all three,dv,0.00013717674795363395,0.9999999908873205,0.0002124436716424953
b_kohakufa_fp16,20000,fp16,8388608.0,4,56.89364532567561,0.6960373228821821,0.6793608665466309,0.9389680027961731,cudnn,dq,0.0012232060206782043,0.9999992521098018,0.0005186290747221505
b_kohakufa_fp16,20000,fp16,8388608.0,4,56.89364532567561,0.6960373228821821,0.6793608665466309,0.9389680027961731,cudnn,dk,0.0009630406525713896,0.9999995370940583,0.0011838617676583985
b_kohakufa_fp16,20000,fp16,8388608.0,4,56.89364532567561,0.6960373228821821,0.6793608665466309,0.9389680027961731,cudnn,dv,0.0002754446749578267,0.9999999621058413,0.0005306755221992244
b_kohakufa_fp16,20000,fp16,8388608.0,4,56.89364532567561,0.6960373228821821,0.6793608665466309,0.9389680027961731,efficient,dq,0.0012079674581024873,0.9999992706334196,0.0005330284941801574
b_kohakufa_fp16,20000,fp16,8388608.0,4,56.89364532567561,0.6960373228821821,0.6793608665466309,0.9389680027961731,efficient,dk,0.000988727498482909,0.9999995117579864,0.0012057181715335855
b_kohakufa_fp16,20000,fp16,8388608.0,4,56.89364532567561,0.6960373228821821,0.6793608665466309,0.9389680027961731,efficient,dv,0.0002757970368582014,0.9999999620050243,0.0005306755221992244
b_kohakufa_fp16,20000,fp16,8388608.0,4,56.89364532567561,0.6960373228821821,0.6793608665466309,0.9389680027961731,flex,dq,0.0011794294635383467,0.9999993047925172,0.0005186290747221505
b_kohakufa_fp16,20000,fp16,8388608.0,4,56.89364532567561,0.6960373228821821,0.6793608665466309,0.9389680027961731,flex,dk,0.0009524772906071877,0.9999995473630967,0.0011838617676583985
b_kohakufa_fp16,20000,fp16,8388608.0,4,56.89364532567561,0.6960373228821821,0.6793608665466309,0.9389680027961731,flex,dv,0.0002757608072441193,0.9999999620158521,0.0005306755221992244
b_kohakufa_fp16,20000,fp16,8388608.0,4,56.89364532567561,0.6960373228821821,0.6793608665466309,0.9389680027961731,fa4,dq,0.0012048190533533011,0.9999992744716487,0.0005186290747221505
b_kohakufa_fp16,20000,fp16,8388608.0,4,56.89364532567561,0.6960373228821821,0.6793608665466309,0.9389680027961731,fa4,dk,0.0009588633837155573,0.9999995418525849,0.0011838617676583985
b_kohakufa_fp16,20000,fp16,8388608.0,4,56.89364532567561,0.6960373228821821,0.6793608665466309,0.9389680027961731,fa4,dv,0.0002757783341508113,0.9999999620109017,0.0005306755221992244
b_kohakufa_fp16,20000,fp16,8388608.0,4,56.89364532567561,0.6960373228821821,0.6793608665466309,0.9389680027961731,kohakufa,dq,0.0012065261837961641,0.9999992723915626,0.0005330284941801574
b_kohakufa_fp16,20000,fp16,8388608.0,4,56.89364532567561,0.6960373228821821,0.6793608665466309,0.9389680027961731,kohakufa,dk,0.0009903844032163156,0.9999995101259486,0.0012057181715335855
b_kohakufa_fp16,20000,fp16,8388608.0,4,56.89364532567561,0.6960373228821821,0.6793608665466309,0.9389680027961731,kohakufa,dv,0.0002757866671667796,0.9999999620085612,0.0005306755221992244
b_kohakufa_fp16,20000,fp16,8388608.0,4,56.89364532567561,0.6960373228821821,0.6793608665466309,0.9389680027961731,floor,dq,0.0011674219995456254,0.9999993185663566,0.0005177714581604075
b_kohakufa_fp16,20000,fp16,8388608.0,4,56.89364532567561,0.6960373228821821,0.6793608665466309,0.9389680027961731,floor,dk,0.0009275590595347453,0.999999570687196,0.0011787552566675636
b_kohakufa_fp16,20000,fp16,8388608.0,4,56.89364532567561,0.6960373228821821,0.6793608665466309,0.9389680027961731,floor,dv,0.0001846346882042266,0.9999999829690251,0.00048515352656338143
b_kohakufa_fp16,20000,fp16,8388608.0,4,56.89364532567561,0.6960373228821821,0.6793608665466309,0.9389680027961731,scale*dS,dq,0.0011675822093605368,0.9999993183793033,0.0005177688352803144
b_kohakufa_fp16,20000,fp16,8388608.0,4,56.89364532567561,0.6960373228821821,0.6793608665466309,0.9389680027961731,scale*dS,dk,0.0009275624670053199,0.9999995706839344,0.001178240503751275
b_kohakufa_fp16,20000,fp16,8388608.0,4,56.89364532567561,0.6960373228821821,0.6793608665466309,0.9389680027961731,scale*dS,dv,0.0001846346882042266,0.9999999829690251,0.00048515352656338143
b_kohakufa_fp16,20000,fp16,8388608.0,4,56.89364532567561,0.6960373228821821,0.6793608665466309,0.9389680027961731,single lse,dq,0.0011674184610222839,0.9999993185703674,0.0005177714581604075
b_kohakufa_fp16,20000,fp16,8388608.0,4,56.89364532567561,0.6960373228821821,0.6793608665466309,0.9389680027961731,single lse,dk,0.000927558696604488,0.9999995706878203,0.0011787552566675636
b_kohakufa_fp16,20000,fp16,8388608.0,4,56.89364532567561,0.6960373228821821,0.6793608665466309,0.9389680027961731,single lse,dv,0.00018459350450689114,0.9999999829767536,0.00048515352656338143
b_kohakufa_fp16,20000,fp16,8388608.0,4,56.89364532567561,0.6960373228821821,0.6793608665466309,0.9389680027961731,scale-shift,dq,0.0011698139943867709,0.9999993157710446,0.0005177714581604075
b_kohakufa_fp16,20000,fp16,8388608.0,4,56.89364532567561,0.6960373228821821,0.6793608665466309,0.9389680027961731,scale-shift,dk,0.0009281382586203792,0.9999995701500137,0.0011787552566675636
b_kohakufa_fp16,20000,fp16,8388608.0,4,56.89364532567561,0.6960373228821821,0.6793608665466309,0.9389680027961731,scale-shift,dv,0.0001846097974433179,0.999999982973596,0.00048515352656338143
b_kohakufa_fp16,20000,fp16,8388608.0,4,56.89364532567561,0.6960373228821821,0.6793608665466309,0.9389680027961731,all three,dq,0.0011699786754462275,0.999999315578411,0.0005177688352803144
b_kohakufa_fp16,20000,fp16,8388608.0,4,56.89364532567561,0.6960373228821821,0.6793608665466309,0.9389680027961731,all three,dk,0.000928169475939365,0.9999995701192699,0.001178240503751275
b_kohakufa_fp16,20000,fp16,8388608.0,4,56.89364532567561,0.6960373228821821,0.6793608665466309,0.9389680027961731,all three,dv,0.0001845967245737342,0.9999999829760795,0.00048515352656338143
b_kohakufa_fp16,20000,fp16,8388608.0,5,69.21322169224732,0.8286245452250965,0.8718441724777222,0.9749457836151123,cudnn,dq,0.003280837094199603,0.9999946277832502,0.004263843329582027
b_kohakufa_fp16,20000,fp16,8388608.0,5,69.21322169224732,0.8286245452250965,0.8718441724777222,0.9749457836151123,cudnn,dk,0.002659400469344866,0.999996600213125,0.0015686267268105788
b_kohakufa_fp16,20000,fp16,8388608.0,5,69.21322169224732,0.8286245452250965,0.8718441724777222,0.9749457836151123,cudnn,dv,0.0002560366718551016,0.9999999672446391,0.0002510927606135075
b_kohakufa_fp16,20000,fp16,8388608.0,5,69.21322169224732,0.8286245452250965,0.8718441724777222,0.9749457836151123,efficient,dq,0.003296044696920576,0.9999945762502289,0.004286700517584172
b_kohakufa_fp16,20000,fp16,8388608.0,5,69.21322169224732,0.8286245452250965,0.8718441724777222,0.9749457836151123,efficient,dk,0.002699687221225098,0.9999965312096599,0.0015686267268105788
b_kohakufa_fp16,20000,fp16,8388608.0,5,69.21322169224732,0.8286245452250965,0.8718441724777222,0.9749457836151123,efficient,dv,0.00025597106652960514,0.9999999672626976,0.0002510927606135075
b_kohakufa_fp16,20000,fp16,8388608.0,5,69.21322169224732,0.8286245452250965,0.8718441724777222,0.9749457836151123,flex,dq,0.0032689041411252807,0.9999946673415451,0.004263843329582027
b_kohakufa_fp16,20000,fp16,8388608.0,5,69.21322169224732,0.8286245452250965,0.8718441724777222,0.9749457836151123,flex,dk,0.0026331545747191004,0.9999966689079037,0.0015686267268105788
b_kohakufa_fp16,20000,fp16,8388608.0,5,69.21322169224732,0.8286245452250965,0.8718441724777222,0.9749457836151123,flex,dv,0.0002560506152333203,0.9999999672401724,0.0002510927606135075
b_kohakufa_fp16,20000,fp16,8388608.0,5,69.21322169224732,0.8286245452250965,0.8718441724777222,0.9749457836151123,fa4,dq,0.0033383124981603745,0.9999944355658111,0.004263843329582027
b_kohakufa_fp16,20000,fp16,8388608.0,5,69.21322169224732,0.8286245452250965,0.8718441724777222,0.9749457836151123,fa4,dk,0.002656149753902773,0.9999966155707138,0.0015686267268105788
b_kohakufa_fp16,20000,fp16,8388608.0,5,69.21322169224732,0.8286245452250965,0.8718441724777222,0.9749457836151123,fa4,dv,0.00025592926487421475,0.9999999672718415,0.0002510927606135075
b_kohakufa_fp16,20000,fp16,8388608.0,5,69.21322169224732,0.8286245452250965,0.8718441724777222,0.9749457836151123,kohakufa,dq,0.003289739369148945,0.9999945982154225,0.004286700517584172
b_kohakufa_fp16,20000,fp16,8388608.0,5,69.21322169224732,0.8286245452250965,0.8718441724777222,0.9749457836151123,kohakufa,dk,0.0026766326335351705,0.999996597846053,0.0015686267268105788
b_kohakufa_fp16,20000,fp16,8388608.0,5,69.21322169224732,0.8286245452250965,0.8718441724777222,0.9749457836151123,kohakufa,dv,0.0002560725845466087,0.9999999672358267,0.0002510927606135075
b_kohakufa_fp16,20000,fp16,8388608.0,5,69.21322169224732,0.8286245452250965,0.8718441724777222,0.9749457836151123,floor,dq,0.0032917694042350746,0.9999945922737985,0.004267716137785719
b_kohakufa_fp16,20000,fp16,8388608.0,5,69.21322169224732,0.8286245452250965,0.8718441724777222,0.9749457836151123,floor,dk,0.002701811885330569,0.9999964661066993,0.0015163472622225537
b_kohakufa_fp16,20000,fp16,8388608.0,5,69.21322169224732,0.8286245452250965,0.8718441724777222,0.9749457836151123,floor,dv,0.0001573801620553457,0.9999999876217235,0.00015213696420403753
b_kohakufa_fp16,20000,fp16,8388608.0,5,69.21322169224732,0.8286245452250965,0.8718441724777222,0.9749457836151123,scale*dS,dq,0.0032919036549906577,0.999994591827958,0.004267826448149379
b_kohakufa_fp16,20000,fp16,8388608.0,5,69.21322169224732,0.8286245452250965,0.8718441724777222,0.9749457836151123,scale*dS,dk,0.002701772105788374,0.9999964661848346,0.0015164250307481513
b_kohakufa_fp16,20000,fp16,8388608.0,5,69.21322169224732,0.8286245452250965,0.8718441724777222,0.9749457836151123,scale*dS,dv,0.0001573801620553457,0.9999999876217235,0.00015213696420403753
b_kohakufa_fp16,20000,fp16,8388608.0,5,69.21322169224732,0.8286245452250965,0.8718441724777222,0.9749457836151123,single lse,dq,0.0032916467374869245,0.9999945926772507,0.004267716137785719
b_kohakufa_fp16,20000,fp16,8388608.0,5,69.21322169224732,0.8286245452250965,0.8718441724777222,0.9749457836151123,single lse,dk,0.0027017870006878653,0.9999964661895063,0.0015163472622225537
b_kohakufa_fp16,20000,fp16,8388608.0,5,69.21322169224732,0.8286245452250965,0.8718441724777222,0.9749457836151123,single lse,dv,0.00015736043317892103,0.9999999876245577,0.00015213696420403753
b_kohakufa_fp16,20000,fp16,8388608.0,5,69.21322169224732,0.8286245452250965,0.8718441724777222,0.9749457836151123,scale-shift,dq,0.003289703836927206,0.9999945991126187,0.004267716137785719
b_kohakufa_fp16,20000,fp16,8388608.0,5,69.21322169224732,0.8286245452250965,0.8718441724777222,0.9749457836151123,scale-shift,dk,0.002701109575141891,0.999996467625765,0.0015163472622225537
b_kohakufa_fp16,20000,fp16,8388608.0,5,69.21322169224732,0.8286245452250965,0.8718441724777222,0.9749457836151123,scale-shift,dv,0.00015737719289629927,0.999999987622234,0.00015213696420403753
b_kohakufa_fp16,20000,fp16,8388608.0,5,69.21322169224732,0.8286245452250965,0.8718441724777222,0.9749457836151123,all three,dq,0.0032888172113136258,0.9999946020339067,0.004267826448149379
b_kohakufa_fp16,20000,fp16,8388608.0,5,69.21322169224732,0.8286245452250965,0.8718441724777222,0.9749457836151123,all three,dk,0.002701013021661344,0.9999964678635687,0.0015164250307481513
b_kohakufa_fp16,20000,fp16,8388608.0,5,69.21322169224732,0.8286245452250965,0.8718441724777222,0.9749457836151123,all three,dv,0.0001573325415444795,0.9999999876291503,0.00015213696420403753
b_kohakufa_fp16,20000,fp16,8388608.0,6,67.63193369098008,0.830010488203231,0.8680254220962524,0.9744566082954407,cudnn,dq,0.0018722417031442513,0.999998254346938,0.002096965705562229
b_kohakufa_fp16,20000,fp16,8388608.0,6,67.63193369098008,0.830010488203231,0.8680254220962524,0.9744566082954407,cudnn,dk,0.0008100097455708519,0.9999996719643378,0.0009660484270051693
b_kohakufa_fp16,20000,fp16,8388608.0,6,67.63193369098008,0.830010488203231,0.8680254220962524,0.9744566082954407,cudnn,dv,0.00029659485704550717,0.999999957017566,0.000519138531108552
b_kohakufa_fp16,20000,fp16,8388608.0,6,67.63193369098008,0.830010488203231,0.8680254220962524,0.9744566082954407,efficient,dq,0.001885300584368562,0.9999982272361028,0.002054292429761255
b_kohakufa_fp16,20000,fp16,8388608.0,6,67.63193369098008,0.830010488203231,0.8680254220962524,0.9744566082954407,efficient,dk,0.0008503317342551484,0.9999996392066641,0.0010277272596313132
b_kohakufa_fp16,20000,fp16,8388608.0,6,67.63193369098008,0.830010488203231,0.8680254220962524,0.9744566082954407,efficient,dv,0.00029667014404061653,0.9999999570086275,0.000519138531108552
b_kohakufa_fp16,20000,fp16,8388608.0,6,67.63193369098008,0.830010488203231,0.8680254220962524,0.9744566082954407,flex,dq,0.0018772646492569607,0.9999982448987575,0.002096965705562229
b_kohakufa_fp16,20000,fp16,8388608.0,6,67.63193369098008,0.830010488203231,0.8680254220962524,0.9744566082954407,flex,dk,0.0008088341971115282,0.999999672897424,0.0009660484270051693
b_kohakufa_fp16,20000,fp16,8388608.0,6,67.63193369098008,0.830010488203231,0.8680254220962524,0.9744566082954407,flex,dv,0.0002966485656690199,0.9999999570173697,0.000519138531108552
b_kohakufa_fp16,20000,fp16,8388608.0,6,67.63193369098008,0.830010488203231,0.8680254220962524,0.9744566082954407,fa4,dq,0.002007699442653957,0.9999979865962131,0.001542213120149569
b_kohakufa_fp16,20000,fp16,8388608.0,6,67.63193369098008,0.830010488203231,0.8680254220962524,0.9744566082954407,fa4,dk,0.0008447854080604573,0.9999996433307347,0.0009660484270051693
b_kohakufa_fp16,20000,fp16,8388608.0,6,67.63193369098008,0.830010488203231,0.8680254220962524,0.9744566082954407,fa4,dv,0.00029667877027158196,0.9999999570066294,0.000519138531108552
b_kohakufa_fp16,20000,fp16,8388608.0,6,67.63193369098008,0.830010488203231,0.8680254220962524,0.9744566082954407,kohakufa,dq,0.0018836847657759,0.9999982302658672,0.002054292429761255
b_kohakufa_fp16,20000,fp16,8388608.0,6,67.63193369098008,0.830010488203231,0.8680254220962524,0.9744566082954407,kohakufa,dk,0.0008520230268789055,0.999999637827888,0.0010277272596313132
b_kohakufa_fp16,20000,fp16,8388608.0,6,67.63193369098008,0.830010488203231,0.8680254220962524,0.9744566082954407,kohakufa,dv,0.0002966801337635471,0.9999999570076185,0.000519138531108552
b_kohakufa_fp16,20000,fp16,8388608.0,6,67.63193369098008,0.830010488203231,0.8680254220962524,0.9744566082954407,floor,dq,0.0018614442440597792,0.9999982753714542,0.0020873933918854302
b_kohakufa_fp16,20000,fp16,8388608.0,6,67.63193369098008,0.830010488203231,0.8680254220962524,0.9744566082954407,floor,dk,0.0007835754774660883,0.9999996930127464,0.0009359707202915365
b_kohakufa_fp16,20000,fp16,8388608.0,6,67.63193369098008,0.830010488203231,0.8680254220962524,0.9744566082954407,floor,dv,0.00019675351447424148,0.9999999811480287,0.0003024012823725134
b_kohakufa_fp16,20000,fp16,8388608.0,6,67.63193369098008,0.830010488203231,0.8680254220962524,0.9744566082954407,scale*dS,dq,0.0018614441386828357,0.9999982753553335,0.002086891930756795
b_kohakufa_fp16,20000,fp16,8388608.0,6,67.63193369098008,0.830010488203231,0.8680254220962524,0.9744566082954407,scale*dS,dk,0.0007836126005113611,0.9999996929836455,0.0009359633731146773
b_kohakufa_fp16,20000,fp16,8388608.0,6,67.63193369098008,0.830010488203231,0.8680254220962524,0.9744566082954407,scale*dS,dv,0.00019675351447424148,0.9999999811480287,0.0003024012823725134
b_kohakufa_fp16,20000,fp16,8388608.0,6,67.63193369098008,0.830010488203231,0.8680254220962524,0.9744566082954407,single lse,dq,0.001861451706557095,0.9999982753567543,0.0020873933918854302
b_kohakufa_fp16,20000,fp16,8388608.0,6,67.63193369098008,0.830010488203231,0.8680254220962524,0.9744566082954407,single lse,dk,0.0007835971485840808,0.9999996929958758,0.0009359707202915365
b_kohakufa_fp16,20000,fp16,8388608.0,6,67.63193369098008,0.830010488203231,0.8680254220962524,0.9744566082954407,single lse,dv,0.00019675507181763318,0.999999981147297,0.0003024012823725134
b_kohakufa_fp16,20000,fp16,8388608.0,6,67.63193369098008,0.830010488203231,0.8680254220962524,0.9744566082954407,scale-shift,dq,0.0018553668428143825,0.9999982880142206,0.0020873933918854302
b_kohakufa_fp16,20000,fp16,8388608.0,6,67.63193369098008,0.830010488203231,0.8680254220962524,0.9744566082954407,scale-shift,dk,0.0007810932987771346,0.9999996949493317,0.0009359707202915365
b_kohakufa_fp16,20000,fp16,8388608.0,6,67.63193369098008,0.830010488203231,0.8680254220962524,0.9744566082954407,scale-shift,dv,0.00019674220243348262,0.9999999811496919,0.0003024012823725134
b_kohakufa_fp16,20000,fp16,8388608.0,6,67.63193369098008,0.830010488203231,0.8680254220962524,0.9744566082954407,all three,dq,0.0018553665849093091,0.9999982879957707,0.002086891930756795
b_kohakufa_fp16,20000,fp16,8388608.0,6,67.63193369098008,0.830010488203231,0.8680254220962524,0.9744566082954407,all three,dk,0.000781146349561827,0.9999996949080583,0.0009359633731146773
b_kohakufa_fp16,20000,fp16,8388608.0,6,67.63193369098008,0.830010488203231,0.8680254220962524,0.9744566082954407,all three,dv,0.00019676103066441057,0.9999999811466372,0.0003024012823725134
b_kohakufa_fp16,20000,fp16,8388608.0,7,62.66288049367722,0.6622707095366036,0.676921546459198,0.9488653540611267,cudnn,dq,0.0010506416527124869,0.9999994482425876,0.0011528049807587684
b_kohakufa_fp16,20000,fp16,8388608.0,7,62.66288049367722,0.6622707095366036,0.676921546459198,0.9488653540611267,cudnn,dk,0.0004228776677822524,0.9999999106084518,0.0004524178546998225
b_kohakufa_fp16,20000,fp16,8388608.0,7,62.66288049367722,0.6622707095366036,0.676921546459198,0.9488653540611267,cudnn,dv,0.000249165429320886,0.9999999689797555,0.00036289918935196566
b_kohakufa_fp16,20000,fp16,8388608.0,7,62.66288049367722,0.6622707095366036,0.676921546459198,0.9488653540611267,efficient,dq,0.0010570204520140845,0.999999441841012,0.001446578670801048
b_kohakufa_fp16,20000,fp16,8388608.0,7,62.66288049367722,0.6622707095366036,0.676921546459198,0.9488653540611267,efficient,dk,0.00043171587672765716,0.999999906986308,0.0004524178546998225
b_kohakufa_fp16,20000,fp16,8388608.0,7,62.66288049367722,0.6622707095366036,0.676921546459198,0.9488653540611267,efficient,dv,0.0002490654958275401,0.99999996900535,0.00036289918935196566
b_kohakufa_fp16,20000,fp16,8388608.0,7,62.66288049367722,0.6622707095366036,0.676921546459198,0.9488653540611267,flex,dq,0.0010342534814664838,0.9999994653300471,0.0011528049807587684
b_kohakufa_fp16,20000,fp16,8388608.0,7,62.66288049367722,0.6622707095366036,0.676921546459198,0.9488653540611267,flex,dk,0.0004163355797369504,0.9999999133481337,0.0004524178546998225
b_kohakufa_fp16,20000,fp16,8388608.0,7,62.66288049367722,0.6622707095366036,0.676921546459198,0.9488653540611267,flex,dv,0.000248995856579875,0.9999999690294641,0.00036289918935196566
b_kohakufa_fp16,20000,fp16,8388608.0,7,62.66288049367722,0.6622707095366036,0.676921546459198,0.9488653540611267,fa4,dq,0.0010400241729669913,0.9999994592535013,0.0011528049807587684
b_kohakufa_fp16,20000,fp16,8388608.0,7,62.66288049367722,0.6622707095366036,0.676921546459198,0.9488653540611267,fa4,dk,0.0004181146742001559,0.9999999126145459,0.0004524178546998225
b_kohakufa_fp16,20000,fp16,8388608.0,7,62.66288049367722,0.6622707095366036,0.676921546459198,0.9488653540611267,fa4,dv,0.0002491352402246659,0.9999999689885004,0.00036289918935196566
b_kohakufa_fp16,20000,fp16,8388608.0,7,62.66288049367722,0.6622707095366036,0.676921546459198,0.9488653540611267,kohakufa,dq,0.0010575682872252994,0.9999994412493761,0.001446578670801048
b_kohakufa_fp16,20000,fp16,8388608.0,7,62.66288049367722,0.6622707095366036,0.676921546459198,0.9488653540611267,kohakufa,dk,0.0004307258262301717,0.9999999074474536,0.0004524178546998225
b_kohakufa_fp16,20000,fp16,8388608.0,7,62.66288049367722,0.6622707095366036,0.676921546459198,0.9488653540611267,kohakufa,dv,0.00024906346621163613,0.9999999690049192,0.00036289918935196566
b_kohakufa_fp16,20000,fp16,8388608.0,7,62.66288049367722,0.6622707095366036,0.676921546459198,0.9488653540611267,floor,dq,0.0010162718705795173,0.9999994837224667,0.0011694719030759639
b_kohakufa_fp16,20000,fp16,8388608.0,7,62.66288049367722,0.6622707095366036,0.676921546459198,0.9488653540611267,floor,dk,0.00035681018860019313,0.9999999364915081,0.00031434848319726003
b_kohakufa_fp16,20000,fp16,8388608.0,7,62.66288049367722,0.6622707095366036,0.676921546459198,0.9488653540611267,floor,dv,0.00013802375516091576,0.9999999904748056,0.0001927025300441937
b_kohakufa_fp16,20000,fp16,8388608.0,7,62.66288049367722,0.6622707095366036,0.676921546459198,0.9488653540611267,scale*dS,dq,0.0010163638084482159,0.9999994836300043,0.0011694713585577016
b_kohakufa_fp16,20000,fp16,8388608.0,7,62.66288049367722,0.6622707095366036,0.676921546459198,0.9488653540611267,scale*dS,dk,0.0003568406427307726,0.999999936480547,0.0003143488800163957
b_kohakufa_fp16,20000,fp16,8388608.0,7,62.66288049367722,0.6622707095366036,0.676921546459198,0.9488653540611267,scale*dS,dv,0.00013802375516091576,0.9999999904748056,0.0001927025300441937
b_kohakufa_fp16,20000,fp16,8388608.0,7,62.66288049367722,0.6622707095366036,0.676921546459198,0.9488653540611267,single lse,dq,0.0010162472379563919,0.9999994837475961,0.0011694719030759639
b_kohakufa_fp16,20000,fp16,8388608.0,7,62.66288049367722,0.6622707095366036,0.676921546459198,0.9488653540611267,single lse,dk,0.000356767834586396,0.99999993650524,0.00031434848319726003
b_kohakufa_fp16,20000,fp16,8388608.0,7,62.66288049367722,0.6622707095366036,0.676921546459198,0.9488653540611267,single lse,dv,0.00013798347949388307,0.9999999904803745,0.0001927025300441937
b_kohakufa_fp16,20000,fp16,8388608.0,7,62.66288049367722,0.6622707095366036,0.676921546459198,0.9488653540611267,scale-shift,dq,0.001017459265701176,0.99999948251729,0.0011694719030759639
b_kohakufa_fp16,20000,fp16,8388608.0,7,62.66288049367722,0.6622707095366036,0.676921546459198,0.9488653540611267,scale-shift,dk,0.00035712972803644545,0.9999999363741106,0.00031434848319726003
b_kohakufa_fp16,20000,fp16,8388608.0,7,62.66288049367722,0.6622707095366036,0.676921546459198,0.9488653540611267,scale-shift,dv,0.00013801158386645746,0.9999999904764644,0.0001927025300441937
b_kohakufa_fp16,20000,fp16,8388608.0,7,62.66288049367722,0.6622707095366036,0.676921546459198,0.9488653540611267,all three,dq,0.0010174962248789424,0.9999994824775241,0.0011694713585577016
b_kohakufa_fp16,20000,fp16,8388608.0,7,62.66288049367722,0.6622707095366036,0.676921546459198,0.9488653540611267,all three,dk,0.0003571907947806611,0.9999999363486856,0.0003143488800163957
b_kohakufa_fp16,20000,fp16,8388608.0,7,62.66288049367722,0.6622707095366036,0.676921546459198,0.9488653540611267,all three,dv,0.0001380073399670772,0.9999999904770706,0.0001927025300441937
b_kohakufa_fp16,20000,fp16,8388608.0,8,57.3828254978871,0.694314903856755,0.7087584137916565,0.9458327293395996,cudnn,dq,0.001141388815011627,0.9999993486168742,0.001323572102888639
b_kohakufa_fp16,20000,fp16,8388608.0,8,57.3828254978871,0.694314903856755,0.7087584137916565,0.9458327293395996,cudnn,dk,0.0007242680373635035,0.9999997377461151,0.0008394104785985947
b_kohakufa_fp16,20000,fp16,8388608.0,8,57.3828254978871,0.694314903856755,0.7087584137916565,0.9458327293395996,cudnn,dv,0.0002465937397302426,0.9999999696338918,0.0002547275239986492
b_kohakufa_fp16,20000,fp16,8388608.0,8,57.3828254978871,0.694314903856755,0.7087584137916565,0.9458327293395996,efficient,dq,0.0011120956368039787,0.9999993817981568,0.001323572102888639
b_kohakufa_fp16,20000,fp16,8388608.0,8,57.3828254978871,0.694314903856755,0.7087584137916565,0.9458327293395996,efficient,dk,0.0007057524865809188,0.9999997509890811,0.0008394104785985947
b_kohakufa_fp16,20000,fp16,8388608.0,8,57.3828254978871,0.694314903856755,0.7087584137916565,0.9458327293395996,efficient,dv,0.0002467587389865136,0.9999999695911889,0.0002547275239986492
b_kohakufa_fp16,20000,fp16,8388608.0,8,57.3828254978871,0.694314903856755,0.7087584137916565,0.9458327293395996,flex,dq,0.0010895419139737067,0.999999406452333,0.001323572102888639
b_kohakufa_fp16,20000,fp16,8388608.0,8,57.3828254978871,0.694314903856755,0.7087584137916565,0.9458327293395996,flex,dk,0.0006865593993125955,0.9999997643181028,0.0008394104785985947
b_kohakufa_fp16,20000,fp16,8388608.0,8,57.3828254978871,0.694314903856755,0.7087584137916565,0.9458327293395996,flex,dv,0.0002467803078054266,0.9999999695876898,0.0002547275239986492
b_kohakufa_fp16,20000,fp16,8388608.0,8,57.3828254978871,0.694314903856755,0.7087584137916565,0.9458327293395996,fa4,dq,0.0011549047405695879,0.9999993333037424,0.0019360252499645981
b_kohakufa_fp16,20000,fp16,8388608.0,8,57.3828254978871,0.694314903856755,0.7087584137916565,0.9458327293395996,fa4,dk,0.0007073186411602892,0.9999997498655869,0.0007716714563164989
b_kohakufa_fp16,20000,fp16,8388608.0,8,57.3828254978871,0.694314903856755,0.7087584137916565,0.9458327293395996,fa4,dv,0.0002466073438042726,0.9999999696297355,0.0002547275239986492
b_kohakufa_fp16,20000,fp16,8388608.0,8,57.3828254978871,0.694314903856755,0.7087584137916565,0.9458327293395996,kohakufa,dq,0.0011071128717203334,0.9999993874038693,0.001323572102888639
b_kohakufa_fp16,20000,fp16,8388608.0,8,57.3828254978871,0.694314903856755,0.7087584137916565,0.9458327293395996,kohakufa,dk,0.0007029342420744385,0.9999997529747346,0.0008394104785985947
b_kohakufa_fp16,20000,fp16,8388608.0,8,57.3828254978871,0.694314903856755,0.7087584137916565,0.9458327293395996,kohakufa,dv,0.0002465967628017568,0.999999969632395,0.0002547275239986492
b_kohakufa_fp16,20000,fp16,8388608.0,8,57.3828254978871,0.694314903856755,0.7087584137916565,0.9458327293395996,floor,dq,0.0010724395398336293,0.9999994249966466,0.0013806763138655277
b_kohakufa_fp16,20000,fp16,8388608.0,8,57.3828254978871,0.694314903856755,0.7087584137916565,0.9458327293395996,floor,dk,0.0006576425768893835,0.9999997837619717,0.000856946644935065
b_kohakufa_fp16,20000,fp16,8388608.0,8,57.3828254978871,0.694314903856755,0.7087584137916565,0.9458327293395996,floor,dv,0.00013250151430032489,0.999999991222271,0.00014127574824567446
b_kohakufa_fp16,20000,fp16,8388608.0,8,57.3828254978871,0.694314903856755,0.7087584137916565,0.9458327293395996,scale*dS,dq,0.001072697126255509,0.9999994247202814,0.0013814271024828475
b_kohakufa_fp16,20000,fp16,8388608.0,8,57.3828254978871,0.694314903856755,0.7087584137916565,0.9458327293395996,scale*dS,dk,0.0006577350741006889,0.9999997837011438,0.0008568723134488272
b_kohakufa_fp16,20000,fp16,8388608.0,8,57.3828254978871,0.694314903856755,0.7087584137916565,0.9458327293395996,scale*dS,dv,0.00013250151430032489,0.999999991222271,0.00014127574824567446
b_kohakufa_fp16,20000,fp16,8388608.0,8,57.3828254978871,0.694314903856755,0.7087584137916565,0.9458327293395996,single lse,dq,0.001072457851510878,0.9999994249783137,0.0013806763138655277
b_kohakufa_fp16,20000,fp16,8388608.0,8,57.3828254978871,0.694314903856755,0.7087584137916565,0.9458327293395996,single lse,dk,0.0006575717869530907,0.9999997838098472,0.000856946644935065
b_kohakufa_fp16,20000,fp16,8388608.0,8,57.3828254978871,0.694314903856755,0.7087584137916565,0.9458327293395996,single lse,dv,0.00013246617781490866,0.999999991226826,0.00014127574824567446
b_kohakufa_fp16,20000,fp16,8388608.0,8,57.3828254978871,0.694314903856755,0.7087584137916565,0.9458327293395996,scale-shift,dq,0.0010721399848520323,0.9999994253164357,0.0013806763138655277
b_kohakufa_fp16,20000,fp16,8388608.0,8,57.3828254978871,0.694314903856755,0.7087584137916565,0.9458327293395996,scale-shift,dk,0.0006568822699532994,0.9999997842636296,0.0008548194643342266
b_kohakufa_fp16,20000,fp16,8388608.0,8,57.3828254978871,0.694314903856755,0.7087584137916565,0.9458327293395996,scale-shift,dv,0.00013252384568967782,0.9999999912192552,0.00014127574824567446
b_kohakufa_fp16,20000,fp16,8388608.0,8,57.3828254978871,0.694314903856755,0.7087584137916565,0.9458327293395996,all three,dq,0.0010723957872511912,0.9999994250432296,0.0013814271024828475
b_kohakufa_fp16,20000,fp16,8388608.0,8,57.3828254978871,0.694314903856755,0.7087584137916565,0.9458327293395996,all three,dk,0.0006569101116322627,0.9999997842473908,0.0008547451328479888
b_kohakufa_fp16,20000,fp16,8388608.0,8,57.3828254978871,0.694314903856755,0.7087584137916565,0.9458327293395996,all three,dv,0.00013250119296467534,0.9999999912221753,0.00014127574824567446
b_kohakufa_fp16,20000,fp16,8388608.0,9,53.79429348371923,0.5743743891206965,0.5364735722541809,0.9231386184692383,cudnn,dq,0.000549959028513767,0.9999998488339483,0.00038239589102318845
b_kohakufa_fp16,20000,fp16,8388608.0,9,53.79429348371923,0.5743743891206965,0.5364735722541809,0.9231386184692383,cudnn,dk,0.00032900931960786834,0.9999999460079546,0.0003102876785561861
b_kohakufa_fp16,20000,fp16,8388608.0,9,53.79429348371923,0.5743743891206965,0.5364735722541809,0.9231386184692383,cudnn,dv,0.00023246941831487776,0.9999999729923676,0.00025894167250182934
b_kohakufa_fp16,20000,fp16,8388608.0,9,53.79429348371923,0.5743743891206965,0.5364735722541809,0.9231386184692383,efficient,dq,0.0005851466423909987,0.9999998288587129,0.0005848702236070921
b_kohakufa_fp16,20000,fp16,8388608.0,9,53.79429348371923,0.5743743891206965,0.5364735722541809,0.9231386184692383,efficient,dk,0.0003564787745350489,0.9999999367698774,0.000484685761603183
b_kohakufa_fp16,20000,fp16,8388608.0,9,53.79429348371923,0.5743743891206965,0.5364735722541809,0.9231386184692383,efficient,dv,0.0002326272106355383,0.9999999729557731,0.00025894167250182934
b_kohakufa_fp16,20000,fp16,8388608.0,9,53.79429348371923,0.5743743891206965,0.5364735722541809,0.9231386184692383,flex,dq,0.0005531450323132907,0.9999998470857544,0.00038239589102318845
b_kohakufa_fp16,20000,fp16,8388608.0,9,53.79429348371923,0.5743743891206965,0.5364735722541809,0.9231386184692383,flex,dk,0.00033072487933521756,0.9999999455465024,0.0003102876785561861
b_kohakufa_fp16,20000,fp16,8388608.0,9,53.79429348371923,0.5743743891206965,0.5364735722541809,0.9231386184692383,flex,dv,0.0002324580254345905,0.9999999729947532,0.00025894167250182934
b_kohakufa_fp16,20000,fp16,8388608.0,9,53.79429348371923,0.5743743891206965,0.5364735722541809,0.9231386184692383,fa4,dq,0.0005496885730973157,0.9999998490879085,0.00038239589102318845
b_kohakufa_fp16,20000,fp16,8388608.0,9,53.79429348371923,0.5743743891206965,0.5364735722541809,0.9231386184692383,fa4,dk,0.00032753803710502315,0.9999999464759527,0.0003102876785561861
b_kohakufa_fp16,20000,fp16,8388608.0,9,53.79429348371923,0.5743743891206965,0.5364735722541809,0.9231386184692383,fa4,dv,0.00023245705687884822,0.9999999729951099,0.00025894167250182934
b_kohakufa_fp16,20000,fp16,8388608.0,9,53.79429348371923,0.5743743891206965,0.5364735722541809,0.9231386184692383,kohakufa,dq,0.0005846564583778367,0.9999998291443399,0.0005848702236070921
b_kohakufa_fp16,20000,fp16,8388608.0,9,53.79429348371923,0.5743743891206965,0.5364735722541809,0.9231386184692383,kohakufa,dk,0.0003557533078430814,0.9999999370130658,0.000484685761603183
b_kohakufa_fp16,20000,fp16,8388608.0,9,53.79429348371923,0.5743743891206965,0.5364735722541809,0.9231386184692383,kohakufa,dv,0.00023253611586056798,0.99999997297811,0.00025894167250182934
b_kohakufa_fp16,20000,fp16,8388608.0,9,53.79429348371923,0.5743743891206965,0.5364735722541809,0.9231386184692383,floor,dq,0.0005115700363866865,0.9999998692034784,0.00029727324722599144
b_kohakufa_fp16,20000,fp16,8388608.0,9,53.79429348371923,0.5743743891206965,0.5364735722541809,0.9231386184692383,floor,dk,0.0002727374578935366,0.9999999629005213,0.00025998762696496106
b_kohakufa_fp16,20000,fp16,8388608.0,9,53.79429348371923,0.5743743891206965,0.5364735722541809,0.9231386184692383,floor,dv,0.00010631890924479745,0.9999999943615545,0.00011246526364410063
b_kohakufa_fp16,20000,fp16,8388608.0,9,53.79429348371923,0.5743743891206965,0.5364735722541809,0.9231386184692383,scale*dS,dq,0.0005116757216611272,0.9999998691490588,0.00029719297324441756
b_kohakufa_fp16,20000,fp16,8388608.0,9,53.79429348371923,0.5743743891206965,0.5364735722541809,0.9231386184692383,scale*dS,dk,0.0002728214664274157,0.9999999628777607,0.00025998697620036525
b_kohakufa_fp16,20000,fp16,8388608.0,9,53.79429348371923,0.5743743891206965,0.5364735722541809,0.9231386184692383,scale*dS,dv,0.00010631890924479745,0.9999999943615545,0.00011246526364410063
b_kohakufa_fp16,20000,fp16,8388608.0,9,53.79429348371923,0.5743743891206965,0.5364735722541809,0.9231386184692383,single lse,dq,0.0005115546459738091,0.9999998692113448,0.00029727324722599144
b_kohakufa_fp16,20000,fp16,8388608.0,9,53.79429348371923,0.5743743891206965,0.5364735722541809,0.9231386184692383,single lse,dk,0.00027273103011021707,0.9999999629026658,0.00025998762696496106
b_kohakufa_fp16,20000,fp16,8388608.0,9,53.79429348371923,0.5743743891206965,0.5364735722541809,0.9231386184692383,single lse,dv,0.00010628623394106278,0.9999999943650845,0.00011246526364410063
b_kohakufa_fp16,20000,fp16,8388608.0,9,53.79429348371923,0.5743743891206965,0.5364735722541809,0.9231386184692383,scale-shift,dq,0.0005118538299315466,0.9999998690516257,0.00029727324722599144
b_kohakufa_fp16,20000,fp16,8388608.0,9,53.79429348371923,0.5743743891206965,0.5364735722541809,0.9231386184692383,scale-shift,dk,0.00027248651414276087,0.9999999629489078,0.00025998762696496106
b_kohakufa_fp16,20000,fp16,8388608.0,9,53.79429348371923,0.5743743891206965,0.5364735722541809,0.9231386184692383,scale-shift,dv,0.00010632381606387871,0.9999999943611795,0.00011246526364410063
b_kohakufa_fp16,20000,fp16,8388608.0,9,53.79429348371923,0.5743743891206965,0.5364735722541809,0.9231386184692383,all three,dq,0.0005119394989864243,0.9999998690081439,0.00029719297324441756
b_kohakufa_fp16,20000,fp16,8388608.0,9,53.79429348371923,0.5743743891206965,0.5364735722541809,0.9231386184692383,all three,dk,0.0002725635350434434,0.999999962927677,0.00025998697620036525
b_kohakufa_fp16,20000,fp16,8388608.0,9,53.79429348371923,0.5743743891206965,0.5364735722541809,0.9231386184692383,all three,dv,0.00010629415143931326,0.9999999943641894,0.00011246526364410063
b_kohakufa_fp16,20000,fp16,8388608.0,10,87.11730973049998,0.8013161883469675,0.7165461778640747,0.9265955090522766,cudnn,dq,0.0054309649504367076,0.9999852533014283,0.0063891333085376815
b_kohakufa_fp16,20000,fp16,8388608.0,10,87.11730973049998,0.8013161883469675,0.7165461778640747,0.9265955090522766,cudnn,dk,0.0012650711958601256,0.9999991998018511,0.0008506182702959077
b_kohakufa_fp16,20000,fp16,8388608.0,10,87.11730973049998,0.8013161883469675,0.7165461778640747,0.9265955090522766,cudnn,dv,0.0002210069229475255,0.9999999756117156,0.0003183582941433966
b_kohakufa_fp16,20000,fp16,8388608.0,10,87.11730973049998,0.8013161883469675,0.7165461778640747,0.9265955090522766,efficient,dq,0.005413044883963454,0.9999853524632801,0.006392102356704932
b_kohakufa_fp16,20000,fp16,8388608.0,10,87.11730973049998,0.8013161883469675,0.7165461778640747,0.9265955090522766,efficient,dk,0.0012574060320987282,0.9999992094871406,0.0008508001548411932
b_kohakufa_fp16,20000,fp16,8388608.0,10,87.11730973049998,0.8013161883469675,0.7165461778640747,0.9265955090522766,efficient,dv,0.00022082210607993931,0.9999999756666492,0.0003183582941433966
b_kohakufa_fp16,20000,fp16,8388608.0,10,87.11730973049998,0.8013161883469675,0.7165461778640747,0.9265955090522766,flex,dq,0.005408088694099108,0.999985377196584,0.0063891333085376815
b_kohakufa_fp16,20000,fp16,8388608.0,10,87.11730973049998,0.8013161883469675,0.7165461778640747,0.9265955090522766,flex,dk,0.0012568495861600647,0.9999992101976998,0.0008504818568869434
b_kohakufa_fp16,20000,fp16,8388608.0,10,87.11730973049998,0.8013161883469675,0.7165461778640747,0.9265955090522766,flex,dv,0.00022084111294645617,0.9999999756606933,0.0003183582941433966
b_kohakufa_fp16,20000,fp16,8388608.0,10,87.11730973049998,0.8013161883469675,0.7165461778640747,0.9265955090522766,fa4,dq,0.005424689059130731,0.9999852888159141,0.0063891333085376815
b_kohakufa_fp16,20000,fp16,8388608.0,10,87.11730973049998,0.8013161883469675,0.7165461778640747,0.9265955090522766,fa4,dk,0.00125805145266738,0.9999992087490824,0.0008504818568869434
b_kohakufa_fp16,20000,fp16,8388608.0,10,87.11730973049998,0.8013161883469675,0.7165461778640747,0.9265955090522766,fa4,dv,0.0002208206907896419,0.9999999756673853,0.0003183582941433966
b_kohakufa_fp16,20000,fp16,8388608.0,10,87.11730973049998,0.8013161883469675,0.7165461778640747,0.9265955090522766,kohakufa,dq,0.0054151969366397785,0.9999853409360109,0.0063891333085376815
b_kohakufa_fp16,20000,fp16,8388608.0,10,87.11730973049998,0.8013161883469675,0.7165461778640747,0.9265955090522766,kohakufa,dk,0.001257568364388668,0.9999992092830962,0.0008504894354096636
b_kohakufa_fp16,20000,fp16,8388608.0,10,87.11730973049998,0.8013161883469675,0.7165461778640747,0.9265955090522766,kohakufa,dv,0.00022085032523481732,0.9999999756585368,0.0003183582941433966
b_kohakufa_fp16,20000,fp16,8388608.0,10,87.11730973049998,0.8013161883469675,0.7165461778640747,0.9265955090522766,floor,dq,0.005398281808712286,0.9999854309979862,0.006389829722850837
b_kohakufa_fp16,20000,fp16,8388608.0,10,87.11730973049998,0.8013161883469675,0.7165461778640747,0.9265955090522766,floor,dk,0.0012394681021899126,0.9999992319080052,0.0008505569179822293
b_kohakufa_fp16,20000,fp16,8388608.0,10,87.11730973049998,0.8013161883469675,0.7165461778640747,0.9265955090522766,floor,dv,6.226863979333345e-05,0.9999999980626527,3.503481330123723e-05
b_kohakufa_fp16,20000,fp16,8388608.0,10,87.11730973049998,0.8013161883469675,0.7165461778640747,0.9265955090522766,scale*dS,dq,0.005398126763266791,0.999985431823721,0.006390462711452412
b_kohakufa_fp16,20000,fp16,8388608.0,10,87.11730973049998,0.8013161883469675,0.7165461778640747,0.9265955090522766,scale*dS,dk,0.0012394825461906566,0.9999992318900949,0.0008505219466430568
b_kohakufa_fp16,20000,fp16,8388608.0,10,87.11730973049998,0.8013161883469675,0.7165461778640747,0.9265955090522766,scale*dS,dv,6.226863979333345e-05,0.9999999980626527,3.503481330123723e-05
b_kohakufa_fp16,20000,fp16,8388608.0,10,87.11730973049998,0.8013161883469675,0.7165461778640747,0.9265955090522766,single lse,dq,0.005398293050152613,0.9999854309358429,0.006389829722850837
b_kohakufa_fp16,20000,fp16,8388608.0,10,87.11730973049998,0.8013161883469675,0.7165461778640747,0.9265955090522766,single lse,dk,0.00123947065806135,0.9999992319059782,0.0008505569179822293
b_kohakufa_fp16,20000,fp16,8388608.0,10,87.11730973049998,0.8013161883469675,0.7165461778640747,0.9265955090522766,single lse,dv,6.228086947904346e-05,0.999999998061809,3.503481330123723e-05
b_kohakufa_fp16,20000,fp16,8388608.0,10,87.11730973049998,0.8013161883469675,0.7165461778640747,0.9265955090522766,scale-shift,dq,0.005383679385194826,0.9999855097511616,0.006389829722850837
b_kohakufa_fp16,20000,fp16,8388608.0,10,87.11730973049998,0.8013161883469675,0.7165461778640747,0.9265955090522766,scale-shift,dk,0.0012356617413553787,0.9999992365976956,0.0008505569179822293
b_kohakufa_fp16,20000,fp16,8388608.0,10,87.11730973049998,0.8013161883469675,0.7165461778640747,0.9265955090522766,scale-shift,dv,6.224719015426553e-05,0.9999999980639779,3.503481330123723e-05
b_kohakufa_fp16,20000,fp16,8388608.0,10,87.11730973049998,0.8013161883469675,0.7165461778640747,0.9265955090522766,all three,dq,0.005383533104023,0.9999855105282828,0.006390462711452412
b_kohakufa_fp16,20000,fp16,8388608.0,10,87.11730973049998,0.8013161883469675,0.7165461778640747,0.9265955090522766,all three,dk,0.001235678636934359,0.9999992365763428,0.0008505219466430568
b_kohakufa_fp16,20000,fp16,8388608.0,10,87.11730973049998,0.8013161883469675,0.7165461778640747,0.9265955090522766,all three,dv,6.223521736057369e-05,0.9999999980645058,3.503481330123723e-05
b_kohakufa_fp16,20000,fp16,8388608.0,11,80.689042232465,0.873049451505019,0.8648998141288757,0.9725408554077148,cudnn,dq,0.008536567290704362,0.9999635660693038,0.0019640627316632685
b_kohakufa_fp16,20000,fp16,8388608.0,11,80.689042232465,0.873049451505019,0.8648998141288757,0.9725408554077148,cudnn,dk,0.0022463024266427094,0.9999974776755469,0.0013133575534545275
b_kohakufa_fp16,20000,fp16,8388608.0,11,80.689042232465,0.873049451505019,0.8648998141288757,0.9725408554077148,cudnn,dv,0.00023340853351259367,0.9999999727603434,0.00045105773719461144
b_kohakufa_fp16,20000,fp16,8388608.0,11,80.689042232465,0.873049451505019,0.8648998141288757,0.9725408554077148,efficient,dq,0.008585775685225098,0.9999631416720248,0.0019213340275336009
b_kohakufa_fp16,20000,fp16,8388608.0,11,80.689042232465,0.873049451505019,0.8648998141288757,0.9725408554077148,efficient,dk,0.0022583175610545814,0.9999974504477536,0.00131544417089945
b_kohakufa_fp16,20000,fp16,8388608.0,11,80.689042232465,0.873049451505019,0.8648998141288757,0.9725408554077148,efficient,dv,0.00023294868111512824,0.9999999728709887,0.00045105773719461144
b_kohakufa_fp16,20000,fp16,8388608.0,11,80.689042232465,0.873049451505019,0.8648998141288757,0.9725408554077148,flex,dq,0.00854785146912377,0.9999634665878327,0.0019192843014432404
b_kohakufa_fp16,20000,fp16,8388608.0,11,80.689042232465,0.873049451505019,0.8648998141288757,0.9725408554077148,flex,dk,0.0022528099864942753,0.9999974624297028,0.0013133575534545275
b_kohakufa_fp16,20000,fp16,8388608.0,11,80.689042232465,0.873049451505019,0.8648998141288757,0.9725408554077148,flex,dv,0.00023327257630249425,0.9999999728003365,0.00045105773719461144
b_kohakufa_fp16,20000,fp16,8388608.0,11,80.689042232465,0.873049451505019,0.8648998141288757,0.9725408554077148,fa4,dq,0.008542336189636773,0.9999635137900329,0.0019192843014432404
b_kohakufa_fp16,20000,fp16,8388608.0,11,80.689042232465,0.873049451505019,0.8648998141288757,0.9725408554077148,fa4,dk,0.00225315328863744,0.9999974616808686,0.0013133575534545275
b_kohakufa_fp16,20000,fp16,8388608.0,11,80.689042232465,0.873049451505019,0.8648998141288757,0.9725408554077148,fa4,dv,0.00023354633906724512,0.9999999727373171,0.00045105773719461144
b_kohakufa_fp16,20000,fp16,8388608.0,11,80.689042232465,0.873049451505019,0.8648998141288757,0.9725408554077148,kohakufa,dq,0.008587386313343971,0.9999631278242119,0.0019182594383980603
b_kohakufa_fp16,20000,fp16,8388608.0,11,80.689042232465,0.873049451505019,0.8648998141288757,0.9725408554077148,kohakufa,dk,0.002258945029094158,0.9999974490406686,0.0013133575534545275
b_kohakufa_fp16,20000,fp16,8388608.0,11,80.689042232465,0.873049451505019,0.8648998141288757,0.9725408554077148,kohakufa,dv,0.0002335579330005126,0.9999999727367433,0.00045105773719461144
b_kohakufa_fp16,20000,fp16,8388608.0,11,80.689042232465,0.873049451505019,0.8648998141288757,0.9725408554077148,floor,dq,0.008526687474576418,0.9999636471590743,0.0019190002692887934
b_kohakufa_fp16,20000,fp16,8388608.0,11,80.689042232465,0.873049451505019,0.8648998141288757,0.9725408554077148,floor,dk,0.00224172161873753,0.9999974874390886,0.001312487888071456
b_kohakufa_fp16,20000,fp16,8388608.0,11,80.689042232465,0.873049451505019,0.8648998141288757,0.9725408554077148,floor,dv,0.00010431395064027383,0.9999999946031503,5.282372797856893e-05
b_kohakufa_fp16,20000,fp16,8388608.0,11,80.689042232465,0.873049451505019,0.8648998141288757,0.9725408554077148,scale*dS,dq,0.008526398067176628,0.9999636496265855,0.0019188744875857883
b_kohakufa_fp16,20000,fp16,8388608.0,11,80.689042232465,0.873049451505019,0.8648998141288757,0.9725408554077148,scale*dS,dk,0.0022417684712094025,0.9999974873341525,0.001312516567280799
b_kohakufa_fp16,20000,fp16,8388608.0,11,80.689042232465,0.873049451505019,0.8648998141288757,0.9725408554077148,scale*dS,dv,0.00010431395064027383,0.9999999946031503,5.282372797856893e-05
b_kohakufa_fp16,20000,fp16,8388608.0,11,80.689042232465,0.873049451505019,0.8648998141288757,0.9725408554077148,single lse,dq,0.008526695573736769,0.9999636470901591,0.0019190002692887934
b_kohakufa_fp16,20000,fp16,8388608.0,11,80.689042232465,0.873049451505019,0.8648998141288757,0.9725408554077148,single lse,dk,0.0022417276850780756,0.9999974874268265,0.001312487888071456
b_kohakufa_fp16,20000,fp16,8388608.0,11,80.689042232465,0.873049451505019,0.8648998141288757,0.9725408554077148,single lse,dv,0.00010432062261204328,0.9999999946012935,5.282372797856893e-05
b_kohakufa_fp16,20000,fp16,8388608.0,11,80.689042232465,0.873049451505019,0.8648998141288757,0.9725408554077148,scale-shift,dq,0.008493731923917834,0.9999639276312974,0.0019190002692887934
b_kohakufa_fp16,20000,fp16,8388608.0,11,80.689042232465,0.873049451505019,0.8648998141288757,0.9725408554077148,scale-shift,dk,0.002233309170110975,0.9999975062676247,0.001312487888071456
b_kohakufa_fp16,20000,fp16,8388608.0,11,80.689042232465,0.873049451505019,0.8648998141288757,0.9725408554077148,scale-shift,dv,0.00010432848532717682,0.9999999945994847,5.282372797856893e-05
b_kohakufa_fp16,20000,fp16,8388608.0,11,80.689042232465,0.873049451505019,0.8648998141288757,0.9725408554077148,all three,dq,0.008493436542304859,0.9999639301401476,0.0019188744875857883
b_kohakufa_fp16,20000,fp16,8388608.0,11,80.689042232465,0.873049451505019,0.8648998141288757,0.9725408554077148,all three,dk,0.0022333559163018237,0.9999975061644655,0.001312516567280799
b_kohakufa_fp16,20000,fp16,8388608.0,11,80.689042232465,0.873049451505019,0.8648998141288757,0.9725408554077148,all three,dv,0.00010432561730759552,0.9999999945993011,5.282372797856893e-05
b_kohakufa_fp16,20000,bf16,1.0,0,124443.97088623047,0.9660296288677982,1.0,1.0,cudnn,dq,0.17877619118385082,0.9843101003927628,0.10596438706523634
b_kohakufa_fp16,20000,bf16,1.0,0,124443.97088623047,0.9660296288677982,1.0,1.0,cudnn,dk,0.04149893012566109,0.999139991324703,0.01467910435699756
b_kohakufa_fp16,20000,bf16,1.0,0,124443.97088623047,0.9660296288677982,1.0,1.0,cudnn,dv,0.0016582217950395753,0.9999986261851688,0.0011230096659046243
b_kohakufa_fp16,20000,bf16,1.0,0,124443.97088623047,0.9660296288677982,1.0,1.0,efficient,dq,0.06543857935434426,0.9978567632719287,0.0486152247508248
b_kohakufa_fp16,20000,bf16,1.0,0,124443.97088623047,0.9660296288677982,1.0,1.0,efficient,dk,0.013155354237859641,0.9999141358916286,0.0062293538770446626
b_kohakufa_fp16,20000,bf16,1.0,0,124443.97088623047,0.9660296288677982,1.0,1.0,efficient,dv,0.0016186477976673315,0.9999986901140083,0.0011230096659046243
b_kohakufa_fp16,20000,bf16,1.0,0,124443.97088623047,0.9660296288677982,1.0,1.0,flex,dq,0.0649359345440081,0.9978902285014276,0.0486152247508248
b_kohakufa_fp16,20000,bf16,1.0,0,124443.97088623047,0.9660296288677982,1.0,1.0,flex,dk,0.01315378483095587,0.9999135388170138,0.00623022911076035
b_kohakufa_fp16,20000,bf16,1.0,0,124443.97088623047,0.9660296288677982,1.0,1.0,flex,dv,0.0016057407800809044,0.9999987108305204,0.0011230096659046243
b_kohakufa_fp16,20000,bf16,1.0,0,124443.97088623047,0.9660296288677982,1.0,1.0,fa4,dq,0.1785619492664172,0.9843757225221276,0.10596438706523634
b_kohakufa_fp16,20000,bf16,1.0,0,124443.97088623047,0.9660296288677982,1.0,1.0,fa4,dk,0.04133094189368835,0.9991456218646556,0.01467910435699756
b_kohakufa_fp16,20000,bf16,1.0,0,124443.97088623047,0.9660296288677982,1.0,1.0,fa4,dv,0.0018403593128539658,0.999998312164176,0.001594103754446295
b_kohakufa_fp16,20000,bf16,1.0,0,124443.97088623047,0.9660296288677982,1.0,1.0,kohakufa,dq,0.06594251639121303,0.9978235526584138,0.049048127673327134
b_kohakufa_fp16,20000,bf16,1.0,0,124443.97088623047,0.9660296288677982,1.0,1.0,kohakufa,dk,0.01317916485110449,0.9999138247443582,0.006239856681632905
b_kohakufa_fp16,20000,bf16,1.0,0,124443.97088623047,0.9660296288677982,1.0,1.0,kohakufa,dv,0.0015960093894897785,0.9999987263951513,0.0011230096659046243
b_kohakufa_fp16,20000,bf16,1.0,0,124443.97088623047,0.9660296288677982,1.0,1.0,floor,dq,0.06541163034798762,0.9978600748654146,0.048983370286290046
b_kohakufa_fp16,20000,bf16,1.0,0,124443.97088623047,0.9660296288677982,1.0,1.0,floor,dk,0.012925761884369872,0.9999164746344891,0.006240534299835372
b_kohakufa_fp16,20000,bf16,1.0,0,124443.97088623047,0.9660296288677982,1.0,1.0,floor,dv,0.000545819763277702,0.9999998510738656,0.0004022112492770051
b_kohakufa_fp16,20000,bf16,1.0,0,124443.97088623047,0.9660296288677982,1.0,1.0,scale*dS,dq,0.06541163034798762,0.9978600748654146,0.048983370286290046
b_kohakufa_fp16,20000,bf16,1.0,0,124443.97088623047,0.9660296288677982,1.0,1.0,scale*dS,dk,0.012925761884369872,0.9999164746344891,0.006240534299835372
b_kohakufa_fp16,20000,bf16,1.0,0,124443.97088623047,0.9660296288677982,1.0,1.0,scale*dS,dv,0.000545819763277702,0.9999998510738656,0.0004022112492770051
b_kohakufa_fp16,20000,bf16,1.0,0,124443.97088623047,0.9660296288677982,1.0,1.0,single lse,dq,0.06500100070048141,0.9978868092704591,0.04866041739856643
b_kohakufa_fp16,20000,bf16,1.0,0,124443.97088623047,0.9660296288677982,1.0,1.0,single lse,dk,0.012919126696165297,0.9999165605863787,0.006238731868031152
b_kohakufa_fp16,20000,bf16,1.0,0,124443.97088623047,0.9660296288677982,1.0,1.0,single lse,dv,0.0006278553131016519,0.9999998029010939,0.0004022112492770051
b_kohakufa_fp16,20000,bf16,1.0,0,124443.97088623047,0.9660296288677982,1.0,1.0,scale-shift,dq,0.14253389634346772,0.9899487976279706,0.06267985603295606
b_kohakufa_fp16,20000,bf16,1.0,0,124443.97088623047,0.9660296288677982,1.0,1.0,scale-shift,dk,0.02922040698927267,0.9995730687573711,0.00952389345365368
b_kohakufa_fp16,20000,bf16,1.0,0,124443.97088623047,0.9660296288677982,1.0,1.0,scale-shift,dv,0.0006440369045856505,0.999999793158066,0.0004022112492770051
b_kohakufa_fp16,20000,bf16,1.0,0,124443.97088623047,0.9660296288677982,1.0,1.0,all three,dq,0.14243305957351926,0.9899628049880786,0.06267985603295606
b_kohakufa_fp16,20000,bf16,1.0,0,124443.97088623047,0.9660296288677982,1.0,1.0,all three,dk,0.029208143874866314,0.9995734270166197,0.00951626592857159
b_kohakufa_fp16,20000,bf16,1.0,0,124443.97088623047,0.9660296288677982,1.0,1.0,all three,dv,0.0009800768877188928,0.9999995213550331,0.0009117669618093242
b_kohakufa_fp16,20000,bf16,1.0,1,125.30649614334106,0.6713954257829471,1.0,1.0,cudnn,dq,0.049312972509568946,0.9987868697959084,0.1329237093836934
b_kohakufa_fp16,20000,bf16,1.0,1,125.30649614334106,0.6713954257829471,1.0,1.0,cudnn,dk,0.020334934052672598,0.9997972289211565,0.045499555141294404
b_kohakufa_fp16,20000,bf16,1.0,1,125.30649614334106,0.6713954257829471,1.0,1.0,cudnn,dv,0.0025414868974727293,0.9999968503091199,0.005469712471284509
b_kohakufa_fp16,20000,bf16,1.0,1,125.30649614334106,0.6713954257829471,1.0,1.0,efficient,dq,0.04965767655866976,0.9987703819149794,0.1329237093836934
b_kohakufa_fp16,20000,bf16,1.0,1,125.30649614334106,0.6713954257829471,1.0,1.0,efficient,dk,0.020378648289545446,0.999797874933674,0.045499555141294404
b_kohakufa_fp16,20000,bf16,1.0,1,125.30649614334106,0.6713954257829471,1.0,1.0,efficient,dv,0.0025404647018697915,0.9999968542885509,0.005469712471284509
b_kohakufa_fp16,20000,bf16,1.0,1,125.30649614334106,0.6713954257829471,1.0,1.0,flex,dq,0.049273919943486524,0.9987888471554206,0.1329237093836934
b_kohakufa_fp16,20000,bf16,1.0,1,125.30649614334106,0.6713954257829471,1.0,1.0,flex,dk,0.020329802249390544,0.9997973977478166,0.045499555141294404
b_kohakufa_fp16,20000,bf16,1.0,1,125.30649614334106,0.6713954257829471,1.0,1.0,flex,dv,0.0025414961592092424,0.9999968502227946,0.005469712471284509
b_kohakufa_fp16,20000,bf16,1.0,1,125.30649614334106,0.6713954257829471,1.0,1.0,fa4,dq,0.04939644463496792,0.998782432744768,0.1329237093836934
b_kohakufa_fp16,20000,bf16,1.0,1,125.30649614334106,0.6713954257829471,1.0,1.0,fa4,dk,0.020313699872917118,0.9997974675806715,0.045499555141294404
b_kohakufa_fp16,20000,bf16,1.0,1,125.30649614334106,0.6713954257829471,1.0,1.0,fa4,dv,0.0025457176896910164,0.9999968393127204,0.005469712471284509
b_kohakufa_fp16,20000,bf16,1.0,1,125.30649614334106,0.6713954257829471,1.0,1.0,kohakufa,dq,0.04965088715899438,0.9987706997686562,0.1329237093836934
b_kohakufa_fp16,20000,bf16,1.0,1,125.30649614334106,0.6713954257829471,1.0,1.0,kohakufa,dk,0.020379535000078004,0.9997978576063457,0.045499555141294404
b_kohakufa_fp16,20000,bf16,1.0,1,125.30649614334106,0.6713954257829471,1.0,1.0,kohakufa,dv,0.002541496982118722,0.9999968502079392,0.005469712471284509
b_kohakufa_fp16,20000,bf16,1.0,1,125.30649614334106,0.6713954257829471,1.0,1.0,floor,dq,0.049247435528356136,0.9987901476988019,0.1330685840289235
b_kohakufa_fp16,20000,bf16,1.0,1,125.30649614334106,0.6713954257829471,1.0,1.0,floor,dk,0.020257777185160065,0.9997988938611507,0.04573226348852721
b_kohakufa_fp16,20000,bf16,1.0,1,125.30649614334106,0.6713954257829471,1.0,1.0,floor,dv,0.0019421674398369803,0.9999981485424071,0.004808431066154337
b_kohakufa_fp16,20000,bf16,1.0,1,125.30649614334106,0.6713954257829471,1.0,1.0,scale*dS,dq,0.049247435528356136,0.9987901476988019,0.1330685840289235
b_kohakufa_fp16,20000,bf16,1.0,1,125.30649614334106,0.6713954257829471,1.0,1.0,scale*dS,dk,0.020257777185160065,0.9997988938611507,0.04573226348852721
b_kohakufa_fp16,20000,bf16,1.0,1,125.30649614334106,0.6713954257829471,1.0,1.0,scale*dS,dv,0.0019421674398369803,0.9999981485424071,0.004808431066154337
b_kohakufa_fp16,20000,bf16,1.0,1,125.30649614334106,0.6713954257829471,1.0,1.0,single lse,dq,0.049247443094416324,0.9987901473113425,0.1330685840289235
b_kohakufa_fp16,20000,bf16,1.0,1,125.30649614334106,0.6713954257829471,1.0,1.0,single lse,dk,0.020257777821750478,0.999798893846962,0.04573226348852721
b_kohakufa_fp16,20000,bf16,1.0,1,125.30649614334106,0.6713954257829471,1.0,1.0,single lse,dv,0.0019421406118268693,0.9999981485827778,0.004808431066154337
b_kohakufa_fp16,20000,bf16,1.0,1,125.30649614334106,0.6713954257829471,1.0,1.0,scale-shift,dq,0.04924637060754404,0.9987902004174938,0.1330685840289235
b_kohakufa_fp16,20000,bf16,1.0,1,125.30649614334106,0.6713954257829471,1.0,1.0,scale-shift,dk,0.020253109219586583,0.9997989904859543,0.045729029676140405
b_kohakufa_fp16,20000,bf16,1.0,1,125.30649614334106,0.6713954257829471,1.0,1.0,scale-shift,dv,0.0019421674993793316,0.9999981485440574,0.004808431066154337
b_kohakufa_fp16,20000,bf16,1.0,1,125.30649614334106,0.6713954257829471,1.0,1.0,all three,dq,0.04924636673610569,0.9987902006106151,0.1330685840289235
b_kohakufa_fp16,20000,bf16,1.0,1,125.30649614334106,0.6713954257829471,1.0,1.0,all three,dk,0.02025311106940575,0.9997989905718346,0.045729029676140405
b_kohakufa_fp16,20000,bf16,1.0,1,125.30649614334106,0.6713954257829471,1.0,1.0,all three,dv,0.0019421674859901711,0.9999981485446666,0.004808431066154337
b_kohakufa_fp16,20000,bf16,1.0,2,64.05266638100147,0.555437704815805,1.0,1.0,cudnn,dq,0.02241959664231271,0.9997488405184998,0.025114098761421615
b_kohakufa_fp16,20000,bf16,1.0,2,64.05266638100147,0.555437704815805,1.0,1.0,cudnn,dk,0.014660089086161574,0.9998925490740679,0.015211324629839939
b_kohakufa_fp16,20000,bf16,1.0,2,64.05266638100147,0.555437704815805,1.0,1.0,cudnn,dv,0.0020404635109214516,0.9999979182613915,0.0023035589259345185
b_kohakufa_fp16,20000,bf16,1.0,2,64.05266638100147,0.555437704815805,1.0,1.0,efficient,dq,0.022304922967481138,0.9997512195004611,0.025114098761421615
b_kohakufa_fp16,20000,bf16,1.0,2,64.05266638100147,0.555437704815805,1.0,1.0,efficient,dk,0.01452878520277998,0.9998945195949884,0.015211324629839939
b_kohakufa_fp16,20000,bf16,1.0,2,64.05266638100147,0.555437704815805,1.0,1.0,efficient,dv,0.002040552361648127,0.9999979180763424,0.0023035589259345185
b_kohakufa_fp16,20000,bf16,1.0,2,64.05266638100147,0.555437704815805,1.0,1.0,flex,dq,0.022378700199024888,0.9997497779852779,0.025114098761421615
b_kohakufa_fp16,20000,bf16,1.0,2,64.05266638100147,0.555437704815805,1.0,1.0,flex,dk,0.014636877746477612,0.9998928820041693,0.015211324629839939
b_kohakufa_fp16,20000,bf16,1.0,2,64.05266638100147,0.555437704815805,1.0,1.0,flex,dv,0.0020405605529859447,0.9999979180596207,0.0023035589259345185
b_kohakufa_fp16,20000,bf16,1.0,2,64.05266638100147,0.555437704815805,1.0,1.0,fa4,dq,0.022078664013710593,0.9997566434480218,0.025114098761421615
b_kohakufa_fp16,20000,bf16,1.0,2,64.05266638100147,0.555437704815805,1.0,1.0,fa4,dk,0.013977040647844484,0.9999023188225273,0.015211324629839939
b_kohakufa_fp16,20000,bf16,1.0,2,64.05266638100147,0.555437704815805,1.0,1.0,fa4,dv,0.002040557573305662,0.999997918065678,0.0023035589259345185
b_kohakufa_fp16,20000,bf16,1.0,2,64.05266638100147,0.555437704815805,1.0,1.0,kohakufa,dq,0.02230650729321707,0.9997511842115259,0.025114098761421615
b_kohakufa_fp16,20000,bf16,1.0,2,64.05266638100147,0.555437704815805,1.0,1.0,kohakufa,dk,0.014531070956275946,0.9998944893934052,0.015211324629839939
b_kohakufa_fp16,20000,bf16,1.0,2,64.05266638100147,0.555437704815805,1.0,1.0,kohakufa,dv,0.002040562086661569,0.9999979180564453,0.0023035589259345185
b_kohakufa_fp16,20000,bf16,1.0,2,64.05266638100147,0.555437704815805,1.0,1.0,floor,dq,0.022339501013298596,0.9997505935893828,0.025159294628661302
b_kohakufa_fp16,20000,bf16,1.0,2,64.05266638100147,0.555437704815805,1.0,1.0,floor,dk,0.014588632822332123,0.9998935804825075,0.015289274867152926
b_kohakufa_fp16,20000,bf16,1.0,2,64.05266638100147,0.555437704815805,1.0,1.0,floor,dv,0.0011878958377827876,0.9999992953095671,0.002085662976999147
b_kohakufa_fp16,20000,bf16,1.0,2,64.05266638100147,0.555437704815805,1.0,1.0,scale*dS,dq,0.022339501013298596,0.9997505935893828,0.025159294628661302
b_kohakufa_fp16,20000,bf16,1.0,2,64.05266638100147,0.555437704815805,1.0,1.0,scale*dS,dk,0.014588632822332123,0.9998935804825075,0.015289274867152926
b_kohakufa_fp16,20000,bf16,1.0,2,64.05266638100147,0.555437704815805,1.0,1.0,scale*dS,dv,0.0011878958377827876,0.9999992953095671,0.002085662976999147
b_kohakufa_fp16,20000,bf16,1.0,2,64.05266638100147,0.555437704815805,1.0,1.0,single lse,dq,0.022339498618133866,0.999750593643305,0.025159294628661302
b_kohakufa_fp16,20000,bf16,1.0,2,64.05266638100147,0.555437704815805,1.0,1.0,single lse,dk,0.014588632577362527,0.9998935804860427,0.015289274867152926
b_kohakufa_fp16,20000,bf16,1.0,2,64.05266638100147,0.555437704815805,1.0,1.0,single lse,dv,0.001187913094225596,0.9999992952668014,0.002085662976999147
b_kohakufa_fp16,20000,bf16,1.0,2,64.05266638100147,0.555437704815805,1.0,1.0,scale-shift,dq,0.022339435447683447,0.9997505950530983,0.025159294628661302
b_kohakufa_fp16,20000,bf16,1.0,2,64.05266638100147,0.555437704815805,1.0,1.0,scale-shift,dk,0.014588127051167184,0.9998935878565329,0.015289274867152926
b_kohakufa_fp16,20000,bf16,1.0,2,64.05266638100147,0.555437704815805,1.0,1.0,scale-shift,dv,0.0011878879985826678,0.9999992953174092,0.002085662976999147
b_kohakufa_fp16,20000,bf16,1.0,2,64.05266638100147,0.555437704815805,1.0,1.0,all three,dq,0.02233943385027184,0.9997505950891994,0.025159294628661302
b_kohakufa_fp16,20000,bf16,1.0,2,64.05266638100147,0.555437704815805,1.0,1.0,all three,dk,0.014588126984560737,0.999893587857485,0.015289274867152926
b_kohakufa_fp16,20000,bf16,1.0,2,64.05266638100147,0.555437704815805,1.0,1.0,all three,dv,0.0011879134594976533,0.9999992952663909,0.002085662976999147
b_kohakufa_fp16,20000,bf16,1.0,3,67.9532458782196,0.5853381080514916,1.0,1.0,cudnn,dq,0.017555687255385914,0.9998459241784489,0.02766557647438337
b_kohakufa_fp16,20000,bf16,1.0,3,67.9532458782196,0.5853381080514916,1.0,1.0,cudnn,dk,0.010119922447141381,0.9999488599615757,0.011283542561904242
b_kohakufa_fp16,20000,bf16,1.0,3,67.9532458782196,0.5853381080514916,1.0,1.0,cudnn,dv,0.0021453797631680264,0.9999978873303462,0.003695291550479543
b_kohakufa_fp16,20000,bf16,1.0,3,67.9532458782196,0.5853381080514916,1.0,1.0,efficient,dq,0.01755307520038612,0.9998459459028246,0.02766557647438337
b_kohakufa_fp16,20000,bf16,1.0,3,67.9532458782196,0.5853381080514916,1.0,1.0,efficient,dk,0.010240976292068611,0.9999479175567236,0.011242686374608936
b_kohakufa_fp16,20000,bf16,1.0,3,67.9532458782196,0.5853381080514916,1.0,1.0,efficient,dv,0.0021451227209161186,0.9999978874499659,0.003695291550479543
b_kohakufa_fp16,20000,bf16,1.0,3,67.9532458782196,0.5853381080514916,1.0,1.0,flex,dq,0.017329367530859563,0.9998498994364227,0.02766557647438337
b_kohakufa_fp16,20000,bf16,1.0,3,67.9532458782196,0.5853381080514916,1.0,1.0,flex,dk,0.00996725162381639,0.9999503710463556,0.011283542561904242
b_kohakufa_fp16,20000,bf16,1.0,3,67.9532458782196,0.5853381080514916,1.0,1.0,flex,dv,0.002145410063598921,0.999997887183815,0.003695291550479543
b_kohakufa_fp16,20000,bf16,1.0,3,67.9532458782196,0.5853381080514916,1.0,1.0,fa4,dq,0.01761699876972205,0.99984509410813,0.025603223901000564
b_kohakufa_fp16,20000,bf16,1.0,3,67.9532458782196,0.5853381080514916,1.0,1.0,fa4,dk,0.010171028328965513,0.999948612401091,0.010853438482813369
b_kohakufa_fp16,20000,bf16,1.0,3,67.9532458782196,0.5853381080514916,1.0,1.0,fa4,dv,0.0021454042065957054,0.9999978871921801,0.003695291550479543
b_kohakufa_fp16,20000,bf16,1.0,3,67.9532458782196,0.5853381080514916,1.0,1.0,kohakufa,dq,0.017552867418873675,0.9998459494842672,0.02766557647438337
b_kohakufa_fp16,20000,bf16,1.0,3,67.9532458782196,0.5853381080514916,1.0,1.0,kohakufa,dk,0.010239809911420955,0.9999479297261575,0.011242686374608936
b_kohakufa_fp16,20000,bf16,1.0,3,67.9532458782196,0.5853381080514916,1.0,1.0,kohakufa,dv,0.002145400669142822,0.9999978872174516,0.003695291550479543
b_kohakufa_fp16,20000,bf16,1.0,3,67.9532458782196,0.5853381080514916,1.0,1.0,floor,dq,0.017247790141076736,0.9998512781638463,0.027717021712101806
b_kohakufa_fp16,20000,bf16,1.0,3,67.9532458782196,0.5853381080514916,1.0,1.0,floor,dk,0.009818801571120571,0.9999518536984053,0.011264077532001577
b_kohakufa_fp16,20000,bf16,1.0,3,67.9532458782196,0.5853381080514916,1.0,1.0,floor,dv,0.0013328983467824386,0.9999992766841503,0.0015530022367103596
b_kohakufa_fp16,20000,bf16,1.0,3,67.9532458782196,0.5853381080514916,1.0,1.0,scale*dS,dq,0.017247790141076736,0.9998512781638463,0.027717021712101806
b_kohakufa_fp16,20000,bf16,1.0,3,67.9532458782196,0.5853381080514916,1.0,1.0,scale*dS,dk,0.009818801571120571,0.9999518536984053,0.011264077532001577
b_kohakufa_fp16,20000,bf16,1.0,3,67.9532458782196,0.5853381080514916,1.0,1.0,scale*dS,dv,0.0013328983467824386,0.9999992766841503,0.0015530022367103596
b_kohakufa_fp16,20000,bf16,1.0,3,67.9532458782196,0.5853381080514916,1.0,1.0,single lse,dq,0.017247789115922833,0.9998512781734182,0.027717021712101806
b_kohakufa_fp16,20000,bf16,1.0,3,67.9532458782196,0.5853381080514916,1.0,1.0,single lse,dk,0.009818800931342617,0.9999518537046187,0.011264077532001577
b_kohakufa_fp16,20000,bf16,1.0,3,67.9532458782196,0.5853381080514916,1.0,1.0,single lse,dv,0.0013328990957809917,0.9999992766767556,0.0015530022367103596
b_kohakufa_fp16,20000,bf16,1.0,3,67.9532458782196,0.5853381080514916,1.0,1.0,scale-shift,dq,0.017248511495342473,0.9998512657093422,0.027717021712101806
b_kohakufa_fp16,20000,bf16,1.0,3,67.9532458782196,0.5853381080514916,1.0,1.0,scale-shift,dk,0.009819371682340651,0.9999518481217158,0.011264077532001577
b_kohakufa_fp16,20000,bf16,1.0,3,67.9532458782196,0.5853381080514916,1.0,1.0,scale-shift,dv,0.0013328984225578018,0.9999992766726619,0.0015530022367103596
b_kohakufa_fp16,20000,bf16,1.0,3,67.9532458782196,0.5853381080514916,1.0,1.0,all three,dq,0.017248509915928495,0.9998512657351635,0.027717021712101806
b_kohakufa_fp16,20000,bf16,1.0,3,67.9532458782196,0.5853381080514916,1.0,1.0,all three,dk,0.009819370913735357,0.9999518481293339,0.011264077532001577
b_kohakufa_fp16,20000,bf16,1.0,3,67.9532458782196,0.5853381080514916,1.0,1.0,all three,dv,0.0013328988778861814,0.9999992766673252,0.0015530022367103596
b_kohakufa_fp16,20000,bf16,1.0,4,56.945294976234436,0.6959979531656251,1.0,1.0,cudnn,dq,0.008413921456390736,0.9999646903551811,0.0033561303449930685
b_kohakufa_fp16,20000,bf16,1.0,4,56.945294976234436,0.6959979531656251,1.0,1.0,cudnn,dk,0.008727488660748465,0.9999619148754628,0.008768544074529839
b_kohakufa_fp16,20000,bf16,1.0,4,56.945294976234436,0.6959979531656251,1.0,1.0,cudnn,dv,0.0021782517413274334,0.9999976277964768,0.0034676317578420063
b_kohakufa_fp16,20000,bf16,1.0,4,56.945294976234436,0.6959979531656251,1.0,1.0,efficient,dq,0.008469092205655329,0.9999641367038088,0.004743814577136797
b_kohakufa_fp16,20000,bf16,1.0,4,56.945294976234436,0.6959979531656251,1.0,1.0,efficient,dk,0.00872778631499401,0.9999620045948622,0.008801342344766584
b_kohakufa_fp16,20000,bf16,1.0,4,56.945294976234436,0.6959979531656251,1.0,1.0,efficient,dv,0.00217833047924134,0.9999976276421042,0.0034676317578420063
b_kohakufa_fp16,20000,bf16,1.0,4,56.945294976234436,0.6959979531656251,1.0,1.0,flex,dq,0.008356574237408942,0.9999651708340376,0.0033561303449930685
b_kohakufa_fp16,20000,bf16,1.0,4,56.945294976234436,0.6959979531656251,1.0,1.0,flex,dk,0.008727652852542633,0.9999619133662819,0.008768544074529839
b_kohakufa_fp16,20000,bf16,1.0,4,56.945294976234436,0.6959979531656251,1.0,1.0,flex,dv,0.002178331382274366,0.9999976276401806,0.0034676317578420063
b_kohakufa_fp16,20000,bf16,1.0,4,56.945294976234436,0.6959979531656251,1.0,1.0,fa4,dq,0.008301692840284267,0.9999655999298404,0.003586513721248361
b_kohakufa_fp16,20000,bf16,1.0,4,56.945294976234436,0.6959979531656251,1.0,1.0,fa4,dk,0.00871342630924041,0.9999620404641648,0.008827273052492706
b_kohakufa_fp16,20000,bf16,1.0,4,56.945294976234436,0.6959979531656251,1.0,1.0,fa4,dv,0.002178331448744394,0.9999976276399253,0.0034676317578420063
b_kohakufa_fp16,20000,bf16,1.0,4,56.945294976234436,0.6959979531656251,1.0,1.0,kohakufa,dq,0.008469905166558305,0.9999641297885231,0.004743814577136797
b_kohakufa_fp16,20000,bf16,1.0,4,56.945294976234436,0.6959979531656251,1.0,1.0,kohakufa,dk,0.008728010400030817,0.9999620028707106,0.008801342344766584
b_kohakufa_fp16,20000,bf16,1.0,4,56.945294976234436,0.6959979531656251,1.0,1.0,kohakufa,dv,0.002178331457314811,0.9999976276400426,0.0034676317578420063
b_kohakufa_fp16,20000,bf16,1.0,4,56.945294976234436,0.6959979531656251,1.0,1.0,floor,dq,0.008200290157107899,0.9999664490725699,0.0033384691193719352
b_kohakufa_fp16,20000,bf16,1.0,4,56.945294976234436,0.6959979531656251,1.0,1.0,floor,dk,0.008565130983007917,0.9999633203248967,0.008770875232408696
b_kohakufa_fp16,20000,bf16,1.0,4,56.945294976234436,0.6959979531656251,1.0,1.0,floor,dv,0.0014067283107265245,0.999999011400052,0.0021978686635598676
b_kohakufa_fp16,20000,bf16,1.0,4,56.945294976234436,0.6959979531656251,1.0,1.0,scale*dS,dq,0.008200290157107899,0.9999664490725699,0.0033384691193719352
b_kohakufa_fp16,20000,bf16,1.0,4,56.945294976234436,0.6959979531656251,1.0,1.0,scale*dS,dk,0.008565130983007917,0.9999633203248967,0.008770875232408696
b_kohakufa_fp16,20000,bf16,1.0,4,56.945294976234436,0.6959979531656251,1.0,1.0,scale*dS,dv,0.0014067283107265245,0.999999011400052,0.0021978686635598676
b_kohakufa_fp16,20000,bf16,1.0,4,56.945294976234436,0.6959979531656251,1.0,1.0,single lse,dq,0.00820021174758117,0.9999664497667833,0.0033384691193719352
b_kohakufa_fp16,20000,bf16,1.0,4,56.945294976234436,0.6959979531656251,1.0,1.0,single lse,dk,0.00856511103513281,0.9999633204936288,0.008770875232408696
b_kohakufa_fp16,20000,bf16,1.0,4,56.945294976234436,0.6959979531656251,1.0,1.0,single lse,dv,0.0014067284612584452,0.999999011400183,0.0021978686635598676
b_kohakufa_fp16,20000,bf16,1.0,4,56.945294976234436,0.6959979531656251,1.0,1.0,scale-shift,dq,0.00820040721104328,0.9999664481254857,0.0033384691193719352
b_kohakufa_fp16,20000,bf16,1.0,4,56.945294976234436,0.6959979531656251,1.0,1.0,scale-shift,dk,0.00856483737559769,0.9999633227720768,0.008770875232408696
b_kohakufa_fp16,20000,bf16,1.0,4,56.945294976234436,0.6959979531656251,1.0,1.0,scale-shift,dv,0.0014067281080392747,0.9999990114000313,0.0021978686635598676
b_kohakufa_fp16,20000,bf16,1.0,4,56.945294976234436,0.6959979531656251,1.0,1.0,all three,dq,0.008200371422775857,0.9999664484201988,0.0033384691193719352
b_kohakufa_fp16,20000,bf16,1.0,4,56.945294976234436,0.6959979531656251,1.0,1.0,all three,dk,0.008564836481463655,0.9999633227796959,0.008770875232408696
b_kohakufa_fp16,20000,bf16,1.0,4,56.945294976234436,0.6959979531656251,1.0,1.0,all three,dv,0.001406725790983718,0.999999011403422,0.0021978686635598676
b_kohakufa_fp16,20000,bf16,1.0,5,69.27542379498482,0.8282771384410411,1.0,1.0,cudnn,dq,0.017191503081580014,0.9998523461827872,0.016783577536380948
b_kohakufa_fp16,20000,bf16,1.0,5,69.27542379498482,0.8282771384410411,1.0,1.0,cudnn,dk,0.017271568690399253,0.9998548041928403,0.011447003458493836
b_kohakufa_fp16,20000,bf16,1.0,5,69.27542379498482,0.8282771384410411,1.0,1.0,cudnn,dv,0.002074057990322023,0.9999978509658195,0.0022114484247375632
b_kohakufa_fp16,20000,bf16,1.0,5,69.27542379498482,0.8282771384410411,1.0,1.0,efficient,dq,0.017272149797140608,0.9998510829725832,0.016783577536380948
b_kohakufa_fp16,20000,bf16,1.0,5,69.27542379498482,0.8282771384410411,1.0,1.0,efficient,dk,0.01742047586608801,0.9998510294362326,0.011447003458493836
b_kohakufa_fp16,20000,bf16,1.0,5,69.27542379498482,0.8282771384410411,1.0,1.0,efficient,dv,0.002073126509461615,0.9999978528301405,0.0022114484247375632
b_kohakufa_fp16,20000,bf16,1.0,5,69.27542379498482,0.8282771384410411,1.0,1.0,flex,dq,0.017208505210755547,0.9998520711021849,0.016783577536380948
b_kohakufa_fp16,20000,bf16,1.0,5,69.27542379498482,0.8282771384410411,1.0,1.0,flex,dk,0.01726776172959971,0.999854830198461,0.011447003458493836
b_kohakufa_fp16,20000,bf16,1.0,5,69.27542379498482,0.8282771384410411,1.0,1.0,flex,dv,0.00207410666526008,0.9999978508877541,0.0022114484247375632
b_kohakufa_fp16,20000,bf16,1.0,5,69.27542379498482,0.8282771384410411,1.0,1.0,fa4,dq,0.018229870104547668,0.9998340441319351,0.016783577536380948
b_kohakufa_fp16,20000,bf16,1.0,5,69.27542379498482,0.8282771384410411,1.0,1.0,fa4,dk,0.017360289938449278,0.999852766389211,0.011447003458493836
b_kohakufa_fp16,20000,bf16,1.0,5,69.27542379498482,0.8282771384410411,1.0,1.0,fa4,dv,0.0020739584941629617,0.9999978512139488,0.0022114484247375632
b_kohakufa_fp16,20000,bf16,1.0,5,69.27542379498482,0.8282771384410411,1.0,1.0,kohakufa,dq,0.017273389397479383,0.99985106138424,0.016783577536380948
b_kohakufa_fp16,20000,bf16,1.0,5,69.27542379498482,0.8282771384410411,1.0,1.0,kohakufa,dk,0.017434921894091106,0.9998508041604963,0.011447003458493836
b_kohakufa_fp16,20000,bf16,1.0,5,69.27542379498482,0.8282771384410411,1.0,1.0,kohakufa,dv,0.002074096230336559,0.9999978509097331,0.0022114484247375632
b_kohakufa_fp16,20000,bf16,1.0,5,69.27542379498482,0.8282771384410411,1.0,1.0,floor,dq,0.017198703939118945,0.9998521913763709,0.017968568480259035
b_kohakufa_fp16,20000,bf16,1.0,5,69.27542379498482,0.8282771384410411,1.0,1.0,floor,dk,0.017010404691516646,0.9998583479384004,0.011043434986465258
b_kohakufa_fp16,20000,bf16,1.0,5,69.27542379498482,0.8282771384410411,1.0,1.0,floor,dv,0.0012546055388500464,0.9999992131559523,0.0010423252842248053
b_kohakufa_fp16,20000,bf16,1.0,5,69.27542379498482,0.8282771384410411,1.0,1.0,scale*dS,dq,0.017198703939118945,0.9998521913763709,0.017968568480259035
b_kohakufa_fp16,20000,bf16,1.0,5,69.27542379498482,0.8282771384410411,1.0,1.0,scale*dS,dk,0.017010404691516646,0.9998583479384004,0.011043434986465258
b_kohakufa_fp16,20000,bf16,1.0,5,69.27542379498482,0.8282771384410411,1.0,1.0,scale*dS,dv,0.0012546055388500464,0.9999992131559523,0.0010423252842248053
b_kohakufa_fp16,20000,bf16,1.0,5,69.27542379498482,0.8282771384410411,1.0,1.0,single lse,dq,0.017198704217755073,0.9998521912960093,0.017968568480259035
b_kohakufa_fp16,20000,bf16,1.0,5,69.27542379498482,0.8282771384410411,1.0,1.0,single lse,dk,0.01701040721163196,0.9998583479032137,0.011043434986465258
b_kohakufa_fp16,20000,bf16,1.0,5,69.27542379498482,0.8282771384410411,1.0,1.0,single lse,dv,0.0012547194485967215,0.9999992129981258,0.0010423252842248053
b_kohakufa_fp16,20000,bf16,1.0,5,69.27542379498482,0.8282771384410411,1.0,1.0,scale-shift,dq,0.017195952719643342,0.9998522385466337,0.017968568480259035
b_kohakufa_fp16,20000,bf16,1.0,5,69.27542379498482,0.8282771384410411,1.0,1.0,scale-shift,dk,0.017010749574631612,0.9998583435415445,0.011043434986465258
b_kohakufa_fp16,20000,bf16,1.0,5,69.27542379498482,0.8282771384410411,1.0,1.0,scale-shift,dv,0.0012545898993414487,0.9999992131757061,0.0010423252842248053
b_kohakufa_fp16,20000,bf16,1.0,5,69.27542379498482,0.8282771384410411,1.0,1.0,all three,dq,0.01719587160739062,0.9998522399400535,0.017968568480259035
b_kohakufa_fp16,20000,bf16,1.0,5,69.27542379498482,0.8282771384410411,1.0,1.0,all three,dk,0.017010736763700473,0.9998583437657071,0.011043434986465258
b_kohakufa_fp16,20000,bf16,1.0,5,69.27542379498482,0.8282771384410411,1.0,1.0,all three,dv,0.0012548778937697615,0.9999992128039158,0.0010423252842248053
b_kohakufa_fp16,20000,bf16,1.0,6,67.62120389938354,0.830004393254515,1.0,1.0,cudnn,dq,0.012924173613290435,0.9999164965997783,0.013438551713598432
b_kohakufa_fp16,20000,bf16,1.0,6,67.62120389938354,0.830004393254515,1.0,1.0,cudnn,dk,0.005850663621471225,0.9999828903828036,0.006845450433306217
b_kohakufa_fp16,20000,bf16,1.0,6,67.62120389938354,0.830004393254515,1.0,1.0,cudnn,dv,0.0021643369488090866,0.9999976883734661,0.003062014023098596
b_kohakufa_fp16,20000,bf16,1.0,6,67.62120389938354,0.830004393254515,1.0,1.0,efficient,dq,0.012950605224891743,0.9999161374826246,0.013438551713598432
b_kohakufa_fp16,20000,bf16,1.0,6,67.62120389938354,0.830004393254515,1.0,1.0,efficient,dk,0.006078656135120201,0.9999815351604414,0.006845450433306217
b_kohakufa_fp16,20000,bf16,1.0,6,67.62120389938354,0.830004393254515,1.0,1.0,efficient,dv,0.0021641346356247857,0.9999976889130681,0.003062014023098596
b_kohakufa_fp16,20000,bf16,1.0,6,67.62120389938354,0.830004393254515,1.0,1.0,flex,dq,0.012873050190413909,0.9999171530556672,0.013438551713598432
b_kohakufa_fp16,20000,bf16,1.0,6,67.62120389938354,0.830004393254515,1.0,1.0,flex,dk,0.005839293500640866,0.999982960467254,0.006845450433306217
b_kohakufa_fp16,20000,bf16,1.0,6,67.62120389938354,0.830004393254515,1.0,1.0,flex,dv,0.0021644022905992367,0.9999976881715998,0.003062014023098596
b_kohakufa_fp16,20000,bf16,1.0,6,67.62120389938354,0.830004393254515,1.0,1.0,fa4,dq,0.012406484996633578,0.9999233041252028,0.013438551713598432
b_kohakufa_fp16,20000,bf16,1.0,6,67.62120389938354,0.830004393254515,1.0,1.0,fa4,dk,0.005630361502240844,0.9999841739241033,0.006845450433306217
b_kohakufa_fp16,20000,bf16,1.0,6,67.62120389938354,0.830004393254515,1.0,1.0,fa4,dv,0.002164063280647922,0.9999976890612189,0.003062014023098596
b_kohakufa_fp16,20000,bf16,1.0,6,67.62120389938354,0.830004393254515,1.0,1.0,kohakufa,dq,0.012952186554463131,0.9999161169971708,0.013438551713598432
b_kohakufa_fp16,20000,bf16,1.0,6,67.62120389938354,0.830004393254515,1.0,1.0,kohakufa,dk,0.006078298772952353,0.9999815376840799,0.006845450433306217
b_kohakufa_fp16,20000,bf16,1.0,6,67.62120389938354,0.830004393254515,1.0,1.0,kohakufa,dv,0.0021641341567864513,0.9999976889147058,0.003062014023098596
b_kohakufa_fp16,20000,bf16,1.0,6,67.62120389938354,0.830004393254515,1.0,1.0,floor,dq,0.012781819933069462,0.9999183235003679,0.01339765101115571
b_kohakufa_fp16,20000,bf16,1.0,6,67.62120389938354,0.830004393254515,1.0,1.0,floor,dk,0.005667068788078833,0.9999839554134566,0.006842267744441927
b_kohakufa_fp16,20000,bf16,1.0,6,67.62120389938354,0.830004393254515,1.0,1.0,floor,dv,0.0014393959668621153,0.999998983505924,0.002638323950130605
b_kohakufa_fp16,20000,bf16,1.0,6,67.62120389938354,0.830004393254515,1.0,1.0,scale*dS,dq,0.012781819933069462,0.9999183235003679,0.01339765101115571
b_kohakufa_fp16,20000,bf16,1.0,6,67.62120389938354,0.830004393254515,1.0,1.0,scale*dS,dk,0.005667068788078833,0.9999839554134566,0.006842267744441927
b_kohakufa_fp16,20000,bf16,1.0,6,67.62120389938354,0.830004393254515,1.0,1.0,scale*dS,dv,0.0014393959668621153,0.999998983505924,0.002638323950130605
b_kohakufa_fp16,20000,bf16,1.0,6,67.62120389938354,0.830004393254515,1.0,1.0,single lse,dq,0.012781824376725221,0.9999183234439811,0.01339765101115571
b_kohakufa_fp16,20000,bf16,1.0,6,67.62120389938354,0.830004393254515,1.0,1.0,single lse,dk,0.005667068920954834,0.999983955412702,0.006842267744441927
b_kohakufa_fp16,20000,bf16,1.0,6,67.62120389938354,0.830004393254515,1.0,1.0,single lse,dv,0.0014393100250302954,0.9999989836251943,0.002638323950130605
b_kohakufa_fp16,20000,bf16,1.0,6,67.62120389938354,0.830004393254515,1.0,1.0,scale-shift,dq,0.012782980192396851,0.9999183086628893,0.01339765101115571
b_kohakufa_fp16,20000,bf16,1.0,6,67.62120389938354,0.830004393254515,1.0,1.0,scale-shift,dk,0.0056676465605608,0.9999839522016836,0.006842267744441927
b_kohakufa_fp16,20000,bf16,1.0,6,67.62120389938354,0.830004393254515,1.0,1.0,scale-shift,dv,0.0014393879293721702,0.9999989835171442,0.002638323950130605
b_kohakufa_fp16,20000,bf16,1.0,6,67.62120389938354,0.830004393254515,1.0,1.0,all three,dq,0.012782982067002778,0.9999183086392841,0.01339765101115571
b_kohakufa_fp16,20000,bf16,1.0,6,67.62120389938354,0.830004393254515,1.0,1.0,all three,dk,0.005667646580373166,0.9999839522015744,0.006842267744441927
b_kohakufa_fp16,20000,bf16,1.0,6,67.62120389938354,0.830004393254515,1.0,1.0,all three,dv,0.001439313083456445,0.9999989836245746,0.002638323950130605
b_kohakufa_fp16,20000,bf16,1.0,7,62.64693856239319,0.6621583652794738,1.0,1.0,cudnn,dq,0.007972662340328854,0.9999682677786113,0.01370583510203394
b_kohakufa_fp16,20000,bf16,1.0,7,62.64693856239319,0.6621583652794738,1.0,1.0,cudnn,dk,0.0031521711414404735,0.9999950320390399,0.0034843177438905444
b_kohakufa_fp16,20000,bf16,1.0,7,62.64693856239319,0.6621583652794738,1.0,1.0,cudnn,dv,0.0019751354426607707,0.9999980501280532,0.002747146616149881
b_kohakufa_fp16,20000,bf16,1.0,7,62.64693856239319,0.6621583652794738,1.0,1.0,efficient,dq,0.008106906455435488,0.9999673252996241,0.01370583510203394
b_kohakufa_fp16,20000,bf16,1.0,7,62.64693856239319,0.6621583652794738,1.0,1.0,efficient,dk,0.0031661949524601513,0.9999949987450982,0.0034843177438905444
b_kohakufa_fp16,20000,bf16,1.0,7,62.64693856239319,0.6621583652794738,1.0,1.0,efficient,dv,0.0019749223513550714,0.9999980505773179,0.002747146616149881
b_kohakufa_fp16,20000,bf16,1.0,7,62.64693856239319,0.6621583652794738,1.0,1.0,flex,dq,0.00793576021726387,0.9999685655704178,0.01370583510203394
b_kohakufa_fp16,20000,bf16,1.0,7,62.64693856239319,0.6621583652794738,1.0,1.0,flex,dk,0.0031396255522346513,0.9999950715360377,0.0034843177438905444
b_kohakufa_fp16,20000,bf16,1.0,7,62.64693856239319,0.6621583652794738,1.0,1.0,flex,dv,0.001974926739563213,0.9999980505679601,0.002747146616149881
b_kohakufa_fp16,20000,bf16,1.0,7,62.64693856239319,0.6621583652794738,1.0,1.0,fa4,dq,0.007940326499226293,0.9999684988222928,0.01370583510203394
b_kohakufa_fp16,20000,bf16,1.0,7,62.64693856239319,0.6621583652794738,1.0,1.0,fa4,dk,0.0031664663462155716,0.9999949879350791,0.0034843177438905444
b_kohakufa_fp16,20000,bf16,1.0,7,62.64693856239319,0.6621583652794738,1.0,1.0,fa4,dv,0.0019749200547074268,0.9999980505811079,0.002747146616149881
b_kohakufa_fp16,20000,bf16,1.0,7,62.64693856239319,0.6621583652794738,1.0,1.0,kohakufa,dq,0.008108110610711936,0.9999673160095042,0.01370583510203394
b_kohakufa_fp16,20000,bf16,1.0,7,62.64693856239319,0.6621583652794738,1.0,1.0,kohakufa,dk,0.0031667477365382567,0.9999949970439077,0.0034843177438905444
b_kohakufa_fp16,20000,bf16,1.0,7,62.64693856239319,0.6621583652794738,1.0,1.0,kohakufa,dv,0.0019749265984365756,0.9999980505682108,0.002747146616149881
b_kohakufa_fp16,20000,bf16,1.0,7,62.64693856239319,0.6621583652794738,1.0,1.0,floor,dq,0.0077838617417736984,0.9999697485712602,0.012446620298356059
b_kohakufa_fp16,20000,bf16,1.0,7,62.64693856239319,0.6621583652794738,1.0,1.0,floor,dk,0.0027543558926905556,0.999996207370007,0.0034864140658412784
b_kohakufa_fp16,20000,bf16,1.0,7,62.64693856239319,0.6621583652794738,1.0,1.0,floor,dv,0.0011164581416199775,0.9999993767938209,0.0014396195174744856
b_kohakufa_fp16,20000,bf16,1.0,7,62.64693856239319,0.6621583652794738,1.0,1.0,scale*dS,dq,0.0077838617417736984,0.9999697485712602,0.012446620298356059
b_kohakufa_fp16,20000,bf16,1.0,7,62.64693856239319,0.6621583652794738,1.0,1.0,scale*dS,dk,0.0027543558926905556,0.999996207370007,0.0034864140658412784
b_kohakufa_fp16,20000,bf16,1.0,7,62.64693856239319,0.6621583652794738,1.0,1.0,scale*dS,dv,0.0011164581416199775,0.9999993767938209,0.0014396195174744856
b_kohakufa_fp16,20000,bf16,1.0,7,62.64693856239319,0.6621583652794738,1.0,1.0,single lse,dq,0.007783868114512199,0.9999697485269387,0.012446620298356059
b_kohakufa_fp16,20000,bf16,1.0,7,62.64693856239319,0.6621583652794738,1.0,1.0,single lse,dk,0.002754354964070413,0.9999962073725683,0.0034864140658412784
b_kohakufa_fp16,20000,bf16,1.0,7,62.64693856239319,0.6621583652794738,1.0,1.0,single lse,dv,0.0011165497669435925,0.999999376692211,0.0014396195174744856
b_kohakufa_fp16,20000,bf16,1.0,7,62.64693856239319,0.6621583652794738,1.0,1.0,scale-shift,dq,0.007782454181937796,0.9999697595195606,0.012446620298356059
b_kohakufa_fp16,20000,bf16,1.0,7,62.64693856239319,0.6621583652794738,1.0,1.0,scale-shift,dk,0.0027536296052059076,0.9999962093663505,0.0034864140658412784
b_kohakufa_fp16,20000,bf16,1.0,7,62.64693856239319,0.6621583652794738,1.0,1.0,scale-shift,dv,0.00111654976495995,0.9999993766921844,0.0014396195174744856
b_kohakufa_fp16,20000,bf16,1.0,7,62.64693856239319,0.6621583652794738,1.0,1.0,all three,dq,0.0077824463928837,0.9999697595848838,0.012446620298356059
b_kohakufa_fp16,20000,bf16,1.0,7,62.64693856239319,0.6621583652794738,1.0,1.0,all three,dk,0.0027536633157911965,0.9999962092735251,0.0034864140658412784
b_kohakufa_fp16,20000,bf16,1.0,7,62.64693856239319,0.6621583652794738,1.0,1.0,all three,dv,0.0011165500642944315,0.9999993766919297,0.0014396195174744856
b_kohakufa_fp16,20000,bf16,1.0,8,57.336320638656616,0.6943990662139973,1.0,1.0,cudnn,dq,0.008223461039464376,0.9999662669897517,0.013306826917623707
b_kohakufa_fp16,20000,bf16,1.0,8,57.336320638656616,0.6943990662139973,1.0,1.0,cudnn,dk,0.0053439520987057995,0.9999857222297064,0.010469862765389446
b_kohakufa_fp16,20000,bf16,1.0,8,57.336320638656616,0.6943990662139973,1.0,1.0,cudnn,dv,0.0020667175418401097,0.9999978645560323,0.004929528980869395
b_kohakufa_fp16,20000,bf16,1.0,8,57.336320638656616,0.6943990662139973,1.0,1.0,efficient,dq,0.008707603475330481,0.9999622438865128,0.01802546643909541
b_kohakufa_fp16,20000,bf16,1.0,8,57.336320638656616,0.6943990662139973,1.0,1.0,efficient,dk,0.006010261620857826,0.9999819492302267,0.015217517040327056
b_kohakufa_fp16,20000,bf16,1.0,8,57.336320638656616,0.6943990662139973,1.0,1.0,efficient,dv,0.00206673768669769,0.9999978645240182,0.004929528980869395
b_kohakufa_fp16,20000,bf16,1.0,8,57.336320638656616,0.6943990662139973,1.0,1.0,flex,dq,0.00819354595430871,0.9999665269914785,0.013306826917623707
b_kohakufa_fp16,20000,bf16,1.0,8,57.336320638656616,0.6943990662139973,1.0,1.0,flex,dk,0.00529146005336143,0.9999860043134079,0.010402039132890338
b_kohakufa_fp16,20000,bf16,1.0,8,57.336320638656616,0.6943990662139973,1.0,1.0,flex,dv,0.002066780484428246,0.9999978644290557,0.004929528980869395
b_kohakufa_fp16,20000,bf16,1.0,8,57.336320638656616,0.6943990662139973,1.0,1.0,fa4,dq,0.009550620851995211,0.9999544170630029,0.021072797229593807
b_kohakufa_fp16,20000,bf16,1.0,8,57.336320638656616,0.6943990662139973,1.0,1.0,fa4,dk,0.00556770122746396,0.9999845010054829,0.010605510030387663
b_kohakufa_fp16,20000,bf16,1.0,8,57.336320638656616,0.6943990662139973,1.0,1.0,fa4,dv,0.0020667786248260286,0.9999978644328947,0.004929528980869395
b_kohakufa_fp16,20000,bf16,1.0,8,57.336320638656616,0.6943990662139973,1.0,1.0,kohakufa,dq,0.008707150370541285,0.9999622476486827,0.01802546643909541
b_kohakufa_fp16,20000,bf16,1.0,8,57.336320638656616,0.6943990662139973,1.0,1.0,kohakufa,dk,0.006009297414782878,0.9999819559473705,0.015217517040327056
b_kohakufa_fp16,20000,bf16,1.0,8,57.336320638656616,0.6943990662139973,1.0,1.0,kohakufa,dv,0.002066737554696912,0.9999978645243386,0.004929528980869395
b_kohakufa_fp16,20000,bf16,1.0,8,57.336320638656616,0.6943990662139973,1.0,1.0,floor,dq,0.008060823775503536,0.9999676061877983,0.01333531485704993
b_kohakufa_fp16,20000,bf16,1.0,8,57.336320638656616,0.6943990662139973,1.0,1.0,floor,dk,0.005027317978901252,0.999987363135488,0.010424701386102487
b_kohakufa_fp16,20000,bf16,1.0,8,57.336320638656616,0.6943990662139973,1.0,1.0,floor,dv,0.0011642369536567646,0.9999993225152143,0.0014557561578371816
b_kohakufa_fp16,20000,bf16,1.0,8,57.336320638656616,0.6943990662139973,1.0,1.0,scale*dS,dq,0.008060823775503536,0.9999676061877983,0.01333531485704993
b_kohakufa_fp16,20000,bf16,1.0,8,57.336320638656616,0.6943990662139973,1.0,1.0,scale*dS,dk,0.005027317978901252,0.999987363135488,0.010424701386102487
b_kohakufa_fp16,20000,bf16,1.0,8,57.336320638656616,0.6943990662139973,1.0,1.0,scale*dS,dv,0.0011642369536567646,0.9999993225152143,0.0014557561578371816
b_kohakufa_fp16,20000,bf16,1.0,8,57.336320638656616,0.6943990662139973,1.0,1.0,single lse,dq,0.008060614516201867,0.9999676078741203,0.01333531485704993
b_kohakufa_fp16,20000,bf16,1.0,8,57.336320638656616,0.6943990662139973,1.0,1.0,single lse,dk,0.0050273415592551746,0.9999873630168709,0.010424701386102487
b_kohakufa_fp16,20000,bf16,1.0,8,57.336320638656616,0.6943990662139973,1.0,1.0,single lse,dv,0.001164230662087722,0.9999993225223756,0.0014557561578371816
b_kohakufa_fp16,20000,bf16,1.0,8,57.336320638656616,0.6943990662139973,1.0,1.0,scale-shift,dq,0.008055613461209895,0.9999676481588222,0.01333531485704993
b_kohakufa_fp16,20000,bf16,1.0,8,57.336320638656616,0.6943990662139973,1.0,1.0,scale-shift,dk,0.005025096613960646,0.9999873743576833,0.010424701386102487
b_kohakufa_fp16,20000,bf16,1.0,8,57.336320638656616,0.6943990662139973,1.0,1.0,scale-shift,dv,0.0011642368176192882,0.9999993225151014,0.0014557561578371816
b_kohakufa_fp16,20000,bf16,1.0,8,57.336320638656616,0.6943990662139973,1.0,1.0,all three,dq,0.00805540309219703,0.9999676498541377,0.01333531485704993
b_kohakufa_fp16,20000,bf16,1.0,8,57.336320638656616,0.6943990662139973,1.0,1.0,all three,dk,0.0050251188592553,0.9999873742458201,0.010424701386102487
b_kohakufa_fp16,20000,bf16,1.0,8,57.336320638656616,0.6943990662139973,1.0,1.0,all three,dv,0.001164236386361781,0.9999993225155573,0.0014557561578371816
b_kohakufa_fp16,20000,bf16,1.0,9,53.925795763731,0.5742782381258146,1.0,1.0,cudnn,dq,0.003904451169108664,0.9999924434436324,0.004766887948732587
b_kohakufa_fp16,20000,bf16,1.0,9,53.925795763731,0.5742782381258146,1.0,1.0,cudnn,dk,0.0026226594821949175,0.9999965885289084,0.0048215367969554855
b_kohakufa_fp16,20000,bf16,1.0,9,53.925795763731,0.5742782381258146,1.0,1.0,cudnn,dv,0.0018755680619256085,0.9999982430253938,0.0020907150089673806
b_kohakufa_fp16,20000,bf16,1.0,9,53.925795763731,0.5742782381258146,1.0,1.0,efficient,dq,0.004166135478878721,0.9999913478738411,0.004766887948732587
b_kohakufa_fp16,20000,bf16,1.0,9,53.925795763731,0.5742782381258146,1.0,1.0,efficient,dk,0.0028165550755386124,0.9999960359725136,0.0048215367969554855
b_kohakufa_fp16,20000,bf16,1.0,9,53.925795763731,0.5742782381258146,1.0,1.0,efficient,dv,0.0018761159429235821,0.9999982417484523,0.0020907150089673806
b_kohakufa_fp16,20000,bf16,1.0,9,53.925795763731,0.5742782381258146,1.0,1.0,flex,dq,0.003910527041933404,0.9999924197345398,0.004766887948732587
b_kohakufa_fp16,20000,bf16,1.0,9,53.925795763731,0.5742782381258146,1.0,1.0,flex,dk,0.002622574349279288,0.9999965896216855,0.0048215367969554855
b_kohakufa_fp16,20000,bf16,1.0,9,53.925795763731,0.5742782381258146,1.0,1.0,flex,dv,0.001875622380812888,0.9999982428868868,0.0020907150089673806
b_kohakufa_fp16,20000,bf16,1.0,9,53.925795763731,0.5742782381258146,1.0,1.0,fa4,dq,0.0038577163250966954,0.9999926192239489,0.004766887948732587
b_kohakufa_fp16,20000,bf16,1.0,9,53.925795763731,0.5742782381258146,1.0,1.0,fa4,dk,0.002610566268961102,0.9999966114578904,0.0048215367969554855
b_kohakufa_fp16,20000,bf16,1.0,9,53.925795763731,0.5742782381258146,1.0,1.0,fa4,dv,0.0018761144092245097,0.9999982417504495,0.0020907150089673806
b_kohakufa_fp16,20000,bf16,1.0,9,53.925795763731,0.5742782381258146,1.0,1.0,kohakufa,dq,0.004167281966260828,0.9999913431201031,0.004766887948732587
b_kohakufa_fp16,20000,bf16,1.0,9,53.925795763731,0.5742782381258146,1.0,1.0,kohakufa,dk,0.002817302908000533,0.9999960338853496,0.0048215367969554855
b_kohakufa_fp16,20000,bf16,1.0,9,53.925795763731,0.5742782381258146,1.0,1.0,kohakufa,dv,0.0018756802405609154,0.9999982428331088,0.0020907150089673806
b_kohakufa_fp16,20000,bf16,1.0,9,53.925795763731,0.5742782381258146,1.0,1.0,floor,dq,0.0035133855527751346,0.9999939204070258,0.0027069115762177647
b_kohakufa_fp16,20000,bf16,1.0,9,53.925795763731,0.5742782381258146,1.0,1.0,floor,dk,0.001975829504764806,0.9999980702017148,0.0031945607137417445
b_kohakufa_fp16,20000,bf16,1.0,9,53.925795763731,0.5742782381258146,1.0,1.0,floor,dv,0.000869086387958661,0.9999996224635607,0.0010742356260372203
b_kohakufa_fp16,20000,bf16,1.0,9,53.925795763731,0.5742782381258146,1.0,1.0,scale*dS,dq,0.0035133855527751346,0.9999939204070258,0.0027069115762177647
b_kohakufa_fp16,20000,bf16,1.0,9,53.925795763731,0.5742782381258146,1.0,1.0,scale*dS,dk,0.001975829504764806,0.9999980702017148,0.0031945607137417445
b_kohakufa_fp16,20000,bf16,1.0,9,53.925795763731,0.5742782381258146,1.0,1.0,scale*dS,dv,0.000869086387958661,0.9999996224635607,0.0010742356260372203
b_kohakufa_fp16,20000,bf16,1.0,9,53.925795763731,0.5742782381258146,1.0,1.0,single lse,dq,0.0035133569365409646,0.9999939205315279,0.0027069115762177647
b_kohakufa_fp16,20000,bf16,1.0,9,53.925795763731,0.5742782381258146,1.0,1.0,single lse,dk,0.001975829426427985,0.9999980702018267,0.0031945607137417445
b_kohakufa_fp16,20000,bf16,1.0,9,53.925795763731,0.5742782381258146,1.0,1.0,single lse,dv,0.0008690832299065678,0.9999996224662793,0.0010742356260372203
b_kohakufa_fp16,20000,bf16,1.0,9,53.925795763731,0.5742782381258146,1.0,1.0,scale-shift,dq,0.0035166318721171633,0.9999939093341558,0.0027069115762177647
b_kohakufa_fp16,20000,bf16,1.0,9,53.925795763731,0.5742782381258146,1.0,1.0,scale-shift,dk,0.0019770017696051495,0.999998067880858,0.0031945607137417445
b_kohakufa_fp16,20000,bf16,1.0,9,53.925795763731,0.5742782381258146,1.0,1.0,scale-shift,dv,0.0008691842450709955,0.9999996223736789,0.0010742356260372203
b_kohakufa_fp16,20000,bf16,1.0,9,53.925795763731,0.5742782381258146,1.0,1.0,all three,dq,0.0035166282560439672,0.9999939093230399,0.0027069115762177647
b_kohakufa_fp16,20000,bf16,1.0,9,53.925795763731,0.5742782381258146,1.0,1.0,all three,dk,0.001977002063786588,0.9999980678802536,0.0031945607137417445
b_kohakufa_fp16,20000,bf16,1.0,9,53.925795763731,0.5742782381258146,1.0,1.0,all three,dv,0.0008691841092906428,0.9999996223736525,0.0010742356260372203
b_kohakufa_fp16,20000,bf16,1.0,10,87.02460539340973,0.8013205926725241,1.0,1.0,cudnn,dq,0.02519625390793383,0.9996825525251105,0.028923245481966724
b_kohakufa_fp16,20000,bf16,1.0,10,87.02460539340973,0.8013205926725241,1.0,1.0,cudnn,dk,0.006014288989830634,0.9999819140162913,0.004419839858891144
b_kohakufa_fp16,20000,bf16,1.0,10,87.02460539340973,0.8013205926725241,1.0,1.0,cudnn,dv,0.0017007783362461733,0.9999985536754806,0.0025230760778821933
b_kohakufa_fp16,20000,bf16,1.0,10,87.02460539340973,0.8013205926725241,1.0,1.0,efficient,dq,0.025795487777391747,0.9996672630624528,0.03529232099874508
b_kohakufa_fp16,20000,bf16,1.0,10,87.02460539340973,0.8013205926725241,1.0,1.0,efficient,dk,0.00617183530722131,0.9999809566014932,0.00447323135647383
b_kohakufa_fp16,20000,bf16,1.0,10,87.02460539340973,0.8013205926725241,1.0,1.0,efficient,dv,0.0017007899963134292,0.9999985536557763,0.0025230760778821933
b_kohakufa_fp16,20000,bf16,1.0,10,87.02460539340973,0.8013205926725241,1.0,1.0,flex,dq,0.025776088684491057,0.9996677795266603,0.03529232099874508
b_kohakufa_fp16,20000,bf16,1.0,10,87.02460539340973,0.8013205926725241,1.0,1.0,flex,dk,0.0061481055613297544,0.999981100256139,0.00447323135647383
b_kohakufa_fp16,20000,bf16,1.0,10,87.02460539340973,0.8013205926725241,1.0,1.0,flex,dv,0.0017007998529213412,0.9999985536390279,0.0025230760778821933
b_kohakufa_fp16,20000,bf16,1.0,10,87.02460539340973,0.8013205926725241,1.0,1.0,fa4,dq,0.02590280344932229,0.999664519296939,0.03529232099874508
b_kohakufa_fp16,20000,bf16,1.0,10,87.02460539340973,0.8013205926725241,1.0,1.0,fa4,dk,0.0061644347286672705,0.9999810005199408,0.00447323135647383
b_kohakufa_fp16,20000,bf16,1.0,10,87.02460539340973,0.8013205926725241,1.0,1.0,fa4,dv,0.001700801752908833,0.999998553635806,0.0025230760778821933
b_kohakufa_fp16,20000,bf16,1.0,10,87.02460539340973,0.8013205926725241,1.0,1.0,kohakufa,dq,0.02579850441469469,0.9996671880954282,0.03529232099874508
b_kohakufa_fp16,20000,bf16,1.0,10,87.02460539340973,0.8013205926725241,1.0,1.0,kohakufa,dk,0.006171951495755752,0.9999809558653522,0.00447323135647383
b_kohakufa_fp16,20000,bf16,1.0,10,87.02460539340973,0.8013205926725241,1.0,1.0,kohakufa,dv,0.0017007899185730341,0.9999985536559083,0.0025230760778821933
b_kohakufa_fp16,20000,bf16,1.0,10,87.02460539340973,0.8013205926725241,1.0,1.0,floor,dq,0.025727724692570758,0.9996690056143734,0.03532828447387269
b_kohakufa_fp16,20000,bf16,1.0,10,87.02460539340973,0.8013205926725241,1.0,1.0,floor,dk,0.005933744129981295,0.9999823952322366,0.00447245453571631
b_kohakufa_fp16,20000,bf16,1.0,10,87.02460539340973,0.8013205926725241,1.0,1.0,floor,dv,0.00047883942079862115,0.9999998862929502,0.00033801749252515724
b_kohakufa_fp16,20000,bf16,1.0,10,87.02460539340973,0.8013205926725241,1.0,1.0,scale*dS,dq,0.025727724692570758,0.9996690056143734,0.03532828447387269
b_kohakufa_fp16,20000,bf16,1.0,10,87.02460539340973,0.8013205926725241,1.0,1.0,scale*dS,dk,0.005933744129981295,0.9999823952322366,0.00447245453571631
b_kohakufa_fp16,20000,bf16,1.0,10,87.02460539340973,0.8013205926725241,1.0,1.0,scale*dS,dv,0.00047883942079862115,0.9999998862929502,0.00033801749252515724
b_kohakufa_fp16,20000,bf16,1.0,10,87.02460539340973,0.8013205926725241,1.0,1.0,single lse,dq,0.02572764166602827,0.9996690077439161,0.03532828447387269
b_kohakufa_fp16,20000,bf16,1.0,10,87.02460539340973,0.8013205926725241,1.0,1.0,single lse,dk,0.005933745849639183,0.9999823952220369,0.00447245453571631
b_kohakufa_fp16,20000,bf16,1.0,10,87.02460539340973,0.8013205926725241,1.0,1.0,single lse,dv,0.00047883958868689486,0.9999998862909568,0.00033801749252515724
b_kohakufa_fp16,20000,bf16,1.0,10,87.02460539340973,0.8013205926725241,1.0,1.0,scale-shift,dq,0.025745648913365254,0.999668544310833,0.03532828447387269
b_kohakufa_fp16,20000,bf16,1.0,10,87.02460539340973,0.8013205926725241,1.0,1.0,scale-shift,dk,0.005938254052276998,0.9999823684627974,0.0044724545357158535
b_kohakufa_fp16,20000,bf16,1.0,10,87.02460539340973,0.8013205926725241,1.0,1.0,scale-shift,dv,0.00047884012389171786,0.9999998862925237,0.00033801749252515724
b_kohakufa_fp16,20000,bf16,1.0,10,87.02460539340973,0.8013205926725241,1.0,1.0,all three,dq,0.025745643570146054,0.999668544448747,0.03532828447387269
b_kohakufa_fp16,20000,bf16,1.0,10,87.02460539340973,0.8013205926725241,1.0,1.0,all three,dk,0.00593825422158293,0.9999823684617957,0.0044724545357158535
b_kohakufa_fp16,20000,bf16,1.0,10,87.02460539340973,0.8013205926725241,1.0,1.0,all three,dv,0.0004788439127631956,0.9999998862631699,0.00033801749252515724
b_kohakufa_fp16,20000,bf16,1.0,11,80.77627593278885,0.8730462119304075,1.0,1.0,cudnn,dq,0.03252972952303636,0.9994708860910025,0.010834752036424667
b_kohakufa_fp16,20000,bf16,1.0,11,80.77627593278885,0.8730462119304075,1.0,1.0,cudnn,dk,0.008469686123559273,0.9999641841906016,0.006154957867714183
b_kohakufa_fp16,20000,bf16,1.0,11,80.77627593278885,0.8730462119304075,1.0,1.0,cudnn,dv,0.0013859021348783958,0.9999990417060892,0.00191082254776188
b_kohakufa_fp16,20000,bf16,1.0,11,80.77627593278885,0.8730462119304075,1.0,1.0,efficient,dq,0.03262382431235801,0.9994677977731492,0.010834752036424667
b_kohakufa_fp16,20000,bf16,1.0,11,80.77627593278885,0.8730462119304075,1.0,1.0,efficient,dk,0.008500121118518009,0.9999639558824136,0.006124845033159184
b_kohakufa_fp16,20000,bf16,1.0,11,80.77627593278885,0.8730462119304075,1.0,1.0,efficient,dv,0.0013859006299365738,0.9999990416321823,0.00191082254776188
b_kohakufa_fp16,20000,bf16,1.0,11,80.77627593278885,0.8730462119304075,1.0,1.0,flex,dq,0.03255580215129182,0.9994700378527693,0.010834752036424667
b_kohakufa_fp16,20000,bf16,1.0,11,80.77627593278885,0.8730462119304075,1.0,1.0,flex,dk,0.008479111294650449,0.9999641024393321,0.006154957867714183
b_kohakufa_fp16,20000,bf16,1.0,11,80.77627593278885,0.8730462119304075,1.0,1.0,flex,dv,0.0013859548698980687,0.9999990415560293,0.00191082254776188
b_kohakufa_fp16,20000,bf16,1.0,11,80.77627593278885,0.8730462119304075,1.0,1.0,fa4,dq,0.0325942053213112,0.99946878460457,0.010834752036424667
b_kohakufa_fp16,20000,bf16,1.0,11,80.77627593278885,0.8730462119304075,1.0,1.0,fa4,dk,0.008480246757410609,0.9999640935221552,0.006154957867714183
b_kohakufa_fp16,20000,bf16,1.0,11,80.77627593278885,0.8730462119304075,1.0,1.0,fa4,dv,0.001385896005305053,0.9999990416408352,0.00191082254776188
b_kohakufa_fp16,20000,bf16,1.0,11,80.77627593278885,0.8730462119304075,1.0,1.0,kohakufa,dq,0.03262376630199766,0.9994677990923325,0.010834752036424667
b_kohakufa_fp16,20000,bf16,1.0,11,80.77627593278885,0.8730462119304075,1.0,1.0,kohakufa,dk,0.008500042766388795,0.9999639570863619,0.006124845033159184
b_kohakufa_fp16,20000,bf16,1.0,11,80.77627593278885,0.8730462119304075,1.0,1.0,kohakufa,dv,0.0013858770261183752,0.9999990416699919,0.00191082254776188
b_kohakufa_fp16,20000,bf16,1.0,11,80.77627593278885,0.8730462119304075,1.0,1.0,floor,dq,0.032509544280449866,0.9994719102660331,0.010855488206503647
b_kohakufa_fp16,20000,bf16,1.0,11,80.77627593278885,0.8730462119304075,1.0,1.0,floor,dk,0.008300811108967094,0.9999655621868929,0.006157218106321615
b_kohakufa_fp16,20000,bf16,1.0,11,80.77627593278885,0.8730462119304075,1.0,1.0,floor,dv,0.0005641188881797596,0.999999859066782,0.0004175258290973643
b_kohakufa_fp16,20000,bf16,1.0,11,80.77627593278885,0.8730462119304075,1.0,1.0,scale*dS,dq,0.032509544280449866,0.9994719102660331,0.010855488206503647
b_kohakufa_fp16,20000,bf16,1.0,11,80.77627593278885,0.8730462119304075,1.0,1.0,scale*dS,dk,0.008300811108967094,0.9999655621868929,0.006157218106321615
b_kohakufa_fp16,20000,bf16,1.0,11,80.77627593278885,0.8730462119304075,1.0,1.0,scale*dS,dv,0.0005641188881797596,0.999999859066782,0.0004175258290973643
b_kohakufa_fp16,20000,bf16,1.0,11,80.77627593278885,0.8730462119304075,1.0,1.0,single lse,dq,0.03250955044470201,0.9994719100684624,0.010855488206503647
b_kohakufa_fp16,20000,bf16,1.0,11,80.77627593278885,0.8730462119304075,1.0,1.0,single lse,dk,0.008300812028638156,0.9999655621792362,0.006157218106321615
b_kohakufa_fp16,20000,bf16,1.0,11,80.77627593278885,0.8730462119304075,1.0,1.0,single lse,dv,0.0005641190145877844,0.9999998590490186,0.0004175258290973643
b_kohakufa_fp16,20000,bf16,1.0,11,80.77627593278885,0.8730462119304075,1.0,1.0,scale-shift,dq,0.032490583725863484,0.9994725224680994,0.010855488206503647
b_kohakufa_fp16,20000,bf16,1.0,11,80.77627593278885,0.8730462119304075,1.0,1.0,scale-shift,dk,0.008294196843470264,0.9999656170224756,0.006157218106321615
b_kohakufa_fp16,20000,bf16,1.0,11,80.77627593278885,0.8730462119304075,1.0,1.0,scale-shift,dv,0.0005641188270723281,0.9999998590657994,0.0004175258290973643
b_kohakufa_fp16,20000,bf16,1.0,11,80.77627593278885,0.8730462119304075,1.0,1.0,all three,dq,0.03249058852552777,0.9994725223143545,0.010855488206503647
b_kohakufa_fp16,20000,bf16,1.0,11,80.77627593278885,0.8730462119304075,1.0,1.0,all three,dk,0.008294197541461918,0.9999656170211552,0.006157218106321615
b_kohakufa_fp16,20000,bf16,1.0,11,80.77627593278885,0.8730462119304075,1.0,1.0,all three,dv,0.0005641189015267746,0.9999998590475945,0.0004175258290973643
l_kohakufa_fp16,0,fp16,65536.0,0,675.8807039964013,0.3435095404376326,0.599970817565918,0.8403066396713257,cudnn,dq,0.0018162616612386164,0.9999983521039435,0.0016727832494467278
l_kohakufa_fp16,0,fp16,65536.0,0,675.8807039964013,0.3435095404376326,0.599970817565918,0.8403066396713257,cudnn,dk,0.0013893524691616433,0.9999990348714292,0.0007961661223016505
l_kohakufa_fp16,0,fp16,65536.0,0,675.8807039964013,0.3435095404376326,0.599970817565918,0.8403066396713257,cudnn,dv,0.0003984125039014761,0.9999999206452872,0.0004244781523045362
l_kohakufa_fp16,0,fp16,65536.0,0,675.8807039964013,0.3435095404376326,0.599970817565918,0.8403066396713257,efficient,dq,0.0018444898569855022,0.9999982989643775,0.000989522583465725
l_kohakufa_fp16,0,fp16,65536.0,0,675.8807039964013,0.3435095404376326,0.599970817565918,0.8403066396713257,efficient,dk,0.0015087448591444496,0.9999988619916294,0.0010542666061659994
l_kohakufa_fp16,0,fp16,65536.0,0,675.8807039964013,0.3435095404376326,0.599970817565918,0.8403066396713257,efficient,dv,0.0004031452668698777,0.9999999187879385,0.0004194905216233734
l_kohakufa_fp16,0,fp16,65536.0,0,675.8807039964013,0.3435095404376326,0.599970817565918,0.8403066396713257,flex,dq,0.0018053068069306887,0.9999983713538921,0.0011080998435709104
l_kohakufa_fp16,0,fp16,65536.0,0,675.8807039964013,0.3435095404376326,0.599970817565918,0.8403066396713257,flex,dk,0.001490671510720558,0.9999988889686914,0.0009739310635754186
l_kohakufa_fp16,0,fp16,65536.0,0,675.8807039964013,0.3435095404376326,0.599970817565918,0.8403066396713257,flex,dv,0.00039707480061263405,0.9999999212523032,0.0004194905216233734
l_kohakufa_fp16,0,fp16,65536.0,0,675.8807039964013,0.3435095404376326,0.599970817565918,0.8403066396713257,fa4,dq,0.0018414206713484693,0.9999983055122582,0.0011080998435709104
l_kohakufa_fp16,0,fp16,65536.0,0,675.8807039964013,0.3435095404376326,0.599970817565918,0.8403066396713257,fa4,dk,0.0014640629589821007,0.9999989283823464,0.0009739310635754186
l_kohakufa_fp16,0,fp16,65536.0,0,675.8807039964013,0.3435095404376326,0.599970817565918,0.8403066396713257,fa4,dv,0.00040029629755281915,0.999999919933799,0.0004194905216233734
l_kohakufa_fp16,0,fp16,65536.0,0,675.8807039964013,0.3435095404376326,0.599970817565918,0.8403066396713257,kohakufa,dq,0.001852453401657381,0.9999982842462884,0.000989522583465725
l_kohakufa_fp16,0,fp16,65536.0,0,675.8807039964013,0.3435095404376326,0.599970817565918,0.8403066396713257,kohakufa,dk,0.0015551661919767526,0.9999987908784483,0.0010542666061659994
l_kohakufa_fp16,0,fp16,65536.0,0,675.8807039964013,0.3435095404376326,0.599970817565918,0.8403066396713257,kohakufa,dv,0.000401144097559141,0.9999999195919413,0.0004194905216233734
l_kohakufa_fp16,0,fp16,65536.0,0,675.8807039964013,0.3435095404376326,0.599970817565918,0.8403066396713257,floor,dq,0.0018015437944728728,0.9999983794335913,0.001654044766217229
l_kohakufa_fp16,0,fp16,65536.0,0,675.8807039964013,0.3435095404376326,0.599970817565918,0.8403066396713257,floor,dk,0.0014929130949019004,0.9999988856103923,0.001001191425880541
l_kohakufa_fp16,0,fp16,65536.0,0,675.8807039964013,0.3435095404376326,0.599970817565918,0.8403066396713257,floor,dv,0.0003457795581689982,0.9999999402514764,0.00043915547973996026
l_kohakufa_fp16,0,fp16,65536.0,0,675.8807039964013,0.3435095404376326,0.599970817565918,0.8403066396713257,scale*dS,dq,0.0018019005862908056,0.9999983787854584,0.001654044766217229
l_kohakufa_fp16,0,fp16,65536.0,0,675.8807039964013,0.3435095404376326,0.599970817565918,0.8403066396713257,scale*dS,dk,0.0014952226524156443,0.9999988821575516,0.0010004208067942227
l_kohakufa_fp16,0,fp16,65536.0,0,675.8807039964013,0.3435095404376326,0.599970817565918,0.8403066396713257,scale*dS,dv,0.0003457795581689982,0.9999999402514764,0.00043915547973996026
l_kohakufa_fp16,0,fp16,65536.0,0,675.8807039964013,0.3435095404376326,0.599970817565918,0.8403066396713257,single lse,dq,0.0018033256321063535,0.9999983762118784,0.001654044766217229
l_kohakufa_fp16,0,fp16,65536.0,0,675.8807039964013,0.3435095404376326,0.599970817565918,0.8403066396713257,single lse,dk,0.0014943138233823397,0.9999988835218768,0.001001191425880541
l_kohakufa_fp16,0,fp16,65536.0,0,675.8807039964013,0.3435095404376326,0.599970817565918,0.8403066396713257,single lse,dv,0.0003467736750363709,0.9999999399050427,0.00043915547973996026
l_kohakufa_fp16,0,fp16,65536.0,0,675.8807039964013,0.3435095404376326,0.599970817565918,0.8403066396713257,scale-shift,dq,0.0017948538833322018,0.9999983915403367,0.001654044766217229
l_kohakufa_fp16,0,fp16,65536.0,0,675.8807039964013,0.3435095404376326,0.599970817565918,0.8403066396713257,scale-shift,dk,0.0015129304342806076,0.9999988555254318,0.0010207007226129626
l_kohakufa_fp16,0,fp16,65536.0,0,675.8807039964013,0.3435095404376326,0.599970817565918,0.8403066396713257,scale-shift,dv,0.0003463369193335237,0.9999999400520778,0.00043915547973996026
l_kohakufa_fp16,0,fp16,65536.0,0,675.8807039964013,0.3435095404376326,0.599970817565918,0.8403066396713257,all three,dq,0.0017969654848689668,0.9999983877522964,0.001654044766217229
l_kohakufa_fp16,0,fp16,65536.0,0,675.8807039964013,0.3435095404376326,0.599970817565918,0.8403066396713257,all three,dk,0.0015148935126578454,0.9999988525638737,0.0010194046263957252
l_kohakufa_fp16,0,fp16,65536.0,0,675.8807039964013,0.3435095404376326,0.599970817565918,0.8403066396713257,all three,dv,0.0003461289788011596,0.9999999401222436,0.00043915547973996026
l_kohakufa_fp16,0,fp16,65536.0,1,34346.00776338577,0.4539292618145201,0.7691793441772461,0.9236805438995361,cudnn,dq,0.015207974181313387,0.9998843669518626,0.010826207005289872
l_kohakufa_fp16,0,fp16,65536.0,1,34346.00776338577,0.4539292618145201,0.7691793441772461,0.9236805438995361,cudnn,dk,0.009779372900033367,0.9999521825537254,0.012234451695586783
l_kohakufa_fp16,0,fp16,65536.0,1,34346.00776338577,0.4539292618145201,0.7691793441772461,0.9236805438995361,cudnn,dv,0.000249990638662287,0.9999999689580534,0.0011354823601634476
l_kohakufa_fp16,0,fp16,65536.0,1,34346.00776338577,0.4539292618145201,0.7691793441772461,0.9236805438995361,efficient,dq,0.007627517230866827,0.9999709104589154,0.0033991300094659317
l_kohakufa_fp16,0,fp16,65536.0,1,34346.00776338577,0.4539292618145201,0.7691793441772461,0.9236805438995361,efficient,dk,0.0035541805946442914,0.999993684210823,0.0029920541190972937
l_kohakufa_fp16,0,fp16,65536.0,1,34346.00776338577,0.4539292618145201,0.7691793441772461,0.9236805438995361,efficient,dv,0.0002922917145672691,0.9999999572933489,0.0017883934921359055
l_kohakufa_fp16,0,fp16,65536.0,1,34346.00776338577,0.4539292618145201,0.7691793441772461,0.9236805438995361,flex,dq,0.0073735667093966705,0.9999728155781317,0.0025654068055437677
l_kohakufa_fp16,0,fp16,65536.0,1,34346.00776338577,0.4539292618145201,0.7691793441772461,0.9236805438995361,flex,dk,0.0039307385765314255,0.999992275075109,0.004096002445360747
l_kohakufa_fp16,0,fp16,65536.0,1,34346.00776338577,0.4539292618145201,0.7691793441772461,0.9236805438995361,flex,dv,0.00016237872499618252,0.9999999868170282,0.00027501645212760434
l_kohakufa_fp16,0,fp16,65536.0,1,34346.00776338577,0.4539292618145201,0.7691793441772461,0.9236805438995361,fa4,dq,0.01523331740733188,0.9998839903478093,0.010826207005289872
l_kohakufa_fp16,0,fp16,65536.0,1,34346.00776338577,0.4539292618145201,0.7691793441772461,0.9236805438995361,fa4,dk,0.009827396885498227,0.9999517106479565,0.012313462064212034
l_kohakufa_fp16,0,fp16,65536.0,1,34346.00776338577,0.4539292618145201,0.7691793441772461,0.9236805438995361,fa4,dv,0.00025642553337020777,0.999999967201209,0.001145779572882249
l_kohakufa_fp16,0,fp16,65536.0,1,34346.00776338577,0.4539292618145201,0.7691793441772461,0.9236805438995361,kohakufa,dq,0.007301656296631963,0.9999733430056084,0.002747704172899925
l_kohakufa_fp16,0,fp16,65536.0,1,34346.00776338577,0.4539292618145201,0.7691793441772461,0.9236805438995361,kohakufa,dk,0.003970704366462088,0.9999921168298079,0.0037313392055519008
l_kohakufa_fp16,0,fp16,65536.0,1,34346.00776338577,0.4539292618145201,0.7691793441772461,0.9236805438995361,kohakufa,dv,0.00016486069261239202,0.9999999864124579,0.00033339289097286044
l_kohakufa_fp16,0,fp16,65536.0,1,34346.00776338577,0.4539292618145201,0.7691793441772461,0.9236805438995361,floor,dq,0.007305515661187793,0.9999733143652312,0.002574551443030216
l_kohakufa_fp16,0,fp16,65536.0,1,34346.00776338577,0.4539292618145201,0.7691793441772461,0.9236805438995361,floor,dk,0.0033607806143078765,0.9999943525810668,0.002355910190648982
l_kohakufa_fp16,0,fp16,65536.0,1,34346.00776338577,0.4539292618145201,0.7691793441772461,0.9236805438995361,floor,dv,0.0001307088440296023,0.9999999914580434,0.0003277062286894331
l_kohakufa_fp16,0,fp16,65536.0,1,34346.00776338577,0.4539292618145201,0.7691793441772461,0.9236805438995361,scale*dS,dq,0.007306568204678515,0.9999733066745279,0.002575773042860128
l_kohakufa_fp16,0,fp16,65536.0,1,34346.00776338577,0.4539292618145201,0.7691793441772461,0.9236805438995361,scale*dS,dk,0.003361770023638097,0.9999943492622119,0.002360419283288744
l_kohakufa_fp16,0,fp16,65536.0,1,34346.00776338577,0.4539292618145201,0.7691793441772461,0.9236805438995361,scale*dS,dv,0.0001307088440296023,0.9999999914580434,0.0003277062286894331
l_kohakufa_fp16,0,fp16,65536.0,1,34346.00776338577,0.4539292618145201,0.7691793441772461,0.9236805438995361,single lse,dq,0.007305301147162085,0.9999733159323451,0.002577802729399233
l_kohakufa_fp16,0,fp16,65536.0,1,34346.00776338577,0.4539292618145201,0.7691793441772461,0.9236805438995361,single lse,dk,0.0033616840146631316,0.9999943496040231,0.002355910190648982
l_kohakufa_fp16,0,fp16,65536.0,1,34346.00776338577,0.4539292618145201,0.7691793441772461,0.9236805438995361,single lse,dv,0.0001739365362771779,0.9999999848915889,0.0007004368734209032
l_kohakufa_fp16,0,fp16,65536.0,1,34346.00776338577,0.4539292618145201,0.7691793441772461,0.9236805438995361,scale-shift,dq,0.011005599748751344,0.9999394390741558,0.00416588900756485
l_kohakufa_fp16,0,fp16,65536.0,1,34346.00776338577,0.4539292618145201,0.7691793441772461,0.9236805438995361,scale-shift,dk,0.009149913505311306,0.9999581429548052,0.010622114347062669
l_kohakufa_fp16,0,fp16,65536.0,1,34346.00776338577,0.4539292618145201,0.7691793441772461,0.9236805438995361,scale-shift,dv,0.00016683257451730618,0.9999999860855258,0.0006135859172385794
l_kohakufa_fp16,0,fp16,65536.0,1,34346.00776338577,0.4539292618145201,0.7691793441772461,0.9236805438995361,all three,dq,0.011009576956429791,0.9999393952618633,0.004169323376078918
l_kohakufa_fp16,0,fp16,65536.0,1,34346.00776338577,0.4539292618145201,0.7691793441772461,0.9236805438995361,all three,dk,0.009151575650752421,0.9999581275182206,0.010616989423367215
l_kohakufa_fp16,0,fp16,65536.0,1,34346.00776338577,0.4539292618145201,0.7691793441772461,0.9236805438995361,all three,dv,0.0002932843900899678,0.999999957006071,0.0015392961723929715
l_kohakufa_fp16,0,fp16,65536.0,2,53.23365303501487,0.2237242042378269,0.5132455229759216,0.835200846195221,cudnn,dq,0.001094798166487069,0.9999994007420495,0.0024771759754716313
l_kohakufa_fp16,0,fp16,65536.0,2,53.23365303501487,0.2237242042378269,0.5132455229759216,0.835200846195221,cudnn,dk,0.0007827457135431598,0.9999996940331422,0.001341350876684791
l_kohakufa_fp16,0,fp16,65536.0,2,53.23365303501487,0.2237242042378269,0.5132455229759216,0.835200846195221,cudnn,dv,0.000360625455548207,0.9999999350458563,0.0004376970257944161
l_kohakufa_fp16,0,fp16,65536.0,2,53.23365303501487,0.2237242042378269,0.5132455229759216,0.835200846195221,efficient,dq,0.0010691583045672648,0.999999428456736,0.001528628758933144
l_kohakufa_fp16,0,fp16,65536.0,2,53.23365303501487,0.2237242042378269,0.5132455229759216,0.835200846195221,efficient,dk,0.0007974554839971851,0.9999996827312853,0.0009516017756148493
l_kohakufa_fp16,0,fp16,65536.0,2,53.23365303501487,0.2237242042378269,0.5132455229759216,0.835200846195221,efficient,dv,0.00036511556863488685,0.9999999334442853,0.0004376970257944161
l_kohakufa_fp16,0,fp16,65536.0,2,53.23365303501487,0.2237242042378269,0.5132455229759216,0.835200846195221,flex,dq,0.001037252556925599,0.9999994620616068,0.001528628758933144
l_kohakufa_fp16,0,fp16,65536.0,2,53.23365303501487,0.2237242042378269,0.5132455229759216,0.835200846195221,flex,dk,0.0007146852723021398,0.999999744618762,0.0009516017756148493
l_kohakufa_fp16,0,fp16,65536.0,2,53.23365303501487,0.2237242042378269,0.5132455229759216,0.835200846195221,flex,dv,0.00036487566241617987,0.999999933525656,0.0004376970257944161
l_kohakufa_fp16,0,fp16,65536.0,2,53.23365303501487,0.2237242042378269,0.5132455229759216,0.835200846195221,fa4,dq,0.0010281699542212532,0.9999994714332657,0.0014180961471046826
l_kohakufa_fp16,0,fp16,65536.0,2,53.23365303501487,0.2237242042378269,0.5132455229759216,0.835200846195221,fa4,dk,0.000694955054384493,0.9999997586314803,0.0009516017756148493
l_kohakufa_fp16,0,fp16,65536.0,2,53.23365303501487,0.2237242042378269,0.5132455229759216,0.835200846195221,fa4,dv,0.0003650811923696994,0.9999999334545094,0.0004376970257944161
l_kohakufa_fp16,0,fp16,65536.0,2,53.23365303501487,0.2237242042378269,0.5132455229759216,0.835200846195221,kohakufa,dq,0.0010720326946893862,0.9999994253966789,0.0015122002720974008
l_kohakufa_fp16,0,fp16,65536.0,2,53.23365303501487,0.2237242042378269,0.5132455229759216,0.835200846195221,kohakufa,dk,0.0008049412268552379,0.9999996768171653,0.000952465764788236
l_kohakufa_fp16,0,fp16,65536.0,2,53.23365303501487,0.2237242042378269,0.5132455229759216,0.835200846195221,kohakufa,dv,0.00036505388142257507,0.9999999334631291,0.0004376970257944161
l_kohakufa_fp16,0,fp16,65536.0,2,53.23365303501487,0.2237242042378269,0.5132455229759216,0.835200846195221,floor,dq,0.0010069035848186308,0.9999994930730791,0.0015288308806379438
l_kohakufa_fp16,0,fp16,65536.0,2,53.23365303501487,0.2237242042378269,0.5132455229759216,0.835200846195221,floor,dk,0.0007040604382460121,0.9999997521626109,0.00095086522570146
l_kohakufa_fp16,0,fp16,65536.0,2,53.23365303501487,0.2237242042378269,0.5132455229759216,0.835200846195221,floor,dv,0.0003015856353708766,0.9999999545580132,0.0003348913796579288
l_kohakufa_fp16,0,fp16,65536.0,2,53.23365303501487,0.2237242042378269,0.5132455229759216,0.835200846195221,scale*dS,dq,0.0010076974638807263,0.9999994922730011,0.0015290601695551443
l_kohakufa_fp16,0,fp16,65536.0,2,53.23365303501487,0.2237242042378269,0.5132455229759216,0.835200846195221,scale*dS,dk,0.0007056464118427441,0.999999751045446,0.0009513252532010342
l_kohakufa_fp16,0,fp16,65536.0,2,53.23365303501487,0.2237242042378269,0.5132455229759216,0.835200846195221,scale*dS,dv,0.0003015856353708766,0.9999999545580132,0.0003348913796579288
l_kohakufa_fp16,0,fp16,65536.0,2,53.23365303501487,0.2237242042378269,0.5132455229759216,0.835200846195221,single lse,dq,0.0010068463039394637,0.9999994931307432,0.0015288308806379438
l_kohakufa_fp16,0,fp16,65536.0,2,53.23365303501487,0.2237242042378269,0.5132455229759216,0.835200846195221,single lse,dk,0.0007040980892617846,0.9999997521363426,0.00095086522570146
l_kohakufa_fp16,0,fp16,65536.0,2,53.23365303501487,0.2237242042378269,0.5132455229759216,0.835200846195221,single lse,dv,0.000301742877159524,0.9999999545118822,0.0003348913796579288
l_kohakufa_fp16,0,fp16,65536.0,2,53.23365303501487,0.2237242042378269,0.5132455229759216,0.835200846195221,scale-shift,dq,0.0010058386605643773,0.9999994941447207,0.0015288308806379438
l_kohakufa_fp16,0,fp16,65536.0,2,53.23365303501487,0.2237242042378269,0.5132455229759216,0.835200846195221,scale-shift,dk,0.0007034371519583319,0.9999997525943916,0.00095086522570146
l_kohakufa_fp16,0,fp16,65536.0,2,53.23365303501487,0.2237242042378269,0.5132455229759216,0.835200846195221,scale-shift,dv,0.0003015984921396764,0.9999999545552506,0.0003348913796579288
l_kohakufa_fp16,0,fp16,65536.0,2,53.23365303501487,0.2237242042378269,0.5132455229759216,0.835200846195221,all three,dq,0.0010062843038454125,0.9999994936960114,0.0015290601695551443
l_kohakufa_fp16,0,fp16,65536.0,2,53.23365303501487,0.2237242042378269,0.5132455229759216,0.835200846195221,all three,dk,0.0007052135571624737,0.9999997513434941,0.0009513252532010342
l_kohakufa_fp16,0,fp16,65536.0,2,53.23365303501487,0.2237242042378269,0.5132455229759216,0.835200846195221,all three,dv,0.00030179892875006534,0.9999999544951551,0.0003348913796579288
l_kohakufa_fp16,0,fp16,65536.0,3,18.50572192016989,0.22868079452947254,0.5216551423072815,0.8692522048950195,cudnn,dq,0.0006417519904869119,0.9999997945008451,0.00048048766628509007
l_kohakufa_fp16,0,fp16,65536.0,3,18.50572192016989,0.22868079452947254,0.5216551423072815,0.8692522048950195,cudnn,dk,0.0005065236471766987,0.9999998721876373,0.0003691122867322432
l_kohakufa_fp16,0,fp16,65536.0,3,18.50572192016989,0.22868079452947254,0.5216551423072815,0.8692522048950195,cudnn,dv,0.00035598812945058085,0.999999936638092,0.0005309214395200092
l_kohakufa_fp16,0,fp16,65536.0,3,18.50572192016989,0.22868079452947254,0.5216551423072815,0.8692522048950195,efficient,dq,0.0006298495761783024,0.9999998016882972,0.0006895388237215119
l_kohakufa_fp16,0,fp16,65536.0,3,18.50572192016989,0.22868079452947254,0.5216551423072815,0.8692522048950195,efficient,dk,0.0005140279786514919,0.9999998685424951,0.0003691122867322432
l_kohakufa_fp16,0,fp16,65536.0,3,18.50572192016989,0.22868079452947254,0.5216551423072815,0.8692522048950195,efficient,dv,0.0003572011039673345,0.9999999362153379,0.0005309214395200092
l_kohakufa_fp16,0,fp16,65536.0,3,18.50572192016989,0.22868079452947254,0.5216551423072815,0.8692522048950195,flex,dq,0.0006208123322033316,0.9999998074032089,0.0006895388237215119
l_kohakufa_fp16,0,fp16,65536.0,3,18.50572192016989,0.22868079452947254,0.5216551423072815,0.8692522048950195,flex,dk,0.00048725017267292213,0.9999998818923944,0.0003691122867322432
l_kohakufa_fp16,0,fp16,65536.0,3,18.50572192016989,0.22868079452947254,0.5216551423072815,0.8692522048950195,flex,dv,0.00035729405490685854,0.9999999361829642,0.0005309214395200092
l_kohakufa_fp16,0,fp16,65536.0,3,18.50572192016989,0.22868079452947254,0.5216551423072815,0.8692522048950195,fa4,dq,0.000629719994467514,0.9999998028810083,0.0006895388237215119
l_kohakufa_fp16,0,fp16,65536.0,3,18.50572192016989,0.22868079452947254,0.5216551423072815,0.8692522048950195,fa4,dk,0.00047817462789949785,0.9999998870604822,0.0003691122867322432
l_kohakufa_fp16,0,fp16,65536.0,3,18.50572192016989,0.22868079452947254,0.5216551423072815,0.8692522048950195,fa4,dv,0.00035714564409955614,0.9999999362326315,0.0005309214395200092
l_kohakufa_fp16,0,fp16,65536.0,3,18.50572192016989,0.22868079452947254,0.5216551423072815,0.8692522048950195,kohakufa,dq,0.0006398459805357423,0.9999997953009422,0.0006895388237215119
l_kohakufa_fp16,0,fp16,65536.0,3,18.50572192016989,0.22868079452947254,0.5216551423072815,0.8692522048950195,kohakufa,dk,0.0005162457501250325,0.999999867388115,0.0003691122867322432
l_kohakufa_fp16,0,fp16,65536.0,3,18.50572192016989,0.22868079452947254,0.5216551423072815,0.8692522048950195,kohakufa,dv,0.00035698596713271846,0.9999999362913298,0.0005309214395200092
l_kohakufa_fp16,0,fp16,65536.0,3,18.50572192016989,0.22868079452947254,0.5216551423072815,0.8692522048950195,floor,dq,0.000584790721690677,0.9999998292904337,0.0006879666194919286
l_kohakufa_fp16,0,fp16,65536.0,3,18.50572192016989,0.22868079452947254,0.5216551423072815,0.8692522048950195,floor,dk,0.00044360370721948316,0.9999999023358326,0.0003432874677986842
l_kohakufa_fp16,0,fp16,65536.0,3,18.50572192016989,0.22868079452947254,0.5216551423072815,0.8692522048950195,floor,dv,0.0002893054162854706,0.9999999581547789,0.0005283235245522371
l_kohakufa_fp16,0,fp16,65536.0,3,18.50572192016989,0.22868079452947254,0.5216551423072815,0.8692522048950195,scale*dS,dq,0.0005868467174497852,0.9999998280978889,0.0006893498743185301
l_kohakufa_fp16,0,fp16,65536.0,3,18.50572192016989,0.22868079452947254,0.5216551423072815,0.8692522048950195,scale*dS,dk,0.0004460355653394417,0.9999999012507484,0.0003431969087627742
l_kohakufa_fp16,0,fp16,65536.0,3,18.50572192016989,0.22868079452947254,0.5216551423072815,0.8692522048950195,scale*dS,dv,0.0002893054162854706,0.9999999581547789,0.0005283235245522371
l_kohakufa_fp16,0,fp16,65536.0,3,18.50572192016989,0.22868079452947254,0.5216551423072815,0.8692522048950195,single lse,dq,0.0005847043693506074,0.9999998293454075,0.0006879666194919286
l_kohakufa_fp16,0,fp16,65536.0,3,18.50572192016989,0.22868079452947254,0.5216551423072815,0.8692522048950195,single lse,dk,0.0004435341361258578,0.9999999023635737,0.0003432874677986842
l_kohakufa_fp16,0,fp16,65536.0,3,18.50572192016989,0.22868079452947254,0.5216551423072815,0.8692522048950195,single lse,dv,0.00028934909917930886,0.9999999581421766,0.0005283235245522371
l_kohakufa_fp16,0,fp16,65536.0,3,18.50572192016989,0.22868079452947254,0.5216551423072815,0.8692522048950195,scale-shift,dq,0.0005851258554633358,0.9999998290908403,0.0006879666194919286
l_kohakufa_fp16,0,fp16,65536.0,3,18.50572192016989,0.22868079452947254,0.5216551423072815,0.8692522048950195,scale-shift,dk,0.0004441598837912613,0.999999902084818,0.0003432874677986842
l_kohakufa_fp16,0,fp16,65536.0,3,18.50572192016989,0.22868079452947254,0.5216551423072815,0.8692522048950195,scale-shift,dv,0.00028939927148721934,0.9999999581277009,0.0005283235245522371
l_kohakufa_fp16,0,fp16,65536.0,3,18.50572192016989,0.22868079452947254,0.5216551423072815,0.8692522048950195,all three,dq,0.00058711247378452,0.9999998279370305,0.0006893498743185301
l_kohakufa_fp16,0,fp16,65536.0,3,18.50572192016989,0.22868079452947254,0.5216551423072815,0.8692522048950195,all three,dk,0.0004465544537320582,0.9999999010153139,0.0003431969087627742
l_kohakufa_fp16,0,fp16,65536.0,3,18.50572192016989,0.22868079452947254,0.5216551423072815,0.8692522048950195,all three,dv,0.0002894251542699802,0.9999999581201581,0.0005283235245522371
l_kohakufa_fp16,0,fp16,65536.0,4,69.41916385106742,0.2173506558798608,0.526033878326416,0.8551337122917175,cudnn,dq,0.003788265044842896,0.9999928250501172,0.005927432350956116
l_kohakufa_fp16,0,fp16,65536.0,4,69.41916385106742,0.2173506558798608,0.526033878326416,0.8551337122917175,cudnn,dk,0.002330305717540954,0.9999972848551204,0.0018934482681776516
l_kohakufa_fp16,0,fp16,65536.0,4,69.41916385106742,0.2173506558798608,0.526033878326416,0.8551337122917175,cudnn,dv,0.00026682562269610897,0.9999999645812162,0.0004144408151038689
l_kohakufa_fp16,0,fp16,65536.0,4,69.41916385106742,0.2173506558798608,0.526033878326416,0.8551337122917175,efficient,dq,0.0036825375500925215,0.9999932201169213,0.005927432350956116
l_kohakufa_fp16,0,fp16,65536.0,4,69.41916385106742,0.2173506558798608,0.526033878326416,0.8551337122917175,efficient,dk,0.0022676700018917245,0.9999974293011425,0.0018934482681776516
l_kohakufa_fp16,0,fp16,65536.0,4,69.41916385106742,0.2173506558798608,0.526033878326416,0.8551337122917175,efficient,dv,0.00026536514409941235,0.999999964818253,0.0004144408151038689
l_kohakufa_fp16,0,fp16,65536.0,4,69.41916385106742,0.2173506558798608,0.526033878326416,0.8551337122917175,flex,dq,0.003678503712029773,0.9999932342823397,0.005927432350956116
l_kohakufa_fp16,0,fp16,65536.0,4,69.41916385106742,0.2173506558798608,0.526033878326416,0.8551337122917175,flex,dk,0.002263968581480104,0.9999974372285269,0.0018934482681776516
l_kohakufa_fp16,0,fp16,65536.0,4,69.41916385106742,0.2173506558798608,0.526033878326416,0.8551337122917175,flex,dv,0.00026510603015520584,0.9999999648808676,0.0004144408151038689
l_kohakufa_fp16,0,fp16,65536.0,4,69.41916385106742,0.2173506558798608,0.526033878326416,0.8551337122917175,fa4,dq,0.00395944442665339,0.9999921613796695,0.009905461535448757
l_kohakufa_fp16,0,fp16,65536.0,4,69.41916385106742,0.2173506558798608,0.526033878326416,0.8551337122917175,fa4,dk,0.0024343564858505897,0.9999970383373227,0.002990495003848938
l_kohakufa_fp16,0,fp16,65536.0,4,69.41916385106742,0.2173506558798608,0.526033878326416,0.8551337122917175,fa4,dv,0.00026538401060276386,0.9999999648105705,0.0004144408151038689
l_kohakufa_fp16,0,fp16,65536.0,4,69.41916385106742,0.2173506558798608,0.526033878326416,0.8551337122917175,kohakufa,dq,0.0036810329773163107,0.9999932257301529,0.005927432350956116
l_kohakufa_fp16,0,fp16,65536.0,4,69.41916385106742,0.2173506558798608,0.526033878326416,0.8551337122917175,kohakufa,dk,0.002266559656613665,0.9999974316549695,0.0018934482681776516
l_kohakufa_fp16,0,fp16,65536.0,4,69.41916385106742,0.2173506558798608,0.526033878326416,0.8551337122917175,kohakufa,dv,0.00026548915410155296,0.9999999647811706,0.0004144408151038689
l_kohakufa_fp16,0,fp16,65536.0,4,69.41916385106742,0.2173506558798608,0.526033878326416,0.8551337122917175,floor,dq,0.0036756755274945855,0.999993244691819,0.005926185390996602
l_kohakufa_fp16,0,fp16,65536.0,4,69.41916385106742,0.2173506558798608,0.526033878326416,0.8551337122917175,floor,dk,0.0022558298383580414,0.9999974556774207,0.001892960086844456
l_kohakufa_fp16,0,fp16,65536.0,4,69.41916385106742,0.2173506558798608,0.526033878326416,0.8551337122917175,floor,dv,0.00017637151090472915,0.9999999844624997,0.000134769243904687
l_kohakufa_fp16,0,fp16,65536.0,4,69.41916385106742,0.2173506558798608,0.526033878326416,0.8551337122917175,scale*dS,dq,0.0036755194706259114,0.9999932452661794,0.005925928728101145
l_kohakufa_fp16,0,fp16,65536.0,4,69.41916385106742,0.2173506558798608,0.526033878326416,0.8551337122917175,scale*dS,dk,0.0022560998667753777,0.9999974550688729,0.0018927508671285843
l_kohakufa_fp16,0,fp16,65536.0,4,69.41916385106742,0.2173506558798608,0.526033878326416,0.8551337122917175,scale*dS,dv,0.00017637151090472915,0.9999999844624997,0.000134769243904687
l_kohakufa_fp16,0,fp16,65536.0,4,69.41916385106742,0.2173506558798608,0.526033878326416,0.8551337122917175,single lse,dq,0.003675624703913677,0.9999932448778082,0.005926185390996602
l_kohakufa_fp16,0,fp16,65536.0,4,69.41916385106742,0.2173506558798608,0.526033878326416,0.8551337122917175,single lse,dk,0.002255805741367805,0.9999974557271918,0.001892960086844456
l_kohakufa_fp16,0,fp16,65536.0,4,69.41916385106742,0.2173506558798608,0.526033878326416,0.8551337122917175,single lse,dv,0.00017636166872675866,0.9999999844615718,0.000134769243904687
l_kohakufa_fp16,0,fp16,65536.0,4,69.41916385106742,0.2173506558798608,0.526033878326416,0.8551337122917175,scale-shift,dq,0.0037008285913842673,0.9999931519262831,0.005926185390996602
l_kohakufa_fp16,0,fp16,65536.0,4,69.41916385106742,0.2173506558798608,0.526033878326416,0.8551337122917175,scale-shift,dk,0.0022729942745339155,0.9999974167456025,0.001892960086844456
l_kohakufa_fp16,0,fp16,65536.0,4,69.41916385106742,0.2173506558798608,0.526033878326416,0.8551337122917175,scale-shift,dv,0.00017633887190124806,0.9999999844690902,0.000134769243904687
l_kohakufa_fp16,0,fp16,65536.0,4,69.41916385106742,0.2173506558798608,0.526033878326416,0.8551337122917175,all three,dq,0.0037005225362946427,0.9999931530589783,0.005925928728101145
l_kohakufa_fp16,0,fp16,65536.0,4,69.41916385106742,0.2173506558798608,0.526033878326416,0.8551337122917175,all three,dk,0.002273204834388707,0.9999974162670834,0.0018927508671285843
l_kohakufa_fp16,0,fp16,65536.0,4,69.41916385106742,0.2173506558798608,0.526033878326416,0.8551337122917175,all three,dv,0.00017636486145286703,0.9999999844661004,0.000134769243904687
l_kohakufa_fp16,0,fp16,65536.0,5,17.321942025446333,0.24429962846939798,0.5509175658226013,0.8751290440559387,cudnn,dq,0.0003882291382445654,0.9999999248161111,0.00038187606718727177
l_kohakufa_fp16,0,fp16,65536.0,5,17.321942025446333,0.24429962846939798,0.5509175658226013,0.8751290440559387,cudnn,dk,0.00033053634112180076,0.9999999456559944,0.00037748860105970227
l_kohakufa_fp16,0,fp16,65536.0,5,17.321942025446333,0.24429962846939798,0.5509175658226013,0.8751290440559387,cudnn,dv,0.0002985323705814484,0.9999999554497747,0.00042913382095628174
l_kohakufa_fp16,0,fp16,65536.0,5,17.321942025446333,0.24429962846939798,0.5509175658226013,0.8751290440559387,efficient,dq,0.00043209719119770024,0.999999906700423,0.00036078179961849133
l_kohakufa_fp16,0,fp16,65536.0,5,17.321942025446333,0.24429962846939798,0.5509175658226013,0.8751290440559387,efficient,dk,0.0003835877022489289,0.9999999265037942,0.00037748860105970227
l_kohakufa_fp16,0,fp16,65536.0,5,17.321942025446333,0.24429962846939798,0.5509175658226013,0.8751290440559387,efficient,dv,0.00029835545540627225,0.9999999554948412,0.00042913382095628174
l_kohakufa_fp16,0,fp16,65536.0,5,17.321942025446333,0.24429962846939798,0.5509175658226013,0.8751290440559387,flex,dq,0.00036916389298194754,0.9999999320317435,0.00038187606718727177
l_kohakufa_fp16,0,fp16,65536.0,5,17.321942025446333,0.24429962846939798,0.5509175658226013,0.8751290440559387,flex,dk,0.00031854435032340335,0.9999999495384887,0.00037748860105970227
l_kohakufa_fp16,0,fp16,65536.0,5,17.321942025446333,0.24429962846939798,0.5509175658226013,0.8751290440559387,flex,dv,0.0002980077580659985,0.9999999555993446,0.00042913382095628174
l_kohakufa_fp16,0,fp16,65536.0,5,17.321942025446333,0.24429962846939798,0.5509175658226013,0.8751290440559387,fa4,dq,0.00038413032891714493,0.999999926445231,0.00038187606718727177
l_kohakufa_fp16,0,fp16,65536.0,5,17.321942025446333,0.24429962846939798,0.5509175658226013,0.8751290440559387,fa4,dk,0.000324404490129785,0.9999999474959076,0.00039598005159029604
l_kohakufa_fp16,0,fp16,65536.0,5,17.321942025446333,0.24429962846939798,0.5509175658226013,0.8751290440559387,fa4,dv,0.0002981982437062323,0.9999999555433357,0.00042913382095628174
l_kohakufa_fp16,0,fp16,65536.0,5,17.321942025446333,0.24429962846939798,0.5509175658226013,0.8751290440559387,kohakufa,dq,0.00043604524420453683,0.9999999049970634,0.00036078179961849133
l_kohakufa_fp16,0,fp16,65536.0,5,17.321942025446333,0.24429962846939798,0.5509175658226013,0.8751290440559387,kohakufa,dk,0.00038319177765765703,0.9999999266773372,0.00037748860105970227
l_kohakufa_fp16,0,fp16,65536.0,5,17.321942025446333,0.24429962846939798,0.5509175658226013,0.8751290440559387,kohakufa,dv,0.00029842924896305483,0.9999999554730097,0.00042913382095628174
l_kohakufa_fp16,0,fp16,65536.0,5,17.321942025446333,0.24429962846939798,0.5509175658226013,0.8751290440559387,floor,dq,0.00030527394487870425,0.9999999534952394,0.0001931304489292807
l_kohakufa_fp16,0,fp16,65536.0,5,17.321942025446333,0.24429962846939798,0.5509175658226013,0.8751290440559387,floor,dk,0.0002506637775353949,0.9999999689216349,0.0003418567737434881
l_kohakufa_fp16,0,fp16,65536.0,5,17.321942025446333,0.24429962846939798,0.5509175658226013,0.8751290440559387,floor,dv,0.0002076963377318962,0.9999999784344683,0.0002118083194102089
l_kohakufa_fp16,0,fp16,65536.0,5,17.321942025446333,0.24429962846939798,0.5509175658226013,0.8751290440559387,scale*dS,dq,0.00030899321706714434,0.999999952352102,0.00019242241836469495
l_kohakufa_fp16,0,fp16,65536.0,5,17.321942025446333,0.24429962846939798,0.5509175658226013,0.8751290440559387,scale*dS,dk,0.00025424280869424184,0.9999999680187034,0.0003418882818004588
l_kohakufa_fp16,0,fp16,65536.0,5,17.321942025446333,0.24429962846939798,0.5509175658226013,0.8751290440559387,scale*dS,dv,0.0002076963377318962,0.9999999784344683,0.0002118083194102089
l_kohakufa_fp16,0,fp16,65536.0,5,17.321942025446333,0.24429962846939798,0.5509175658226013,0.8751290440559387,single lse,dq,0.00030527559276595647,0.9999999534924409,0.0001931304489292807
l_kohakufa_fp16,0,fp16,65536.0,5,17.321942025446333,0.24429962846939798,0.5509175658226013,0.8751290440559387,single lse,dk,0.0002506466674917927,0.9999999689255258,0.0003418567737434881
l_kohakufa_fp16,0,fp16,65536.0,5,17.321942025446333,0.24429962846939798,0.5509175658226013,0.8751290440559387,single lse,dv,0.00020762306767069247,0.9999999784497339,0.0002118083194102089
l_kohakufa_fp16,0,fp16,65536.0,5,17.321942025446333,0.24429962846939798,0.5509175658226013,0.8751290440559387,scale-shift,dq,0.0003051993565238054,0.999999953519737,0.0001931304489292807
l_kohakufa_fp16,0,fp16,65536.0,5,17.321942025446333,0.24429962846939798,0.5509175658226013,0.8751290440559387,scale-shift,dk,0.00025100491166467614,0.9999999688445288,0.0003418567737434881
l_kohakufa_fp16,0,fp16,65536.0,5,17.321942025446333,0.24429962846939798,0.5509175658226013,0.8751290440559387,scale-shift,dv,0.00020769659004726438,0.999999978434514,0.0002118083194102089
l_kohakufa_fp16,0,fp16,65536.0,5,17.321942025446333,0.24429962846939798,0.5509175658226013,0.8751290440559387,all three,dq,0.00030891031207259977,0.9999999523770741,0.00019242241836469495
l_kohakufa_fp16,0,fp16,65536.0,5,17.321942025446333,0.24429962846939798,0.5509175658226013,0.8751290440559387,all three,dk,0.00025455162107708456,0.9999999679478694,0.0003418882818004588
l_kohakufa_fp16,0,fp16,65536.0,5,17.321942025446333,0.24429962846939798,0.5509175658226013,0.8751290440559387,all three,dv,0.00020773153239364253,0.9999999784272902,0.0002118083194102089
l_kohakufa_fp16,0,fp16,65536.0,6,88.89996144225006,0.44341572922596156,0.6657068729400635,0.8827566504478455,cudnn,dq,0.0024040561842993227,0.99999711110236,0.0007395684533882095
l_kohakufa_fp16,0,fp16,65536.0,6,88.89996144225006,0.44341572922596156,0.6657068729400635,0.8827566504478455,cudnn,dk,0.001849357485170924,0.9999982900869295,0.0008620482272152837
l_kohakufa_fp16,0,fp16,65536.0,6,88.89996144225006,0.44341572922596156,0.6657068729400635,0.8827566504478455,cudnn,dv,0.0002489483415909104,0.9999999690621474,0.00039634378829815273
l_kohakufa_fp16,0,fp16,65536.0,6,88.89996144225006,0.44341572922596156,0.6657068729400635,0.8827566504478455,efficient,dq,0.002432895132938647,0.9999970405433284,0.000890470572919944
l_kohakufa_fp16,0,fp16,65536.0,6,88.89996144225006,0.44341572922596156,0.6657068729400635,0.8827566504478455,efficient,dk,0.0018919273465950802,0.9999982141945798,0.0009115047604180029
l_kohakufa_fp16,0,fp16,65536.0,6,88.89996144225006,0.44341572922596156,0.6657068729400635,0.8827566504478455,efficient,dv,0.0002477062031730914,0.9999999693349041,0.00039634378829815273
l_kohakufa_fp16,0,fp16,65536.0,6,88.89996144225006,0.44341572922596156,0.6657068729400635,0.8827566504478455,flex,dq,0.002422164709340861,0.9999970671413672,0.000889808652939278
l_kohakufa_fp16,0,fp16,65536.0,6,88.89996144225006,0.44341572922596156,0.6657068729400635,0.8827566504478455,flex,dk,0.001872269025793358,0.9999982473881285,0.0009115047604180029
l_kohakufa_fp16,0,fp16,65536.0,6,88.89996144225006,0.44341572922596156,0.6657068729400635,0.8827566504478455,flex,dv,0.000247895906480333,0.9999999692826177,0.00039634378829815273
l_kohakufa_fp16,0,fp16,65536.0,6,88.89996144225006,0.44341572922596156,0.6657068729400635,0.8827566504478455,fa4,dq,0.00241364139715761,0.9999970876248281,0.000889808652939278
l_kohakufa_fp16,0,fp16,65536.0,6,88.89996144225006,0.44341572922596156,0.6657068729400635,0.8827566504478455,fa4,dk,0.0018667423439613163,0.999998257660793,0.0009115047604180029
l_kohakufa_fp16,0,fp16,65536.0,6,88.89996144225006,0.44341572922596156,0.6657068729400635,0.8827566504478455,fa4,dv,0.0002478745657378179,0.999999969291075,0.00039634378829815273
l_kohakufa_fp16,0,fp16,65536.0,6,88.89996144225006,0.44341572922596156,0.6657068729400635,0.8827566504478455,kohakufa,dq,0.0024317030701256994,0.9999970434455108,0.000889808652939278
l_kohakufa_fp16,0,fp16,65536.0,6,88.89996144225006,0.44341572922596156,0.6657068729400635,0.8827566504478455,kohakufa,dk,0.0018915422290062575,0.9999982149209898,0.0009115047604180029
l_kohakufa_fp16,0,fp16,65536.0,6,88.89996144225006,0.44341572922596156,0.6657068729400635,0.8827566504478455,kohakufa,dv,0.0002478535090092388,0.9999999692926728,0.00039634378829815273
l_kohakufa_fp16,0,fp16,65536.0,6,88.89996144225006,0.44341572922596156,0.6657068729400635,0.8827566504478455,floor,dq,0.002412182755056465,0.999997091153174,0.0008900607513694145
l_kohakufa_fp16,0,fp16,65536.0,6,88.89996144225006,0.44341572922596156,0.6657068729400635,0.8827566504478455,floor,dk,0.001857126271239832,0.9999982757114182,0.0009095344764319422
l_kohakufa_fp16,0,fp16,65536.0,6,88.89996144225006,0.44341572922596156,0.6657068729400635,0.8827566504478455,floor,dv,0.0001539828307873023,0.9999999881874653,0.00017698335882157572
l_kohakufa_fp16,0,fp16,65536.0,6,88.89996144225006,0.44341572922596156,0.6657068729400635,0.8827566504478455,scale*dS,dq,0.0024122159820254884,0.9999970910727837,0.0008898810504371634
l_kohakufa_fp16,0,fp16,65536.0,6,88.89996144225006,0.44341572922596156,0.6657068729400635,0.8827566504478455,scale*dS,dk,0.0018572449073075892,0.9999982754898453,0.0009094744593997722
l_kohakufa_fp16,0,fp16,65536.0,6,88.89996144225006,0.44341572922596156,0.6657068729400635,0.8827566504478455,scale*dS,dv,0.0001539828307873023,0.9999999881874653,0.00017698335882157572
l_kohakufa_fp16,0,fp16,65536.0,6,88.89996144225006,0.44341572922596156,0.6657068729400635,0.8827566504478455,single lse,dq,0.0024121711688852984,0.9999970911815491,0.0008900607513694145
l_kohakufa_fp16,0,fp16,65536.0,6,88.89996144225006,0.44341572922596156,0.6657068729400635,0.8827566504478455,single lse,dk,0.0018571357419904528,0.9999982756942515,0.0009095344764319422
l_kohakufa_fp16,0,fp16,65536.0,6,88.89996144225006,0.44341572922596156,0.6657068729400635,0.8827566504478455,single lse,dv,0.00015401519174122508,0.9999999881856635,0.00017698335882157572
l_kohakufa_fp16,0,fp16,65536.0,6,88.89996144225006,0.44341572922596156,0.6657068729400635,0.8827566504478455,scale-shift,dq,0.0024250955114654515,0.9999970599235393,0.0008900607513694145
l_kohakufa_fp16,0,fp16,65536.0,6,88.89996144225006,0.44341572922596156,0.6657068729400635,0.8827566504478455,scale-shift,dk,0.0018647902232814643,0.9999982614518509,0.0009095344764319422
l_kohakufa_fp16,0,fp16,65536.0,6,88.89996144225006,0.44341572922596156,0.6657068729400635,0.8827566504478455,scale-shift,dv,0.00015397505883424584,0.999999988194425,0.00017698335882157572
l_kohakufa_fp16,0,fp16,65536.0,6,88.89996144225006,0.44341572922596156,0.6657068729400635,0.8827566504478455,all three,dq,0.0024251146767345906,0.9999970598774436,0.0008898810504371634
l_kohakufa_fp16,0,fp16,65536.0,6,88.89996144225006,0.44341572922596156,0.6657068729400635,0.8827566504478455,all three,dk,0.001864902898580082,0.9999982612396461,0.0009094744593997722
l_kohakufa_fp16,0,fp16,65536.0,6,88.89996144225006,0.44341572922596156,0.6657068729400635,0.8827566504478455,all three,dv,0.000154011543392784,0.9999999881867048,0.00017698335882157572
l_kohakufa_fp16,0,fp16,65536.0,7,19.076433543115854,0.3319402222177066,0.5346082448959351,0.839104175567627,cudnn,dq,0.00045580313197072966,0.9999998962648436,0.00033979679977779527
l_kohakufa_fp16,0,fp16,65536.0,7,19.076433543115854,0.3319402222177066,0.5346082448959351,0.839104175567627,cudnn,dk,0.0004039101175830059,0.9999999184980748,0.0003566214913513964
l_kohakufa_fp16,0,fp16,65536.0,7,19.076433543115854,0.3319402222177066,0.5346082448959351,0.839104175567627,cudnn,dv,0.00026538862601128846,0.9999999647931594,0.0003086352560577395
l_kohakufa_fp16,0,fp16,65536.0,7,19.076433543115854,0.3319402222177066,0.5346082448959351,0.839104175567627,efficient,dq,0.00043794350551471417,0.9999999041831784,0.00039177388852687387
l_kohakufa_fp16,0,fp16,65536.0,7,19.076433543115854,0.3319402222177066,0.5346082448959351,0.839104175567627,efficient,dk,0.00042018096659552647,0.999999911796522,0.0003802293526074815
l_kohakufa_fp16,0,fp16,65536.0,7,19.076433543115854,0.3319402222177066,0.5346082448959351,0.839104175567627,efficient,dv,0.0002649454510466122,0.9999999649022072,0.0003086352560577395
l_kohakufa_fp16,0,fp16,65536.0,7,19.076433543115854,0.3319402222177066,0.5346082448959351,0.839104175567627,flex,dq,0.00040996472579174975,0.9999999160001194,0.00033979679977779527
l_kohakufa_fp16,0,fp16,65536.0,7,19.076433543115854,0.3319402222177066,0.5346082448959351,0.839104175567627,flex,dk,0.00036845063863900776,0.9999999322207223,0.0003566214913513964
l_kohakufa_fp16,0,fp16,65536.0,7,19.076433543115854,0.3319402222177066,0.5346082448959351,0.839104175567627,flex,dv,0.00026495082111377156,0.9999999649008586,0.0003086352560577395
l_kohakufa_fp16,0,fp16,65536.0,7,19.076433543115854,0.3319402222177066,0.5346082448959351,0.839104175567627,fa4,dq,0.0004299209873844633,0.999999907615739,0.00035469940621098866
l_kohakufa_fp16,0,fp16,65536.0,7,19.076433543115854,0.3319402222177066,0.5346082448959351,0.839104175567627,fa4,dk,0.00038146582438489536,0.9999999274763605,0.0003566214913513964
l_kohakufa_fp16,0,fp16,65536.0,7,19.076433543115854,0.3319402222177066,0.5346082448959351,0.839104175567627,fa4,dv,0.000264933560556581,0.9999999649054478,0.0003086352560577395
l_kohakufa_fp16,0,fp16,65536.0,7,19.076433543115854,0.3319402222177066,0.5346082448959351,0.839104175567627,kohakufa,dq,0.0004363743626411694,0.9999999048657363,0.00039177388852687387
l_kohakufa_fp16,0,fp16,65536.0,7,19.076433543115854,0.3319402222177066,0.5346082448959351,0.839104175567627,kohakufa,dk,0.0004184501371833509,0.9999999126075775,0.0003802293526074815
l_kohakufa_fp16,0,fp16,65536.0,7,19.076433543115854,0.3319402222177066,0.5346082448959351,0.839104175567627,kohakufa,dv,0.0002649556516312242,0.999999964899604,0.0003086352560577395
l_kohakufa_fp16,0,fp16,65536.0,7,19.076433543115854,0.3319402222177066,0.5346082448959351,0.839104175567627,floor,dq,0.00035312447278117566,0.9999999376928659,0.000222160310949107
l_kohakufa_fp16,0,fp16,65536.0,7,19.076433543115854,0.3319402222177066,0.5346082448959351,0.839104175567627,floor,dk,0.00029543432597211287,0.9999999563795993,0.00018561650460009898
l_kohakufa_fp16,0,fp16,65536.0,7,19.076433543115854,0.3319402222177066,0.5346082448959351,0.839104175567627,floor,dv,0.0001694805938702554,0.9999999856410101,8.9319101057778e-05
l_kohakufa_fp16,0,fp16,65536.0,7,19.076433543115854,0.3319402222177066,0.5346082448959351,0.839104175567627,scale*dS,dq,0.00035376700159246526,0.9999999374622535,0.0002234342163563806
l_kohakufa_fp16,0,fp16,65536.0,7,19.076433543115854,0.3319402222177066,0.5346082448959351,0.839104175567627,scale*dS,dk,0.0002959985866477798,0.9999999562126307,0.00018559195312371112
l_kohakufa_fp16,0,fp16,65536.0,7,19.076433543115854,0.3319402222177066,0.5346082448959351,0.839104175567627,scale*dS,dv,0.0001694805938702554,0.9999999856410101,8.9319101057778e-05
l_kohakufa_fp16,0,fp16,65536.0,7,19.076433543115854,0.3319402222177066,0.5346082448959351,0.839104175567627,single lse,dq,0.00035307883443574565,0.9999999377091995,0.000222160310949107
l_kohakufa_fp16,0,fp16,65536.0,7,19.076433543115854,0.3319402222177066,0.5346082448959351,0.839104175567627,single lse,dk,0.00029542011483239323,0.9999999563837021,0.00018561650460009898
l_kohakufa_fp16,0,fp16,65536.0,7,19.076433543115854,0.3319402222177066,0.5346082448959351,0.839104175567627,single lse,dv,0.00016956927655081548,0.9999999856257147,8.9319101057778e-05
l_kohakufa_fp16,0,fp16,65536.0,7,19.076433543115854,0.3319402222177066,0.5346082448959351,0.839104175567627,scale-shift,dq,0.000352748223957338,0.9999999378248187,0.000222160310949107
l_kohakufa_fp16,0,fp16,65536.0,7,19.076433543115854,0.3319402222177066,0.5346082448959351,0.839104175567627,scale-shift,dk,0.00029488249487871055,0.9999999565478978,0.00018561650460009898
l_kohakufa_fp16,0,fp16,65536.0,7,19.076433543115854,0.3319402222177066,0.5346082448959351,0.839104175567627,scale-shift,dv,0.00016941956982627395,0.9999999856501062,8.9319101057778e-05
l_kohakufa_fp16,0,fp16,65536.0,7,19.076433543115854,0.3319402222177066,0.5346082448959351,0.839104175567627,all three,dq,0.0003533505889766545,0.9999999376084284,0.0002234342163563806
l_kohakufa_fp16,0,fp16,65536.0,7,19.076433543115854,0.3319402222177066,0.5346082448959351,0.839104175567627,all three,dk,0.00029540332204987924,0.9999999563935628,0.00018559195312371112
l_kohakufa_fp16,0,fp16,65536.0,7,19.076433543115854,0.3319402222177066,0.5346082448959351,0.839104175567627,all three,dv,0.00016942789879339476,0.9999999856498971,8.9319101057778e-05
l_kohakufa_fp16,0,fp16,65536.0,8,43.26913848333061,0.3264716803284235,0.6002796292304993,0.8238198161125183,cudnn,dq,0.0008724323429755847,0.9999996194414763,0.0013151511106256858
l_kohakufa_fp16,0,fp16,65536.0,8,43.26913848333061,0.3264716803284235,0.6002796292304993,0.8238198161125183,cudnn,dk,0.0006160635927080092,0.9999998102329622,0.0007171952913884198
l_kohakufa_fp16,0,fp16,65536.0,8,43.26913848333061,0.3264716803284235,0.6002796292304993,0.8238198161125183,cudnn,dv,0.00027029654807456425,0.9999999635552465,0.00034169651081413736
l_kohakufa_fp16,0,fp16,65536.0,8,43.26913848333061,0.3264716803284235,0.6002796292304993,0.8238198161125183,efficient,dq,0.0008659272004167767,0.9999996250851836,0.001335395512718024
l_kohakufa_fp16,0,fp16,65536.0,8,43.26913848333061,0.3264716803284235,0.6002796292304993,0.8238198161125183,efficient,dk,0.0006354706945147634,0.9999997981400655,0.0007270218221997454
l_kohakufa_fp16,0,fp16,65536.0,8,43.26913848333061,0.3264716803284235,0.6002796292304993,0.8238198161125183,efficient,dv,0.0002691249812429686,0.9999999638081752,0.00034169651081413736
l_kohakufa_fp16,0,fp16,65536.0,8,43.26913848333061,0.3264716803284235,0.6002796292304993,0.8238198161125183,flex,dq,0.000849134011612557,0.9999996394971934,0.0013326962591057123
l_kohakufa_fp16,0,fp16,65536.0,8,43.26913848333061,0.3264716803284235,0.6002796292304993,0.8238198161125183,flex,dk,0.0006037972608878069,0.9999998177260205,0.0007270218221997454
l_kohakufa_fp16,0,fp16,65536.0,8,43.26913848333061,0.3264716803284235,0.6002796292304993,0.8238198161125183,flex,dv,0.00026913786079980684,0.9999999638077272,0.00034169651081413736
l_kohakufa_fp16,0,fp16,65536.0,8,43.26913848333061,0.3264716803284235,0.6002796292304993,0.8238198161125183,fa4,dq,0.0008606843788461606,0.9999996296154969,0.0013165007374318417
l_kohakufa_fp16,0,fp16,65536.0,8,43.26913848333061,0.3264716803284235,0.6002796292304993,0.8238198161125183,fa4,dk,0.000611319842552486,0.9999998131448627,0.0007171952913884198
l_kohakufa_fp16,0,fp16,65536.0,8,43.26913848333061,0.3264716803284235,0.6002796292304993,0.8238198161125183,fa4,dv,0.0002690403177826669,0.9999999638322862,0.00034169651081413736
l_kohakufa_fp16,0,fp16,65536.0,8,43.26913848333061,0.3264716803284235,0.6002796292304993,0.8238198161125183,kohakufa,dq,0.0008630592336599141,0.9999996275647896,0.001335395512718024
l_kohakufa_fp16,0,fp16,65536.0,8,43.26913848333061,0.3264716803284235,0.6002796292304993,0.8238198161125183,kohakufa,dk,0.0006333561372539931,0.9999997994368106,0.0007270218221997454
l_kohakufa_fp16,0,fp16,65536.0,8,43.26913848333061,0.3264716803284235,0.6002796292304993,0.8238198161125183,kohakufa,dv,0.0002691160117755933,0.9999999638121208,0.00034169651081413736
l_kohakufa_fp16,0,fp16,65536.0,8,43.26913848333061,0.3264716803284235,0.6002796292304993,0.8238198161125183,floor,dq,0.0008264372393486727,0.9999996585012645,0.001333306882037068
l_kohakufa_fp16,0,fp16,65536.0,8,43.26913848333061,0.3264716803284235,0.6002796292304993,0.8238198161125183,floor,dk,0.0005700770002622107,0.9999998375202772,0.0007267189170787469
l_kohakufa_fp16,0,fp16,65536.0,8,43.26913848333061,0.3264716803284235,0.6002796292304993,0.8238198161125183,floor,dv,0.000171577578468905,0.9999999852820396,0.00022965981715079446
l_kohakufa_fp16,0,fp16,65536.0,8,43.26913848333061,0.3264716803284235,0.6002796292304993,0.8238198161125183,scale*dS,dq,0.0008267842722748817,0.9999996582144414,0.00133318885971001
l_kohakufa_fp16,0,fp16,65536.0,8,43.26913848333061,0.3264716803284235,0.6002796292304993,0.8238198161125183,scale*dS,dk,0.0005704961273214677,0.9999998372814878,0.0007267175114554521
l_kohakufa_fp16,0,fp16,65536.0,8,43.26913848333061,0.3264716803284235,0.6002796292304993,0.8238198161125183,scale*dS,dv,0.000171577578468905,0.9999999852820396,0.00022965981715079446
l_kohakufa_fp16,0,fp16,65536.0,8,43.26913848333061,0.3264716803284235,0.6002796292304993,0.8238198161125183,single lse,dq,0.000826426212925814,0.9999996585103907,0.001333306882037068
l_kohakufa_fp16,0,fp16,65536.0,8,43.26913848333061,0.3264716803284235,0.6002796292304993,0.8238198161125183,single lse,dk,0.000570111005416095,0.9999998375008196,0.0007267189170787469
l_kohakufa_fp16,0,fp16,65536.0,8,43.26913848333061,0.3264716803284235,0.6002796292304993,0.8238198161125183,single lse,dv,0.0001715755706823594,0.9999999852822216,0.00022965981715079446
l_kohakufa_fp16,0,fp16,65536.0,8,43.26913848333061,0.3264716803284235,0.6002796292304993,0.8238198161125183,scale-shift,dq,0.000825716009111641,0.9999996590971273,0.001333306882037068
l_kohakufa_fp16,0,fp16,65536.0,8,43.26913848333061,0.3264716803284235,0.6002796292304993,0.8238198161125183,scale-shift,dk,0.0005696589485414366,0.9999998377594869,0.0007267189170787469
l_kohakufa_fp16,0,fp16,65536.0,8,43.26913848333061,0.3264716803284235,0.6002796292304993,0.8238198161125183,scale-shift,dv,0.0001715713369677124,0.999999985283077,0.00022965981715079446
l_kohakufa_fp16,0,fp16,65536.0,8,43.26913848333061,0.3264716803284235,0.6002796292304993,0.8238198161125183,all three,dq,0.0008260745439387505,0.99999965880105,0.00133318885971001
l_kohakufa_fp16,0,fp16,65536.0,8,43.26913848333061,0.3264716803284235,0.6002796292304993,0.8238198161125183,all three,dk,0.0005701298432566003,0.9999998374916376,0.0007267175114554521
l_kohakufa_fp16,0,fp16,65536.0,8,43.26913848333061,0.3264716803284235,0.6002796292304993,0.8238198161125183,all three,dv,0.00017157563380354885,0.9999999852823215,0.00022965981715079446
l_kohakufa_fp16,0,fp16,65536.0,9,33.09684880077839,0.2921135231534385,0.5392954349517822,0.8048797249794006,cudnn,dq,0.0007513331846949529,0.9999997177517342,0.0011974492117802563
l_kohakufa_fp16,0,fp16,65536.0,9,33.09684880077839,0.2921135231534385,0.5392954349517822,0.8048797249794006,cudnn,dk,0.000549674971442831,0.9999998489287135,0.0011169417828660695
l_kohakufa_fp16,0,fp16,65536.0,9,33.09684880077839,0.2921135231534385,0.5392954349517822,0.8048797249794006,cudnn,dv,0.0002737447995804062,0.9999999625344264,0.0003990122748291441
l_kohakufa_fp16,0,fp16,65536.0,9,33.09684880077839,0.2921135231534385,0.5392954349517822,0.8048797249794006,efficient,dq,0.0007291545488355052,0.9999997341720414,0.0011761066189355004
l_kohakufa_fp16,0,fp16,65536.0,9,33.09684880077839,0.2921135231534385,0.5392954349517822,0.8048797249794006,efficient,dk,0.000562233635561472,0.9999998419494306,0.0010923417431886785
l_kohakufa_fp16,0,fp16,65536.0,9,33.09684880077839,0.2921135231534385,0.5392954349517822,0.8048797249794006,efficient,dv,0.00027421609489941675,0.9999999624028518,0.0003990122748291441
l_kohakufa_fp16,0,fp16,65536.0,9,33.09684880077839,0.2921135231534385,0.5392954349517822,0.8048797249794006,flex,dq,0.0006974294409404571,0.9999997567960579,0.0011974492117802563
l_kohakufa_fp16,0,fp16,65536.0,9,33.09684880077839,0.2921135231534385,0.5392954349517822,0.8048797249794006,flex,dk,0.0005167037978458445,0.9999998665232644,0.0011169417828660695
l_kohakufa_fp16,0,fp16,65536.0,9,33.09684880077839,0.2921135231534385,0.5392954349517822,0.8048797249794006,flex,dv,0.0002738223640561204,0.9999999625110075,0.0003990122748291441
l_kohakufa_fp16,0,fp16,65536.0,9,33.09684880077839,0.2921135231534385,0.5392954349517822,0.8048797249794006,fa4,dq,0.0007230692995264717,0.9999997386334789,0.0011974492117802563
l_kohakufa_fp16,0,fp16,65536.0,9,33.09684880077839,0.2921135231534385,0.5392954349517822,0.8048797249794006,fa4,dk,0.0005257614047184072,0.999999861803784,0.0011169417828660695
l_kohakufa_fp16,0,fp16,65536.0,9,33.09684880077839,0.2921135231534385,0.5392954349517822,0.8048797249794006,fa4,dv,0.00027432055655022945,0.9999999623744356,0.0003990122748291441
l_kohakufa_fp16,0,fp16,65536.0,9,33.09684880077839,0.2921135231534385,0.5392954349517822,0.8048797249794006,kohakufa,dq,0.0007275002936742283,0.9999997353943814,0.0011761066189355004
l_kohakufa_fp16,0,fp16,65536.0,9,33.09684880077839,0.2921135231534385,0.5392954349517822,0.8048797249794006,kohakufa,dk,0.0005586597082568684,0.999999843978134,0.0010923417431886785
l_kohakufa_fp16,0,fp16,65536.0,9,33.09684880077839,0.2921135231534385,0.5392954349517822,0.8048797249794006,kohakufa,dv,0.0002739820566425752,0.99999996246693,0.0003990122748291441
l_kohakufa_fp16,0,fp16,65536.0,9,33.09684880077839,0.2921135231534385,0.5392954349517822,0.8048797249794006,floor,dq,0.0006652229004643858,0.9999997787399183,0.0011978175152866553
l_kohakufa_fp16,0,fp16,65536.0,9,33.09684880077839,0.2921135231534385,0.5392954349517822,0.8048797249794006,floor,dk,0.0004699329168249426,0.999999889587297,0.0011168192080052064
l_kohakufa_fp16,0,fp16,65536.0,9,33.09684880077839,0.2921135231534385,0.5392954349517822,0.8048797249794006,floor,dv,0.00017999764068482758,0.9999999838004966,0.00020688688425431038
l_kohakufa_fp16,0,fp16,65536.0,9,33.09684880077839,0.2921135231534385,0.5392954349517822,0.8048797249794006,scale*dS,dq,0.0006659242909430008,0.9999997782732171,0.0011976781077280903
l_kohakufa_fp16,0,fp16,65536.0,9,33.09684880077839,0.2921135231534385,0.5392954349517822,0.8048797249794006,scale*dS,dk,0.0004705844470378746,0.9999998892807385,0.0011181909567100849
l_kohakufa_fp16,0,fp16,65536.0,9,33.09684880077839,0.2921135231534385,0.5392954349517822,0.8048797249794006,scale*dS,dv,0.00017999764068482758,0.9999999838004966,0.00020688688425431038
l_kohakufa_fp16,0,fp16,65536.0,9,33.09684880077839,0.2921135231534385,0.5392954349517822,0.8048797249794006,single lse,dq,0.000665133533742048,0.9999997787992239,0.0011978175152866553
l_kohakufa_fp16,0,fp16,65536.0,9,33.09684880077839,0.2921135231534385,0.5392954349517822,0.8048797249794006,single lse,dk,0.0004699101149258197,0.9999998895978272,0.0011168192080052064
l_kohakufa_fp16,0,fp16,65536.0,9,33.09684880077839,0.2921135231534385,0.5392954349517822,0.8048797249794006,single lse,dv,0.00018004176954401803,0.9999999837925905,0.00020688688425431038
l_kohakufa_fp16,0,fp16,65536.0,9,33.09684880077839,0.2921135231534385,0.5392954349517822,0.8048797249794006,scale-shift,dq,0.0006359913666843379,0.9999997977580705,0.0011978175152866553
l_kohakufa_fp16,0,fp16,65536.0,9,33.09684880077839,0.2921135231534385,0.5392954349517822,0.8048797249794006,scale-shift,dk,0.0004532134867947954,0.9999998973038483,0.0011168192080052064
l_kohakufa_fp16,0,fp16,65536.0,9,33.09684880077839,0.2921135231534385,0.5392954349517822,0.8048797249794006,scale-shift,dv,0.00018001091335345638,0.9999999837980408,0.00020688688425431038
l_kohakufa_fp16,0,fp16,65536.0,9,33.09684880077839,0.2921135231534385,0.5392954349517822,0.8048797249794006,all three,dq,0.0006366135853914613,0.9999997973621975,0.0011976781077280903
l_kohakufa_fp16,0,fp16,65536.0,9,33.09684880077839,0.2921135231534385,0.5392954349517822,0.8048797249794006,all three,dk,0.00045384733348884603,0.9999998970162483,0.0011181909567100849
l_kohakufa_fp16,0,fp16,65536.0,9,33.09684880077839,0.2921135231534385,0.5392954349517822,0.8048797249794006,all three,dv,0.00018005669902129376,0.9999999837898016,0.00020688688425431038
l_kohakufa_fp16,0,fp16,65536.0,10,34.89426972018555,0.32431042456748965,0.669796884059906,0.8634769320487976,cudnn,dq,0.0006044051321612158,0.9999998176226045,0.00022010174687459009
l_kohakufa_fp16,0,fp16,65536.0,10,34.89426972018555,0.32431042456748965,0.669796884059906,0.8634769320487976,cudnn,dk,0.00042321924343116836,0.9999999108590766,0.0004930254656111207
l_kohakufa_fp16,0,fp16,65536.0,10,34.89426972018555,0.32431042456748965,0.669796884059906,0.8634769320487976,cudnn,dv,0.00027077184684033706,0.9999999633539645,0.00036677074010975727
l_kohakufa_fp16,0,fp16,65536.0,10,34.89426972018555,0.32431042456748965,0.669796884059906,0.8634769320487976,efficient,dq,0.0005980227965945501,0.9999998212161642,0.0004464725655354404
l_kohakufa_fp16,0,fp16,65536.0,10,34.89426972018555,0.32431042456748965,0.669796884059906,0.8634769320487976,efficient,dk,0.0004476778921942826,0.9999998999363006,0.0004560531006709172
l_kohakufa_fp16,0,fp16,65536.0,10,34.89426972018555,0.32431042456748965,0.669796884059906,0.8634769320487976,efficient,dv,0.00026987201785300563,0.9999999635851022,0.00036677074010975727
l_kohakufa_fp16,0,fp16,65536.0,10,34.89426972018555,0.32431042456748965,0.669796884059906,0.8634769320487976,flex,dq,0.0005639645784289452,0.999999841173831,0.00022010174687459009
l_kohakufa_fp16,0,fp16,65536.0,10,34.89426972018555,0.32431042456748965,0.669796884059906,0.8634769320487976,flex,dk,0.0004034366329154175,0.9999999189752478,0.0004930254656111207
l_kohakufa_fp16,0,fp16,65536.0,10,34.89426972018555,0.32431042456748965,0.669796884059906,0.8634769320487976,flex,dv,0.00026986822037484314,0.9999999635866186,0.00036677074010975727
l_kohakufa_fp16,0,fp16,65536.0,10,34.89426972018555,0.32431042456748965,0.669796884059906,0.8634769320487976,fa4,dq,0.0005800580625992521,0.9999998320422752,0.00022010174687459009
l_kohakufa_fp16,0,fp16,65536.0,10,34.89426972018555,0.32431042456748965,0.669796884059906,0.8634769320487976,fa4,dk,0.0004087684556747728,0.9999999165184688,0.0004930254656111207
l_kohakufa_fp16,0,fp16,65536.0,10,34.89426972018555,0.32431042456748965,0.669796884059906,0.8634769320487976,fa4,dv,0.0002698168714140822,0.9999999636006155,0.00036677074010975727
l_kohakufa_fp16,0,fp16,65536.0,10,34.89426972018555,0.32431042456748965,0.669796884059906,0.8634769320487976,kohakufa,dq,0.0005987686296730105,0.9999998215018587,0.00022010174687459009
l_kohakufa_fp16,0,fp16,65536.0,10,34.89426972018555,0.32431042456748965,0.669796884059906,0.8634769320487976,kohakufa,dk,0.0004498410109448543,0.9999998992718002,0.0004930254656111207
l_kohakufa_fp16,0,fp16,65536.0,10,34.89426972018555,0.32431042456748965,0.669796884059906,0.8634769320487976,kohakufa,dv,0.000269889993720227,0.9999999635806072,0.00036677074010975727
l_kohakufa_fp16,0,fp16,65536.0,10,34.89426972018555,0.32431042456748965,0.669796884059906,0.8634769320487976,floor,dq,0.0005276216418005376,0.9999998611153248,0.00021801230052550545
l_kohakufa_fp16,0,fp16,65536.0,10,34.89426972018555,0.32431042456748965,0.669796884059906,0.8634769320487976,floor,dk,0.00033411801801437407,0.9999999444715663,0.00027442144719771273
l_kohakufa_fp16,0,fp16,65536.0,10,34.89426972018555,0.32431042456748965,0.669796884059906,0.8634769320487976,floor,dv,0.0001754177835442684,0.9999999846147692,0.0002927049324273891
l_kohakufa_fp16,0,fp16,65536.0,10,34.89426972018555,0.32431042456748965,0.669796884059906,0.8634769320487976,scale*dS,dq,0.0005282682392657047,0.9999998607735986,0.00021780603861953573
l_kohakufa_fp16,0,fp16,65536.0,10,34.89426972018555,0.32431042456748965,0.669796884059906,0.8634769320487976,scale*dS,dk,0.00033466671058078503,0.9999999442890668,0.00027437839361024334
l_kohakufa_fp16,0,fp16,65536.0,10,34.89426972018555,0.32431042456748965,0.669796884059906,0.8634769320487976,scale*dS,dv,0.0001754177835442684,0.9999999846147692,0.0002927049324273891
l_kohakufa_fp16,0,fp16,65536.0,10,34.89426972018555,0.32431042456748965,0.669796884059906,0.8634769320487976,single lse,dq,0.0005276373408832875,0.9999998611088834,0.00021801230052550545
l_kohakufa_fp16,0,fp16,65536.0,10,34.89426972018555,0.32431042456748965,0.669796884059906,0.8634769320487976,single lse,dk,0.0003344830883908301,0.9999999443496943,0.00027442144719771273
l_kohakufa_fp16,0,fp16,65536.0,10,34.89426972018555,0.32431042456748965,0.669796884059906,0.8634769320487976,single lse,dv,0.00017544602635665818,0.9999999846098182,0.0002927049324273891
l_kohakufa_fp16,0,fp16,65536.0,10,34.89426972018555,0.32431042456748965,0.669796884059906,0.8634769320487976,scale-shift,dq,0.0005270144371581025,0.9999998614303215,0.00021801230052550545
l_kohakufa_fp16,0,fp16,65536.0,10,34.89426972018555,0.32431042456748965,0.669796884059906,0.8634769320487976,scale-shift,dk,0.00033431884786713935,0.9999999444058761,0.00027442144719771273
l_kohakufa_fp16,0,fp16,65536.0,10,34.89426972018555,0.32431042456748965,0.669796884059906,0.8634769320487976,scale-shift,dv,0.0001754211155945779,0.9999999846141596,0.0002927049324273891
l_kohakufa_fp16,0,fp16,65536.0,10,34.89426972018555,0.32431042456748965,0.669796884059906,0.8634769320487976,all three,dq,0.0005276561158682052,0.9999998610911072,0.00021780603861953573
l_kohakufa_fp16,0,fp16,65536.0,10,34.89426972018555,0.32431042456748965,0.669796884059906,0.8634769320487976,all three,dk,0.00033484994565545777,0.9999999442277306,0.00027437839361024334
l_kohakufa_fp16,0,fp16,65536.0,10,34.89426972018555,0.32431042456748965,0.669796884059906,0.8634769320487976,all three,dv,0.00017541907290749017,0.9999999846145136,0.0002927049324273891
l_kohakufa_fp16,0,fp16,65536.0,11,11.782211207784712,0.29094039506709585,0.4995894134044647,0.7866660356521606,cudnn,dq,0.0004726176994759737,0.999999888319506,0.00044999413629433937
l_kohakufa_fp16,0,fp16,65536.0,11,11.782211207784712,0.29094039506709585,0.4995894134044647,0.7866660356521606,cudnn,dk,0.00034071359792701685,0.9999999419726706,0.00034691057984077785
l_kohakufa_fp16,0,fp16,65536.0,11,11.782211207784712,0.29094039506709585,0.4995894134044647,0.7866660356521606,cudnn,dv,0.0002660246630061818,0.9999999646384186,0.00019363140531374932
l_kohakufa_fp16,0,fp16,65536.0,11,11.782211207784712,0.29094039506709585,0.4995894134044647,0.7866660356521606,efficient,dq,0.0005052079267556535,0.9999998723869951,0.0004234262999650583
l_kohakufa_fp16,0,fp16,65536.0,11,11.782211207784712,0.29094039506709585,0.4995894134044647,0.7866660356521606,efficient,dk,0.000383431169013313,0.9999999265292333,0.0004931961757888205
l_kohakufa_fp16,0,fp16,65536.0,11,11.782211207784712,0.29094039506709585,0.4995894134044647,0.7866660356521606,efficient,dv,0.00026566651892373554,0.9999999647298702,0.00019363140531374932
l_kohakufa_fp16,0,fp16,65536.0,11,11.782211207784712,0.29094039506709585,0.4995894134044647,0.7866660356521606,flex,dq,0.00044573469877684556,0.9999999006622035,0.00044999413629433937
l_kohakufa_fp16,0,fp16,65536.0,11,11.782211207784712,0.29094039506709585,0.4995894134044647,0.7866660356521606,flex,dk,0.0003292776256865151,0.9999999457921226,0.00034691057984077785
l_kohakufa_fp16,0,fp16,65536.0,11,11.782211207784712,0.29094039506709585,0.4995894134044647,0.7866660356521606,flex,dv,0.00026597140224078733,0.9999999646461417,0.00019363140531374932
l_kohakufa_fp16,0,fp16,65536.0,11,11.782211207784712,0.29094039506709585,0.4995894134044647,0.7866660356521606,fa4,dq,0.00045587893482248873,0.9999998960873965,0.00044999413629433937
l_kohakufa_fp16,0,fp16,65536.0,11,11.782211207784712,0.29094039506709585,0.4995894134044647,0.7866660356521606,fa4,dk,0.00033576026782596485,0.9999999436775682,0.00040915943313389147
l_kohakufa_fp16,0,fp16,65536.0,11,11.782211207784712,0.29094039506709585,0.4995894134044647,0.7866660356521606,fa4,dv,0.0002657648556078881,0.9999999647001612,0.00019363140531374932
l_kohakufa_fp16,0,fp16,65536.0,11,11.782211207784712,0.29094039506709585,0.4995894134044647,0.7866660356521606,kohakufa,dq,0.0005044594573545629,0.9999998727749942,0.0004234262999650583
l_kohakufa_fp16,0,fp16,65536.0,11,11.782211207784712,0.29094039506709585,0.4995894134044647,0.7866660356521606,kohakufa,dk,0.0003829947151574139,0.9999999267006996,0.0004931961757888205
l_kohakufa_fp16,0,fp16,65536.0,11,11.782211207784712,0.29094039506709585,0.4995894134044647,0.7866660356521606,kohakufa,dv,0.00026588602991051456,0.9999999646677574,0.00019363140531374932
l_kohakufa_fp16,0,fp16,65536.0,11,11.782211207784712,0.29094039506709585,0.4995894134044647,0.7866660356521606,floor,dq,0.0003897375153464522,0.9999999240530879,0.0003303850111084221
l_kohakufa_fp16,0,fp16,65536.0,11,11.782211207784712,0.29094039506709585,0.4995894134044647,0.7866660356521606,floor,dk,0.00025763090460158115,0.9999999668250911,0.0003997424128298342
l_kohakufa_fp16,0,fp16,65536.0,11,11.782211207784712,0.29094039506709585,0.4995894134044647,0.7866660356521606,floor,dv,0.0001681419727240991,0.9999999858656529,0.00011007743856966864
l_kohakufa_fp16,0,fp16,65536.0,11,11.782211207784712,0.29094039506709585,0.4995894134044647,0.7866660356521606,scale*dS,dq,0.0003906456817875174,0.9999999236988989,0.00033106445866020064
l_kohakufa_fp16,0,fp16,65536.0,11,11.782211207784712,0.29094039506709585,0.4995894134044647,0.7866660356521606,scale*dS,dk,0.0002584714708048636,0.9999999666083531,0.00040066158335246395
l_kohakufa_fp16,0,fp16,65536.0,11,11.782211207784712,0.29094039506709585,0.4995894134044647,0.7866660356521606,scale*dS,dv,0.0001681419727240991,0.9999999858656529,0.00011007743856966864
l_kohakufa_fp16,0,fp16,65536.0,11,11.782211207784712,0.29094039506709585,0.4995894134044647,0.7866660356521606,single lse,dq,0.00038962048053049276,0.9999999240987189,0.0003303850111084221
l_kohakufa_fp16,0,fp16,65536.0,11,11.782211207784712,0.29094039506709585,0.4995894134044647,0.7866660356521606,single lse,dk,0.000257681781189405,0.9999999668111227,0.0003997424128298342
l_kohakufa_fp16,0,fp16,65536.0,11,11.782211207784712,0.29094039506709585,0.4995894134044647,0.7866660356521606,single lse,dv,0.0001681446228178516,0.9999999858651561,0.00011007743856966864
l_kohakufa_fp16,0,fp16,65536.0,11,11.782211207784712,0.29094039506709585,0.4995894134044647,0.7866660356521606,scale-shift,dq,0.0003897331725789513,0.9999999240548761,0.0003303850111084221
l_kohakufa_fp16,0,fp16,65536.0,11,11.782211207784712,0.29094039506709585,0.4995894134044647,0.7866660356521606,scale-shift,dk,0.0002573420577453708,0.9999999668979731,0.00039973291251619415
l_kohakufa_fp16,0,fp16,65536.0,11,11.782211207784712,0.29094039506709585,0.4995894134044647,0.7866660356521606,scale-shift,dv,0.0001681324741451597,0.9999999858672584,0.00011007743856966864
l_kohakufa_fp16,0,fp16,65536.0,11,11.782211207784712,0.29094039506709585,0.4995894134044647,0.7866660356521606,all three,dq,0.000390483569961461,0.9999999237624155,0.00033106445866020064
l_kohakufa_fp16,0,fp16,65536.0,11,11.782211207784712,0.29094039506709585,0.4995894134044647,0.7866660356521606,all three,dk,0.0002582048085854892,0.9999999666747361,0.00040066158335246395
l_kohakufa_fp16,0,fp16,65536.0,11,11.782211207784712,0.29094039506709585,0.4995894134044647,0.7866660356521606,all three,dv,0.0001681811005811239,0.9999999858589511,0.00011007743856966864
l_kohakufa_fp16,0,fp16,65536.0,12,18.027927992865443,0.2675515501994944,0.6149186491966248,0.830782949924469,cudnn,dq,0.0006272867957775754,0.9999998032576439,0.0007232803931506447
l_kohakufa_fp16,0,fp16,65536.0,12,18.027927992865443,0.2675515501994944,0.6149186491966248,0.830782949924469,cudnn,dk,0.0003341448126519247,0.999999944173676,0.00031547608097140013
l_kohakufa_fp16,0,fp16,65536.0,12,18.027927992865443,0.2675515501994944,0.6149186491966248,0.830782949924469,cudnn,dv,0.0002685389755965353,0.9999999640184087,0.00018875049488250057
l_kohakufa_fp16,0,fp16,65536.0,12,18.027927992865443,0.2675515501994944,0.6149186491966248,0.830782949924469,efficient,dq,0.0006829741496109783,0.9999997668092573,0.0012113433771468896
l_kohakufa_fp16,0,fp16,65536.0,12,18.027927992865443,0.2675515501994944,0.6149186491966248,0.830782949924469,efficient,dk,0.0003909625458777666,0.999999923753489,0.00035417848416366925
l_kohakufa_fp16,0,fp16,65536.0,12,18.027927992865443,0.2675515501994944,0.6149186491966248,0.830782949924469,efficient,dv,0.00026872891659447174,0.9999999639580294,0.00018875049488250057
l_kohakufa_fp16,0,fp16,65536.0,12,18.027927992865443,0.2675515501994944,0.6149186491966248,0.830782949924469,flex,dq,0.0006048096871898666,0.9999998171028378,0.0006189405502791638
l_kohakufa_fp16,0,fp16,65536.0,12,18.027927992865443,0.2675515501994944,0.6149186491966248,0.830782949924469,flex,dk,0.00032262583823997775,0.9999999479607158,0.00031547608097140013
l_kohakufa_fp16,0,fp16,65536.0,12,18.027927992865443,0.2675515501994944,0.6149186491966248,0.830782949924469,flex,dv,0.0002689594009790963,0.9999999639034567,0.00018875049488250057
l_kohakufa_fp16,0,fp16,65536.0,12,18.027927992865443,0.2675515501994944,0.6149186491966248,0.830782949924469,fa4,dq,0.000659369279300037,0.999999782621064,0.0010496449910098575
l_kohakufa_fp16,0,fp16,65536.0,12,18.027927992865443,0.2675515501994944,0.6149186491966248,0.830782949924469,fa4,dk,0.000338558948673002,0.9999999426893188,0.000333229584726038
l_kohakufa_fp16,0,fp16,65536.0,12,18.027927992865443,0.2675515501994944,0.6149186491966248,0.830782949924469,fa4,dv,0.0002686007256331899,0.9999999639995373,0.00018875049488250057
l_kohakufa_fp16,0,fp16,65536.0,12,18.027927992865443,0.2675515501994944,0.6149186491966248,0.830782949924469,kohakufa,dq,0.0006833586549730171,0.9999997665305764,0.0012113433771468896
l_kohakufa_fp16,0,fp16,65536.0,12,18.027927992865443,0.2675515501994944,0.6149186491966248,0.830782949924469,kohakufa,dk,0.000390123066301086,0.9999999240736647,0.00035417848416366925
l_kohakufa_fp16,0,fp16,65536.0,12,18.027927992865443,0.2675515501994944,0.6149186491966248,0.830782949924469,kohakufa,dv,0.00026885154833802675,0.9999999639305089,0.00018875049488250057
l_kohakufa_fp16,0,fp16,65536.0,12,18.027927992865443,0.2675515501994944,0.6149186491966248,0.830782949924469,floor,dq,0.0005647687482252947,0.9999998405186011,0.0006422513577584431
l_kohakufa_fp16,0,fp16,65536.0,12,18.027927992865443,0.2675515501994944,0.6149186491966248,0.830782949924469,floor,dk,0.00024514694261096683,0.9999999699752108,0.00016581459218390637
l_kohakufa_fp16,0,fp16,65536.0,12,18.027927992865443,0.2675515501994944,0.6149186491966248,0.830782949924469,floor,dv,0.00017182784226181568,0.999999985262466,0.00012493361172712594
l_kohakufa_fp16,0,fp16,65536.0,12,18.027927992865443,0.2675515501994944,0.6149186491966248,0.830782949924469,scale*dS,dq,0.0005657533325373117,0.9999998399618889,0.0006428682477131931
l_kohakufa_fp16,0,fp16,65536.0,12,18.027927992865443,0.2675515501994944,0.6149186491966248,0.830782949924469,scale*dS,dk,0.00024592386383295904,0.999999969784357,0.0001658581852897603
l_kohakufa_fp16,0,fp16,65536.0,12,18.027927992865443,0.2675515501994944,0.6149186491966248,0.830782949924469,scale*dS,dv,0.00017182784226181568,0.999999985262466,0.00012493361172712594
l_kohakufa_fp16,0,fp16,65536.0,12,18.027927992865443,0.2675515501994944,0.6149186491966248,0.830782949924469,single lse,dq,0.0005647098179534004,0.999999840551994,0.0006422513577584431
l_kohakufa_fp16,0,fp16,65536.0,12,18.027927992865443,0.2675515501994944,0.6149186491966248,0.830782949924469,single lse,dk,0.00024518401433420013,0.9999999699663888,0.00016581459218390637
l_kohakufa_fp16,0,fp16,65536.0,12,18.027927992865443,0.2675515501994944,0.6149186491966248,0.830782949924469,single lse,dv,0.00017190878399121463,0.999999985247625,0.00012493361172712594
l_kohakufa_fp16,0,fp16,65536.0,12,18.027927992865443,0.2675515501994944,0.6149186491966248,0.830782949924469,scale-shift,dq,0.0005645183934395544,0.9999998406598939,0.0006422513577584431
l_kohakufa_fp16,0,fp16,65536.0,12,18.027927992865443,0.2675515501994944,0.6149186491966248,0.830782949924469,scale-shift,dk,0.00024552023343797196,0.9999999698809763,0.00016581459218390637
l_kohakufa_fp16,0,fp16,65536.0,12,18.027927992865443,0.2675515501994944,0.6149186491966248,0.830782949924469,scale-shift,dv,0.00017185869044359248,0.9999999852573197,0.00012493361172712594
l_kohakufa_fp16,0,fp16,65536.0,12,18.027927992865443,0.2675515501994944,0.6149186491966248,0.830782949924469,all three,dq,0.0005654873304679411,0.9999998401123065,0.0006428682477131931
l_kohakufa_fp16,0,fp16,65536.0,12,18.027927992865443,0.2675515501994944,0.6149186491966248,0.830782949924469,all three,dk,0.0002463919576778301,0.9999999696687975,0.0001658581852897603
l_kohakufa_fp16,0,fp16,65536.0,12,18.027927992865443,0.2675515501994944,0.6149186491966248,0.830782949924469,all three,dv,0.00017185092660412785,0.9999999852588883,0.00012493361172712594
l_kohakufa_fp16,0,fp16,65536.0,13,10.752280574291945,0.26242447904323424,0.596682071685791,0.8395665884017944,cudnn,dq,0.00043393419441981415,0.9999999058636687,0.0003859345683269784
l_kohakufa_fp16,0,fp16,65536.0,13,10.752280574291945,0.26242447904323424,0.596682071685791,0.8395665884017944,cudnn,dk,0.00030014268226262106,0.9999999549573287,0.0004692000355178186
l_kohakufa_fp16,0,fp16,65536.0,13,10.752280574291945,0.26242447904323424,0.596682071685791,0.8395665884017944,cudnn,dv,0.0002583999347991624,0.9999999666149645,0.0003689837788462881
l_kohakufa_fp16,0,fp16,65536.0,13,10.752280574291945,0.26242447904323424,0.596682071685791,0.8395665884017944,efficient,dq,0.0004587805829494203,0.999999894763048,0.0003859345683269784
l_kohakufa_fp16,0,fp16,65536.0,13,10.752280574291945,0.26242447904323424,0.596682071685791,0.8395665884017944,efficient,dk,0.0003332872954249968,0.9999999445064152,0.0003483744484175035
l_kohakufa_fp16,0,fp16,65536.0,13,10.752280574291945,0.26242447904323424,0.596682071685791,0.8395665884017944,efficient,dv,0.00025868256931436484,0.9999999665423025,0.0003689837788462881
l_kohakufa_fp16,0,fp16,65536.0,13,10.752280574291945,0.26242447904323424,0.596682071685791,0.8395665884017944,flex,dq,0.0004104766763754166,0.9999999157603914,0.0003859345683269784
l_kohakufa_fp16,0,fp16,65536.0,13,10.752280574291945,0.26242447904323424,0.596682071685791,0.8395665884017944,flex,dk,0.00029519432053088377,0.999999956441115,0.0005733112666853545
l_kohakufa_fp16,0,fp16,65536.0,13,10.752280574291945,0.26242447904323424,0.596682071685791,0.8395665884017944,flex,dv,0.0002585980969524979,0.999999966565224,0.0003689837788462881
l_kohakufa_fp16,0,fp16,65536.0,13,10.752280574291945,0.26242447904323424,0.596682071685791,0.8395665884017944,fa4,dq,0.0004307919846721032,0.9999999072111958,0.0003859345683269784
l_kohakufa_fp16,0,fp16,65536.0,13,10.752280574291945,0.26242447904323424,0.596682071685791,0.8395665884017944,fa4,dk,0.0003033303052332651,0.9999999540140624,0.0005733112666853545
l_kohakufa_fp16,0,fp16,65536.0,13,10.752280574291945,0.26242447904323424,0.596682071685791,0.8395665884017944,fa4,dv,0.00025878130060265873,0.9999999665181961,0.0003689837788462881
l_kohakufa_fp16,0,fp16,65536.0,13,10.752280574291945,0.26242447904323424,0.596682071685791,0.8395665884017944,kohakufa,dq,0.00045924615391174035,0.9999998945553918,0.0003859345683269784
l_kohakufa_fp16,0,fp16,65536.0,13,10.752280574291945,0.26242447904323424,0.596682071685791,0.8395665884017944,kohakufa,dk,0.0003329883233025038,0.9999999445906834,0.0003483744484175035
l_kohakufa_fp16,0,fp16,65536.0,13,10.752280574291945,0.26242447904323424,0.596682071685791,0.8395665884017944,kohakufa,dv,0.0002587305978770833,0.9999999665311532,0.0003689837788462881
l_kohakufa_fp16,0,fp16,65536.0,13,10.752280574291945,0.26242447904323424,0.596682071685791,0.8395665884017944,floor,dq,0.0003614681534397795,0.9999999346721994,0.00023195907323713425
l_kohakufa_fp16,0,fp16,65536.0,13,10.752280574291945,0.26242447904323424,0.596682071685791,0.8395665884017944,floor,dk,0.00021270496370606759,0.9999999774000959,0.00032564142235864436
l_kohakufa_fp16,0,fp16,65536.0,13,10.752280574291945,0.26242447904323424,0.596682071685791,0.8395665884017944,floor,dv,0.00015407276895484213,0.9999999881340225,0.00012094139985212036
l_kohakufa_fp16,0,fp16,65536.0,13,10.752280574291945,0.26242447904323424,0.596682071685791,0.8395665884017944,scale*dS,dq,0.00036278610792063476,0.9999999341950453,0.0002318996226315808
l_kohakufa_fp16,0,fp16,65536.0,13,10.752280574291945,0.26242447904323424,0.596682071685791,0.8395665884017944,scale*dS,dk,0.00021383832604369066,0.9999999771582432,0.0003258064989942529
l_kohakufa_fp16,0,fp16,65536.0,13,10.752280574291945,0.26242447904323424,0.596682071685791,0.8395665884017944,scale*dS,dv,0.00015407276895484213,0.9999999881340225,0.00012094139985212036
l_kohakufa_fp16,0,fp16,65536.0,13,10.752280574291945,0.26242447904323424,0.596682071685791,0.8395665884017944,single lse,dq,0.0003614733401762941,0.9999999346703641,0.00023195907323713425
l_kohakufa_fp16,0,fp16,65536.0,13,10.752280574291945,0.26242447904323424,0.596682071685791,0.8395665884017944,single lse,dk,0.00021257940423691595,0.9999999774270141,0.00032564142235864436
l_kohakufa_fp16,0,fp16,65536.0,13,10.752280574291945,0.26242447904323424,0.596682071685791,0.8395665884017944,single lse,dv,0.00015408571285566923,0.9999999881320302,0.00012094139985212036
l_kohakufa_fp16,0,fp16,65536.0,13,10.752280574291945,0.26242447904323424,0.596682071685791,0.8395665884017944,scale-shift,dq,0.0003614305764820278,0.9999999346856778,0.00023195907323713425
l_kohakufa_fp16,0,fp16,65536.0,13,10.752280574291945,0.26242447904323424,0.596682071685791,0.8395665884017944,scale-shift,dk,0.00021266032800682297,0.9999999774091258,0.00032433988682035704
l_kohakufa_fp16,0,fp16,65536.0,13,10.752280574291945,0.26242447904323424,0.596682071685791,0.8395665884017944,scale-shift,dv,0.0001541062696263874,0.9999999881289654,0.00012094139985212036
l_kohakufa_fp16,0,fp16,65536.0,13,10.752280574291945,0.26242447904323424,0.596682071685791,0.8395665884017944,all three,dq,0.00036275560744479464,0.9999999342060008,0.0002318996226315808
l_kohakufa_fp16,0,fp16,65536.0,13,10.752280574291945,0.26242447904323424,0.596682071685791,0.8395665884017944,all three,dk,0.0002137822459506069,0.9999999771697026,0.0003245049634559656
l_kohakufa_fp16,0,fp16,65536.0,13,10.752280574291945,0.26242447904323424,0.596682071685791,0.8395665884017944,all three,dv,0.00015407245763689395,0.9999999881341018,0.00012094139985212036
l_kohakufa_fp16,0,fp16,65536.0,14,11.210996573441662,0.271190056823575,0.5894215106964111,0.8322900533676147,cudnn,dq,0.00042498102924614853,0.9999999096960809,0.0004690175707960555
l_kohakufa_fp16,0,fp16,65536.0,14,11.210996573441662,0.271190056823575,0.5894215106964111,0.8322900533676147,cudnn,dk,0.0002853529715513941,0.9999999593191606,0.00020635719265790217
l_kohakufa_fp16,0,fp16,65536.0,14,11.210996573441662,0.271190056823575,0.5894215106964111,0.8322900533676147,cudnn,dv,0.0002458806981206537,0.999999969783177,0.0002477182866470795
l_kohakufa_fp16,0,fp16,65536.0,14,11.210996573441662,0.271190056823575,0.5894215106964111,0.8322900533676147,efficient,dq,0.0004470467217018332,0.9999999000757065,0.00043738157740884587
l_kohakufa_fp16,0,fp16,65536.0,14,11.210996573441662,0.271190056823575,0.5894215106964111,0.8322900533676147,efficient,dk,0.00032444040123494843,0.9999999474962645,0.000266066293367165
l_kohakufa_fp16,0,fp16,65536.0,14,11.210996573441662,0.271190056823575,0.5894215106964111,0.8322900533676147,efficient,dv,0.00024585653974797854,0.9999999697907377,0.0002477182866470795
l_kohakufa_fp16,0,fp16,65536.0,14,11.210996573441662,0.271190056823575,0.5894215106964111,0.8322900533676147,flex,dq,0.0004002261762631547,0.9999999199256814,0.0004690175707960555
l_kohakufa_fp16,0,fp16,65536.0,14,11.210996573441662,0.271190056823575,0.5894215106964111,0.8322900533676147,flex,dk,0.0002780970602066161,0.999999961349335,0.00020635719265790217
l_kohakufa_fp16,0,fp16,65536.0,14,11.210996573441662,0.271190056823575,0.5894215106964111,0.8322900533676147,flex,dv,0.0002457938908849722,0.9999999698037698,0.0002477182866470795
l_kohakufa_fp16,0,fp16,65536.0,14,11.210996573441662,0.271190056823575,0.5894215106964111,0.8322900533676147,fa4,dq,0.00041561986147579846,0.9999999136838921,0.00048489548064624443
l_kohakufa_fp16,0,fp16,65536.0,14,11.210996573441662,0.271190056823575,0.5894215106964111,0.8322900533676147,fa4,dk,0.0002786944891858528,0.9999999611685828,0.00020306439648288413
l_kohakufa_fp16,0,fp16,65536.0,14,11.210996573441662,0.271190056823575,0.5894215106964111,0.8322900533676147,fa4,dv,0.0002457900678213347,0.9999999698053956,0.0002477182866470795
l_kohakufa_fp16,0,fp16,65536.0,14,11.210996573441662,0.271190056823575,0.5894215106964111,0.8322900533676147,kohakufa,dq,0.00044791448799912553,0.9999998996891306,0.0004690175707960555
l_kohakufa_fp16,0,fp16,65536.0,14,11.210996573441662,0.271190056823575,0.5894215106964111,0.8322900533676147,kohakufa,dk,0.0003227269049910168,0.9999999480464985,0.000266066293367165
l_kohakufa_fp16,0,fp16,65536.0,14,11.210996573441662,0.271190056823575,0.5894215106964111,0.8322900533676147,kohakufa,dv,0.00024575208260781833,0.9999999698140318,0.0002477182866470795
l_kohakufa_fp16,0,fp16,65536.0,14,11.210996573441662,0.271190056823575,0.5894215106964111,0.8322900533676147,floor,dq,0.00034029700329697677,0.9999999421126634,0.0003787132701569397
l_kohakufa_fp16,0,fp16,65536.0,14,11.210996573441662,0.271190056823575,0.5894215106964111,0.8322900533676147,floor,dk,0.00019197588332789124,0.9999999815862058,0.00017716770736953132
l_kohakufa_fp16,0,fp16,65536.0,14,11.210996573441662,0.271190056823575,0.5894215106964111,0.8322900533676147,floor,dv,0.00014225742331946625,0.9999999898816339,0.00015729828949168
l_kohakufa_fp16,0,fp16,65536.0,14,11.210996573441662,0.271190056823575,0.5894215106964111,0.8322900533676147,scale*dS,dq,0.0003418664110790958,0.9999999415778308,0.00037953662272844485
l_kohakufa_fp16,0,fp16,65536.0,14,11.210996573441662,0.271190056823575,0.5894215106964111,0.8322900533676147,scale*dS,dk,0.00019309708723536453,0.9999999813704155,0.00017719767761152744
l_kohakufa_fp16,0,fp16,65536.0,14,11.210996573441662,0.271190056823575,0.5894215106964111,0.8322900533676147,scale*dS,dv,0.00014225742331946625,0.9999999898816339,0.00015729828949168
l_kohakufa_fp16,0,fp16,65536.0,14,11.210996573441662,0.271190056823575,0.5894215106964111,0.8322900533676147,single lse,dq,0.00034023853662249566,0.9999999421338666,0.0003787132701569397
l_kohakufa_fp16,0,fp16,65536.0,14,11.210996573441662,0.271190056823575,0.5894215106964111,0.8322900533676147,single lse,dk,0.00019196983275695164,0.9999999815872371,0.00017716770736953132
l_kohakufa_fp16,0,fp16,65536.0,14,11.210996573441662,0.271190056823575,0.5894215106964111,0.8322900533676147,single lse,dv,0.00014217493441881762,0.9999999898933734,0.00015729828949168
l_kohakufa_fp16,0,fp16,65536.0,14,11.210996573441662,0.271190056823575,0.5894215106964111,0.8322900533676147,scale-shift,dq,0.0003403146373244561,0.9999999421064316,0.0003787132701569397
l_kohakufa_fp16,0,fp16,65536.0,14,11.210996573441662,0.271190056823575,0.5894215106964111,0.8322900533676147,scale-shift,dk,0.00019202301183178248,0.99999998157616,0.00017716770736953132
l_kohakufa_fp16,0,fp16,65536.0,14,11.210996573441662,0.271190056823575,0.5894215106964111,0.8322900533676147,scale-shift,dv,0.0001422274384357561,0.9999999898859037,0.00015729828949168
l_kohakufa_fp16,0,fp16,65536.0,14,11.210996573441662,0.271190056823575,0.5894215106964111,0.8322900533676147,all three,dq,0.00034184598859349945,0.9999999415859178,0.00037953662272844485
l_kohakufa_fp16,0,fp16,65536.0,14,11.210996573441662,0.271190056823575,0.5894215106964111,0.8322900533676147,all three,dk,0.00019307657090535314,0.9999999813728553,0.00017719767761152744
l_kohakufa_fp16,0,fp16,65536.0,14,11.210996573441662,0.271190056823575,0.5894215106964111,0.8322900533676147,all three,dv,0.00014223648983745812,0.9999999898846211,0.00015729828949168
l_kohakufa_fp16,0,fp16,65536.0,15,10.581165456213057,0.2126712440502865,0.4937451481819153,0.7892293930053711,cudnn,dq,0.00037493813319071893,0.9999999297378099,0.00033320207802188686
l_kohakufa_fp16,0,fp16,65536.0,15,10.581165456213057,0.2126712440502865,0.4937451481819153,0.7892293930053711,cudnn,dk,0.00028025712929880605,0.9999999607295663,0.00031237789784252057
l_kohakufa_fp16,0,fp16,65536.0,15,10.581165456213057,0.2126712440502865,0.4937451481819153,0.7892293930053711,cudnn,dv,0.0002552433016662229,0.9999999674262923,0.0003314753925648804
l_kohakufa_fp16,0,fp16,65536.0,15,10.581165456213057,0.2126712440502865,0.4937451481819153,0.7892293930053711,efficient,dq,0.0004072409986174727,0.9999999170836475,0.00033320207802188686
l_kohakufa_fp16,0,fp16,65536.0,15,10.581165456213057,0.2126712440502865,0.4937451481819153,0.7892293930053711,efficient,dk,0.0003129072179591448,0.9999999511175018,0.0003403634026930624
l_kohakufa_fp16,0,fp16,65536.0,15,10.581165456213057,0.2126712440502865,0.4937451481819153,0.7892293930053711,efficient,dv,0.00025506660419528503,0.9999999674708814,0.0003314753925648804
l_kohakufa_fp16,0,fp16,65536.0,15,10.581165456213057,0.2126712440502865,0.4937451481819153,0.7892293930053711,flex,dq,0.00036557794653699626,0.999999933179728,0.00033320207802188686
l_kohakufa_fp16,0,fp16,65536.0,15,10.581165456213057,0.2126712440502865,0.4937451481819153,0.7892293930053711,flex,dk,0.0002765000921734609,0.999999961774758,0.0003488688947717958
l_kohakufa_fp16,0,fp16,65536.0,15,10.581165456213057,0.2126712440502865,0.4937451481819153,0.7892293930053711,flex,dv,0.0002549640774727698,0.9999999674974769,0.0003314753925648804
l_kohakufa_fp16,0,fp16,65536.0,15,10.581165456213057,0.2126712440502865,0.4937451481819153,0.7892293930053711,fa4,dq,0.0003698151158555205,0.9999999316184154,0.00033320207802188686
l_kohakufa_fp16,0,fp16,65536.0,15,10.581165456213057,0.2126712440502865,0.4937451481819153,0.7892293930053711,fa4,dk,0.0002785503832988134,0.9999999612073467,0.0003488688947717958
l_kohakufa_fp16,0,fp16,65536.0,15,10.581165456213057,0.2126712440502865,0.4937451481819153,0.7892293930053711,fa4,dv,0.00025499550349220284,0.9999999674898326,0.0003314753925648804
l_kohakufa_fp16,0,fp16,65536.0,15,10.581165456213057,0.2126712440502865,0.4937451481819153,0.7892293930053711,kohakufa,dq,0.0004104427200853857,0.9999999157743573,0.00033320207802188686
l_kohakufa_fp16,0,fp16,65536.0,15,10.581165456213057,0.2126712440502865,0.4937451481819153,0.7892293930053711,kohakufa,dk,0.00031307523523551635,0.9999999510602007,0.0003403634026930624
l_kohakufa_fp16,0,fp16,65536.0,15,10.581165456213057,0.2126712440502865,0.4937451481819153,0.7892293930053711,kohakufa,dv,0.00025505551044040025,0.9999999674738126,0.0003314753925648804
l_kohakufa_fp16,0,fp16,65536.0,15,10.581165456213057,0.2126712440502865,0.4937451481819153,0.7892293930053711,floor,dq,0.00030311580905259934,0.9999999540684201,0.00028320537331290367
l_kohakufa_fp16,0,fp16,65536.0,15,10.581165456213057,0.2126712440502865,0.4937451481819153,0.7892293930053711,floor,dk,0.0001840429688524687,0.9999999830642683,0.00022667108793865027
l_kohakufa_fp16,0,fp16,65536.0,15,10.581165456213057,0.2126712440502865,0.4937451481819153,0.7892293930053711,floor,dv,0.00014206395480624137,0.9999999899089312,0.00012584426773139663
l_kohakufa_fp16,0,fp16,65536.0,15,10.581165456213057,0.2126712440502865,0.4937451481819153,0.7892293930053711,scale*dS,dq,0.00030421542206091333,0.9999999537349002,0.00028396121859369723
l_kohakufa_fp16,0,fp16,65536.0,15,10.581165456213057,0.2126712440502865,0.4937451481819153,0.7892293930053711,scale*dS,dk,0.0001851640797571331,0.9999999828573134,0.00022640860497185713
l_kohakufa_fp16,0,fp16,65536.0,15,10.581165456213057,0.2126712440502865,0.4937451481819153,0.7892293930053711,scale*dS,dv,0.00014206395480624137,0.9999999899089312,0.00012584426773139663
l_kohakufa_fp16,0,fp16,65536.0,15,10.581165456213057,0.2126712440502865,0.4937451481819153,0.7892293930053711,single lse,dq,0.00030318680810562435,0.9999999540463301,0.00028320537331290367
l_kohakufa_fp16,0,fp16,65536.0,15,10.581165456213057,0.2126712440502865,0.4937451481819153,0.7892293930053711,single lse,dk,0.0001840694800843919,0.9999999830593573,0.00022667108793865027
l_kohakufa_fp16,0,fp16,65536.0,15,10.581165456213057,0.2126712440502865,0.4937451481819153,0.7892293930053711,single lse,dv,0.00014203395188545375,0.9999999899132062,0.00012584426773139663
l_kohakufa_fp16,0,fp16,65536.0,15,10.581165456213057,0.2126712440502865,0.4937451481819153,0.7892293930053711,scale-shift,dq,0.00030333637225940226,0.9999999540009993,0.00028320537331290367
l_kohakufa_fp16,0,fp16,65536.0,15,10.581165456213057,0.2126712440502865,0.4937451481819153,0.7892293930053711,scale-shift,dk,0.00018426275269154872,0.9999999830236973,0.00022669333651081488
l_kohakufa_fp16,0,fp16,65536.0,15,10.581165456213057,0.2126712440502865,0.4937451481819153,0.7892293930053711,scale-shift,dv,0.00014206691988839917,0.9999999899085101,0.00012584426773139663
l_kohakufa_fp16,0,fp16,65536.0,15,10.581165456213057,0.2126712440502865,0.4937451481819153,0.7892293930053711,all three,dq,0.0003044430395959646,0.999999953665149,0.00028396121859369723
l_kohakufa_fp16,0,fp16,65536.0,15,10.581165456213057,0.2126712440502865,0.4937451481819153,0.7892293930053711,all three,dk,0.00018541838824025512,0.999999982810105,0.00022640860497185713
l_kohakufa_fp16,0,fp16,65536.0,15,10.581165456213057,0.2126712440502865,0.4937451481819153,0.7892293930053711,all three,dv,0.0001420693284047537,0.9999999899081665,0.00012584426773139663
l_kohakufa_fp16,0,fp16,65536.0,16,11.293628480052575,0.21379074230314266,0.4643232524394989,0.7789463996887207,cudnn,dq,0.000420017559852049,0.9999999117934034,0.00039381440481980716
l_kohakufa_fp16,0,fp16,65536.0,16,11.293628480052575,0.21379074230314266,0.4643232524394989,0.7789463996887207,cudnn,dk,0.00027985667598663113,0.9999999608493078,0.00031979456742255977
l_kohakufa_fp16,0,fp16,65536.0,16,11.293628480052575,0.21379074230314266,0.4643232524394989,0.7789463996887207,cudnn,dv,0.00024368608556343973,0.999999970318075,0.0002778166309213658
l_kohakufa_fp16,0,fp16,65536.0,16,11.293628480052575,0.21379074230314266,0.4643232524394989,0.7789463996887207,efficient,dq,0.00043807717612423546,0.9999999040649102,0.00024993965850375773
l_kohakufa_fp16,0,fp16,65536.0,16,11.293628480052575,0.21379074230314266,0.4643232524394989,0.7789463996887207,efficient,dk,0.0003114264039437177,0.9999999515451246,0.0003372837163798277
l_kohakufa_fp16,0,fp16,65536.0,16,11.293628480052575,0.21379074230314266,0.4643232524394989,0.7789463996887207,efficient,dv,0.00024326205955367265,0.9999999704166714,0.0002778166309213658
l_kohakufa_fp16,0,fp16,65536.0,16,11.293628480052575,0.21379074230314266,0.4643232524394989,0.7789463996887207,flex,dq,0.0003996974496214343,0.9999999201218307,0.00027605907418929674
l_kohakufa_fp16,0,fp16,65536.0,16,11.293628480052575,0.21379074230314266,0.4643232524394989,0.7789463996887207,flex,dk,0.0002729136026258027,0.9999999627595413,0.0003152292564439567
l_kohakufa_fp16,0,fp16,65536.0,16,11.293628480052575,0.21379074230314266,0.4643232524394989,0.7789463996887207,flex,dv,0.000243226799511755,0.9999999704223085,0.0002778166309213658
l_kohakufa_fp16,0,fp16,65536.0,16,11.293628480052575,0.21379074230314266,0.4643232524394989,0.7789463996887207,fa4,dq,0.0004105799957138327,0.9999999157192627,0.00024993965850375773
l_kohakufa_fp16,0,fp16,65536.0,16,11.293628480052575,0.21379074230314266,0.4643232524394989,0.7789463996887207,fa4,dk,0.00027615689250940086,0.9999999618690195,0.0003372837163798277
l_kohakufa_fp16,0,fp16,65536.0,16,11.293628480052575,0.21379074230314266,0.4643232524394989,0.7789463996887207,fa4,dv,0.00024316156280863383,0.9999999704381078,0.0002778166309213658
l_kohakufa_fp16,0,fp16,65536.0,16,11.293628480052575,0.21379074230314266,0.4643232524394989,0.7789463996887207,kohakufa,dq,0.0004359473256929773,0.9999999050053772,0.00024993965850375773
l_kohakufa_fp16,0,fp16,65536.0,16,11.293628480052575,0.21379074230314266,0.4643232524394989,0.7789463996887207,kohakufa,dk,0.00031131364623327004,0.9999999515662394,0.0003372837163798277
l_kohakufa_fp16,0,fp16,65536.0,16,11.293628480052575,0.21379074230314266,0.4643232524394989,0.7789463996887207,kohakufa,dv,0.00024312934080974912,0.9999999704460024,0.0002778166309213658
l_kohakufa_fp16,0,fp16,65536.0,16,11.293628480052575,0.21379074230314266,0.4643232524394989,0.7789463996887207,floor,dq,0.00034340495972305673,0.9999999410581185,0.00023152163963988313
l_kohakufa_fp16,0,fp16,65536.0,16,11.293628480052575,0.21379074230314266,0.4643232524394989,0.7789463996887207,floor,dk,0.00017738542406330916,0.9999999842695494,0.00021404901068833627
l_kohakufa_fp16,0,fp16,65536.0,16,11.293628480052575,0.21379074230314266,0.4643232524394989,0.7789463996887207,floor,dv,0.00012616164514835172,0.9999999920461963,0.00011196862776140431
l_kohakufa_fp16,0,fp16,65536.0,16,11.293628480052575,0.21379074230314266,0.4643232524394989,0.7789463996887207,scale*dS,dq,0.00034439542720950404,0.9999999407179021,0.00023056923969428107
l_kohakufa_fp16,0,fp16,65536.0,16,11.293628480052575,0.21379074230314266,0.4643232524394989,0.7789463996887207,scale*dS,dk,0.0001783812959758052,0.999999984092428,0.00021414490815825567
l_kohakufa_fp16,0,fp16,65536.0,16,11.293628480052575,0.21379074230314266,0.4643232524394989,0.7789463996887207,scale*dS,dv,0.00012616164514835172,0.9999999920461963,0.00011196862776140431
l_kohakufa_fp16,0,fp16,65536.0,16,11.293628480052575,0.21379074230314266,0.4643232524394989,0.7789463996887207,single lse,dq,0.00034357171014735534,0.9999999409995506,0.00023152163963988313
l_kohakufa_fp16,0,fp16,65536.0,16,11.293628480052575,0.21379074230314266,0.4643232524394989,0.7789463996887207,single lse,dk,0.000177495655197577,0.9999999842496387,0.00021404901068833627
l_kohakufa_fp16,0,fp16,65536.0,16,11.293628480052575,0.21379074230314266,0.4643232524394989,0.7789463996887207,single lse,dv,0.00012604037536827065,0.9999999920611358,0.00011196862776140431
l_kohakufa_fp16,0,fp16,65536.0,16,11.293628480052575,0.21379074230314266,0.4643232524394989,0.7789463996887207,scale-shift,dq,0.0003438449932424007,0.9999999409054134,0.00023152163963988313
l_kohakufa_fp16,0,fp16,65536.0,16,11.293628480052575,0.21379074230314266,0.4643232524394989,0.7789463996887207,scale-shift,dk,0.00017737484424754175,0.9999999842718676,0.00021404901068833627
l_kohakufa_fp16,0,fp16,65536.0,16,11.293628480052575,0.21379074230314266,0.4643232524394989,0.7789463996887207,scale-shift,dv,0.00012604415321196705,0.9999999920607815,0.00011196862776140431
l_kohakufa_fp16,0,fp16,65536.0,16,11.293628480052575,0.21379074230314266,0.4643232524394989,0.7789463996887207,all three,dq,0.00034478608692061174,0.9999999405816739,0.00023056923969428107
l_kohakufa_fp16,0,fp16,65536.0,16,11.293628480052575,0.21379074230314266,0.4643232524394989,0.7789463996887207,all three,dk,0.0001783296046530058,0.9999999841021663,0.00021414490815825567
l_kohakufa_fp16,0,fp16,65536.0,16,11.293628480052575,0.21379074230314266,0.4643232524394989,0.7789463996887207,all three,dv,0.00012604509544576146,0.9999999920605489,0.00011196862776140431
l_kohakufa_fp16,0,fp16,65536.0,17,11.899180709733628,0.25365912502462096,0.5517521500587463,0.8208664059638977,cudnn,dq,0.0004137170467571131,0.9999999144489075,0.0002687193421366948
l_kohakufa_fp16,0,fp16,65536.0,17,11.899180709733628,0.25365912502462096,0.5517521500587463,0.8208664059638977,cudnn,dk,0.0002750765313556947,0.9999999621754706,0.00032071254703712547
l_kohakufa_fp16,0,fp16,65536.0,17,11.899180709733628,0.25365912502462096,0.5517521500587463,0.8208664059638977,cudnn,dv,0.00023518043815791686,0.9999999723592482,0.00026254410079999625
l_kohakufa_fp16,0,fp16,65536.0,17,11.899180709733628,0.25365912502462096,0.5517521500587463,0.8208664059638977,efficient,dq,0.0004446698815130351,0.9999999011345806,0.0004789678933970174
l_kohakufa_fp16,0,fp16,65536.0,17,11.899180709733628,0.25365912502462096,0.5517521500587463,0.8208664059638977,efficient,dk,0.0003006889202250837,0.9999999548411898,0.0003095348840551097
l_kohakufa_fp16,0,fp16,65536.0,17,11.899180709733628,0.25365912502462096,0.5517521500587463,0.8208664059638977,efficient,dv,0.0002351727984776872,0.9999999723612559,0.00026254410079999625
l_kohakufa_fp16,0,fp16,65536.0,17,11.899180709733628,0.25365912502462096,0.5517521500587463,0.8208664059638977,flex,dq,0.0003958270347894153,0.9999999216767343,0.00025313690393832827
l_kohakufa_fp16,0,fp16,65536.0,17,11.899180709733628,0.25365912502462096,0.5517521500587463,0.8208664059638977,flex,dk,0.00027080187707421944,0.999999963338652,0.00032071254703712547
l_kohakufa_fp16,0,fp16,65536.0,17,11.899180709733628,0.25365912502462096,0.5517521500587463,0.8208664059638977,flex,dv,0.00023514453587956943,0.9999999723667261,0.00026254410079999625
l_kohakufa_fp16,0,fp16,65536.0,17,11.899180709733628,0.25365912502462096,0.5517521500587463,0.8208664059638977,fa4,dq,0.0004123707421864217,0.9999999150065685,0.00024534100423047794
l_kohakufa_fp16,0,fp16,65536.0,17,11.899180709733628,0.25365912502462096,0.5517521500587463,0.8208664059638977,fa4,dk,0.00027314594729265434,0.9999999626991317,0.00032071254703712547
l_kohakufa_fp16,0,fp16,65536.0,17,11.899180709733628,0.25365912502462096,0.5517521500587463,0.8208664059638977,fa4,dv,0.0002351768251494682,0.9999999723585817,0.00026254410079999625
l_kohakufa_fp16,0,fp16,65536.0,17,11.899180709733628,0.25365912502462096,0.5517521500587463,0.8208664059638977,kohakufa,dq,0.0004413432810077064,0.9999999026081915,0.0004789678933970174
l_kohakufa_fp16,0,fp16,65536.0,17,11.899180709733628,0.25365912502462096,0.5517521500587463,0.8208664059638977,kohakufa,dk,0.0003003270750080768,0.9999999549540847,0.0003095348840551097
l_kohakufa_fp16,0,fp16,65536.0,17,11.899180709733628,0.25365912502462096,0.5517521500587463,0.8208664059638977,kohakufa,dv,0.00023513181228476633,0.9999999723697692,0.00026254410079999625
l_kohakufa_fp16,0,fp16,65536.0,17,11.899180709733628,0.25365912502462096,0.5517521500587463,0.8208664059638977,floor,dq,0.0003404750449717993,0.9999999420533459,0.0002360221074198369
l_kohakufa_fp16,0,fp16,65536.0,17,11.899180709733628,0.25365912502462096,0.5517521500587463,0.8208664059638977,floor,dk,0.00017057002455589957,0.999999985456936,0.00012297483716150993
l_kohakufa_fp16,0,fp16,65536.0,17,11.899180709733628,0.25365912502462096,0.5517521500587463,0.8208664059638977,floor,dv,0.00011739522463905791,0.9999999931091805,7.79140823950814e-05
l_kohakufa_fp16,0,fp16,65536.0,17,11.899180709733628,0.25365912502462096,0.5517521500587463,0.8208664059638977,scale*dS,dq,0.0003419215337018728,0.999999941559015,0.00023639373507579418
l_kohakufa_fp16,0,fp16,65536.0,17,11.899180709733628,0.25365912502462096,0.5517521500587463,0.8208664059638977,scale*dS,dk,0.00017171478354514544,0.9999999852609894,0.00012308629922200607
l_kohakufa_fp16,0,fp16,65536.0,17,11.899180709733628,0.25365912502462096,0.5517521500587463,0.8208664059638977,scale*dS,dv,0.00011739522463905791,0.9999999931091805,7.79140823950814e-05
l_kohakufa_fp16,0,fp16,65536.0,17,11.899180709733628,0.25365912502462096,0.5517521500587463,0.8208664059638977,single lse,dq,0.0003404638525662911,0.9999999420569318,0.0002360221074198369
l_kohakufa_fp16,0,fp16,65536.0,17,11.899180709733628,0.25365912502462096,0.5517521500587463,0.8208664059638977,single lse,dk,0.0001705984830213024,0.9999999854522428,0.00012297483716150993
l_kohakufa_fp16,0,fp16,65536.0,17,11.899180709733628,0.25365912502462096,0.5517521500587463,0.8208664059638977,single lse,dv,0.00011742608395656995,0.9999999931055692,7.79140823950814e-05
l_kohakufa_fp16,0,fp16,65536.0,17,11.899180709733628,0.25365912502462096,0.5517521500587463,0.8208664059638977,scale-shift,dq,0.00034017229581219285,0.9999999421564804,0.0002360221074198369
l_kohakufa_fp16,0,fp16,65536.0,17,11.899180709733628,0.25365912502462096,0.5517521500587463,0.8208664059638977,scale-shift,dk,0.00017059669646339522,0.9999999854516328,0.00012297483716150993
l_kohakufa_fp16,0,fp16,65536.0,17,11.899180709733628,0.25365912502462096,0.5517521500587463,0.8208664059638977,scale-shift,dv,0.00011738233081096342,0.9999999931106945,7.79140823950814e-05
l_kohakufa_fp16,0,fp16,65536.0,17,11.899180709733628,0.25365912502462096,0.5517521500587463,0.8208664059638977,all three,dq,0.00034159900350638685,0.9999999416691736,0.00023639373507579418
l_kohakufa_fp16,0,fp16,65536.0,17,11.899180709733628,0.25365912502462096,0.5517521500587463,0.8208664059638977,all three,dk,0.0001717049321605342,0.9999999852619723,0.00012308629922200607
l_kohakufa_fp16,0,fp16,65536.0,17,11.899180709733628,0.25365912502462096,0.5517521500587463,0.8208664059638977,all three,dv,0.00011737597598772294,0.9999999931114404,7.79140823950814e-05
l_kohakufa_fp16,0,fp16,65536.0,18,12.836515434551984,0.3135689566689206,0.6440696716308594,0.8685226440429688,cudnn,dq,0.0004533064507930279,0.9999998972566583,0.00038466872102897823
l_kohakufa_fp16,0,fp16,65536.0,18,12.836515434551984,0.3135689566689206,0.6440696716308594,0.8685226440429688,cudnn,dk,0.0002822980133762513,0.9999999601541634,0.00045662807032425975
l_kohakufa_fp16,0,fp16,65536.0,18,12.836515434551984,0.3135689566689206,0.6440696716308594,0.8685226440429688,cudnn,dv,0.00023902706309458557,0.9999999715055006,0.00028215783411797305
l_kohakufa_fp16,0,fp16,65536.0,18,12.836515434551984,0.3135689566689206,0.6440696716308594,0.8685226440429688,efficient,dq,0.0004929581323906285,0.9999998785118016,0.0007989045949849639
l_kohakufa_fp16,0,fp16,65536.0,18,12.836515434551984,0.3135689566689206,0.6440696716308594,0.8685226440429688,efficient,dk,0.00031400213186914887,0.9999999507441871,0.0005531492521960474
l_kohakufa_fp16,0,fp16,65536.0,18,12.836515434551984,0.3135689566689206,0.6440696716308594,0.8685226440429688,efficient,dv,0.00023893457955197458,0.9999999715375967,0.00028215783411797305
l_kohakufa_fp16,0,fp16,65536.0,18,12.836515434551984,0.3135689566689206,0.6440696716308594,0.8685226440429688,flex,dq,0.00043084523752675815,0.9999999071862631,0.0003229731072207616
l_kohakufa_fp16,0,fp16,65536.0,18,12.836515434551984,0.3135689566689206,0.6440696716308594,0.8685226440429688,flex,dk,0.0002785963746255982,0.9999999612102198,0.00045662807032425975
l_kohakufa_fp16,0,fp16,65536.0,18,12.836515434551984,0.3135689566689206,0.6440696716308594,0.8685226440429688,flex,dv,0.0002390587029653813,0.9999999715143357,0.00028215783411797305
l_kohakufa_fp16,0,fp16,65536.0,18,12.836515434551984,0.3135689566689206,0.6440696716308594,0.8685226440429688,fa4,dq,0.0004379069390216126,0.9999999041189924,0.0003132814179074816
l_kohakufa_fp16,0,fp16,65536.0,18,12.836515434551984,0.3135689566689206,0.6440696716308594,0.8685226440429688,fa4,dk,0.00027914496064870863,0.9999999610395941,0.00045662807032425975
l_kohakufa_fp16,0,fp16,65536.0,18,12.836515434551984,0.3135689566689206,0.6440696716308594,0.8685226440429688,fa4,dv,0.00023902955465920987,0.9999999715107232,0.00028215783411797305
l_kohakufa_fp16,0,fp16,65536.0,18,12.836515434551984,0.3135689566689206,0.6440696716308594,0.8685226440429688,kohakufa,dq,0.000488646928078335,0.999999880630116,0.0007989045949849639
l_kohakufa_fp16,0,fp16,65536.0,18,12.836515434551984,0.3135689566689206,0.6440696716308594,0.8685226440429688,kohakufa,dk,0.00031309698904053666,0.9999999510221615,0.0005531492521960474
l_kohakufa_fp16,0,fp16,65536.0,18,12.836515434551984,0.3135689566689206,0.6440696716308594,0.8685226440429688,kohakufa,dv,0.00023906649677502337,0.9999999715103118,0.00028215783411797305
l_kohakufa_fp16,0,fp16,65536.0,18,12.836515434551984,0.3135689566689206,0.6440696716308594,0.8685226440429688,floor,dq,0.0003809216274894145,0.9999999274517345,0.00034855674886056945
l_kohakufa_fp16,0,fp16,65536.0,18,12.836515434551984,0.3135689566689206,0.6440696716308594,0.8685226440429688,floor,dk,0.00018285615235525906,0.9999999832854103,0.0002631849419249311
l_kohakufa_fp16,0,fp16,65536.0,18,12.836515434551984,0.3135689566689206,0.6440696716308594,0.8685226440429688,floor,dv,0.00011405628688873107,0.9999999935092758,0.00012992311465788884
l_kohakufa_fp16,0,fp16,65536.0,18,12.836515434551984,0.3135689566689206,0.6440696716308594,0.8685226440429688,scale*dS,dq,0.00038310594931548897,0.9999999266174586,0.0003486666627764901
l_kohakufa_fp16,0,fp16,65536.0,18,12.836515434551984,0.3135689566689206,0.6440696716308594,0.8685226440429688,scale*dS,dk,0.00018432178801608645,0.9999999830162317,0.00026312215056823206
l_kohakufa_fp16,0,fp16,65536.0,18,12.836515434551984,0.3135689566689206,0.6440696716308594,0.8685226440429688,scale*dS,dv,0.00011405628688873107,0.9999999935092758,0.00012992311465788884
l_kohakufa_fp16,0,fp16,65536.0,18,12.836515434551984,0.3135689566689206,0.6440696716308594,0.8685226440429688,single lse,dq,0.0003808972591294738,0.999999927461073,0.00034855674886056945
l_kohakufa_fp16,0,fp16,65536.0,18,12.836515434551984,0.3135689566689206,0.6440696716308594,0.8685226440429688,single lse,dk,0.00018284442708311363,0.9999999832874765,0.0002631859077946535
l_kohakufa_fp16,0,fp16,65536.0,18,12.836515434551984,0.3135689566689206,0.6440696716308594,0.8685226440429688,single lse,dv,0.00011404387870337047,0.9999999935107453,0.00012992311465788884
l_kohakufa_fp16,0,fp16,65536.0,18,12.836515434551984,0.3135689566689206,0.6440696716308594,0.8685226440429688,scale-shift,dq,0.00038082948953000405,0.9999999274869988,0.00034855674886056945
l_kohakufa_fp16,0,fp16,65536.0,18,12.836515434551984,0.3135689566689206,0.6440696716308594,0.8685226440429688,scale-shift,dk,0.0001827837065455384,0.9999999832985212,0.00026317100903228575
l_kohakufa_fp16,0,fp16,65536.0,18,12.836515434551984,0.3135689566689206,0.6440696716308594,0.8685226440429688,scale-shift,dv,0.00011405052114740433,0.9999999935100029,0.00012992311465788884
l_kohakufa_fp16,0,fp16,65536.0,18,12.836515434551984,0.3135689566689206,0.6440696716308594,0.8685226440429688,all three,dq,0.00038297625415021475,0.9999999266673711,0.0003486666627764901
l_kohakufa_fp16,0,fp16,65536.0,18,12.836515434551984,0.3135689566689206,0.6440696716308594,0.8685226440429688,all three,dk,0.00018424328969954455,0.9999999830305561,0.00026310725180586435
l_kohakufa_fp16,0,fp16,65536.0,18,12.836515434551984,0.3135689566689206,0.6440696716308594,0.8685226440429688,all three,dv,0.00011401649586043716,0.9999999935140323,0.00012992311465788884
l_kohakufa_fp16,0,fp16,65536.0,19,9.98483547847718,0.37289569055253524,0.6284002065658569,0.8730753660202026,cudnn,dq,0.00038944223639816714,0.9999999241822247,0.00023590551320858794
l_kohakufa_fp16,0,fp16,65536.0,19,9.98483547847718,0.37289569055253524,0.6284002065658569,0.8730753660202026,cudnn,dk,0.00025421294061393415,0.9999999677358389,0.0002552489864623689
l_kohakufa_fp16,0,fp16,65536.0,19,9.98483547847718,0.37289569055253524,0.6284002065658569,0.8730753660202026,cudnn,dv,0.0002219082696773368,0.9999999754307026,0.00028811221149761004
l_kohakufa_fp16,0,fp16,65536.0,19,9.98483547847718,0.37289569055253524,0.6284002065658569,0.8730753660202026,efficient,dq,0.00041943701986599176,0.999999912070019,0.00023955588111621755
l_kohakufa_fp16,0,fp16,65536.0,19,9.98483547847718,0.37289569055253524,0.6284002065658569,0.8730753660202026,efficient,dk,0.0002786571484664637,0.9999999611982854,0.00028011485266460904
l_kohakufa_fp16,0,fp16,65536.0,19,9.98483547847718,0.37289569055253524,0.6284002065658569,0.8730753660202026,efficient,dv,0.00022184607740027723,0.9999999754375366,0.00028811221149761004
l_kohakufa_fp16,0,fp16,65536.0,19,9.98483547847718,0.37289569055253524,0.6284002065658569,0.8730753660202026,flex,dq,0.0003765191553032494,0.9999999291170545,0.0002149525461339446
l_kohakufa_fp16,0,fp16,65536.0,19,9.98483547847718,0.37289569055253524,0.6284002065658569,0.8730753660202026,flex,dk,0.0002531158236078231,0.9999999680218186,0.0002552489864623689
l_kohakufa_fp16,0,fp16,65536.0,19,9.98483547847718,0.37289569055253524,0.6284002065658569,0.8730753660202026,flex,dv,0.00022178993704255153,0.9999999754476573,0.00028811221149761004
l_kohakufa_fp16,0,fp16,65536.0,19,9.98483547847718,0.37289569055253524,0.6284002065658569,0.8730753660202026,fa4,dq,0.0003830505514775361,0.9999999266428299,0.00019556478509173767
l_kohakufa_fp16,0,fp16,65536.0,19,9.98483547847718,0.37289569055253524,0.6284002065658569,0.8730753660202026,fa4,dk,0.0002620563002350942,0.9999999656865012,0.00042435552516301796
l_kohakufa_fp16,0,fp16,65536.0,19,9.98483547847718,0.37289569055253524,0.6284002065658569,0.8730753660202026,fa4,dv,0.0002218755518285249,0.9999999754268469,0.00028811221149761004
l_kohakufa_fp16,0,fp16,65536.0,19,9.98483547847718,0.37289569055253524,0.6284002065658569,0.8730753660202026,kohakufa,dq,0.0004140488138769061,0.9999999143121636,0.00023955588111621755
l_kohakufa_fp16,0,fp16,65536.0,19,9.98483547847718,0.37289569055253524,0.6284002065658569,0.8730753660202026,kohakufa,dk,0.00027773636680303895,0.9999999614549065,0.00028011485266460904
l_kohakufa_fp16,0,fp16,65536.0,19,9.98483547847718,0.37289569055253524,0.6284002065658569,0.8730753660202026,kohakufa,dv,0.0002218284397055181,0.9999999754386428,0.00028811221149761004
l_kohakufa_fp16,0,fp16,65536.0,19,9.98483547847718,0.37289569055253524,0.6284002065658569,0.8730753660202026,floor,dq,0.00031972098658879456,0.9999999488895249,0.00018334530123077905
l_kohakufa_fp16,0,fp16,65536.0,19,9.98483547847718,0.37289569055253524,0.6284002065658569,0.8730753660202026,floor,dk,0.00014852432592163913,0.9999999889710791,0.0001938117217901525
l_kohakufa_fp16,0,fp16,65536.0,19,9.98483547847718,0.37289569055253524,0.6284002065658569,0.8730753660202026,floor,dv,8.352137766923318e-05,0.9999999965225713,6.686603679285714e-05
l_kohakufa_fp16,0,fp16,65536.0,19,9.98483547847718,0.37289569055253524,0.6284002065658569,0.8730753660202026,scale*dS,dq,0.00032191498580444526,0.9999999481856617,0.0001852351938518221
l_kohakufa_fp16,0,fp16,65536.0,19,9.98483547847718,0.37289569055253524,0.6284002065658569,0.8730753660202026,scale*dS,dk,0.00015009211923815966,0.9999999887370781,0.00019359578188815458
l_kohakufa_fp16,0,fp16,65536.0,19,9.98483547847718,0.37289569055253524,0.6284002065658569,0.8730753660202026,scale*dS,dv,8.352137766923318e-05,0.9999999965225713,6.686603679285714e-05
l_kohakufa_fp16,0,fp16,65536.0,19,9.98483547847718,0.37289569055253524,0.6284002065658569,0.8730753660202026,single lse,dq,0.0003197665504268097,0.9999999488749536,0.00018334530123077905
l_kohakufa_fp16,0,fp16,65536.0,19,9.98483547847718,0.37289569055253524,0.6284002065658569,0.8730753660202026,single lse,dk,0.00014852237181028953,0.9999999889713691,0.0001938117217901525
l_kohakufa_fp16,0,fp16,65536.0,19,9.98483547847718,0.37289569055253524,0.6284002065658569,0.8730753660202026,single lse,dv,8.349858976192814e-05,0.9999999965245087,6.686603679285714e-05
l_kohakufa_fp16,0,fp16,65536.0,19,9.98483547847718,0.37289569055253524,0.6284002065658569,0.8730753660202026,scale-shift,dq,0.0003196109793070398,0.9999999489250385,0.00018334530123077905
l_kohakufa_fp16,0,fp16,65536.0,19,9.98483547847718,0.37289569055253524,0.6284002065658569,0.8730753660202026,scale-shift,dk,0.0001484787764005711,0.9999999889779364,0.0001938117217901525
l_kohakufa_fp16,0,fp16,65536.0,19,9.98483547847718,0.37289569055253524,0.6284002065658569,0.8730753660202026,scale-shift,dv,8.352303829840864e-05,0.9999999965224325,6.686603679285714e-05
l_kohakufa_fp16,0,fp16,65536.0,19,9.98483547847718,0.37289569055253524,0.6284002065658569,0.8730753660202026,all three,dq,0.00032182655967416627,0.9999999482144444,0.0001852351938518221
l_kohakufa_fp16,0,fp16,65536.0,19,9.98483547847718,0.37289569055253524,0.6284002065658569,0.8730753660202026,all three,dk,0.00015004860317816042,0.9999999887437037,0.00019359578188815458
l_kohakufa_fp16,0,fp16,65536.0,19,9.98483547847718,0.37289569055253524,0.6284002065658569,0.8730753660202026,all three,dv,8.350830481426251e-05,0.9999999965238893,6.686603679285714e-05
l_kohakufa_fp16,0,fp16,65536.0,20,10.006078685866669,0.40551682512734,0.6099854707717896,0.8723397254943848,cudnn,dq,0.00038119968660112007,0.9999999274271929,0.0005271551957707833
l_kohakufa_fp16,0,fp16,65536.0,20,10.006078685866669,0.40551682512734,0.6099854707717896,0.8723397254943848,cudnn,dk,0.000234887492357668,0.9999999724142157,0.0001879144997634414
l_kohakufa_fp16,0,fp16,65536.0,20,10.006078685866669,0.40551682512734,0.6099854707717896,0.8723397254943848,cudnn,dv,0.00022011071221722815,0.9999999757767217,0.0003605668762883122
l_kohakufa_fp16,0,fp16,65536.0,20,10.006078685866669,0.40551682512734,0.6099854707717896,0.8723397254943848,efficient,dq,0.00042673474804210814,0.9999999090119914,0.0004654584689779664
l_kohakufa_fp16,0,fp16,65536.0,20,10.006078685866669,0.40551682512734,0.6099854707717896,0.8723397254943848,efficient,dk,0.00025146544191719504,0.999999968534837,0.0001879144997634414
l_kohakufa_fp16,0,fp16,65536.0,20,10.006078685866669,0.40551682512734,0.6099854707717896,0.8723397254943848,efficient,dv,0.00022005519162815272,0.9999999757902396,0.0003605668762883122
l_kohakufa_fp16,0,fp16,65536.0,20,10.006078685866669,0.40551682512734,0.6099854707717896,0.8723397254943848,flex,dq,0.000384264740480594,0.999999926204994,0.000570736668485797
l_kohakufa_fp16,0,fp16,65536.0,20,10.006078685866669,0.40551682512734,0.6099854707717896,0.8723397254943848,flex,dk,0.00023739447437082017,0.999999971830379,0.0001879144997634414
l_kohakufa_fp16,0,fp16,65536.0,20,10.006078685866669,0.40551682512734,0.6099854707717896,0.8723397254943848,flex,dv,0.00021992001673720154,0.9999999758179469,0.0003605668762883122
l_kohakufa_fp16,0,fp16,65536.0,20,10.006078685866669,0.40551682512734,0.6099854707717896,0.8723397254943848,fa4,dq,0.0003900657649174787,0.9999999239315008,0.0006634672995063524
l_kohakufa_fp16,0,fp16,65536.0,20,10.006078685866669,0.40551682512734,0.6099854707717896,0.8723397254943848,fa4,dk,0.00023708230296105748,0.999999971900841,0.0001879144997634414
l_kohakufa_fp16,0,fp16,65536.0,20,10.006078685866669,0.40551682512734,0.6099854707717896,0.8723397254943848,fa4,dv,0.00021994882491228974,0.9999999758115905,0.0003605668762883122
l_kohakufa_fp16,0,fp16,65536.0,20,10.006078685866669,0.40551682512734,0.6099854707717896,0.8723397254943848,kohakufa,dq,0.0004292304241196327,0.9999999079432085,0.0006760148679936274
l_kohakufa_fp16,0,fp16,65536.0,20,10.006078685866669,0.40551682512734,0.6099854707717896,0.8723397254943848,kohakufa,dk,0.0002513391614166293,0.9999999685397368,0.0001879144997634414
l_kohakufa_fp16,0,fp16,65536.0,20,10.006078685866669,0.40551682512734,0.6099854707717896,0.8723397254943848,kohakufa,dv,0.00022003902977037288,0.99999997579204,0.0003605668762883122
l_kohakufa_fp16,0,fp16,65536.0,20,10.006078685866669,0.40551682512734,0.6099854707717896,0.8723397254943848,floor,dq,0.00032379333123676974,0.9999999475999314,0.0005739490669262453
l_kohakufa_fp16,0,fp16,65536.0,20,10.006078685866669,0.40551682512734,0.6099854707717896,0.8723397254943848,floor,dk,0.00011374740810631969,0.9999999935362504,9.789833646166952e-05
l_kohakufa_fp16,0,fp16,65536.0,20,10.006078685866669,0.40551682512734,0.6099854707717896,0.8723397254943848,floor,dv,6.317288861506087e-05,0.9999999980098907,5.6268299879040197e-05
l_kohakufa_fp16,0,fp16,65536.0,20,10.006078685866669,0.40551682512734,0.6099854707717896,0.8723397254943848,scale*dS,dq,0.0003263304534382494,0.9999999467741918,0.0005740199714038137
l_kohakufa_fp16,0,fp16,65536.0,20,10.006078685866669,0.40551682512734,0.6099854707717896,0.8723397254943848,scale*dS,dk,0.00011465875373116393,0.9999999934321682,9.801941885963862e-05
l_kohakufa_fp16,0,fp16,65536.0,20,10.006078685866669,0.40551682512734,0.6099854707717896,0.8723397254943848,scale*dS,dv,6.317288861506087e-05,0.9999999980098907,5.6268299879040197e-05
l_kohakufa_fp16,0,fp16,65536.0,20,10.006078685866669,0.40551682512734,0.6099854707717896,0.8723397254943848,single lse,dq,0.00032381104721658564,0.9999999475946376,0.0005739490669262453
l_kohakufa_fp16,0,fp16,65536.0,20,10.006078685866669,0.40551682512734,0.6099854707717896,0.8723397254943848,single lse,dk,0.00011377968022266789,0.9999999935326578,9.789833646166952e-05
l_kohakufa_fp16,0,fp16,65536.0,20,10.006078685866669,0.40551682512734,0.6099854707717896,0.8723397254943848,single lse,dv,6.31781290033297e-05,0.9999999980095928,5.6268299879040197e-05
l_kohakufa_fp16,0,fp16,65536.0,20,10.006078685866669,0.40551682512734,0.6099854707717896,0.8723397254943848,scale-shift,dq,0.000323960165259547,0.9999999475449887,0.0005739490669262453
l_kohakufa_fp16,0,fp16,65536.0,20,10.006078685866669,0.40551682512734,0.6099854707717896,0.8723397254943848,scale-shift,dk,0.00011381021418693274,0.9999999935318707,9.688306170982018e-05
l_kohakufa_fp16,0,fp16,65536.0,20,10.006078685866669,0.40551682512734,0.6099854707717896,0.8723397254943848,scale-shift,dv,6.32142704883516e-05,0.9999999980070481,5.6268299879040197e-05
l_kohakufa_fp16,0,fp16,65536.0,20,10.006078685866669,0.40551682512734,0.6099854707717896,0.8723397254943848,all three,dq,0.000326502719588844,0.9999999467173262,0.0005740199714038137
l_kohakufa_fp16,0,fp16,65536.0,20,10.006078685866669,0.40551682512734,0.6099854707717896,0.8723397254943848,all three,dk,0.0001147463513021451,0.9999999934249755,9.700414410778927e-05
l_kohakufa_fp16,0,fp16,65536.0,20,10.006078685866669,0.40551682512734,0.6099854707717896,0.8723397254943848,all three,dv,6.317745553325486e-05,0.999999998009607,5.6268299879040197e-05
l_kohakufa_fp16,0,fp16,65536.0,21,10.819556802976876,0.29292040824883286,0.5268171429634094,0.843464195728302,cudnn,dq,0.00032426170050602965,0.9999999475117791,0.0008202610146930418
l_kohakufa_fp16,0,fp16,65536.0,21,10.819556802976876,0.29292040824883286,0.5268171429634094,0.843464195728302,cudnn,dk,0.00023586440042852334,0.9999999721963555,0.00019179099227468766
l_kohakufa_fp16,0,fp16,65536.0,21,10.819556802976876,0.29292040824883286,0.5268171429634094,0.843464195728302,cudnn,dv,0.0002197983325594339,0.9999999758443862,0.00028242820244839246
l_kohakufa_fp16,0,fp16,65536.0,21,10.819556802976876,0.29292040824883286,0.5268171429634094,0.843464195728302,efficient,dq,0.00036328672155782287,0.9999999340487675,0.0008202610146930418
l_kohakufa_fp16,0,fp16,65536.0,21,10.819556802976876,0.29292040824883286,0.5268171429634094,0.843464195728302,efficient,dk,0.0002512977569927603,0.9999999684298752,0.00019179099227468766
l_kohakufa_fp16,0,fp16,65536.0,21,10.819556802976876,0.29292040824883286,0.5268171429634094,0.843464195728302,efficient,dv,0.00021961182595279025,0.9999999758859061,0.00028242820244839246
l_kohakufa_fp16,0,fp16,65536.0,21,10.819556802976876,0.29292040824883286,0.5268171429634094,0.843464195728302,flex,dq,0.0003197291159085332,0.9999999489925331,0.0008202610146930418
l_kohakufa_fp16,0,fp16,65536.0,21,10.819556802976876,0.29292040824883286,0.5268171429634094,0.843464195728302,flex,dk,0.0002349034012005309,0.9999999724102242,0.00019179099227468766
l_kohakufa_fp16,0,fp16,65536.0,21,10.819556802976876,0.29292040824883286,0.5268171429634094,0.843464195728302,flex,dv,0.00021961091628822376,0.9999999758858267,0.00028242820244839246
l_kohakufa_fp16,0,fp16,65536.0,21,10.819556802976876,0.29292040824883286,0.5268171429634094,0.843464195728302,fa4,dq,0.00031792733708560717,0.999999949461307,0.0004349543061957129
l_kohakufa_fp16,0,fp16,65536.0,21,10.819556802976876,0.29292040824883286,0.5268171429634094,0.843464195728302,fa4,dk,0.00023650933770511204,0.9999999720455482,0.00019179099227468766
l_kohakufa_fp16,0,fp16,65536.0,21,10.819556802976876,0.29292040824883286,0.5268171429634094,0.843464195728302,fa4,dv,0.00021961199721593427,0.9999999758855816,0.00028242820244839246
l_kohakufa_fp16,0,fp16,65536.0,21,10.819556802976876,0.29292040824883286,0.5268171429634094,0.843464195728302,kohakufa,dq,0.0003636144850155428,0.9999999339221268,0.0008202610146930418
l_kohakufa_fp16,0,fp16,65536.0,21,10.819556802976876,0.29292040824883286,0.5268171429634094,0.843464195728302,kohakufa,dk,0.0002506115744339593,0.9999999686028758,0.00019179099227468766
l_kohakufa_fp16,0,fp16,65536.0,21,10.819556802976876,0.29292040824883286,0.5268171429634094,0.843464195728302,kohakufa,dv,0.0002196130976715951,0.9999999758853798,0.00028242820244839246
l_kohakufa_fp16,0,fp16,65536.0,21,10.819556802976876,0.29292040824883286,0.5268171429634094,0.843464195728302,floor,dq,0.0002447940205380908,0.9999999700990944,0.0008723606190334753
l_kohakufa_fp16,0,fp16,65536.0,21,10.819556802976876,0.29292040824883286,0.5268171429634094,0.843464195728302,floor,dk,0.00010267993307021201,0.9999999947288554,8.596607578005669e-05
l_kohakufa_fp16,0,fp16,65536.0,21,10.819556802976876,0.29292040824883286,0.5268171429634094,0.843464195728302,floor,dv,6.0462845907782255e-05,0.999999998184721,5.216731382530255e-05
l_kohakufa_fp16,0,fp16,65536.0,21,10.819556802976876,0.29292040824883286,0.5268171429634094,0.843464195728302,scale*dS,dq,0.0002468796204489134,0.9999999695859861,0.0008721408318522085
l_kohakufa_fp16,0,fp16,65536.0,21,10.819556802976876,0.29292040824883286,0.5268171429634094,0.843464195728302,scale*dS,dk,0.00010411591034016487,0.9999999945803957,8.590682685356164e-05
l_kohakufa_fp16,0,fp16,65536.0,21,10.819556802976876,0.29292040824883286,0.5268171429634094,0.843464195728302,scale*dS,dv,6.0462845907782255e-05,0.999999998184721,5.216731382530255e-05
l_kohakufa_fp16,0,fp16,65536.0,21,10.819556802976876,0.29292040824883286,0.5268171429634094,0.843464195728302,single lse,dq,0.00024481004382181,0.999999970094942,0.0008723606190334753
l_kohakufa_fp16,0,fp16,65536.0,21,10.819556802976876,0.29292040824883286,0.5268171429634094,0.843464195728302,single lse,dk,0.00010265235987121225,0.9999999947316724,8.596607578005669e-05
l_kohakufa_fp16,0,fp16,65536.0,21,10.819556802976876,0.29292040824883286,0.5268171429634094,0.843464195728302,single lse,dv,6.010697744916171e-05,0.9999999982047685,5.216731382530255e-05
l_kohakufa_fp16,0,fp16,65536.0,21,10.819556802976876,0.29292040824883286,0.5268171429634094,0.843464195728302,scale-shift,dq,0.0002448646296730991,0.9999999700818726,0.0008723606190334753
l_kohakufa_fp16,0,fp16,65536.0,21,10.819556802976876,0.29292040824883286,0.5268171429634094,0.843464195728302,scale-shift,dk,0.00010259075427318869,0.9999999947380727,8.624287332576308e-05
l_kohakufa_fp16,0,fp16,65536.0,21,10.819556802976876,0.29292040824883286,0.5268171429634094,0.843464195728302,scale-shift,dv,6.045855690787213e-05,0.9999999981850096,5.216731382530255e-05
l_kohakufa_fp16,0,fp16,65536.0,21,10.819556802976876,0.29292040824883286,0.5268171429634094,0.843464195728302,all three,dq,0.00024696203470247655,0.9999999695655682,0.0008721408318522085
l_kohakufa_fp16,0,fp16,65536.0,21,10.819556802976876,0.29292040824883286,0.5268171429634094,0.843464195728302,all three,dk,0.000104017705322979,0.9999999945907017,8.618362439926803e-05
l_kohakufa_fp16,0,fp16,65536.0,21,10.819556802976876,0.29292040824883286,0.5268171429634094,0.843464195728302,all three,dv,6.046544123308965e-05,0.9999999981845724,5.216731382530255e-05
l_kohakufa_fp16,0,fp16,65536.0,22,11.520480474457145,0.33598449546288967,0.5337439775466919,0.8497632145881653,cudnn,dq,0.0003576987989422392,0.9999999360325373,0.0005460534689448088
l_kohakufa_fp16,0,fp16,65536.0,22,11.520480474457145,0.33598449546288967,0.5337439775466919,0.8497632145881653,cudnn,dk,0.00020321035861843088,0.9999999793527851,0.00025740906083785385
l_kohakufa_fp16,0,fp16,65536.0,22,11.520480474457145,0.33598449546288967,0.5337439775466919,0.8497632145881653,cudnn,dv,0.0002085981778853162,0.9999999782464861,0.00024145442696496541
l_kohakufa_fp16,0,fp16,65536.0,22,11.520480474457145,0.33598449546288967,0.5337439775466919,0.8497632145881653,efficient,dq,0.00038207839143100084,0.9999999270095249,0.000530689575305655
l_kohakufa_fp16,0,fp16,65536.0,22,11.520480474457145,0.33598449546288967,0.5337439775466919,0.8497632145881653,efficient,dk,0.0002119206262301145,0.9999999779518604,0.00026103394346828324
l_kohakufa_fp16,0,fp16,65536.0,22,11.520480474457145,0.33598449546288967,0.5337439775466919,0.8497632145881653,efficient,dv,0.0002086295865000212,0.9999999782375042,0.0002473793569761339
l_kohakufa_fp16,0,fp16,65536.0,22,11.520480474457145,0.33598449546288967,0.5337439775466919,0.8497632145881653,flex,dq,0.00034851040677937105,0.9999999392785511,0.0004837589898590712
l_kohakufa_fp16,0,fp16,65536.0,22,11.520480474457145,0.33598449546288967,0.5337439775466919,0.8497632145881653,flex,dk,0.00020197883675368173,0.9999999796128676,0.00025740906083785385
l_kohakufa_fp16,0,fp16,65536.0,22,11.520480474457145,0.33598449546288967,0.5337439775466919,0.8497632145881653,flex,dv,0.00020858336455932276,0.9999999782492581,0.00024145442696496541
l_kohakufa_fp16,0,fp16,65536.0,22,11.520480474457145,0.33598449546288967,0.5337439775466919,0.8497632145881653,fa4,dq,0.00035273157089093046,0.9999999377924804,0.0005741154265495439
l_kohakufa_fp16,0,fp16,65536.0,22,11.520480474457145,0.33598449546288967,0.5337439775466919,0.8497632145881653,fa4,dk,0.00020231483004609264,0.9999999795462461,0.00025740906083785385
l_kohakufa_fp16,0,fp16,65536.0,22,11.520480474457145,0.33598449546288967,0.5337439775466919,0.8497632145881653,fa4,dv,0.00020856601990489285,0.9999999782518599,0.00024145442696496541
l_kohakufa_fp16,0,fp16,65536.0,22,11.520480474457145,0.33598449546288967,0.5337439775466919,0.8497632145881653,kohakufa,dq,0.00038167392026627547,0.9999999271625708,0.0006769010009874905
l_kohakufa_fp16,0,fp16,65536.0,22,11.520480474457145,0.33598449546288967,0.5337439775466919,0.8497632145881653,kohakufa,dk,0.00021162705521938423,0.9999999780218628,0.00026103394346828324
l_kohakufa_fp16,0,fp16,65536.0,22,11.520480474457145,0.33598449546288967,0.5337439775466919,0.8497632145881653,kohakufa,dv,0.00020859925963479,0.9999999782433412,0.0002473793569761339
l_kohakufa_fp16,0,fp16,65536.0,22,11.520480474457145,0.33598449546288967,0.5337439775466919,0.8497632145881653,floor,dq,0.00028185408895040564,0.9999999602820517,0.0005497403732733781
l_kohakufa_fp16,0,fp16,65536.0,22,11.520480474457145,0.33598449546288967,0.5337439775466919,0.8497632145881653,floor,dk,5.9859664250281784e-05,0.9999999982248653,5.2192548572170536e-05
l_kohakufa_fp16,0,fp16,65536.0,22,11.520480474457145,0.33598449546288967,0.5337439775466919,0.8497632145881653,floor,dv,3.434030652710099e-05,0.9999999994107327,3.716835564330267e-05
l_kohakufa_fp16,0,fp16,65536.0,22,11.520480474457145,0.33598449546288967,0.5337439775466919,0.8497632145881653,scale*dS,dq,0.0002849472358175291,0.9999999594054559,0.0005501827476650887
l_kohakufa_fp16,0,fp16,65536.0,22,11.520480474457145,0.33598449546288967,0.5337439775466919,0.8497632145881653,scale*dS,dk,6.049413662677443e-05,0.9999999981867292,5.21761166483486e-05
l_kohakufa_fp16,0,fp16,65536.0,22,11.520480474457145,0.33598449546288967,0.5337439775466919,0.8497632145881653,scale*dS,dv,3.434030652710099e-05,0.9999999994107327,3.716835564330267e-05
l_kohakufa_fp16,0,fp16,65536.0,22,11.520480474457145,0.33598449546288967,0.5337439775466919,0.8497632145881653,single lse,dq,0.0002818268443955216,0.9999999602898015,0.0005497403732733781
l_kohakufa_fp16,0,fp16,65536.0,22,11.520480474457145,0.33598449546288967,0.5337439775466919,0.8497632145881653,single lse,dk,5.984084110390007e-05,0.9999999982258609,5.2192548572170536e-05
l_kohakufa_fp16,0,fp16,65536.0,22,11.520480474457145,0.33598449546288967,0.5337439775466919,0.8497632145881653,single lse,dv,3.430801866674543e-05,0.9999999994118693,3.716835564330267e-05
l_kohakufa_fp16,0,fp16,65536.0,22,11.520480474457145,0.33598449546288967,0.5337439775466919,0.8497632145881653,scale-shift,dq,0.0002816464146025366,0.9999999603409345,0.0005497403732733781
l_kohakufa_fp16,0,fp16,65536.0,22,11.520480474457145,0.33598449546288967,0.5337439775466919,0.8497632145881653,scale-shift,dk,5.979882393756809e-05,0.999999998228613,5.2192548572170536e-05
l_kohakufa_fp16,0,fp16,65536.0,22,11.520480474457145,0.33598449546288967,0.5337439775466919,0.8497632145881653,scale-shift,dv,3.434300945713637e-05,0.9999999994106429,3.716835564330267e-05
l_kohakufa_fp16,0,fp16,65536.0,22,11.520480474457145,0.33598449546288967,0.5337439775466919,0.8497632145881653,all three,dq,0.0002847408793712704,0.9999999594646555,0.0005501827476650887
l_kohakufa_fp16,0,fp16,65536.0,22,11.520480474457145,0.33598449546288967,0.5337439775466919,0.8497632145881653,all three,dk,6.0423587322319035e-05,0.999999998190898,5.21761166483486e-05
l_kohakufa_fp16,0,fp16,65536.0,22,11.520480474457145,0.33598449546288967,0.5337439775466919,0.8497632145881653,all three,dv,3.423350987373884e-05,0.9999999994143477,3.716835564330267e-05
l_kohakufa_fp16,0,fp16,65536.0,23,10.232944282703102,0.08692826178983915,0.340831995010376,0.735650897026062,cudnn,dq,0.0006032941428200821,0.9999998180381879,0.001505263660247799
l_kohakufa_fp16,0,fp16,65536.0,23,10.232944282703102,0.08692826178983915,0.340831995010376,0.735650897026062,cudnn,dk,0.0002299634355471238,0.9999999735903861,0.0004272733570778378
l_kohakufa_fp16,0,fp16,65536.0,23,10.232944282703102,0.08692826178983915,0.340831995010376,0.735650897026062,cudnn,dv,0.00021030135314347963,0.9999999778922023,0.0002775152237284524
l_kohakufa_fp16,0,fp16,65536.0,23,10.232944282703102,0.08692826178983915,0.340831995010376,0.735650897026062,efficient,dq,0.0006243798320821228,0.9999998050750465,0.001732723454206172
l_kohakufa_fp16,0,fp16,65536.0,23,10.232944282703102,0.08692826178983915,0.340831995010376,0.735650897026062,efficient,dk,0.00023188770228609794,0.9999999731507127,0.00028680749471165384
l_kohakufa_fp16,0,fp16,65536.0,23,10.232944282703102,0.08692826178983915,0.340831995010376,0.735650897026062,efficient,dv,0.00021028311322808177,0.9999999778932201,0.0002775152237284524
l_kohakufa_fp16,0,fp16,65536.0,23,10.232944282703102,0.08692826178983915,0.340831995010376,0.735650897026062,flex,dq,0.0005974229808596083,0.9999998215580188,0.001505263660247799
l_kohakufa_fp16,0,fp16,65536.0,23,10.232944282703102,0.08692826178983915,0.340831995010376,0.735650897026062,flex,dk,0.00022607871181421434,0.999999974498629,0.00028680749471165384
l_kohakufa_fp16,0,fp16,65536.0,23,10.232944282703102,0.08692826178983915,0.340831995010376,0.735650897026062,flex,dv,0.0002102686268892374,0.9999999778952644,0.0002775152237284524
l_kohakufa_fp16,0,fp16,65536.0,23,10.232944282703102,0.08692826178983915,0.340831995010376,0.735650897026062,fa4,dq,0.0006077282623392524,0.9999998153461936,0.001505263660247799
l_kohakufa_fp16,0,fp16,65536.0,23,10.232944282703102,0.08692826178983915,0.340831995010376,0.735650897026062,fa4,dk,0.000226729641027939,0.9999999743469891,0.00028680749471165384
l_kohakufa_fp16,0,fp16,65536.0,23,10.232944282703102,0.08692826178983915,0.340831995010376,0.735650897026062,fa4,dv,0.00021026821428116017,0.9999999778951516,0.0002775152237284524
l_kohakufa_fp16,0,fp16,65536.0,23,10.232944282703102,0.08692826178983915,0.340831995010376,0.735650897026062,kohakufa,dq,0.0006246302496413619,0.9999998049194619,0.0016872314954144976
l_kohakufa_fp16,0,fp16,65536.0,23,10.232944282703102,0.08692826178983915,0.340831995010376,0.735650897026062,kohakufa,dk,0.00023160728470553708,0.999999973189763,0.00028680749471165384
l_kohakufa_fp16,0,fp16,65536.0,23,10.232944282703102,0.08692826178983915,0.340831995010376,0.735650897026062,kohakufa,dv,0.00021026897976283166,0.9999999778954602,0.0002775152237284524
l_kohakufa_fp16,0,fp16,65536.0,23,10.232944282703102,0.08692826178983915,0.340831995010376,0.735650897026062,floor,dq,0.0005621170582357013,0.9999998420284063,0.0015176122398554523
l_kohakufa_fp16,0,fp16,65536.0,23,10.232944282703102,0.08692826178983915,0.340831995010376,0.735650897026062,floor,dk,8.228514548315294e-05,0.9999999966147782,3.5009003378612524e-05
l_kohakufa_fp16,0,fp16,65536.0,23,10.232944282703102,0.08692826178983915,0.340831995010376,0.735650897026062,floor,dv,4.180558930615864e-05,0.999999999126149,5.652850531905643e-05
l_kohakufa_fp16,0,fp16,65536.0,23,10.232944282703102,0.08692826178983915,0.340831995010376,0.735650897026062,scale*dS,dq,0.0005641342080997062,0.999999840892399,0.001524282878141979
l_kohakufa_fp16,0,fp16,65536.0,23,10.232944282703102,0.08692826178983915,0.340831995010376,0.735650897026062,scale*dS,dk,8.36598476035399e-05,0.9999999965007196,3.490077520735511e-05
l_kohakufa_fp16,0,fp16,65536.0,23,10.232944282703102,0.08692826178983915,0.340831995010376,0.735650897026062,scale*dS,dv,4.180558930615864e-05,0.999999999126149,5.652850531905643e-05
l_kohakufa_fp16,0,fp16,65536.0,23,10.232944282703102,0.08692826178983915,0.340831995010376,0.735650897026062,single lse,dq,0.0005621505092799868,0.9999998420095794,0.0015176122398554523
l_kohakufa_fp16,0,fp16,65536.0,23,10.232944282703102,0.08692826178983915,0.340831995010376,0.735650897026062,single lse,dk,8.228760948596096e-05,0.9999999966145746,3.5009003378612524e-05
l_kohakufa_fp16,0,fp16,65536.0,23,10.232944282703102,0.08692826178983915,0.340831995010376,0.735650897026062,single lse,dv,4.181933006410708e-05,0.999999999125575,5.652850531905643e-05
l_kohakufa_fp16,0,fp16,65536.0,23,10.232944282703102,0.08692826178983915,0.340831995010376,0.735650897026062,scale-shift,dq,0.0005620960964698998,0.9999998420407922,0.0015176122398554523
l_kohakufa_fp16,0,fp16,65536.0,23,10.232944282703102,0.08692826178983915,0.340831995010376,0.735650897026062,scale-shift,dk,8.224197435772471e-05,0.9999999966183439,3.5009003378612524e-05
l_kohakufa_fp16,0,fp16,65536.0,23,10.232944282703102,0.08692826178983915,0.340831995010376,0.735650897026062,scale-shift,dv,4.1793212734619686e-05,0.9999999991266664,5.652850531905643e-05
l_kohakufa_fp16,0,fp16,65536.0,23,10.232944282703102,0.08692826178983915,0.340831995010376,0.735650897026062,all three,dq,0.0005641158224840811,0.9999998409033144,0.001524282878141979
l_kohakufa_fp16,0,fp16,65536.0,23,10.232944282703102,0.08692826178983915,0.340831995010376,0.735650897026062,all three,dk,8.363479562489438e-05,0.999999996502795,3.490077520735511e-05
l_kohakufa_fp16,0,fp16,65536.0,23,10.232944282703102,0.08692826178983915,0.340831995010376,0.735650897026062,all three,dv,4.1824971834466964e-05,0.9999999991253384,5.652850531905643e-05
l_kohakufa_fp16,0,bf16,1.0,0,675.7846839427948,0.34434205527362904,1.0,1.0,cudnn,dq,0.014077997497245722,0.999900948140844,0.010832688638790444
l_kohakufa_fp16,0,bf16,1.0,0,675.7846839427948,0.34434205527362904,1.0,1.0,cudnn,dk,0.011841576884013409,0.9999299357287407,0.0072104231189239025
l_kohakufa_fp16,0,bf16,1.0,0,675.7846839427948,0.34434205527362904,1.0,1.0,cudnn,dv,0.0032356374012929303,0.9999947654636198,0.0036765433042001364
l_kohakufa_fp16,0,bf16,1.0,0,675.7846839427948,0.34434205527362904,1.0,1.0,efficient,dq,0.014150397297190273,0.9998999054880519,0.01247824457848744
l_kohakufa_fp16,0,bf16,1.0,0,675.7846839427948,0.34434205527362904,1.0,1.0,efficient,dk,0.012506509390566732,0.9999218077803115,0.008079070452749713
l_kohakufa_fp16,0,bf16,1.0,0,675.7846839427948,0.34434205527362904,1.0,1.0,efficient,dv,0.003253676026086099,0.9999947085977012,0.0036765433042001364
l_kohakufa_fp16,0,bf16,1.0,0,675.7846839427948,0.34434205527362904,1.0,1.0,flex,dq,0.013993761958723785,0.9999021368866738,0.010832688638790444
l_kohakufa_fp16,0,bf16,1.0,0,675.7846839427948,0.34434205527362904,1.0,1.0,flex,dk,0.012278492131437644,0.9999246708822971,0.0073272504358094315
l_kohakufa_fp16,0,bf16,1.0,0,675.7846839427948,0.34434205527362904,1.0,1.0,flex,dv,0.003236655193155324,0.9999947621271296,0.0036765433042001364
l_kohakufa_fp16,0,bf16,1.0,0,675.7846839427948,0.34434205527362904,1.0,1.0,fa4,dq,0.01389692496209299,0.9999034733619625,0.010832688638790444
l_kohakufa_fp16,0,bf16,1.0,0,675.7846839427948,0.34434205527362904,1.0,1.0,fa4,dk,0.011656396759762962,0.9999320663430891,0.006889884461002954
l_kohakufa_fp16,0,bf16,1.0,0,675.7846839427948,0.34434205527362904,1.0,1.0,fa4,dv,0.003234811957078006,0.9999947681231361,0.0036765433042001364
l_kohakufa_fp16,0,bf16,1.0,0,675.7846839427948,0.34434205527362904,1.0,1.0,kohakufa,dq,0.014184787595975515,0.9998994193116809,0.01247824457848744
l_kohakufa_fp16,0,bf16,1.0,0,675.7846839427948,0.34434205527362904,1.0,1.0,kohakufa,dk,0.01206000808647344,0.9999272844816041,0.0072104231189239025
l_kohakufa_fp16,0,bf16,1.0,0,675.7846839427948,0.34434205527362904,1.0,1.0,kohakufa,dv,0.0032354374517016347,0.9999947660802168,0.0036765433042001364
l_kohakufa_fp16,0,bf16,1.0,0,675.7846839427948,0.34434205527362904,1.0,1.0,floor,dq,0.013937947406983394,0.9999029157068521,0.01107112724619151
l_kohakufa_fp16,0,bf16,1.0,0,675.7846839427948,0.34434205527362904,1.0,1.0,floor,dk,0.011983813760814713,0.9999282593015931,0.007259630101328476
l_kohakufa_fp16,0,bf16,1.0,0,675.7846839427948,0.34434205527362904,1.0,1.0,floor,dv,0.0028117122422550225,0.9999960524776105,0.003468739200880587
l_kohakufa_fp16,0,bf16,1.0,0,675.7846839427948,0.34434205527362904,1.0,1.0,scale*dS,dq,0.013937947406983394,0.9999029157068521,0.01107112724619151
l_kohakufa_fp16,0,bf16,1.0,0,675.7846839427948,0.34434205527362904,1.0,1.0,scale*dS,dk,0.011983813760814713,0.9999282593015931,0.007259630101328476
l_kohakufa_fp16,0,bf16,1.0,0,675.7846839427948,0.34434205527362904,1.0,1.0,scale*dS,dv,0.0028117122422550225,0.9999960524776105,0.003468739200880587
l_kohakufa_fp16,0,bf16,1.0,0,675.7846839427948,0.34434205527362904,1.0,1.0,single lse,dq,0.013939234166172933,0.9999028977173721,0.01107112724619151
l_kohakufa_fp16,0,bf16,1.0,0,675.7846839427948,0.34434205527362904,1.0,1.0,single lse,dk,0.011984302616357387,0.9999282533745768,0.007259630101328476
l_kohakufa_fp16,0,bf16,1.0,0,675.7846839427948,0.34434205527362904,1.0,1.0,single lse,dv,0.002812949920285364,0.999996048866393,0.003468739200880587
l_kohakufa_fp16,0,bf16,1.0,0,675.7846839427948,0.34434205527362904,1.0,1.0,scale-shift,dq,0.013999153891391692,0.9999020604227484,0.01107112724619151
l_kohakufa_fp16,0,bf16,1.0,0,675.7846839427948,0.34434205527362904,1.0,1.0,scale-shift,dk,0.01185924450587923,0.9999297539574434,0.007262625520753987
l_kohakufa_fp16,0,bf16,1.0,0,675.7846839427948,0.34434205527362904,1.0,1.0,scale-shift,dv,0.0028127315841923327,0.9999960495841208,0.003468739200880587
l_kohakufa_fp16,0,bf16,1.0,0,675.7846839427948,0.34434205527362904,1.0,1.0,all three,dq,0.014000655584015038,0.9999020393756839,0.01107112724619151
l_kohakufa_fp16,0,bf16,1.0,0,675.7846839427948,0.34434205527362904,1.0,1.0,all three,dk,0.01186076388664637,0.9999297362856111,0.007262625520753987
l_kohakufa_fp16,0,bf16,1.0,0,675.7846839427948,0.34434205527362904,1.0,1.0,all three,dv,0.002814197145599301,0.9999960453515806,0.003468739200880587
l_kohakufa_fp16,0,bf16,1.0,1,34374.50715637207,0.4542617704408657,1.0,1.0,cudnn,dq,0.049138694930016734,0.9987949939745754,0.021274884905379206
l_kohakufa_fp16,0,bf16,1.0,1,34374.50715637207,0.4542617704408657,1.0,1.0,cudnn,dk,0.02136857398434075,0.9997716833926664,0.015654482164738352
l_kohakufa_fp16,0,bf16,1.0,1,34374.50715637207,0.4542617704408657,1.0,1.0,cudnn,dv,0.0012414371427954003,0.9999992303522219,0.003222521050446526
l_kohakufa_fp16,0,bf16,1.0,1,34374.50715637207,0.4542617704408657,1.0,1.0,efficient,dq,0.04932971257064048,0.9987852631359008,0.021534800119191105
l_kohakufa_fp16,0,bf16,1.0,1,34374.50715637207,0.4542617704408657,1.0,1.0,efficient,dk,0.02094364948947034,0.9997808374403441,0.014106494600215094
l_kohakufa_fp16,0,bf16,1.0,1,34374.50715637207,0.4542617704408657,1.0,1.0,efficient,dv,0.0012399586345286694,0.999999232286228,0.003222521050446526
l_kohakufa_fp16,0,bf16,1.0,1,34374.50715637207,0.4542617704408657,1.0,1.0,flex,dq,0.048761122765396084,0.998813490463277,0.02134419562906238
l_kohakufa_fp16,0,bf16,1.0,1,34374.50715637207,0.4542617704408657,1.0,1.0,flex,dk,0.0209866296884481,0.9997797773710217,0.014445116879954556
l_kohakufa_fp16,0,bf16,1.0,1,34374.50715637207,0.4542617704408657,1.0,1.0,flex,dv,0.0012417919517374494,0.999999229727235,0.003222521050446526
l_kohakufa_fp16,0,bf16,1.0,1,34374.50715637207,0.4542617704408657,1.0,1.0,fa4,dq,0.04958563081100192,0.9987728902388747,0.023024980678379322
l_kohakufa_fp16,0,bf16,1.0,1,34374.50715637207,0.4542617704408657,1.0,1.0,fa4,dk,0.02200316780897742,0.9997580142537833,0.015654482164738352
l_kohakufa_fp16,0,bf16,1.0,1,34374.50715637207,0.4542617704408657,1.0,1.0,fa4,dv,0.0012409007475123704,0.9999992310383401,0.003222521050446526
l_kohakufa_fp16,0,bf16,1.0,1,34374.50715637207,0.4542617704408657,1.0,1.0,kohakufa,dq,0.048875784571181774,0.9988074391529025,0.021534800119191105
l_kohakufa_fp16,0,bf16,1.0,1,34374.50715637207,0.4542617704408657,1.0,1.0,kohakufa,dk,0.020947444395770582,0.9997808758466894,0.014445116879954556
l_kohakufa_fp16,0,bf16,1.0,1,34374.50715637207,0.4542617704408657,1.0,1.0,kohakufa,dv,0.0012310567552350053,0.9999992431511048,0.003222521050446526
l_kohakufa_fp16,0,bf16,1.0,1,34374.50715637207,0.4542617704408657,1.0,1.0,floor,dq,0.04885643450121636,0.9988085860650321,0.02172812872489914
l_kohakufa_fp16,0,bf16,1.0,1,34374.50715637207,0.4542617704408657,1.0,1.0,floor,dk,0.020393698379606227,0.999792132422184,0.0139908123802791
l_kohakufa_fp16,0,bf16,1.0,1,34374.50715637207,0.4542617704408657,1.0,1.0,floor,dv,0.000990992412756337,0.9999995089673356,0.0036892463482015463
l_kohakufa_fp16,0,bf16,1.0,1,34374.50715637207,0.4542617704408657,1.0,1.0,scale*dS,dq,0.04885643450121636,0.9988085860650321,0.02172812872489914
l_kohakufa_fp16,0,bf16,1.0,1,34374.50715637207,0.4542617704408657,1.0,1.0,scale*dS,dk,0.020393698379606227,0.999792132422184,0.0139908123802791
l_kohakufa_fp16,0,bf16,1.0,1,34374.50715637207,0.4542617704408657,1.0,1.0,scale*dS,dv,0.000990992412756337,0.9999995089673356,0.0036892463482015463
l_kohakufa_fp16,0,bf16,1.0,1,34374.50715637207,0.4542617704408657,1.0,1.0,single lse,dq,0.04885713754408533,0.9988085520980828,0.02172812872489914
l_kohakufa_fp16,0,bf16,1.0,1,34374.50715637207,0.4542617704408657,1.0,1.0,single lse,dk,0.020392689158349117,0.9997921521624862,0.0139908123802791
l_kohakufa_fp16,0,bf16,1.0,1,34374.50715637207,0.4542617704408657,1.0,1.0,single lse,dv,0.001000617225755721,0.9999994994197232,0.003356219789027953
l_kohakufa_fp16,0,bf16,1.0,1,34374.50715637207,0.4542617704408657,1.0,1.0,scale-shift,dq,0.04883556849953333,0.9988095917815977,0.02170146034098198
l_kohakufa_fp16,0,bf16,1.0,1,34374.50715637207,0.4542617704408657,1.0,1.0,scale-shift,dk,0.02165424700349006,0.9997657795877062,0.016444602663936884
l_kohakufa_fp16,0,bf16,1.0,1,34374.50715637207,0.4542617704408657,1.0,1.0,scale-shift,dv,0.0010198362696307304,0.9999994801329728,0.0032991453537619293
l_kohakufa_fp16,0,bf16,1.0,1,34374.50715637207,0.4542617704408657,1.0,1.0,all three,dq,0.04883797938815914,0.9988094740013178,0.02170146034098198
l_kohakufa_fp16,0,bf16,1.0,1,34374.50715637207,0.4542617704408657,1.0,1.0,all three,dk,0.021653358410080804,0.9997657902113946,0.0164462118047577
l_kohakufa_fp16,0,bf16,1.0,1,34374.50715637207,0.4542617704408657,1.0,1.0,all three,dv,0.0009658951061644189,0.9999995335399404,0.002296213188330898
l_kohakufa_fp16,0,bf16,1.0,2,53.23256015777588,0.22373094801614868,1.0,1.0,cudnn,dq,0.008136724801910106,0.9999669002491984,0.010789003801043053
l_kohakufa_fp16,0,bf16,1.0,2,53.23256015777588,0.22373094801614868,1.0,1.0,cudnn,dk,0.00542375785468365,0.9999852920892416,0.007030191977866072
l_kohakufa_fp16,0,bf16,1.0,2,53.23256015777588,0.22373094801614868,1.0,1.0,cudnn,dv,0.002915133840884131,0.9999957622568121,0.0037132959797217756
l_kohakufa_fp16,0,bf16,1.0,2,53.23256015777588,0.22373094801614868,1.0,1.0,efficient,dq,0.008588125814856414,0.9999631289374952,0.014101343778861975
l_kohakufa_fp16,0,bf16,1.0,2,53.23256015777588,0.22373094801614868,1.0,1.0,efficient,dk,0.006075083579774024,0.9999815478124082,0.0070210363707101766
l_kohakufa_fp16,0,bf16,1.0,2,53.23256015777588,0.22373094801614868,1.0,1.0,efficient,dv,0.002897911258766582,0.9999958096103607,0.002462355791688457
l_kohakufa_fp16,0,bf16,1.0,2,53.23256015777588,0.22373094801614868,1.0,1.0,flex,dq,0.008332012711381964,0.9999652912777193,0.010789003801043053
l_kohakufa_fp16,0,bf16,1.0,2,53.23256015777588,0.22373094801614868,1.0,1.0,flex,dk,0.005428084649089268,0.9999852705500357,0.006778063013405149
l_kohakufa_fp16,0,bf16,1.0,2,53.23256015777588,0.22373094801614868,1.0,1.0,flex,dv,0.0028977609670185617,0.9999958099693101,0.002462355791688457
l_kohakufa_fp16,0,bf16,1.0,2,53.23256015777588,0.22373094801614868,1.0,1.0,fa4,dq,0.008252388982356683,0.9999659503469244,0.010789003801043053
l_kohakufa_fp16,0,bf16,1.0,2,53.23256015777588,0.22373094801614868,1.0,1.0,fa4,dk,0.0049796261454942365,0.9999876319848042,0.006778063013405149
l_kohakufa_fp16,0,bf16,1.0,2,53.23256015777588,0.22373094801614868,1.0,1.0,fa4,dv,0.002898126471031827,0.9999958089624942,0.002462355791688457
l_kohakufa_fp16,0,bf16,1.0,2,53.23256015777588,0.22373094801614868,1.0,1.0,kohakufa,dq,0.008591733152098737,0.9999630983532336,0.014101343778861975
l_kohakufa_fp16,0,bf16,1.0,2,53.23256015777588,0.22373094801614868,1.0,1.0,kohakufa,dk,0.0060073008377562725,0.9999819572033578,0.0070210363707101766
l_kohakufa_fp16,0,bf16,1.0,2,53.23256015777588,0.22373094801614868,1.0,1.0,kohakufa,dv,0.002897907618942239,0.9999958095521693,0.002462355791688457
l_kohakufa_fp16,0,bf16,1.0,2,53.23256015777588,0.22373094801614868,1.0,1.0,floor,dq,0.00809098957345709,0.9999672674201621,0.010857086788122394
l_kohakufa_fp16,0,bf16,1.0,2,53.23256015777588,0.22373094801614868,1.0,1.0,floor,dk,0.004862766866611498,0.9999881818774603,0.0057616992919928625
l_kohakufa_fp16,0,bf16,1.0,2,53.23256015777588,0.22373094801614868,1.0,1.0,floor,dv,0.002415584587082947,0.9999970872420221,0.002468098719332733
l_kohakufa_fp16,0,bf16,1.0,2,53.23256015777588,0.22373094801614868,1.0,1.0,scale*dS,dq,0.00809098957345709,0.9999672674201621,0.010857086788122394
l_kohakufa_fp16,0,bf16,1.0,2,53.23256015777588,0.22373094801614868,1.0,1.0,scale*dS,dk,0.004862766866611498,0.9999881818774603,0.0057616992919928625
l_kohakufa_fp16,0,bf16,1.0,2,53.23256015777588,0.22373094801614868,1.0,1.0,scale*dS,dv,0.002415584587082947,0.9999970872420221,0.002468098719332733
l_kohakufa_fp16,0,bf16,1.0,2,53.23256015777588,0.22373094801614868,1.0,1.0,single lse,dq,0.008090962467526452,0.9999672676395204,0.010857086788122394
l_kohakufa_fp16,0,bf16,1.0,2,53.23256015777588,0.22373094801614868,1.0,1.0,single lse,dk,0.004862828147984551,0.9999881815951378,0.0057616992919928625
l_kohakufa_fp16,0,bf16,1.0,2,53.23256015777588,0.22373094801614868,1.0,1.0,single lse,dv,0.0024156985861045815,0.9999970869679057,0.002468098719332733
l_kohakufa_fp16,0,bf16,1.0,2,53.23256015777588,0.22373094801614868,1.0,1.0,scale-shift,dq,0.008091201947421118,0.9999672657024012,0.010857086788122394
l_kohakufa_fp16,0,bf16,1.0,2,53.23256015777588,0.22373094801614868,1.0,1.0,scale-shift,dk,0.004863868753030507,0.9999881764729219,0.0057616992919928625
l_kohakufa_fp16,0,bf16,1.0,2,53.23256015777588,0.22373094801614868,1.0,1.0,scale-shift,dv,0.0024155630858890306,0.9999970872987107,0.002468098719332733
l_kohakufa_fp16,0,bf16,1.0,2,53.23256015777588,0.22373094801614868,1.0,1.0,all three,dq,0.008091240435534362,0.9999672653914906,0.010857086788122394
l_kohakufa_fp16,0,bf16,1.0,2,53.23256015777588,0.22373094801614868,1.0,1.0,all three,dk,0.00486441927189641,0.999988173870117,0.0057616992919928625
l_kohakufa_fp16,0,bf16,1.0,2,53.23256015777588,0.22373094801614868,1.0,1.0,all three,dv,0.002415663183765042,0.9999970870557009,0.002468098719332733
l_kohakufa_fp16,0,bf16,1.0,3,18.50386482477188,0.22869307340324047,1.0,1.0,cudnn,dq,0.004873939842110566,0.9999881243801256,0.0030188687123497153
l_kohakufa_fp16,0,bf16,1.0,3,18.50386482477188,0.22869307340324047,1.0,1.0,cudnn,dk,0.004001734223214275,0.9999919962195509,0.002462406478938446
l_kohakufa_fp16,0,bf16,1.0,3,18.50386482477188,0.22869307340324047,1.0,1.0,cudnn,dv,0.002848982369718633,0.9999959437029926,0.004014772016655206
l_kohakufa_fp16,0,bf16,1.0,3,18.50386482477188,0.22869307340324047,1.0,1.0,efficient,dq,0.004685073360363406,0.9999890845829962,0.0036971637424504096
l_kohakufa_fp16,0,bf16,1.0,3,18.50386482477188,0.22869307340324047,1.0,1.0,efficient,dk,0.004202098169872323,0.9999911713480109,0.0044791331160892135
l_kohakufa_fp16,0,bf16,1.0,3,18.50386482477188,0.22869307340324047,1.0,1.0,efficient,dv,0.0028490246184656627,0.9999959437297421,0.004014772016655206
l_kohakufa_fp16,0,bf16,1.0,3,18.50386482477188,0.22869307340324047,1.0,1.0,flex,dq,0.004478009877008209,0.9999899736872565,0.0030188687123497153
l_kohakufa_fp16,0,bf16,1.0,3,18.50386482477188,0.22869307340324047,1.0,1.0,flex,dk,0.003698483847247809,0.9999931690985591,0.002462406478938446
l_kohakufa_fp16,0,bf16,1.0,3,18.50386482477188,0.22869307340324047,1.0,1.0,flex,dv,0.002848848063489984,0.9999959442511623,0.004014772016655206
l_kohakufa_fp16,0,bf16,1.0,3,18.50386482477188,0.22869307340324047,1.0,1.0,fa4,dq,0.004724974497776037,0.9999888687544592,0.0028714766447520234
l_kohakufa_fp16,0,bf16,1.0,3,18.50386482477188,0.22869307340324047,1.0,1.0,fa4,dk,0.003941168206055875,0.9999922347083445,0.002462406478938446
l_kohakufa_fp16,0,bf16,1.0,3,18.50386482477188,0.22869307340324047,1.0,1.0,fa4,dv,0.0028484936644978245,0.9999959452591202,0.004014772016655206
l_kohakufa_fp16,0,bf16,1.0,3,18.50386482477188,0.22869307340324047,1.0,1.0,kohakufa,dq,0.004722091926736835,0.9999889052563786,0.0036971637424504096
l_kohakufa_fp16,0,bf16,1.0,3,18.50386482477188,0.22869307340324047,1.0,1.0,kohakufa,dk,0.004189140600262656,0.9999912255158508,0.0044791331160892135
l_kohakufa_fp16,0,bf16,1.0,3,18.50386482477188,0.22869307340324047,1.0,1.0,kohakufa,dv,0.0028490587343776765,0.9999959436431789,0.004014772016655206
l_kohakufa_fp16,0,bf16,1.0,3,18.50386482477188,0.22869307340324047,1.0,1.0,floor,dq,0.004166901443269025,0.9999913203890163,0.0026384817556279147
l_kohakufa_fp16,0,bf16,1.0,3,18.50386482477188,0.22869307340324047,1.0,1.0,floor,dk,0.00330832467643247,0.9999945284023055,0.0015357225373094862
l_kohakufa_fp16,0,bf16,1.0,3,18.50386482477188,0.22869307340324047,1.0,1.0,floor,dv,0.0023322404794285734,0.9999972831139397,0.003919388098566685
l_kohakufa_fp16,0,bf16,1.0,3,18.50386482477188,0.22869307340324047,1.0,1.0,scale*dS,dq,0.004166901443269025,0.9999913203890163,0.0026384817556279147
l_kohakufa_fp16,0,bf16,1.0,3,18.50386482477188,0.22869307340324047,1.0,1.0,scale*dS,dk,0.00330832467643247,0.9999945284023055,0.0015357225373094862
l_kohakufa_fp16,0,bf16,1.0,3,18.50386482477188,0.22869307340324047,1.0,1.0,scale*dS,dv,0.0023322404794285734,0.9999972831139397,0.003919388098566685
l_kohakufa_fp16,0,bf16,1.0,3,18.50386482477188,0.22869307340324047,1.0,1.0,single lse,dq,0.004166885202440945,0.999991320461813,0.0026384817556279147
l_kohakufa_fp16,0,bf16,1.0,3,18.50386482477188,0.22869307340324047,1.0,1.0,single lse,dk,0.0033083139272238973,0.99999452843382,0.0015357225373094862
l_kohakufa_fp16,0,bf16,1.0,3,18.50386482477188,0.22869307340324047,1.0,1.0,single lse,dv,0.0023322506818205316,0.9999972830872796,0.003919388098566685
l_kohakufa_fp16,0,bf16,1.0,3,18.50386482477188,0.22869307340324047,1.0,1.0,scale-shift,dq,0.004166861057213678,0.9999913205594734,0.0026384817556279147
l_kohakufa_fp16,0,bf16,1.0,3,18.50386482477188,0.22869307340324047,1.0,1.0,scale-shift,dk,0.0033083539086554434,0.9999945282916609,0.0015357225373094862
l_kohakufa_fp16,0,bf16,1.0,3,18.50386482477188,0.22869307340324047,1.0,1.0,scale-shift,dv,0.0023323628609740557,0.9999972828294437,0.003919388098566685
l_kohakufa_fp16,0,bf16,1.0,3,18.50386482477188,0.22869307340324047,1.0,1.0,all three,dq,0.0041667994254998815,0.9999913208154596,0.0026384817556279147
l_kohakufa_fp16,0,bf16,1.0,3,18.50386482477188,0.22869307340324047,1.0,1.0,all three,dk,0.003308313861931396,0.9999945284211184,0.0015357225373094862
l_kohakufa_fp16,0,bf16,1.0,3,18.50386482477188,0.22869307340324047,1.0,1.0,all three,dv,0.002332365357354658,0.9999972828210459,0.003919388098566685
l_kohakufa_fp16,0,bf16,1.0,4,69.50308728218079,0.21730874572566264,1.0,1.0,cudnn,dq,0.01529648093251596,0.999883204402212,0.030604724768147476
l_kohakufa_fp16,0,bf16,1.0,4,69.50308728218079,0.21730874572566264,1.0,1.0,cudnn,dk,0.009624674549406725,0.9999537136003989,0.008680118770654352
l_kohakufa_fp16,0,bf16,1.0,4,69.50308728218079,0.21730874572566264,1.0,1.0,cudnn,dv,0.001938186714362311,0.9999981217329998,0.0021687559039696483
l_kohakufa_fp16,0,bf16,1.0,4,69.50308728218079,0.21730874572566264,1.0,1.0,efficient,dq,0.01542322063366241,0.999881182775237,0.030604724768147476
l_kohakufa_fp16,0,bf16,1.0,4,69.50308728218079,0.21730874572566264,1.0,1.0,efficient,dk,0.009758810450694884,0.999952390638306,0.008680118770654352
l_kohakufa_fp16,0,bf16,1.0,4,69.50308728218079,0.21730874572566264,1.0,1.0,efficient,dv,0.0019386623540171173,0.9999981208280735,0.0021687559039696483
l_kohakufa_fp16,0,bf16,1.0,4,69.50308728218079,0.21730874572566264,1.0,1.0,flex,dq,0.01526406227188864,0.9998837145694761,0.030604724768147476
l_kohakufa_fp16,0,bf16,1.0,4,69.50308728218079,0.21730874572566264,1.0,1.0,flex,dk,0.009605476379821962,0.999953896760108,0.008680118770654352
l_kohakufa_fp16,0,bf16,1.0,4,69.50308728218079,0.21730874572566264,1.0,1.0,flex,dv,0.001938592151335527,0.9999981209640231,0.0021687559039696483
l_kohakufa_fp16,0,bf16,1.0,4,69.50308728218079,0.21730874572566264,1.0,1.0,fa4,dq,0.014857244743851661,0.9998897962265151,0.030604724768147476
l_kohakufa_fp16,0,bf16,1.0,4,69.50308728218079,0.21730874572566264,1.0,1.0,fa4,dk,0.009328400985067873,0.999956517753879,0.008680118770654352
l_kohakufa_fp16,0,bf16,1.0,4,69.50308728218079,0.21730874572566264,1.0,1.0,fa4,dv,0.0019385365218921459,0.9999981210676795,0.0021687559039696483
l_kohakufa_fp16,0,bf16,1.0,4,69.50308728218079,0.21730874572566264,1.0,1.0,kohakufa,dq,0.01541715220255877,0.9998812719544864,0.030604724768147476
l_kohakufa_fp16,0,bf16,1.0,4,69.50308728218079,0.21730874572566264,1.0,1.0,kohakufa,dk,0.009757948515364157,0.9999523995511311,0.008680118770654352
l_kohakufa_fp16,0,bf16,1.0,4,69.50308728218079,0.21730874572566264,1.0,1.0,kohakufa,dv,0.00193866261519418,0.9999981208273144,0.0021687559039696483
l_kohakufa_fp16,0,bf16,1.0,4,69.50308728218079,0.21730874572566264,1.0,1.0,floor,dq,0.015179074648722798,0.9998849660369238,0.030604254523715946
l_kohakufa_fp16,0,bf16,1.0,4,69.50308728218079,0.21730874572566264,1.0,1.0,floor,dk,0.009466555697959048,0.9999552238532254,0.008670335796255061
l_kohakufa_fp16,0,bf16,1.0,4,69.50308728218079,0.21730874572566264,1.0,1.0,floor,dv,0.0013593301967812208,0.9999990817541877,0.0013409207150482515
l_kohakufa_fp16,0,bf16,1.0,4,69.50308728218079,0.21730874572566264,1.0,1.0,scale*dS,dq,0.015179074648722798,0.9998849660369238,0.030604254523715946
l_kohakufa_fp16,0,bf16,1.0,4,69.50308728218079,0.21730874572566264,1.0,1.0,scale*dS,dk,0.009466555697959048,0.9999552238532254,0.008670335796255061
l_kohakufa_fp16,0,bf16,1.0,4,69.50308728218079,0.21730874572566264,1.0,1.0,scale*dS,dv,0.0013593301967812208,0.9999990817541877,0.0013409207150482515
l_kohakufa_fp16,0,bf16,1.0,4,69.50308728218079,0.21730874572566264,1.0,1.0,single lse,dq,0.015179081838772973,0.99988496592121,0.030604254523715946
l_kohakufa_fp16,0,bf16,1.0,4,69.50308728218079,0.21730874572566264,1.0,1.0,single lse,dk,0.009466582201910172,0.9999552236147511,0.008670335796255061
l_kohakufa_fp16,0,bf16,1.0,4,69.50308728218079,0.21730874572566264,1.0,1.0,single lse,dv,0.001360244364048624,0.9999990805474401,0.0013409207150482515
l_kohakufa_fp16,0,bf16,1.0,4,69.50308728218079,0.21730874572566264,1.0,1.0,scale-shift,dq,0.015178685757525665,0.9998849719412398,0.030604254523715946
l_kohakufa_fp16,0,bf16,1.0,4,69.50308728218079,0.21730874572566264,1.0,1.0,scale-shift,dk,0.009466680541736787,0.9999552226629155,0.008670335796255061
l_kohakufa_fp16,0,bf16,1.0,4,69.50308728218079,0.21730874572566264,1.0,1.0,scale-shift,dv,0.0013592868115443917,0.9999990818162712,0.0013409207150482515
l_kohakufa_fp16,0,bf16,1.0,4,69.50308728218079,0.21730874572566264,1.0,1.0,all three,dq,0.015178686815549987,0.9998849719051037,0.030604254523715946
l_kohakufa_fp16,0,bf16,1.0,4,69.50308728218079,0.21730874572566264,1.0,1.0,all three,dk,0.009466688150156421,0.9999552225861275,0.008670335796255061
l_kohakufa_fp16,0,bf16,1.0,4,69.50308728218079,0.21730874572566264,1.0,1.0,all three,dv,0.001360202648683957,0.9999990806052387,0.0013409207150482515
l_kohakufa_fp16,0,bf16,1.0,5,17.35153478384018,0.24426234582906514,1.0,1.0,cudnn,dq,0.003489102809203393,0.9999939213709552,0.005779014074412869
l_kohakufa_fp16,0,bf16,1.0,5,17.35153478384018,0.24426234582906514,1.0,1.0,cudnn,dk,0.002961895079471409,0.999995625946269,0.00433307253046593
l_kohakufa_fp16,0,bf16,1.0,5,17.35153478384018,0.24426234582906514,1.0,1.0,cudnn,dv,0.0023542998315102823,0.9999972300096633,0.0026620094700549202
l_kohakufa_fp16,0,bf16,1.0,5,17.35153478384018,0.24426234582906514,1.0,1.0,efficient,dq,0.00341592649226494,0.9999941660693377,0.004898319466034244
l_kohakufa_fp16,0,bf16,1.0,5,17.35153478384018,0.24426234582906514,1.0,1.0,efficient,dk,0.0031758799731506117,0.9999949761144891,0.0041733858869212334
l_kohakufa_fp16,0,bf16,1.0,5,17.35153478384018,0.24426234582906514,1.0,1.0,efficient,dv,0.0023554643448338497,0.9999972271578558,0.0026620094700549202
l_kohakufa_fp16,0,bf16,1.0,5,17.35153478384018,0.24426234582906514,1.0,1.0,flex,dq,0.003000319026073864,0.999995501512816,0.004551440100667758
l_kohakufa_fp16,0,bf16,1.0,5,17.35153478384018,0.24426234582906514,1.0,1.0,flex,dk,0.00262785371814614,0.9999965558819625,0.003158282250377049
l_kohakufa_fp16,0,bf16,1.0,5,17.35153478384018,0.24426234582906514,1.0,1.0,flex,dv,0.0023554302336443425,0.9999972272498383,0.0026620094700549202
l_kohakufa_fp16,0,bf16,1.0,5,17.35153478384018,0.24426234582906514,1.0,1.0,fa4,dq,0.0030858480571556886,0.9999952393771074,0.004551440100667758
l_kohakufa_fp16,0,bf16,1.0,5,17.35153478384018,0.24426234582906514,1.0,1.0,fa4,dk,0.0025858884499826403,0.9999966566809321,0.003158282250377049
l_kohakufa_fp16,0,bf16,1.0,5,17.35153478384018,0.24426234582906514,1.0,1.0,fa4,dv,0.0023554869823381604,0.9999972271205152,0.0026620094700549202
l_kohakufa_fp16,0,bf16,1.0,5,17.35153478384018,0.24426234582906514,1.0,1.0,kohakufa,dq,0.003405246633232935,0.9999942023290815,0.004898319466034244
l_kohakufa_fp16,0,bf16,1.0,5,17.35153478384018,0.24426234582906514,1.0,1.0,kohakufa,dk,0.0031732821415253916,0.9999949821780275,0.0041733858869212334
l_kohakufa_fp16,0,bf16,1.0,5,17.35153478384018,0.24426234582906514,1.0,1.0,kohakufa,dv,0.002355460428331924,0.9999972271742127,0.0026620094700549202
l_kohakufa_fp16,0,bf16,1.0,5,17.35153478384018,0.24426234582906514,1.0,1.0,floor,dq,0.0024842959986392885,0.9999969160699438,0.0032983411103558852
l_kohakufa_fp16,0,bf16,1.0,5,17.35153478384018,0.24426234582906514,1.0,1.0,floor,dk,0.002044701747638741,0.999997915563962,0.0021751658609802473
l_kohakufa_fp16,0,bf16,1.0,5,17.35153478384018,0.24426234582906514,1.0,1.0,floor,dv,0.0016874559734971685,0.999998576256855,0.001528029872114402
l_kohakufa_fp16,0,bf16,1.0,5,17.35153478384018,0.24426234582906514,1.0,1.0,scale*dS,dq,0.0024842959986392885,0.9999969160699438,0.0032983411103558852
l_kohakufa_fp16,0,bf16,1.0,5,17.35153478384018,0.24426234582906514,1.0,1.0,scale*dS,dk,0.002044701747638741,0.999997915563962,0.0021751658609802473
l_kohakufa_fp16,0,bf16,1.0,5,17.35153478384018,0.24426234582906514,1.0,1.0,scale*dS,dv,0.0016874559734971685,0.999998576256855,0.001528029872114402
l_kohakufa_fp16,0,bf16,1.0,5,17.35153478384018,0.24426234582906514,1.0,1.0,single lse,dq,0.0024856229181278336,0.9999969127595313,0.0032983411103558852
l_kohakufa_fp16,0,bf16,1.0,5,17.35153478384018,0.24426234582906514,1.0,1.0,single lse,dk,0.0020448359115470397,0.9999979151755549,0.0021751658609802473
l_kohakufa_fp16,0,bf16,1.0,5,17.35153478384018,0.24426234582906514,1.0,1.0,single lse,dv,0.0016872059609640672,0.9999985766788506,0.001528029872114402
l_kohakufa_fp16,0,bf16,1.0,5,17.35153478384018,0.24426234582906514,1.0,1.0,scale-shift,dq,0.002485708773223518,0.9999969125533379,0.0032983411103558852
l_kohakufa_fp16,0,bf16,1.0,5,17.35153478384018,0.24426234582906514,1.0,1.0,scale-shift,dk,0.0020450136672681652,0.9999979148082396,0.0021751658609802473
l_kohakufa_fp16,0,bf16,1.0,5,17.35153478384018,0.24426234582906514,1.0,1.0,scale-shift,dv,0.0016872415742773608,0.999998576618846,0.001528029872114402
l_kohakufa_fp16,0,bf16,1.0,5,17.35153478384018,0.24426234582906514,1.0,1.0,all three,dq,0.002485700637635233,0.9999969125742658,0.0032983411103558852
l_kohakufa_fp16,0,bf16,1.0,5,17.35153478384018,0.24426234582906514,1.0,1.0,all three,dk,0.002045003074236737,0.9999979148286733,0.0021751658609802473
l_kohakufa_fp16,0,bf16,1.0,5,17.35153478384018,0.24426234582906514,1.0,1.0,all three,dv,0.001687266693595076,0.9999985765766329,0.001528029872114402
l_kohakufa_fp16,0,bf16,1.0,6,88.9827269166708,0.4433016165197216,1.0,1.0,cudnn,dq,0.012238233045688985,0.9999251642447614,0.009303942114561228
l_kohakufa_fp16,0,bf16,1.0,6,88.9827269166708,0.4433016165197216,1.0,1.0,cudnn,dk,0.009645682800239155,0.9999534849218249,0.010776522740148264
l_kohakufa_fp16,0,bf16,1.0,6,88.9827269166708,0.4433016165197216,1.0,1.0,cudnn,dv,0.0017829853951132598,0.9999984146764881,0.002076990853035988
l_kohakufa_fp16,0,bf16,1.0,6,88.9827269166708,0.4433016165197216,1.0,1.0,efficient,dq,0.012250362334123653,0.999924996030263,0.009303942114561228
l_kohakufa_fp16,0,bf16,1.0,6,88.9827269166708,0.4433016165197216,1.0,1.0,efficient,dk,0.009814253699528057,0.999951914821075,0.010776522740148264
l_kohakufa_fp16,0,bf16,1.0,6,88.9827269166708,0.4433016165197216,1.0,1.0,efficient,dv,0.0017831002478675903,0.9999984136670924,0.002076990853035988
l_kohakufa_fp16,0,bf16,1.0,6,88.9827269166708,0.4433016165197216,1.0,1.0,flex,dq,0.012155041208579968,0.9999261886412133,0.009303942114561228
l_kohakufa_fp16,0,bf16,1.0,6,88.9827269166708,0.4433016165197216,1.0,1.0,flex,dk,0.00958903050337822,0.9999540317921645,0.010776522740148264
l_kohakufa_fp16,0,bf16,1.0,6,88.9827269166708,0.4433016165197216,1.0,1.0,flex,dv,0.0017831803140980474,0.9999984135378489,0.002076990853035988
l_kohakufa_fp16,0,bf16,1.0,6,88.9827269166708,0.4433016165197216,1.0,1.0,fa4,dq,0.012160582684176925,0.9999261365260897,0.009303942114561228
l_kohakufa_fp16,0,bf16,1.0,6,88.9827269166708,0.4433016165197216,1.0,1.0,fa4,dk,0.00969595908076128,0.9999530043242447,0.010776522740148264
l_kohakufa_fp16,0,bf16,1.0,6,88.9827269166708,0.4433016165197216,1.0,1.0,fa4,dv,0.001783736977303476,0.9999984127841041,0.002076990853035988
l_kohakufa_fp16,0,bf16,1.0,6,88.9827269166708,0.4433016165197216,1.0,1.0,kohakufa,dq,0.012273861069525107,0.9999247043987229,0.009303942114561228
l_kohakufa_fp16,0,bf16,1.0,6,88.9827269166708,0.4433016165197216,1.0,1.0,kohakufa,dk,0.009808503075390381,0.9999519729568022,0.010776522740148264
l_kohakufa_fp16,0,bf16,1.0,6,88.9827269166708,0.4433016165197216,1.0,1.0,kohakufa,dv,0.0017837607454224908,0.9999984127433821,0.002076990853035988
l_kohakufa_fp16,0,bf16,1.0,6,88.9827269166708,0.4433016165197216,1.0,1.0,floor,dq,0.012056624587705025,0.9999273737033727,0.009303614036424077
l_kohakufa_fp16,0,bf16,1.0,6,88.9827269166708,0.4433016165197216,1.0,1.0,floor,dk,0.009474151811645294,0.9999551381806606,0.010922540102031041
l_kohakufa_fp16,0,bf16,1.0,6,88.9827269166708,0.4433016165197216,1.0,1.0,floor,dv,0.0011477714919149494,0.9999993508082585,0.0009429112036099778
l_kohakufa_fp16,0,bf16,1.0,6,88.9827269166708,0.4433016165197216,1.0,1.0,scale*dS,dq,0.012056624587705025,0.9999273737033727,0.009303614036424077
l_kohakufa_fp16,0,bf16,1.0,6,88.9827269166708,0.4433016165197216,1.0,1.0,scale*dS,dk,0.009474151811645294,0.9999551381806606,0.010922540102031041
l_kohakufa_fp16,0,bf16,1.0,6,88.9827269166708,0.4433016165197216,1.0,1.0,scale*dS,dv,0.0011477714919149494,0.9999993508082585,0.0009429112036099778
l_kohakufa_fp16,0,bf16,1.0,6,88.9827269166708,0.4433016165197216,1.0,1.0,single lse,dq,0.012056628176148944,0.9999273736495489,0.009303614036424077
l_kohakufa_fp16,0,bf16,1.0,6,88.9827269166708,0.4433016165197216,1.0,1.0,single lse,dk,0.009474141583170975,0.9999551382692852,0.010922540102031041
l_kohakufa_fp16,0,bf16,1.0,6,88.9827269166708,0.4433016165197216,1.0,1.0,single lse,dv,0.0011477716599347905,0.9999993504763738,0.0009429112036099778
l_kohakufa_fp16,0,bf16,1.0,6,88.9827269166708,0.4433016165197216,1.0,1.0,scale-shift,dq,0.01204822778530721,0.9999274745528001,0.009303614036424077
l_kohakufa_fp16,0,bf16,1.0,6,88.9827269166708,0.4433016165197216,1.0,1.0,scale-shift,dk,0.009468106421719266,0.9999551953629022,0.010922540102031041
l_kohakufa_fp16,0,bf16,1.0,6,88.9827269166708,0.4433016165197216,1.0,1.0,scale-shift,dv,0.001147770067513012,0.9999993504860107,0.0009429112036099778
l_kohakufa_fp16,0,bf16,1.0,6,88.9827269166708,0.4433016165197216,1.0,1.0,all three,dq,0.012048240779305474,0.9999274743825752,0.009303614036424077
l_kohakufa_fp16,0,bf16,1.0,6,88.9827269166708,0.4433016165197216,1.0,1.0,all three,dk,0.009468086646833416,0.9999551955334023,0.010922540102031041
l_kohakufa_fp16,0,bf16,1.0,6,88.9827269166708,0.4433016165197216,1.0,1.0,all three,dv,0.0011477666180418334,0.9999993504647426,0.0009429112036099778
l_kohakufa_fp16,0,bf16,1.0,7,19.094540119171143,0.3319598617572015,1.0,1.0,cudnn,dq,0.003907853162650474,0.9999923728063539,0.003117389489565512
l_kohakufa_fp16,0,bf16,1.0,7,19.094540119171143,0.3319598617572015,1.0,1.0,cudnn,dk,0.003324705807261336,0.9999945306448069,0.002346551076588278
l_kohakufa_fp16,0,bf16,1.0,7,19.094540119171143,0.3319598617572015,1.0,1.0,cudnn,dv,0.0021484949716325747,0.9999976941751788,0.00234129294272093
l_kohakufa_fp16,0,bf16,1.0,7,19.094540119171143,0.3319598617572015,1.0,1.0,efficient,dq,0.0037431488752097206,0.9999929967306852,0.0026867066125093536
l_kohakufa_fp16,0,bf16,1.0,7,19.094540119171143,0.3319598617572015,1.0,1.0,efficient,dk,0.003321680743143434,0.9999945248855739,0.002346551076588278
l_kohakufa_fp16,0,bf16,1.0,7,19.094540119171143,0.3319598617572015,1.0,1.0,efficient,dv,0.0021502580162181023,0.999997691022715,0.00234129294272093
l_kohakufa_fp16,0,bf16,1.0,7,19.094540119171143,0.3319598617572015,1.0,1.0,flex,dq,0.00345896428175688,0.9999940394137858,0.0026867066125093536
l_kohakufa_fp16,0,bf16,1.0,7,19.094540119171143,0.3319598617572015,1.0,1.0,flex,dk,0.0030426659416873027,0.9999954366994469,0.002346551076588278
l_kohakufa_fp16,0,bf16,1.0,7,19.094540119171143,0.3319598617572015,1.0,1.0,flex,dv,0.002149969951551687,0.9999976916315515,0.00234129294272093
l_kohakufa_fp16,0,bf16,1.0,7,19.094540119171143,0.3319598617572015,1.0,1.0,fa4,dq,0.0038104373230359438,0.9999927600749575,0.004439157888429689
l_kohakufa_fp16,0,bf16,1.0,7,19.094540119171143,0.3319598617572015,1.0,1.0,fa4,dk,0.003303121123386244,0.9999946346102753,0.00307008534045569
l_kohakufa_fp16,0,bf16,1.0,7,19.094540119171143,0.3319598617572015,1.0,1.0,fa4,dv,0.0021498832692841193,0.9999976918331642,0.00234129294272093
l_kohakufa_fp16,0,bf16,1.0,7,19.094540119171143,0.3319598617572015,1.0,1.0,kohakufa,dq,0.0037493152935616785,0.999992971324227,0.0026867066125093536
l_kohakufa_fp16,0,bf16,1.0,7,19.094540119171143,0.3319598617572015,1.0,1.0,kohakufa,dk,0.003325336255198126,0.9999945245811088,0.002346551076588278
l_kohakufa_fp16,0,bf16,1.0,7,19.094540119171143,0.3319598617572015,1.0,1.0,kohakufa,dv,0.0021498997337989945,0.9999976918006258,0.00234129294272093
l_kohakufa_fp16,0,bf16,1.0,7,19.094540119171143,0.3319598617572015,1.0,1.0,floor,dq,0.0030680197868401316,0.9999953153644994,0.002648386733239098
l_kohakufa_fp16,0,bf16,1.0,7,19.094540119171143,0.3319598617572015,1.0,1.0,floor,dk,0.0025869290002472245,0.9999966833837209,0.0021641114270512787
l_kohakufa_fp16,0,bf16,1.0,7,19.094540119171143,0.3319598617572015,1.0,1.0,floor,dv,0.0013741146383809712,0.9999990585171417,0.0009380724704227753
l_kohakufa_fp16,0,bf16,1.0,7,19.094540119171143,0.3319598617572015,1.0,1.0,scale*dS,dq,0.0030680197868401316,0.9999953153644994,0.002648386733239098
l_kohakufa_fp16,0,bf16,1.0,7,19.094540119171143,0.3319598617572015,1.0,1.0,scale*dS,dk,0.0025869290002472245,0.9999966833837209,0.0021641114270512787
l_kohakufa_fp16,0,bf16,1.0,7,19.094540119171143,0.3319598617572015,1.0,1.0,scale*dS,dv,0.0013741146383809712,0.9999990585171417,0.0009380724704227753
l_kohakufa_fp16,0,bf16,1.0,7,19.094540119171143,0.3319598617572015,1.0,1.0,single lse,dq,0.003068011055514937,0.9999953153967753,0.002648386733239098
l_kohakufa_fp16,0,bf16,1.0,7,19.094540119171143,0.3319598617572015,1.0,1.0,single lse,dk,0.002586791412835949,0.9999966837331117,0.0021641114270512787
l_kohakufa_fp16,0,bf16,1.0,7,19.094540119171143,0.3319598617572015,1.0,1.0,single lse,dv,0.0013741107654699919,0.9999990585374569,0.0009380724704227753
l_kohakufa_fp16,0,bf16,1.0,7,19.094540119171143,0.3319598617572015,1.0,1.0,scale-shift,dq,0.0030682932365687057,0.9999953145488294,0.002648386733239098
l_kohakufa_fp16,0,bf16,1.0,7,19.094540119171143,0.3319598617572015,1.0,1.0,scale-shift,dk,0.0025985782770434505,0.9999966570897595,0.0021641114270512787
l_kohakufa_fp16,0,bf16,1.0,7,19.094540119171143,0.3319598617572015,1.0,1.0,scale-shift,dv,0.0013740799240232473,0.9999990585639825,0.0009380724704227753
l_kohakufa_fp16,0,bf16,1.0,7,19.094540119171143,0.3319598617572015,1.0,1.0,all three,dq,0.0030682964872957227,0.9999953145399476,0.002648386733239098
l_kohakufa_fp16,0,bf16,1.0,7,19.094540119171143,0.3319598617572015,1.0,1.0,all three,dk,0.0025985835240704847,0.999996657076017,0.0021641114270512787
l_kohakufa_fp16,0,bf16,1.0,7,19.094540119171143,0.3319598617572015,1.0,1.0,all three,dv,0.0013740763878661575,0.9999990585837949,0.0009380724704227753
l_kohakufa_fp16,0,bf16,1.0,8,43.25109577178955,0.32645952830814545,1.0,1.0,cudnn,dq,0.006248454937774508,0.9999804787190157,0.0054375143310448
l_kohakufa_fp16,0,bf16,1.0,8,43.25109577178955,0.32645952830814545,1.0,1.0,cudnn,dk,0.004415434921726427,0.9999902520710268,0.003269250934300989
l_kohakufa_fp16,0,bf16,1.0,8,43.25109577178955,0.32645952830814545,1.0,1.0,cudnn,dv,0.002106093236680498,0.9999977830679769,0.003221589230118624
l_kohakufa_fp16,0,bf16,1.0,8,43.25109577178955,0.32645952830814545,1.0,1.0,efficient,dq,0.006288180760091637,0.9999802292249924,0.005502253343515857
l_kohakufa_fp16,0,bf16,1.0,8,43.25109577178955,0.32645952830814545,1.0,1.0,efficient,dk,0.0045711240589939965,0.9999895531012009,0.003269250934300989
l_kohakufa_fp16,0,bf16,1.0,8,43.25109577178955,0.32645952830814545,1.0,1.0,efficient,dv,0.0021048519279557947,0.9999977857747294,0.003221589230118624
l_kohakufa_fp16,0,bf16,1.0,8,43.25109577178955,0.32645952830814545,1.0,1.0,flex,dq,0.006041363529310383,0.9999817515990342,0.0054375143310448
l_kohakufa_fp16,0,bf16,1.0,8,43.25109577178955,0.32645952830814545,1.0,1.0,flex,dk,0.00429212503740017,0.9999907888254852,0.003269250934300989
l_kohakufa_fp16,0,bf16,1.0,8,43.25109577178955,0.32645952830814545,1.0,1.0,flex,dv,0.002105122076935378,0.9999977851587438,0.003221589230118624
l_kohakufa_fp16,0,bf16,1.0,8,43.25109577178955,0.32645952830814545,1.0,1.0,fa4,dq,0.0062575872101498725,0.999980421856819,0.005661826391541566
l_kohakufa_fp16,0,bf16,1.0,8,43.25109577178955,0.32645952830814545,1.0,1.0,fa4,dk,0.004373887571810567,0.9999904353208227,0.003269250934300989
l_kohakufa_fp16,0,bf16,1.0,8,43.25109577178955,0.32645952830814545,1.0,1.0,fa4,dv,0.0021049458486860416,0.999997785561877,0.003221589230118624
l_kohakufa_fp16,0,bf16,1.0,8,43.25109577178955,0.32645952830814545,1.0,1.0,kohakufa,dq,0.006260272841088949,0.9999804043290125,0.005502253343515857
l_kohakufa_fp16,0,bf16,1.0,8,43.25109577178955,0.32645952830814545,1.0,1.0,kohakufa,dk,0.004552429925416313,0.9999896383663059,0.003269250934300989
l_kohakufa_fp16,0,bf16,1.0,8,43.25109577178955,0.32645952830814545,1.0,1.0,kohakufa,dv,0.002104950766521921,0.9999977855546496,0.003221589230118624
l_kohakufa_fp16,0,bf16,1.0,8,43.25109577178955,0.32645952830814545,1.0,1.0,floor,dq,0.005822288039357344,0.9999830520973978,0.005437459266002855
l_kohakufa_fp16,0,bf16,1.0,8,43.25109577178955,0.32645952830814545,1.0,1.0,floor,dk,0.003978801899130078,0.999992084831143,0.0032811371516154263
l_kohakufa_fp16,0,bf16,1.0,8,43.25109577178955,0.32645952830814545,1.0,1.0,floor,dv,0.0013385551629834429,0.9999991046765397,0.0017751261522533097
l_kohakufa_fp16,0,bf16,1.0,8,43.25109577178955,0.32645952830814545,1.0,1.0,scale*dS,dq,0.005822288039357344,0.9999830520973978,0.005437459266002855
l_kohakufa_fp16,0,bf16,1.0,8,43.25109577178955,0.32645952830814545,1.0,1.0,scale*dS,dk,0.003978801899130078,0.999992084831143,0.0032811371516154263
l_kohakufa_fp16,0,bf16,1.0,8,43.25109577178955,0.32645952830814545,1.0,1.0,scale*dS,dv,0.0013385551629834429,0.9999991046765397,0.0017751261522533097
l_kohakufa_fp16,0,bf16,1.0,8,43.25109577178955,0.32645952830814545,1.0,1.0,single lse,dq,0.005822292967049069,0.9999830520656446,0.005437459266002855
l_kohakufa_fp16,0,bf16,1.0,8,43.25109577178955,0.32645952830814545,1.0,1.0,single lse,dk,0.0039787785704454475,0.9999920849249866,0.0032811371516154263
l_kohakufa_fp16,0,bf16,1.0,8,43.25109577178955,0.32645952830814545,1.0,1.0,single lse,dv,0.0013385562601861052,0.999999104675035,0.0017751261522533097
l_kohakufa_fp16,0,bf16,1.0,8,43.25109577178955,0.32645952830814545,1.0,1.0,scale-shift,dq,0.0058164727046066105,0.9999830859434636,0.005437459266002855
l_kohakufa_fp16,0,bf16,1.0,8,43.25109577178955,0.32645952830814545,1.0,1.0,scale-shift,dk,0.0039737622633358475,0.9999921048682135,0.0032811371516154263
l_kohakufa_fp16,0,bf16,1.0,8,43.25109577178955,0.32645952830814545,1.0,1.0,scale-shift,dv,0.001338570401312769,0.9999991046608064,0.0017751261522533097
l_kohakufa_fp16,0,bf16,1.0,8,43.25109577178955,0.32645952830814545,1.0,1.0,all three,dq,0.0058164525065375365,0.9999830860594571,0.005437459266002855
l_kohakufa_fp16,0,bf16,1.0,8,43.25109577178955,0.32645952830814545,1.0,1.0,all three,dk,0.003973745261171772,0.9999921049332754,0.0032811371516154263
l_kohakufa_fp16,0,bf16,1.0,8,43.25109577178955,0.32645952830814545,1.0,1.0,all three,dv,0.0013385654494809647,0.999999104664049,0.0017751261522533097
l_kohakufa_fp16,0,bf16,1.0,9,33.01807153224945,0.292116249374467,1.0,1.0,cudnn,dq,0.005707547522847264,0.9999837123169716,0.004830978207391235
l_kohakufa_fp16,0,bf16,1.0,9,33.01807153224945,0.292116249374467,1.0,1.0,cudnn,dk,0.004163537448450926,0.9999913342730599,0.005813816037248221
l_kohakufa_fp16,0,bf16,1.0,9,33.01807153224945,0.292116249374467,1.0,1.0,cudnn,dv,0.0021991728852853217,0.9999975818208808,0.0032776632947725025
l_kohakufa_fp16,0,bf16,1.0,9,33.01807153224945,0.292116249374467,1.0,1.0,efficient,dq,0.005604034581966558,0.9999843007546012,0.003933546589245676
l_kohakufa_fp16,0,bf16,1.0,9,33.01807153224945,0.292116249374467,1.0,1.0,efficient,dk,0.004273754752995424,0.9999908703283066,0.0034081807364898303
l_kohakufa_fp16,0,bf16,1.0,9,33.01807153224945,0.292116249374467,1.0,1.0,efficient,dv,0.00220026765925454,0.9999975794162601,0.0032776632947725025
l_kohakufa_fp16,0,bf16,1.0,9,33.01807153224945,0.292116249374467,1.0,1.0,flex,dq,0.0053396380958247525,0.9999857442707893,0.004014454762704237
l_kohakufa_fp16,0,bf16,1.0,9,33.01807153224945,0.292116249374467,1.0,1.0,flex,dk,0.0039559799541455665,0.9999921751018326,0.004623555429461814
l_kohakufa_fp16,0,bf16,1.0,9,33.01807153224945,0.292116249374467,1.0,1.0,flex,dv,0.002200103968120457,0.9999975797752975,0.0032776632947725025
l_kohakufa_fp16,0,bf16,1.0,9,33.01807153224945,0.292116249374467,1.0,1.0,fa4,dq,0.005416210396218576,0.9999853325410651,0.004228750687095726
l_kohakufa_fp16,0,bf16,1.0,9,33.01807153224945,0.292116249374467,1.0,1.0,fa4,dk,0.004030253958816022,0.9999918785594419,0.004623555429461814
l_kohakufa_fp16,0,bf16,1.0,9,33.01807153224945,0.292116249374467,1.0,1.0,fa4,dv,0.002200249147756793,0.9999975794562674,0.0032776632947725025
l_kohakufa_fp16,0,bf16,1.0,9,33.01807153224945,0.292116249374467,1.0,1.0,kohakufa,dq,0.005604299319043567,0.9999843001788974,0.003933546589245676
l_kohakufa_fp16,0,bf16,1.0,9,33.01807153224945,0.292116249374467,1.0,1.0,kohakufa,dk,0.004269509525652604,0.9999908895263517,0.0034081807364898303
l_kohakufa_fp16,0,bf16,1.0,9,33.01807153224945,0.292116249374467,1.0,1.0,kohakufa,dv,0.002200213155285845,0.9999975795361372,0.0032776632947725025
l_kohakufa_fp16,0,bf16,1.0,9,33.01807153224945,0.292116249374467,1.0,1.0,floor,dq,0.005078237585953088,0.9999871060139833,0.004021986683246122
l_kohakufa_fp16,0,bf16,1.0,9,33.01807153224945,0.292116249374467,1.0,1.0,floor,dk,0.0035925960958124712,0.9999935468590927,0.0034731600199231485
l_kohakufa_fp16,0,bf16,1.0,9,33.01807153224945,0.292116249374467,1.0,1.0,floor,dv,0.001421250426503573,0.9999989901454814,0.001595757464000186
l_kohakufa_fp16,0,bf16,1.0,9,33.01807153224945,0.292116249374467,1.0,1.0,scale*dS,dq,0.005078237585953088,0.9999871060139833,0.004021986683246122
l_kohakufa_fp16,0,bf16,1.0,9,33.01807153224945,0.292116249374467,1.0,1.0,scale*dS,dk,0.0035925960958124712,0.9999935468590927,0.0034731600199231485
l_kohakufa_fp16,0,bf16,1.0,9,33.01807153224945,0.292116249374467,1.0,1.0,scale*dS,dv,0.001421250426503573,0.9999989901454814,0.001595757464000186
l_kohakufa_fp16,0,bf16,1.0,9,33.01807153224945,0.292116249374467,1.0,1.0,single lse,dq,0.005078230803572942,0.9999871060483437,0.004021986683246122
l_kohakufa_fp16,0,bf16,1.0,9,33.01807153224945,0.292116249374467,1.0,1.0,single lse,dk,0.003592608603670282,0.9999935468145532,0.0034731600199231485
l_kohakufa_fp16,0,bf16,1.0,9,33.01807153224945,0.292116249374467,1.0,1.0,single lse,dv,0.0014212133474011098,0.9999989902022423,0.001595757464000186
l_kohakufa_fp16,0,bf16,1.0,9,33.01807153224945,0.292116249374467,1.0,1.0,scale-shift,dq,0.005078209401632641,0.9999871061242077,0.004021986683246122
l_kohakufa_fp16,0,bf16,1.0,9,33.01807153224945,0.292116249374467,1.0,1.0,scale-shift,dk,0.003592273538832554,0.9999935480108593,0.0034731600199231485
l_kohakufa_fp16,0,bf16,1.0,9,33.01807153224945,0.292116249374467,1.0,1.0,scale-shift,dv,0.0014212667374370678,0.9999989901224394,0.001595757464000186
l_kohakufa_fp16,0,bf16,1.0,9,33.01807153224945,0.292116249374467,1.0,1.0,all three,dq,0.0050782185489568225,0.9999871060748448,0.004021986683246122
l_kohakufa_fp16,0,bf16,1.0,9,33.01807153224945,0.292116249374467,1.0,1.0,all three,dk,0.003592087531719976,0.9999935486879153,0.0034731600199231485
l_kohakufa_fp16,0,bf16,1.0,9,33.01807153224945,0.292116249374467,1.0,1.0,all three,dv,0.00142121937377768,0.9999989901940886,0.001595757464000186
l_kohakufa_fp16,0,bf16,1.0,10,34.851744160056114,0.32433372001839167,1.0,1.0,cudnn,dq,0.0048077295957937635,0.9999884437668305,0.0015232421744190202
l_kohakufa_fp16,0,bf16,1.0,10,34.851744160056114,0.32433372001839167,1.0,1.0,cudnn,dk,0.0033462038267268023,0.9999944015279117,0.0021064727937977826
l_kohakufa_fp16,0,bf16,1.0,10,34.851744160056114,0.32433372001839167,1.0,1.0,cudnn,dv,0.0021718183935088226,0.9999976431827731,0.0029826305475244147
l_kohakufa_fp16,0,bf16,1.0,10,34.851744160056114,0.32433372001839167,1.0,1.0,efficient,dq,0.004859922843797981,0.9999881944971152,0.0029227208237183207
l_kohakufa_fp16,0,bf16,1.0,10,34.851744160056114,0.32433372001839167,1.0,1.0,efficient,dk,0.003544389519060216,0.999993719474842,0.004310797782113238
l_kohakufa_fp16,0,bf16,1.0,10,34.851744160056114,0.32433372001839167,1.0,1.0,efficient,dv,0.0021708386540629015,0.9999976451676275,0.0029826305475244147
l_kohakufa_fp16,0,bf16,1.0,10,34.851744160056114,0.32433372001839167,1.0,1.0,flex,dq,0.0045859211241857665,0.999989486431599,0.0015232421744190202
l_kohakufa_fp16,0,bf16,1.0,10,34.851744160056114,0.32433372001839167,1.0,1.0,flex,dk,0.003173230402369631,0.9999949653387666,0.002082322831232155
l_kohakufa_fp16,0,bf16,1.0,10,34.851744160056114,0.32433372001839167,1.0,1.0,flex,dv,0.0021707978720060827,0.9999976453386206,0.0029826305475244147
l_kohakufa_fp16,0,bf16,1.0,10,34.851744160056114,0.32433372001839167,1.0,1.0,fa4,dq,0.004774875004142339,0.9999886012852568,0.0015232421744190202
l_kohakufa_fp16,0,bf16,1.0,10,34.851744160056114,0.32433372001839167,1.0,1.0,fa4,dk,0.0032412414320739723,0.9999947477042165,0.002082322831232155
l_kohakufa_fp16,0,bf16,1.0,10,34.851744160056114,0.32433372001839167,1.0,1.0,fa4,dv,0.0021707426245668074,0.9999976454604879,0.0029826305475244147
l_kohakufa_fp16,0,bf16,1.0,10,34.851744160056114,0.32433372001839167,1.0,1.0,kohakufa,dq,0.0048483279007059754,0.9999882524034923,0.0029227208237183207
l_kohakufa_fp16,0,bf16,1.0,10,34.851744160056114,0.32433372001839167,1.0,1.0,kohakufa,dk,0.003527674414637481,0.9999937778778066,0.004310797782113238
l_kohakufa_fp16,0,bf16,1.0,10,34.851744160056114,0.32433372001839167,1.0,1.0,kohakufa,dv,0.002170806848887464,0.9999976452654845,0.0029826305475244147
l_kohakufa_fp16,0,bf16,1.0,10,34.851744160056114,0.32433372001839167,1.0,1.0,floor,dq,0.0042862624802117435,0.9999908140723542,0.001500088938305387
l_kohakufa_fp16,0,bf16,1.0,10,34.851744160056114,0.32433372001839167,1.0,1.0,floor,dk,0.0027414325515553654,0.9999962445836057,0.0021661494035853774
l_kohakufa_fp16,0,bf16,1.0,10,34.851744160056114,0.32433372001839167,1.0,1.0,floor,dv,0.0014085806497641654,0.9999990093754105,0.0015700236291080669
l_kohakufa_fp16,0,bf16,1.0,10,34.851744160056114,0.32433372001839167,1.0,1.0,scale*dS,dq,0.0042862624802117435,0.9999908140723542,0.001500088938305387
l_kohakufa_fp16,0,bf16,1.0,10,34.851744160056114,0.32433372001839167,1.0,1.0,scale*dS,dk,0.0027414325515553654,0.9999962445836057,0.0021661494035853774
l_kohakufa_fp16,0,bf16,1.0,10,34.851744160056114,0.32433372001839167,1.0,1.0,scale*dS,dv,0.0014085806497641654,0.9999990093754105,0.0015700236291080669
l_kohakufa_fp16,0,bf16,1.0,10,34.851744160056114,0.32433372001839167,1.0,1.0,single lse,dq,0.004286108588414324,0.9999908147287226,0.001500088938305387
l_kohakufa_fp16,0,bf16,1.0,10,34.851744160056114,0.32433372001839167,1.0,1.0,single lse,dk,0.0027412555441506154,0.9999962450826959,0.0021661494035853774
l_kohakufa_fp16,0,bf16,1.0,10,34.851744160056114,0.32433372001839167,1.0,1.0,single lse,dv,0.001408585032443685,0.9999990093693613,0.0015700236291080669
l_kohakufa_fp16,0,bf16,1.0,10,34.851744160056114,0.32433372001839167,1.0,1.0,scale-shift,dq,0.004285157946143518,0.9999908188084198,0.001500088938305387
l_kohakufa_fp16,0,bf16,1.0,10,34.851744160056114,0.32433372001839167,1.0,1.0,scale-shift,dk,0.002740883191698535,0.9999962460633978,0.0021661494035853774
l_kohakufa_fp16,0,bf16,1.0,10,34.851744160056114,0.32433372001839167,1.0,1.0,scale-shift,dv,0.0014084270147626374,0.9999990096145107,0.0015700236291080669
l_kohakufa_fp16,0,bf16,1.0,10,34.851744160056114,0.32433372001839167,1.0,1.0,all three,dq,0.004285299697929112,0.9999908181945845,0.001500088938305387
l_kohakufa_fp16,0,bf16,1.0,10,34.851744160056114,0.32433372001839167,1.0,1.0,all three,dk,0.002740874581067591,0.9999962461156312,0.0021661494035853774
l_kohakufa_fp16,0,bf16,1.0,10,34.851744160056114,0.32433372001839167,1.0,1.0,all three,dv,0.001408584150838292,0.9999990093705482,0.0015700236291080669
l_kohakufa_fp16,0,bf16,1.0,11,11.80186641216278,0.29108617123758557,1.0,1.0,cudnn,dq,0.0036665169055416524,0.9999932793624221,0.0038718824182390117
l_kohakufa_fp16,0,bf16,1.0,11,11.80186641216278,0.29108617123758557,1.0,1.0,cudnn,dk,0.002722096837746851,0.9999962974513406,0.004462077499287839
l_kohakufa_fp16,0,bf16,1.0,11,11.80186641216278,0.29108617123758557,1.0,1.0,cudnn,dv,0.002178711721923749,0.9999976266620842,0.00274884092365907
l_kohakufa_fp16,0,bf16,1.0,11,11.80186641216278,0.29108617123758557,1.0,1.0,efficient,dq,0.004013488082216086,0.9999919459557326,0.004849089165092632
l_kohakufa_fp16,0,bf16,1.0,11,11.80186641216278,0.29108617123758557,1.0,1.0,efficient,dk,0.0031356827019669783,0.9999950844319344,0.004679525468489204
l_kohakufa_fp16,0,bf16,1.0,11,11.80186641216278,0.29108617123758557,1.0,1.0,efficient,dv,0.002173695227456302,0.9999976377929634,0.00274884092365907
l_kohakufa_fp16,0,bf16,1.0,11,11.80186641216278,0.29108617123758557,1.0,1.0,flex,dq,0.003493995453715191,0.9999938985286402,0.0038718824182390117
l_kohakufa_fp16,0,bf16,1.0,11,11.80186641216278,0.29108617123758557,1.0,1.0,flex,dk,0.002656793973298432,0.9999964718175212,0.004679525468489204
l_kohakufa_fp16,0,bf16,1.0,11,11.80186641216278,0.29108617123758557,1.0,1.0,flex,dv,0.002173697734491686,0.9999976377882124,0.00274884092365907
l_kohakufa_fp16,0,bf16,1.0,11,11.80186641216278,0.29108617123758557,1.0,1.0,fa4,dq,0.0035878010953268543,0.999993564045251,0.0038718824182390117
l_kohakufa_fp16,0,bf16,1.0,11,11.80186641216278,0.29108617123758557,1.0,1.0,fa4,dk,0.0027069503313766493,0.9999963384383957,0.004462077499287839
l_kohakufa_fp16,0,bf16,1.0,11,11.80186641216278,0.29108617123758557,1.0,1.0,fa4,dv,0.002173888805645158,0.9999976373605519,0.00274884092365907
l_kohakufa_fp16,0,bf16,1.0,11,11.80186641216278,0.29108617123758557,1.0,1.0,kohakufa,dq,0.0040227770550497945,0.9999919086999042,0.004849089165092632
l_kohakufa_fp16,0,bf16,1.0,11,11.80186641216278,0.29108617123758557,1.0,1.0,kohakufa,dk,0.0031170807259625157,0.9999951424654316,0.004679525468489204
l_kohakufa_fp16,0,bf16,1.0,11,11.80186641216278,0.29108617123758557,1.0,1.0,kohakufa,dv,0.0021738862590322317,0.9999976373654578,0.00274884092365907
l_kohakufa_fp16,0,bf16,1.0,11,11.80186641216278,0.29108617123758557,1.0,1.0,floor,dq,0.00299485027253224,0.9999955180221201,0.0036597964538163216
l_kohakufa_fp16,0,bf16,1.0,11,11.80186641216278,0.29108617123758557,1.0,1.0,floor,dk,0.002004727925939937,0.9999979941237795,0.003300866639933545
l_kohakufa_fp16,0,bf16,1.0,11,11.80186641216278,0.29108617123758557,1.0,1.0,floor,dv,0.0014149526187268373,0.9999989990425573,0.0009824462408175257
l_kohakufa_fp16,0,bf16,1.0,11,11.80186641216278,0.29108617123758557,1.0,1.0,scale*dS,dq,0.00299485027253224,0.9999955180221201,0.0036597964538163216
l_kohakufa_fp16,0,bf16,1.0,11,11.80186641216278,0.29108617123758557,1.0,1.0,scale*dS,dk,0.002004727925939937,0.9999979941237795,0.003300866639933545
l_kohakufa_fp16,0,bf16,1.0,11,11.80186641216278,0.29108617123758557,1.0,1.0,scale*dS,dv,0.0014149526187268373,0.9999989990425573,0.0009824462408175257
l_kohakufa_fp16,0,bf16,1.0,11,11.80186641216278,0.29108617123758557,1.0,1.0,single lse,dq,0.002994692028200936,0.9999955185045083,0.0036597964538163216
l_kohakufa_fp16,0,bf16,1.0,11,11.80186641216278,0.29108617123758557,1.0,1.0,single lse,dk,0.0020047418369610165,0.9999979940991904,0.003300866639933545
l_kohakufa_fp16,0,bf16,1.0,11,11.80186641216278,0.29108617123758557,1.0,1.0,single lse,dv,0.0014149517887026583,0.9999989990437982,0.0009824462408175257
l_kohakufa_fp16,0,bf16,1.0,11,11.80186641216278,0.29108617123758557,1.0,1.0,scale-shift,dq,0.0029954380670639356,0.9999955162343637,0.0036597964538163216
l_kohakufa_fp16,0,bf16,1.0,11,11.80186641216278,0.29108617123758557,1.0,1.0,scale-shift,dk,0.002004756136110661,0.9999979940989213,0.003300866639933545
l_kohakufa_fp16,0,bf16,1.0,11,11.80186641216278,0.29108617123758557,1.0,1.0,scale-shift,dv,0.001414955982915161,0.9999989990376897,0.0009824462408175257
l_kohakufa_fp16,0,bf16,1.0,11,11.80186641216278,0.29108617123758557,1.0,1.0,all three,dq,0.002995418478197457,0.9999955162916103,0.0036597964538163216
l_kohakufa_fp16,0,bf16,1.0,11,11.80186641216278,0.29108617123758557,1.0,1.0,all three,dk,0.0020044462705242857,0.9999979947117068,0.003300866639933545
l_kohakufa_fp16,0,bf16,1.0,11,11.80186641216278,0.29108617123758557,1.0,1.0,all three,dv,0.001414953404333067,0.999998999041504,0.0009824462408175257
l_kohakufa_fp16,0,bf16,1.0,12,18.006810188293457,0.2675613617617101,1.0,1.0,cudnn,dq,0.005092082878132422,0.9999870358734155,0.005658427897303428
l_kohakufa_fp16,0,bf16,1.0,12,18.006810188293457,0.2675613617617101,1.0,1.0,cudnn,dk,0.00266773242070395,0.9999964440757634,0.0028856615854064957
l_kohakufa_fp16,0,bf16,1.0,12,18.006810188293457,0.2675613617617101,1.0,1.0,cudnn,dv,0.002133936880428192,0.999997723260374,0.0013668914413618352
l_kohakufa_fp16,0,bf16,1.0,12,18.006810188293457,0.2675613617617101,1.0,1.0,efficient,dq,0.005075460456611322,0.9999871201089998,0.005397326341270521
l_kohakufa_fp16,0,bf16,1.0,12,18.006810188293457,0.2675613617617101,1.0,1.0,efficient,dk,0.0028859688856330674,0.9999958355911965,0.0028856615854064957
l_kohakufa_fp16,0,bf16,1.0,12,18.006810188293457,0.2675613617617101,1.0,1.0,efficient,dv,0.0021341204096254145,0.9999977228914368,0.0013668914413618352
l_kohakufa_fp16,0,bf16,1.0,12,18.006810188293457,0.2675613617617101,1.0,1.0,flex,dq,0.004832499791921118,0.9999883244614811,0.005508328593972481
l_kohakufa_fp16,0,bf16,1.0,12,18.006810188293457,0.2675613617617101,1.0,1.0,flex,dk,0.002585687903705496,0.9999966618127515,0.0028856615854064957
l_kohakufa_fp16,0,bf16,1.0,12,18.006810188293457,0.2675613617617101,1.0,1.0,flex,dv,0.002134406560421942,0.9999977222871693,0.0013668914413618352
l_kohakufa_fp16,0,bf16,1.0,12,18.006810188293457,0.2675613617617101,1.0,1.0,fa4,dq,0.005074712661069425,0.99998712367054,0.005658427897303428
l_kohakufa_fp16,0,bf16,1.0,12,18.006810188293457,0.2675613617617101,1.0,1.0,fa4,dk,0.0026609032797726678,0.9999964650690896,0.0028856615854064957
l_kohakufa_fp16,0,bf16,1.0,12,18.006810188293457,0.2675613617617101,1.0,1.0,fa4,dv,0.002134288508997764,0.9999977225400437,0.0013668914413618352
l_kohakufa_fp16,0,bf16,1.0,12,18.006810188293457,0.2675613617617101,1.0,1.0,kohakufa,dq,0.005117066450386482,0.999986908156466,0.005397326341270521
l_kohakufa_fp16,0,bf16,1.0,12,18.006810188293457,0.2675613617617101,1.0,1.0,kohakufa,dk,0.00289045207625598,0.9999958226460991,0.0028856615854064957
l_kohakufa_fp16,0,bf16,1.0,12,18.006810188293457,0.2675613617617101,1.0,1.0,kohakufa,dv,0.002134290875214467,0.9999977225282625,0.0013668914413618352
l_kohakufa_fp16,0,bf16,1.0,12,18.006810188293457,0.2675613617617101,1.0,1.0,floor,dq,0.004547445868745579,0.9999896623802189,0.005605442035203857
l_kohakufa_fp16,0,bf16,1.0,12,18.006810188293457,0.2675613617617101,1.0,1.0,floor,dk,0.0019694830667902883,0.999998061404419,0.0015628303232455422
l_kohakufa_fp16,0,bf16,1.0,12,18.006810188293457,0.2675613617617101,1.0,1.0,floor,dv,0.0013660064651254396,0.9999990670778567,0.0008248436456838259
l_kohakufa_fp16,0,bf16,1.0,12,18.006810188293457,0.2675613617617101,1.0,1.0,scale*dS,dq,0.004547445868745579,0.9999896623802189,0.005605442035203857
l_kohakufa_fp16,0,bf16,1.0,12,18.006810188293457,0.2675613617617101,1.0,1.0,scale*dS,dk,0.0019694830667902883,0.999998061404419,0.0015628303232455422
l_kohakufa_fp16,0,bf16,1.0,12,18.006810188293457,0.2675613617617101,1.0,1.0,scale*dS,dv,0.0013660064651254396,0.9999990670778567,0.0008248436456838259
l_kohakufa_fp16,0,bf16,1.0,12,18.006810188293457,0.2675613617617101,1.0,1.0,single lse,dq,0.004547431539678624,0.9999896624437329,0.005605442035203857
l_kohakufa_fp16,0,bf16,1.0,12,18.006810188293457,0.2675613617617101,1.0,1.0,single lse,dk,0.001969541829865824,0.999998061286067,0.0015628303232455422
l_kohakufa_fp16,0,bf16,1.0,12,18.006810188293457,0.2675613617617101,1.0,1.0,single lse,dv,0.0013659947830490108,0.9999990670938995,0.0008248436456838259
l_kohakufa_fp16,0,bf16,1.0,12,18.006810188293457,0.2675613617617101,1.0,1.0,scale-shift,dq,0.004548493644117384,0.999989657626044,0.005605442035203857
l_kohakufa_fp16,0,bf16,1.0,12,18.006810188293457,0.2675613617617101,1.0,1.0,scale-shift,dk,0.0019703722472511702,0.9999980596580686,0.0015628303232455422
l_kohakufa_fp16,0,bf16,1.0,12,18.006810188293457,0.2675613617617101,1.0,1.0,scale-shift,dv,0.0013659981955366173,0.9999990670892581,0.0008248436456838259
l_kohakufa_fp16,0,bf16,1.0,12,18.006810188293457,0.2675613617617101,1.0,1.0,all three,dq,0.004548497706583198,0.9999896576071827,0.005605442035203857
l_kohakufa_fp16,0,bf16,1.0,12,18.006810188293457,0.2675613617617101,1.0,1.0,all three,dk,0.0019703630604993834,0.9999980596766929,0.0015628303232455422
l_kohakufa_fp16,0,bf16,1.0,12,18.006810188293457,0.2675613617617101,1.0,1.0,all three,dv,0.0013659958618159264,0.9999990670919934,0.0008248436456838259
l_kohakufa_fp16,0,bf16,1.0,13,10.74197667837143,0.26221035977495544,1.0,1.0,cudnn,dq,0.0035326449514366896,0.999993761897634,0.00338530192862069
l_kohakufa_fp16,0,bf16,1.0,13,10.74197667837143,0.26221035977495544,1.0,1.0,cudnn,dk,0.0024199862387732597,0.9999970751288189,0.0023565991019548135
l_kohakufa_fp16,0,bf16,1.0,13,10.74197667837143,0.26221035977495544,1.0,1.0,cudnn,dv,0.002067949413686298,0.9999978633384,0.0020989608799975813
l_kohakufa_fp16,0,bf16,1.0,13,10.74197667837143,0.26221035977495544,1.0,1.0,efficient,dq,0.0037206562711400598,0.9999930783423866,0.0033768016256392466
l_kohakufa_fp16,0,bf16,1.0,13,10.74197667837143,0.26221035977495544,1.0,1.0,efficient,dk,0.0027160902655678993,0.9999963115312177,0.0030732019922213236
l_kohakufa_fp16,0,bf16,1.0,13,10.74197667837143,0.26221035977495544,1.0,1.0,efficient,dv,0.002066480944156619,0.9999978662744552,0.0020989608799975813
l_kohakufa_fp16,0,bf16,1.0,13,10.74197667837143,0.26221035977495544,1.0,1.0,flex,dq,0.0033227420605473103,0.9999944811055772,0.0027970896204545406
l_kohakufa_fp16,0,bf16,1.0,13,10.74197667837143,0.26221035977495544,1.0,1.0,flex,dk,0.002356879457309111,0.9999972232280985,0.0023565991019548135
l_kohakufa_fp16,0,bf16,1.0,13,10.74197667837143,0.26221035977495544,1.0,1.0,flex,dv,0.0020664886062391296,0.9999978662585498,0.0020989608799975813
l_kohakufa_fp16,0,bf16,1.0,13,10.74197667837143,0.26221035977495544,1.0,1.0,fa4,dq,0.003423078539522418,0.9999941416122363,0.0038562221347671908
l_kohakufa_fp16,0,bf16,1.0,13,10.74197667837143,0.26221035977495544,1.0,1.0,fa4,dk,0.0023969063671377923,0.9999971282494017,0.0037319271813747055
l_kohakufa_fp16,0,bf16,1.0,13,10.74197667837143,0.26221035977495544,1.0,1.0,fa4,dv,0.00206649938661947,0.999997866238034,0.0020989608799975813
l_kohakufa_fp16,0,bf16,1.0,13,10.74197667837143,0.26221035977495544,1.0,1.0,kohakufa,dq,0.003706348446795619,0.9999931317755378,0.0027343772381219376
l_kohakufa_fp16,0,bf16,1.0,13,10.74197667837143,0.26221035977495544,1.0,1.0,kohakufa,dk,0.002696538106922078,0.9999963645067825,0.0030732019922213236
l_kohakufa_fp16,0,bf16,1.0,13,10.74197667837143,0.26221035977495544,1.0,1.0,kohakufa,dv,0.002066458354710389,0.9999978663143525,0.0020989608799975813
l_kohakufa_fp16,0,bf16,1.0,13,10.74197667837143,0.26221035977495544,1.0,1.0,floor,dq,0.00288102634939346,0.9999958502994317,0.0021583346635485616
l_kohakufa_fp16,0,bf16,1.0,13,10.74197667837143,0.26221035977495544,1.0,1.0,floor,dk,0.001657934983857844,0.9999986257069853,0.0018547959611829143
l_kohakufa_fp16,0,bf16,1.0,13,10.74197667837143,0.26221035977495544,1.0,1.0,floor,dv,0.001219872276570581,0.9999992562983936,0.0012959109453244435
l_kohakufa_fp16,0,bf16,1.0,13,10.74197667837143,0.26221035977495544,1.0,1.0,scale*dS,dq,0.00288102634939346,0.9999958502994317,0.0021583346635485616
l_kohakufa_fp16,0,bf16,1.0,13,10.74197667837143,0.26221035977495544,1.0,1.0,scale*dS,dk,0.001657934983857844,0.9999986257069853,0.0018547959611829143
l_kohakufa_fp16,0,bf16,1.0,13,10.74197667837143,0.26221035977495544,1.0,1.0,scale*dS,dv,0.001219872276570581,0.9999992562983936,0.0012959109453244435
l_kohakufa_fp16,0,bf16,1.0,13,10.74197667837143,0.26221035977495544,1.0,1.0,single lse,dq,0.0028810212011531216,0.9999958503143421,0.0021583346635485616
l_kohakufa_fp16,0,bf16,1.0,13,10.74197667837143,0.26221035977495544,1.0,1.0,single lse,dk,0.0016578863477363945,0.9999986257906749,0.0018547959611829143
l_kohakufa_fp16,0,bf16,1.0,13,10.74197667837143,0.26221035977495544,1.0,1.0,single lse,dv,0.001219861381607372,0.9999992563108251,0.0012959109453244435
l_kohakufa_fp16,0,bf16,1.0,13,10.74197667837143,0.26221035977495544,1.0,1.0,scale-shift,dq,0.0028808795247635267,0.9999958507235175,0.0021583346635485616
l_kohakufa_fp16,0,bf16,1.0,13,10.74197667837143,0.26221035977495544,1.0,1.0,scale-shift,dk,0.0016575810440441132,0.999998626292426,0.0018547959611829143
l_kohakufa_fp16,0,bf16,1.0,13,10.74197667837143,0.26221035977495544,1.0,1.0,scale-shift,dv,0.0012198595773215124,0.9999992563134813,0.0012959109453244435
l_kohakufa_fp16,0,bf16,1.0,13,10.74197667837143,0.26221035977495544,1.0,1.0,all three,dq,0.0028808730263299325,0.9999958507419091,0.0021583346635485616
l_kohakufa_fp16,0,bf16,1.0,13,10.74197667837143,0.26221035977495544,1.0,1.0,all three,dk,0.0016575757104880485,0.9999986263011637,0.0018547959611829143
l_kohakufa_fp16,0,bf16,1.0,13,10.74197667837143,0.26221035977495544,1.0,1.0,all three,dv,0.0012198816127786318,0.9999992562859802,0.0012959109453244435
l_kohakufa_fp16,0,bf16,1.0,14,11.205784536898136,0.27117318218614933,1.0,1.0,cudnn,dq,0.0034045021597022902,0.999994205324714,0.004523717531179395
l_kohakufa_fp16,0,bf16,1.0,14,11.205784536898136,0.27117318218614933,1.0,1.0,cudnn,dk,0.002256584132709711,0.999997454608935,0.0014967673297652997
l_kohakufa_fp16,0,bf16,1.0,14,11.205784536898136,0.27117318218614933,1.0,1.0,cudnn,dv,0.001970617770571938,0.9999980600672986,0.002259991456996061
l_kohakufa_fp16,0,bf16,1.0,14,11.205784536898136,0.27117318218614933,1.0,1.0,efficient,dq,0.0036107810151219917,0.9999934811724153,0.003569110271448156
l_kohakufa_fp16,0,bf16,1.0,14,11.205784536898136,0.27117318218614933,1.0,1.0,efficient,dk,0.0025036736151222224,0.9999968663951029,0.0012828132686397151
l_kohakufa_fp16,0,bf16,1.0,14,11.205784536898136,0.27117318218614933,1.0,1.0,efficient,dv,0.0019713405064683406,0.999998058630964,0.002259991456996061
l_kohakufa_fp16,0,bf16,1.0,14,11.205784536898136,0.27117318218614933,1.0,1.0,flex,dq,0.00330653179924837,0.9999945346818104,0.004523717531179395
l_kohakufa_fp16,0,bf16,1.0,14,11.205784536898136,0.27117318218614933,1.0,1.0,flex,dk,0.0022358624889699066,0.9999975015584913,0.0013348900665466376
l_kohakufa_fp16,0,bf16,1.0,14,11.205784536898136,0.27117318218614933,1.0,1.0,flex,dv,0.0019712748288319287,0.9999980587702993,0.002259991456996061
l_kohakufa_fp16,0,bf16,1.0,14,11.205784536898136,0.27117318218614933,1.0,1.0,fa4,dq,0.003426578289123494,0.9999941301732704,0.004523717531179395
l_kohakufa_fp16,0,bf16,1.0,14,11.205784536898136,0.27117318218614933,1.0,1.0,fa4,dk,0.002293079666437096,0.9999973737236422,0.0018607260339263986
l_kohakufa_fp16,0,bf16,1.0,14,11.205784536898136,0.27117318218614933,1.0,1.0,fa4,dv,0.001971362330965735,0.9999980585850139,0.002259991456996061
l_kohakufa_fp16,0,bf16,1.0,14,11.205784536898136,0.27117318218614933,1.0,1.0,kohakufa,dq,0.003611861141089859,0.9999934772293169,0.003569110271448156
l_kohakufa_fp16,0,bf16,1.0,14,11.205784536898136,0.27117318218614933,1.0,1.0,kohakufa,dk,0.002506578565363712,0.9999968593970484,0.0012828132686397151
l_kohakufa_fp16,0,bf16,1.0,14,11.205784536898136,0.27117318218614933,1.0,1.0,kohakufa,dv,0.001971332304873025,0.9999980586461508,0.002259991456996061
l_kohakufa_fp16,0,bf16,1.0,14,11.205784536898136,0.27117318218614933,1.0,1.0,floor,dq,0.002871729963531868,0.9999958782221209,0.004508257299622473
l_kohakufa_fp16,0,bf16,1.0,14,11.205784536898136,0.27117318218614933,1.0,1.0,floor,dk,0.0015527368883199123,0.9999988001801842,0.0013457633167427237
l_kohakufa_fp16,0,bf16,1.0,14,11.205784536898136,0.27117318218614933,1.0,1.0,floor,dv,0.001115454920341331,0.9999993792646563,0.001096165868210125
l_kohakufa_fp16,0,bf16,1.0,14,11.205784536898136,0.27117318218614933,1.0,1.0,scale*dS,dq,0.002871729963531868,0.9999958782221209,0.004508257299622473
l_kohakufa_fp16,0,bf16,1.0,14,11.205784536898136,0.27117318218614933,1.0,1.0,scale*dS,dk,0.0015527368883199123,0.9999988001801842,0.0013457633167427237
l_kohakufa_fp16,0,bf16,1.0,14,11.205784536898136,0.27117318218614933,1.0,1.0,scale*dS,dv,0.001115454920341331,0.9999993792646563,0.001096165868210125
l_kohakufa_fp16,0,bf16,1.0,14,11.205784536898136,0.27117318218614933,1.0,1.0,single lse,dq,0.002871641715705297,0.9999958784723716,0.004508257299622473
l_kohakufa_fp16,0,bf16,1.0,14,11.205784536898136,0.27117318218614933,1.0,1.0,single lse,dk,0.0015527755132417136,0.999998800114475,0.0013457633167427237
l_kohakufa_fp16,0,bf16,1.0,14,11.205784536898136,0.27117318218614933,1.0,1.0,single lse,dv,0.0011154526008915577,0.9999993792680011,0.001096165868210125
l_kohakufa_fp16,0,bf16,1.0,14,11.205784536898136,0.27117318218614933,1.0,1.0,scale-shift,dq,0.0028715473799432556,0.9999958787705584,0.004508257299622473
l_kohakufa_fp16,0,bf16,1.0,14,11.205784536898136,0.27117318218614933,1.0,1.0,scale-shift,dk,0.0015527313755730244,0.9999988002607003,0.0013457633167427237
l_kohakufa_fp16,0,bf16,1.0,14,11.205784536898136,0.27117318218614933,1.0,1.0,scale-shift,dv,0.0011154482475307357,0.9999993792729348,0.001096165868210125
l_kohakufa_fp16,0,bf16,1.0,14,11.205784536898136,0.27117318218614933,1.0,1.0,all three,dq,0.0028716040529282744,0.9999958786066271,0.004508257299622473
l_kohakufa_fp16,0,bf16,1.0,14,11.205784536898136,0.27117318218614933,1.0,1.0,all three,dk,0.001552778524749803,0.999998800191003,0.0013457633167427237
l_kohakufa_fp16,0,bf16,1.0,14,11.205784536898136,0.27117318218614933,1.0,1.0,all three,dv,0.0011154600501297603,0.9999993792596541,0.001096165868210125
l_kohakufa_fp16,0,bf16,1.0,15,10.583983898162842,0.21265671209057746,1.0,1.0,cudnn,dq,0.002957736863384828,0.9999956272955114,0.0024850845190543475
l_kohakufa_fp16,0,bf16,1.0,15,10.583983898162842,0.21265671209057746,1.0,1.0,cudnn,dk,0.002212019095819745,0.9999975537418188,0.0023040489777742257
l_kohakufa_fp16,0,bf16,1.0,15,10.583983898162842,0.21265671209057746,1.0,1.0,cudnn,dv,0.002025811098331929,0.9999979481910192,0.0024272013195535606
l_kohakufa_fp16,0,bf16,1.0,15,10.583983898162842,0.21265671209057746,1.0,1.0,efficient,dq,0.0032113726770949974,0.9999948445515519,0.002443698150023532
l_kohakufa_fp16,0,bf16,1.0,15,10.583983898162842,0.21265671209057746,1.0,1.0,efficient,dk,0.0024940405047541936,0.9999968902975324,0.002262520269381315
l_kohakufa_fp16,0,bf16,1.0,15,10.583983898162842,0.21265671209057746,1.0,1.0,efficient,dv,0.0020251076824464084,0.9999979495673251,0.0024272013195535606
l_kohakufa_fp16,0,bf16,1.0,15,10.583983898162842,0.21265671209057746,1.0,1.0,flex,dq,0.0028700736369876387,0.999995882994473,0.0024850845190543475
l_kohakufa_fp16,0,bf16,1.0,15,10.583983898162842,0.21265671209057746,1.0,1.0,flex,dk,0.0021983810290444323,0.9999975835721743,0.0023040489777742257
l_kohakufa_fp16,0,bf16,1.0,15,10.583983898162842,0.21265671209057746,1.0,1.0,flex,dv,0.0020251113887825366,0.9999979495588245,0.0024272013195535606
l_kohakufa_fp16,0,bf16,1.0,15,10.583983898162842,0.21265671209057746,1.0,1.0,fa4,dq,0.0029903080440018266,0.999995530510942,0.0024850845190543475
l_kohakufa_fp16,0,bf16,1.0,15,10.583983898162842,0.21265671209057746,1.0,1.0,fa4,dk,0.002207908091754971,0.9999975627464313,0.0023040489777742257
l_kohakufa_fp16,0,bf16,1.0,15,10.583983898162842,0.21265671209057746,1.0,1.0,fa4,dv,0.0020250969943001206,0.9999979495881297,0.0024272013195535606
l_kohakufa_fp16,0,bf16,1.0,15,10.583983898162842,0.21265671209057746,1.0,1.0,kohakufa,dq,0.003227584208818349,0.9999947925125117,0.002443698150023532
l_kohakufa_fp16,0,bf16,1.0,15,10.583983898162842,0.21265671209057746,1.0,1.0,kohakufa,dk,0.0024965248546094817,0.9999968837747133,0.002262520269381315
l_kohakufa_fp16,0,bf16,1.0,15,10.583983898162842,0.21265671209057746,1.0,1.0,kohakufa,dv,0.0020251087687393403,0.9999979495642384,0.0024272013195535606
l_kohakufa_fp16,0,bf16,1.0,15,10.583983898162842,0.21265671209057746,1.0,1.0,floor,dq,0.0023844513072882128,0.9999971600191236,0.0025731852652432453
l_kohakufa_fp16,0,bf16,1.0,15,10.583983898162842,0.21265671209057746,1.0,1.0,floor,dk,0.0014601961822022348,0.9999989339344139,0.001069549777127656
l_kohakufa_fp16,0,bf16,1.0,15,10.583983898162842,0.21265671209057746,1.0,1.0,floor,dv,0.0011711154240791346,0.9999993142741856,0.001182768696612301
l_kohakufa_fp16,0,bf16,1.0,15,10.583983898162842,0.21265671209057746,1.0,1.0,scale*dS,dq,0.0023844513072882128,0.9999971600191236,0.0025731852652432453
l_kohakufa_fp16,0,bf16,1.0,15,10.583983898162842,0.21265671209057746,1.0,1.0,scale*dS,dk,0.0014601961822022348,0.9999989339344139,0.001069549777127656
l_kohakufa_fp16,0,bf16,1.0,15,10.583983898162842,0.21265671209057746,1.0,1.0,scale*dS,dv,0.0011711154240791346,0.9999993142741856,0.001182768696612301
l_kohakufa_fp16,0,bf16,1.0,15,10.583983898162842,0.21265671209057746,1.0,1.0,single lse,dq,0.0023845155296897307,0.999997159868194,0.0025731852652432453
l_kohakufa_fp16,0,bf16,1.0,15,10.583983898162842,0.21265671209057746,1.0,1.0,single lse,dk,0.0014601944926290954,0.9999989339369134,0.001069549777127656
l_kohakufa_fp16,0,bf16,1.0,15,10.583983898162842,0.21265671209057746,1.0,1.0,single lse,dv,0.0011711178394503896,0.9999993142714773,0.001182768696612301
l_kohakufa_fp16,0,bf16,1.0,15,10.583983898162842,0.21265671209057746,1.0,1.0,scale-shift,dq,0.002384340114159822,0.9999971602795142,0.0025731852652432453
l_kohakufa_fp16,0,bf16,1.0,15,10.583983898162842,0.21265671209057746,1.0,1.0,scale-shift,dk,0.0014599440496322563,0.9999989343010832,0.001069549777127656
l_kohakufa_fp16,0,bf16,1.0,15,10.583983898162842,0.21265671209057746,1.0,1.0,scale-shift,dv,0.001171113882250343,0.9999993142761502,0.001182768696612301
l_kohakufa_fp16,0,bf16,1.0,15,10.583983898162842,0.21265671209057746,1.0,1.0,all three,dq,0.002384410963371543,0.9999971601123552,0.0025731852652432453
l_kohakufa_fp16,0,bf16,1.0,15,10.583983898162842,0.21265671209057746,1.0,1.0,all three,dk,0.0014600022889239448,0.9999989342158153,0.001069549777127656
l_kohakufa_fp16,0,bf16,1.0,15,10.583983898162842,0.21265671209057746,1.0,1.0,all three,dv,0.0011711151152767568,0.999999314274724,0.001182768696612301
l_kohakufa_fp16,0,bf16,1.0,16,11.284155528992414,0.21380503550075008,1.0,1.0,cudnn,dq,0.00334746593864456,0.9999943972486103,0.0020309271020164635
l_kohakufa_fp16,0,bf16,1.0,16,11.284155528992414,0.21380503550075008,1.0,1.0,cudnn,dk,0.0022316727537686175,0.999997510340141,0.002350839330547854
l_kohakufa_fp16,0,bf16,1.0,16,11.284155528992414,0.21380503550075008,1.0,1.0,cudnn,dv,0.001991448921273441,0.9999980181023171,0.0025896803062301016
l_kohakufa_fp16,0,bf16,1.0,16,11.284155528992414,0.21380503550075008,1.0,1.0,efficient,dq,0.003575487920689813,0.9999936079646399,0.003132945083039542
l_kohakufa_fp16,0,bf16,1.0,16,11.284155528992414,0.21380503550075008,1.0,1.0,efficient,dk,0.0025350052453089267,0.9999967950288531,0.004923376018597598
l_kohakufa_fp16,0,bf16,1.0,16,11.284155528992414,0.21380503550075008,1.0,1.0,efficient,dv,0.0019918796968360487,0.9999980172885881,0.0025896803062301016
l_kohakufa_fp16,0,bf16,1.0,16,11.284155528992414,0.21380503550075008,1.0,1.0,flex,dq,0.0032334057199361237,0.9999947725315143,0.0020309271020164635
l_kohakufa_fp16,0,bf16,1.0,16,11.284155528992414,0.21380503550075008,1.0,1.0,flex,dk,0.002208680442245447,0.9999975625828458,0.0025577829731299115
l_kohakufa_fp16,0,bf16,1.0,16,11.284155528992414,0.21380503550075008,1.0,1.0,flex,dv,0.0019915662179557773,0.9999980179539363,0.0025896803062301016
l_kohakufa_fp16,0,bf16,1.0,16,11.284155528992414,0.21380503550075008,1.0,1.0,fa4,dq,0.0033374490384114872,0.9999944316191006,0.0020279199426155073
l_kohakufa_fp16,0,bf16,1.0,16,11.284155528992414,0.21380503550075008,1.0,1.0,fa4,dk,0.002242558334838024,0.9999974872389323,0.002350839330547854
l_kohakufa_fp16,0,bf16,1.0,16,11.284155528992414,0.21380503550075008,1.0,1.0,fa4,dv,0.001991586811544181,0.9999980179153855,0.0025896803062301016
l_kohakufa_fp16,0,bf16,1.0,16,11.284155528992414,0.21380503550075008,1.0,1.0,kohakufa,dq,0.0035333398904501575,0.9999937578007325,0.0022481154739745777
l_kohakufa_fp16,0,bf16,1.0,16,11.284155528992414,0.21380503550075008,1.0,1.0,kohakufa,dk,0.0025299733549097045,0.9999968067935737,0.004923376018597598
l_kohakufa_fp16,0,bf16,1.0,16,11.284155528992414,0.21380503550075008,1.0,1.0,kohakufa,dv,0.001991762294286647,0.9999980175254769,0.0025896803062301016
l_kohakufa_fp16,0,bf16,1.0,16,11.284155528992414,0.21380503550075008,1.0,1.0,floor,dq,0.002804967729527294,0.9999960661130441,0.0016986928910550593
l_kohakufa_fp16,0,bf16,1.0,16,11.284155528992414,0.21380503550075008,1.0,1.0,floor,dk,0.0014363672398961063,0.9999989684249619,0.0010382123764549503
l_kohakufa_fp16,0,bf16,1.0,16,11.284155528992414,0.21380503550075008,1.0,1.0,floor,dv,0.001056343104220533,0.9999994422265926,0.0013366536233045912
l_kohakufa_fp16,0,bf16,1.0,16,11.284155528992414,0.21380503550075008,1.0,1.0,scale*dS,dq,0.002804967729527294,0.9999960661130441,0.0016986928910550593
l_kohakufa_fp16,0,bf16,1.0,16,11.284155528992414,0.21380503550075008,1.0,1.0,scale*dS,dk,0.0014363672398961063,0.9999989684249619,0.0010382123764549503
l_kohakufa_fp16,0,bf16,1.0,16,11.284155528992414,0.21380503550075008,1.0,1.0,scale*dS,dv,0.001056343104220533,0.9999994422265926,0.0013366536233045912
l_kohakufa_fp16,0,bf16,1.0,16,11.284155528992414,0.21380503550075008,1.0,1.0,single lse,dq,0.00280481204441577,0.9999960665494522,0.0016986928910550593
l_kohakufa_fp16,0,bf16,1.0,16,11.284155528992414,0.21380503550075008,1.0,1.0,single lse,dk,0.0014359717977888676,0.999998968992149,0.0010382123764549503
l_kohakufa_fp16,0,bf16,1.0,16,11.284155528992414,0.21380503550075008,1.0,1.0,single lse,dv,0.0010563415320361366,0.9999994422283294,0.0013366536233045912
l_kohakufa_fp16,0,bf16,1.0,16,11.284155528992414,0.21380503550075008,1.0,1.0,scale-shift,dq,0.0028057091913287345,0.9999960640342782,0.0016986928910550593
l_kohakufa_fp16,0,bf16,1.0,16,11.284155528992414,0.21380503550075008,1.0,1.0,scale-shift,dk,0.001436399149110486,0.9999989683793726,0.0010382123764549503
l_kohakufa_fp16,0,bf16,1.0,16,11.284155528992414,0.21380503550075008,1.0,1.0,scale-shift,dv,0.0010563402945540817,0.9999994422295871,0.0013366536233045912
l_kohakufa_fp16,0,bf16,1.0,16,11.284155528992414,0.21380503550075008,1.0,1.0,all three,dq,0.0028056396695986022,0.9999960642286368,0.0016986928910550593
l_kohakufa_fp16,0,bf16,1.0,16,11.284155528992414,0.21380503550075008,1.0,1.0,all three,dk,0.0014360031160909955,0.999998968947318,0.0010382123764549503
l_kohakufa_fp16,0,bf16,1.0,16,11.284155528992414,0.21380503550075008,1.0,1.0,all three,dv,0.0010563122158639702,0.999999442258684,0.0013366536233045912
l_kohakufa_fp16,0,bf16,1.0,17,11.905068151652813,0.25361315438359827,1.0,1.0,cudnn,dq,0.0032849979467879952,0.9999946045877863,0.0022951965713179996
l_kohakufa_fp16,0,bf16,1.0,17,11.905068151652813,0.25361315438359827,1.0,1.0,cudnn,dk,0.0021784534307793275,0.9999976282221551,0.0024773357123886765
l_kohakufa_fp16,0,bf16,1.0,17,11.905068151652813,0.25361315438359827,1.0,1.0,cudnn,dv,0.0018684130426957133,0.999998254534923,0.0021787947586723016
l_kohakufa_fp16,0,bf16,1.0,17,11.905068151652813,0.25361315438359827,1.0,1.0,efficient,dq,0.0035024039458966924,0.9999938666531925,0.0026563706871697234
l_kohakufa_fp16,0,bf16,1.0,17,11.905068151652813,0.25361315438359827,1.0,1.0,efficient,dk,0.0024653313387614966,0.9999969648663803,0.0027183883644933252
l_kohakufa_fp16,0,bf16,1.0,17,11.905068151652813,0.25361315438359827,1.0,1.0,efficient,dv,0.0018686454747697712,0.9999982540840128,0.0021787947586723016
l_kohakufa_fp16,0,bf16,1.0,17,11.905068151652813,0.25361315438359827,1.0,1.0,flex,dq,0.0031982780225706,0.9999948856029669,0.0022951965713179996
l_kohakufa_fp16,0,bf16,1.0,17,11.905068151652813,0.25361315438359827,1.0,1.0,flex,dk,0.002173307318231315,0.9999976388422875,0.0027766895176312015
l_kohakufa_fp16,0,bf16,1.0,17,11.905068151652813,0.25361315438359827,1.0,1.0,flex,dv,0.0018686287108005413,0.9999982541156763,0.0021787947586723016
l_kohakufa_fp16,0,bf16,1.0,17,11.905068151652813,0.25361315438359827,1.0,1.0,fa4,dq,0.0032638993057195957,0.9999946736449009,0.0022951965713179996
l_kohakufa_fp16,0,bf16,1.0,17,11.905068151652813,0.25361315438359827,1.0,1.0,fa4,dk,0.00217336078855065,0.9999976384992021,0.0027766895176312015
l_kohakufa_fp16,0,bf16,1.0,17,11.905068151652813,0.25361315438359827,1.0,1.0,fa4,dv,0.0018687507684569794,0.9999982538886405,0.0021787947586723016
l_kohakufa_fp16,0,bf16,1.0,17,11.905068151652813,0.25361315438359827,1.0,1.0,kohakufa,dq,0.003489964425746588,0.999993910124297,0.0028369577450955853
l_kohakufa_fp16,0,bf16,1.0,17,11.905068151652813,0.25361315438359827,1.0,1.0,kohakufa,dk,0.002455702456020333,0.9999969894677929,0.0027183883644933252
l_kohakufa_fp16,0,bf16,1.0,17,11.905068151652813,0.25361315438359827,1.0,1.0,kohakufa,dv,0.0018686357631994906,0.999998254102451,0.0021787947586723016
l_kohakufa_fp16,0,bf16,1.0,17,11.905068151652813,0.25361315438359827,1.0,1.0,floor,dq,0.002743279517644189,0.9999962375755277,0.0023198175570524637
l_kohakufa_fp16,0,bf16,1.0,17,11.905068151652813,0.25361315438359827,1.0,1.0,floor,dk,0.00138903663552129,0.9999990361093969,0.0016896799690058087
l_kohakufa_fp16,0,bf16,1.0,17,11.905068151652813,0.25361315438359827,1.0,1.0,floor,dv,0.0009484115296777074,0.9999995503774577,0.0005720594667385474
l_kohakufa_fp16,0,bf16,1.0,17,11.905068151652813,0.25361315438359827,1.0,1.0,scale*dS,dq,0.002743279517644189,0.9999962375755277,0.0023198175570524637
l_kohakufa_fp16,0,bf16,1.0,17,11.905068151652813,0.25361315438359827,1.0,1.0,scale*dS,dk,0.00138903663552129,0.9999990361093969,0.0016896799690058087
l_kohakufa_fp16,0,bf16,1.0,17,11.905068151652813,0.25361315438359827,1.0,1.0,scale*dS,dv,0.0009484115296777074,0.9999995503774577,0.0005720594667385474
l_kohakufa_fp16,0,bf16,1.0,17,11.905068151652813,0.25361315438359827,1.0,1.0,single lse,dq,0.0027432148429194347,0.9999962377522216,0.0023198175570524637
l_kohakufa_fp16,0,bf16,1.0,17,11.905068151652813,0.25361315438359827,1.0,1.0,single lse,dk,0.0013890014501360605,0.9999990361581087,0.0016896799690058087
l_kohakufa_fp16,0,bf16,1.0,17,11.905068151652813,0.25361315438359827,1.0,1.0,single lse,dv,0.0009484178114044382,0.9999995503712837,0.0005720594667385474
l_kohakufa_fp16,0,bf16,1.0,17,11.905068151652813,0.25361315438359827,1.0,1.0,scale-shift,dq,0.0027431839125624693,0.9999962378432298,0.0023198175570524637
l_kohakufa_fp16,0,bf16,1.0,17,11.905068151652813,0.25361315438359827,1.0,1.0,scale-shift,dk,0.0013887628235961663,0.9999990365087031,0.0016896799690058087
l_kohakufa_fp16,0,bf16,1.0,17,11.905068151652813,0.25361315438359827,1.0,1.0,scale-shift,dv,0.0009484022651475776,0.9999995503862448,0.0005720594667385474
l_kohakufa_fp16,0,bf16,1.0,17,11.905068151652813,0.25361315438359827,1.0,1.0,all three,dq,0.0027431755425564837,0.9999962378665682,0.0023198175570524637
l_kohakufa_fp16,0,bf16,1.0,17,11.905068151652813,0.25361315438359827,1.0,1.0,all three,dk,0.0013888507353823742,0.9999990363723764,0.0016896799690058087
l_kohakufa_fp16,0,bf16,1.0,17,11.905068151652813,0.25361315438359827,1.0,1.0,all three,dv,0.0009484200043636873,0.9999995503693735,0.0005720594667385474
l_kohakufa_fp16,0,bf16,1.0,18,12.83402057737112,0.31361662566448983,1.0,1.0,cudnn,dq,0.003674187750545768,0.9999932508517457,0.003901294244926888
l_kohakufa_fp16,0,bf16,1.0,18,12.83402057737112,0.31361662566448983,1.0,1.0,cudnn,dk,0.0022710040848093736,0.9999974213428836,0.003028211478400661
l_kohakufa_fp16,0,bf16,1.0,18,12.83402057737112,0.31361662566448983,1.0,1.0,cudnn,dv,0.0018721939097624222,0.9999982478571395,0.0026784133564112765
l_kohakufa_fp16,0,bf16,1.0,18,12.83402057737112,0.31361662566448983,1.0,1.0,efficient,dq,0.003908763750006251,0.9999923607547591,0.006279725990407556
l_kohakufa_fp16,0,bf16,1.0,18,12.83402057737112,0.31361662566448983,1.0,1.0,efficient,dk,0.002461281399088636,0.9999969710523733,0.0039289319673449655
l_kohakufa_fp16,0,bf16,1.0,18,12.83402057737112,0.31361662566448983,1.0,1.0,efficient,dv,0.0018693988959703467,0.9999982529964864,0.0026784133564112765
l_kohakufa_fp16,0,bf16,1.0,18,12.83402057737112,0.31361662566448983,1.0,1.0,flex,dq,0.0036097876935034415,0.9999934848036771,0.003901294244926888
l_kohakufa_fp16,0,bf16,1.0,18,12.83402057737112,0.31361662566448983,1.0,1.0,flex,dk,0.002247237199637608,0.9999974771696328,0.003028211478400661
l_kohakufa_fp16,0,bf16,1.0,18,12.83402057737112,0.31361662566448983,1.0,1.0,flex,dv,0.0018694051872139288,0.9999982529882503,0.0026784133564112765
l_kohakufa_fp16,0,bf16,1.0,18,12.83402057737112,0.31361662566448983,1.0,1.0,fa4,dq,0.0036402869272062753,0.9999933744282603,0.003901294244926888
l_kohakufa_fp16,0,bf16,1.0,18,12.83402057737112,0.31361662566448983,1.0,1.0,fa4,dk,0.002249353746242088,0.9999974713194303,0.003028211478400661
l_kohakufa_fp16,0,bf16,1.0,18,12.83402057737112,0.31361662566448983,1.0,1.0,fa4,dv,0.0018705896341182793,0.9999982508118306,0.0026784133564112765
l_kohakufa_fp16,0,bf16,1.0,18,12.83402057737112,0.31361662566448983,1.0,1.0,kohakufa,dq,0.003929650101465831,0.9999922791158353,0.006279725990407556
l_kohakufa_fp16,0,bf16,1.0,18,12.83402057737112,0.31361662566448983,1.0,1.0,kohakufa,dk,0.002459847329927736,0.9999969747691129,0.0039289319673449655
l_kohakufa_fp16,0,bf16,1.0,18,12.83402057737112,0.31361662566448983,1.0,1.0,kohakufa,dv,0.001869405521949353,0.9999982529870977,0.0026784133564112765
l_kohakufa_fp16,0,bf16,1.0,18,12.83402057737112,0.31361662566448983,1.0,1.0,floor,dq,0.0032005390576384947,0.9999948782832037,0.00434281713991999
l_kohakufa_fp16,0,bf16,1.0,18,12.83402057737112,0.31361662566448983,1.0,1.0,floor,dk,0.0014737114750891652,0.9999989141841964,0.0010849061459498725
l_kohakufa_fp16,0,bf16,1.0,18,12.83402057737112,0.31361662566448983,1.0,1.0,floor,dv,0.0008934165521704621,0.9999996012446067,0.0007016273009637481
l_kohakufa_fp16,0,bf16,1.0,18,12.83402057737112,0.31361662566448983,1.0,1.0,scale*dS,dq,0.0032005390576384947,0.9999948782832037,0.00434281713991999
l_kohakufa_fp16,0,bf16,1.0,18,12.83402057737112,0.31361662566448983,1.0,1.0,scale*dS,dk,0.0014737114750891652,0.9999989141841964,0.0010849061459498725
l_kohakufa_fp16,0,bf16,1.0,18,12.83402057737112,0.31361662566448983,1.0,1.0,scale*dS,dv,0.0008934165521704621,0.9999996012446067,0.0007016273009637481
l_kohakufa_fp16,0,bf16,1.0,18,12.83402057737112,0.31361662566448983,1.0,1.0,single lse,dq,0.003200508029821458,0.9999948783824762,0.00434281713991999
l_kohakufa_fp16,0,bf16,1.0,18,12.83402057737112,0.31361662566448983,1.0,1.0,single lse,dk,0.0014736877098616252,0.9999989142183102,0.0010849061459498725
l_kohakufa_fp16,0,bf16,1.0,18,12.83402057737112,0.31361662566448983,1.0,1.0,single lse,dv,0.0008934149408750939,0.9999996012459895,0.0007016273009637481
l_kohakufa_fp16,0,bf16,1.0,18,12.83402057737112,0.31361662566448983,1.0,1.0,scale-shift,dq,0.003199696761304912,0.9999948809889126,0.00434281713991999
l_kohakufa_fp16,0,bf16,1.0,18,12.83402057737112,0.31361662566448983,1.0,1.0,scale-shift,dk,0.0014732711636803815,0.9999989148281065,0.0010849061459498725
l_kohakufa_fp16,0,bf16,1.0,18,12.83402057737112,0.31361662566448983,1.0,1.0,scale-shift,dv,0.0008934154595934132,0.9999996012455733,0.0007016273009637481
l_kohakufa_fp16,0,bf16,1.0,18,12.83402057737112,0.31361662566448983,1.0,1.0,all three,dq,0.00320040155623375,0.9999948787328696,0.00434281713991999
l_kohakufa_fp16,0,bf16,1.0,18,12.83402057737112,0.31361662566448983,1.0,1.0,all three,dk,0.0014735105103848888,0.9999989144793536,0.0010849061459498725
l_kohakufa_fp16,0,bf16,1.0,18,12.83402057737112,0.31361662566448983,1.0,1.0,all three,dv,0.0008933782795113495,0.9999996012771344,0.0007016273009637481
l_kohakufa_fp16,0,bf16,1.0,19,9.992114633321762,0.37289689426949313,1.0,1.0,cudnn,dq,0.003212625268348294,0.9999948398906541,0.0017076156841413289
l_kohakufa_fp16,0,bf16,1.0,19,9.992114633321762,0.37289689426949313,1.0,1.0,cudnn,dk,0.0020491513954942644,0.9999979004893623,0.0019855108320594368
l_kohakufa_fp16,0,bf16,1.0,19,9.992114633321762,0.37289689426949313,1.0,1.0,cudnn,dv,0.001778385653075412,0.9999984206520803,0.0021060163995102943
l_kohakufa_fp16,0,bf16,1.0,19,9.992114633321762,0.37289689426949313,1.0,1.0,efficient,dq,0.0032567839619989493,0.999994700998531,0.0015824543311122648
l_kohakufa_fp16,0,bf16,1.0,19,9.992114633321762,0.37289689426949313,1.0,1.0,efficient,dk,0.002232171886411831,0.9999975092797528,0.0038201462785559647
l_kohakufa_fp16,0,bf16,1.0,19,9.992114633321762,0.37289689426949313,1.0,1.0,efficient,dv,0.001778676143392787,0.999998420086658,0.0021060163995102943
l_kohakufa_fp16,0,bf16,1.0,19,9.992114633321762,0.37289689426949313,1.0,1.0,flex,dq,0.0030689072132649327,0.999995293648627,0.0017076156841413289
l_kohakufa_fp16,0,bf16,1.0,19,9.992114633321762,0.37289689426949313,1.0,1.0,flex,dk,0.0020152560502421503,0.9999979699793736,0.002496913304714712
l_kohakufa_fp16,0,bf16,1.0,19,9.992114633321762,0.37289689426949313,1.0,1.0,flex,dv,0.0017786840042057206,0.9999984200734053,0.0021060163995102943
l_kohakufa_fp16,0,bf16,1.0,19,9.992114633321762,0.37289689426949313,1.0,1.0,fa4,dq,0.003186307645249506,0.9999949275736203,0.0031261444519792157
l_kohakufa_fp16,0,bf16,1.0,19,9.992114633321762,0.37289689426949313,1.0,1.0,fa4,dk,0.0020636071757501864,0.999997870942815,0.0025926401246809962
l_kohakufa_fp16,0,bf16,1.0,19,9.992114633321762,0.37289689426949313,1.0,1.0,fa4,dv,0.0017786793697500882,0.9999984200789966,0.0021060163995102943
l_kohakufa_fp16,0,bf16,1.0,19,9.992114633321762,0.37289689426949313,1.0,1.0,kohakufa,dq,0.0032856072127859857,0.9999946065541024,0.0017076156841413289
l_kohakufa_fp16,0,bf16,1.0,19,9.992114633321762,0.37289689426949313,1.0,1.0,kohakufa,dk,0.002241051561827349,0.999997489401942,0.0038201462785559647
l_kohakufa_fp16,0,bf16,1.0,19,9.992114633321762,0.37289689426949313,1.0,1.0,kohakufa,dv,0.001778683228137309,0.9999984200753932,0.0021060163995102943
l_kohakufa_fp16,0,bf16,1.0,19,9.992114633321762,0.37289689426949313,1.0,1.0,floor,dq,0.0026304771840422528,0.9999965435501685,0.0019671259494166583
l_kohakufa_fp16,0,bf16,1.0,19,9.992114633321762,0.37289689426949313,1.0,1.0,floor,dk,0.0011848281244411518,0.9999992982878904,0.002024039014771274
l_kohakufa_fp16,0,bf16,1.0,19,9.992114633321762,0.37289689426949313,1.0,1.0,floor,dv,0.0006793417407416561,0.9999997693799337,0.0008115508013505776
l_kohakufa_fp16,0,bf16,1.0,19,9.992114633321762,0.37289689426949313,1.0,1.0,scale*dS,dq,0.0026304771840422528,0.9999965435501685,0.0019671259494166583
l_kohakufa_fp16,0,bf16,1.0,19,9.992114633321762,0.37289689426949313,1.0,1.0,scale*dS,dk,0.0011848281244411518,0.9999992982878904,0.002024039014771274
l_kohakufa_fp16,0,bf16,1.0,19,9.992114633321762,0.37289689426949313,1.0,1.0,scale*dS,dv,0.0006793417407416561,0.9999997693799337,0.0008115508013505776
l_kohakufa_fp16,0,bf16,1.0,19,9.992114633321762,0.37289689426949313,1.0,1.0,single lse,dq,0.002630491937797362,0.9999965435102858,0.0019671259494166583
l_kohakufa_fp16,0,bf16,1.0,19,9.992114633321762,0.37289689426949313,1.0,1.0,single lse,dk,0.0011848039349717254,0.9999992983166274,0.002024039014771274
l_kohakufa_fp16,0,bf16,1.0,19,9.992114633321762,0.37289689426949313,1.0,1.0,single lse,dv,0.0006793721959509635,0.9999997693602235,0.0008115508013505776
l_kohakufa_fp16,0,bf16,1.0,19,9.992114633321762,0.37289689426949313,1.0,1.0,scale-shift,dq,0.002629792857634963,0.9999965453304563,0.0019671259494166583
l_kohakufa_fp16,0,bf16,1.0,19,9.992114633321762,0.37289689426949313,1.0,1.0,scale-shift,dk,0.0011856388861297424,0.9999992973124482,0.002024039014771274
l_kohakufa_fp16,0,bf16,1.0,19,9.992114633321762,0.37289689426949313,1.0,1.0,scale-shift,dv,0.0006793420312182691,0.9999997693797209,0.0008115508013505776
l_kohakufa_fp16,0,bf16,1.0,19,9.992114633321762,0.37289689426949313,1.0,1.0,all three,dq,0.0026298111350789486,0.9999965452821962,0.0019671259494166583
l_kohakufa_fp16,0,bf16,1.0,19,9.992114633321762,0.37289689426949313,1.0,1.0,all three,dk,0.001185637263128978,0.9999992973143547,0.002024039014771274
l_kohakufa_fp16,0,bf16,1.0,19,9.992114633321762,0.37289689426949313,1.0,1.0,all three,dv,0.0006793403623925391,0.999999769380868,0.0008115508013505776
l_kohakufa_fp16,0,bf16,1.0,20,10.004926562309265,0.4055041262379961,1.0,1.0,cudnn,dq,0.002992265868243714,0.9999955274371761,0.0037154832268323956
l_kohakufa_fp16,0,bf16,1.0,20,10.004926562309265,0.4055041262379961,1.0,1.0,cudnn,dk,0.0018289828499254252,0.9999983275108487,0.0014859306486588047
l_kohakufa_fp16,0,bf16,1.0,20,10.004926562309265,0.4055041262379961,1.0,1.0,cudnn,dv,0.0017065844094781963,0.9999985438570917,0.002631322222355793
l_kohakufa_fp16,0,bf16,1.0,20,10.004926562309265,0.4055041262379961,1.0,1.0,efficient,dq,0.0032200918279084727,0.9999948176349168,0.0024428221619017436
l_kohakufa_fp16,0,bf16,1.0,20,10.004926562309265,0.4055041262379961,1.0,1.0,efficient,dk,0.0019165098799285827,0.9999981640865617,0.0014859306486588047
l_kohakufa_fp16,0,bf16,1.0,20,10.004926562309265,0.4055041262379961,1.0,1.0,efficient,dv,0.001706634932002924,0.99999854376391,0.002631322222355793
l_kohakufa_fp16,0,bf16,1.0,20,10.004926562309265,0.4055041262379961,1.0,1.0,flex,dq,0.002946138545466874,0.9999956621342408,0.0037154832268323956
l_kohakufa_fp16,0,bf16,1.0,20,10.004926562309265,0.4055041262379961,1.0,1.0,flex,dk,0.001824945521041614,0.9999983351148894,0.0014859306486588047
l_kohakufa_fp16,0,bf16,1.0,20,10.004926562309265,0.4055041262379961,1.0,1.0,flex,dv,0.0017066364149201521,0.9999985437613144,0.002631322222355793
l_kohakufa_fp16,0,bf16,1.0,20,10.004926562309265,0.4055041262379961,1.0,1.0,fa4,dq,0.0029850322134268048,0.9999955465689268,0.0037154832268323956
l_kohakufa_fp16,0,bf16,1.0,20,10.004926562309265,0.4055041262379961,1.0,1.0,fa4,dk,0.0018439104422815265,0.9999983139488375,0.0014859306486588047
l_kohakufa_fp16,0,bf16,1.0,20,10.004926562309265,0.4055041262379961,1.0,1.0,fa4,dv,0.0017066298764241586,0.9999985437722549,0.002631322222355793
l_kohakufa_fp16,0,bf16,1.0,20,10.004926562309265,0.4055041262379961,1.0,1.0,kohakufa,dq,0.0031938917377990466,0.9999949019154111,0.0024428221619017436
l_kohakufa_fp16,0,bf16,1.0,20,10.004926562309265,0.4055041262379961,1.0,1.0,kohakufa,dk,0.0019142387204799333,0.9999981686167788,0.0014859306486588047
l_kohakufa_fp16,0,bf16,1.0,20,10.004926562309265,0.4055041262379961,1.0,1.0,kohakufa,dv,0.0017066375510930288,0.99999854375931,0.002631322222355793
l_kohakufa_fp16,0,bf16,1.0,20,10.004926562309265,0.4055041262379961,1.0,1.0,floor,dq,0.0024501584504807313,0.9999970003308479,0.0033600927676858887
l_kohakufa_fp16,0,bf16,1.0,20,10.004926562309265,0.4055041262379961,1.0,1.0,floor,dk,0.0009031550018926048,0.9999995924671086,0.000562981998562372
l_kohakufa_fp16,0,bf16,1.0,20,10.004926562309265,0.4055041262379961,1.0,1.0,floor,dv,0.000510582591694014,0.9999998697515556,0.0007012470575265953
l_kohakufa_fp16,0,bf16,1.0,20,10.004926562309265,0.4055041262379961,1.0,1.0,scale*dS,dq,0.0024501584504807313,0.9999970003308479,0.0033600927676858887
l_kohakufa_fp16,0,bf16,1.0,20,10.004926562309265,0.4055041262379961,1.0,1.0,scale*dS,dk,0.0009031550018926048,0.9999995924671086,0.000562981998562372
l_kohakufa_fp16,0,bf16,1.0,20,10.004926562309265,0.4055041262379961,1.0,1.0,scale*dS,dv,0.000510582591694014,0.9999998697515556,0.0007012470575265953
l_kohakufa_fp16,0,bf16,1.0,20,10.004926562309265,0.4055041262379961,1.0,1.0,single lse,dq,0.002450086555397364,0.9999970004831246,0.0033600927676858887
l_kohakufa_fp16,0,bf16,1.0,20,10.004926562309265,0.4055041262379961,1.0,1.0,single lse,dk,0.0009025234547738644,0.9999995930783951,0.000562981998562372
l_kohakufa_fp16,0,bf16,1.0,20,10.004926562309265,0.4055041262379961,1.0,1.0,single lse,dv,0.0005105839591045533,0.9999998697508725,0.0007012470575265953
l_kohakufa_fp16,0,bf16,1.0,20,10.004926562309265,0.4055041262379961,1.0,1.0,scale-shift,dq,0.002450290640804214,0.999996999988039,0.0033600927676858887
l_kohakufa_fp16,0,bf16,1.0,20,10.004926562309265,0.4055041262379961,1.0,1.0,scale-shift,dk,0.0009031693321752165,0.9999995924971843,0.000562981998562372
l_kohakufa_fp16,0,bf16,1.0,20,10.004926562309265,0.4055041262379961,1.0,1.0,scale-shift,dv,0.0005105829049549294,0.9999998697513741,0.0007012470575265953
l_kohakufa_fp16,0,bf16,1.0,20,10.004926562309265,0.4055041262379961,1.0,1.0,all three,dq,0.002450174031053619,0.9999970002749085,0.0033600927676858887
l_kohakufa_fp16,0,bf16,1.0,20,10.004926562309265,0.4055041262379961,1.0,1.0,all three,dk,0.0009032073525097607,0.9999995924612755,0.000562981998562372
l_kohakufa_fp16,0,bf16,1.0,20,10.004926562309265,0.4055041262379961,1.0,1.0,all three,dv,0.0005105830285719001,0.9999998697513283,0.0007012470575265953
l_kohakufa_fp16,0,bf16,1.0,21,10.793582040816545,0.2929255006170307,1.0,1.0,cudnn,dq,0.002491460280072238,0.9999968968964099,0.0031074842599235477
l_kohakufa_fp16,0,bf16,1.0,21,10.793582040816545,0.2929255006170307,1.0,1.0,cudnn,dk,0.0018728401052468232,0.999998246301763,0.0021423394816645685
l_kohakufa_fp16,0,bf16,1.0,21,10.793582040816545,0.2929255006170307,1.0,1.0,cudnn,dv,0.0017066625900686828,0.9999985442592064,0.002041831308555739
l_kohakufa_fp16,0,bf16,1.0,21,10.793582040816545,0.2929255006170307,1.0,1.0,efficient,dq,0.0026650514057584974,0.9999964494513504,0.0031074842599235477
l_kohakufa_fp16,0,bf16,1.0,21,10.793582040816545,0.2929255006170307,1.0,1.0,efficient,dk,0.002000432593222233,0.9999979997003491,0.0021423394816645685
l_kohakufa_fp16,0,bf16,1.0,21,10.793582040816545,0.2929255006170307,1.0,1.0,efficient,dv,0.0017072042006006638,0.9999985432050122,0.002041831308555739
l_kohakufa_fp16,0,bf16,1.0,21,10.793582040816545,0.2929255006170307,1.0,1.0,flex,dq,0.0024827181389293755,0.9999969183645825,0.0031074842599235477
l_kohakufa_fp16,0,bf16,1.0,21,10.793582040816545,0.2929255006170307,1.0,1.0,flex,dk,0.0018719055620900966,0.9999982479877424,0.0021423394816645685
l_kohakufa_fp16,0,bf16,1.0,21,10.793582040816545,0.2929255006170307,1.0,1.0,flex,dv,0.0017073736017868425,0.999998542927269,0.002041831308555739
l_kohakufa_fp16,0,bf16,1.0,21,10.793582040816545,0.2929255006170307,1.0,1.0,fa4,dq,0.002580649386235879,0.9999966734339742,0.0031074842599235477
l_kohakufa_fp16,0,bf16,1.0,21,10.793582040816545,0.2929255006170307,1.0,1.0,fa4,dk,0.0018924199480573605,0.9999982100447922,0.0021423394816645685
l_kohakufa_fp16,0,bf16,1.0,21,10.793582040816545,0.2929255006170307,1.0,1.0,fa4,dv,0.0017073740651473695,0.9999985429220144,0.002041831308555739
l_kohakufa_fp16,0,bf16,1.0,21,10.793582040816545,0.2929255006170307,1.0,1.0,kohakufa,dq,0.002641298124665581,0.9999965133139498,0.0031074842599235477
l_kohakufa_fp16,0,bf16,1.0,21,10.793582040816545,0.2929255006170307,1.0,1.0,kohakufa,dk,0.0020013166395248835,0.9999979984956423,0.0021423394816645685
l_kohakufa_fp16,0,bf16,1.0,21,10.793582040816545,0.2929255006170307,1.0,1.0,kohakufa,dv,0.0017072091202321679,0.9999985431966031,0.002041831308555739
l_kohakufa_fp16,0,bf16,1.0,21,10.793582040816545,0.2929255006170307,1.0,1.0,floor,dq,0.0018537485349070415,0.9999982832596291,0.0023866873831883055
l_kohakufa_fp16,0,bf16,1.0,21,10.793582040816545,0.2929255006170307,1.0,1.0,floor,dk,0.0008293598617873679,0.9999996563205898,0.0006119838151377854
l_kohakufa_fp16,0,bf16,1.0,21,10.793582040816545,0.2929255006170307,1.0,1.0,floor,dv,0.00047605840927464094,0.9999998868773107,0.00041490979300837623
l_kohakufa_fp16,0,bf16,1.0,21,10.793582040816545,0.2929255006170307,1.0,1.0,scale*dS,dq,0.0018537485349070415,0.9999982832596291,0.0023866873831883055
l_kohakufa_fp16,0,bf16,1.0,21,10.793582040816545,0.2929255006170307,1.0,1.0,scale*dS,dk,0.0008293598617873679,0.9999996563205898,0.0006119838151377854
l_kohakufa_fp16,0,bf16,1.0,21,10.793582040816545,0.2929255006170307,1.0,1.0,scale*dS,dv,0.00047605840927464094,0.9999998868773107,0.00041490979300837623
l_kohakufa_fp16,0,bf16,1.0,21,10.793582040816545,0.2929255006170307,1.0,1.0,single lse,dq,0.0018537152554941123,0.9999982833205436,0.0023866873831883055
l_kohakufa_fp16,0,bf16,1.0,21,10.793582040816545,0.2929255006170307,1.0,1.0,single lse,dk,0.0008294365444777576,0.9999996562606664,0.0006119838151377854
l_kohakufa_fp16,0,bf16,1.0,21,10.793582040816545,0.2929255006170307,1.0,1.0,single lse,dv,0.00047606929172179583,0.9999998868720954,0.00041490979300837623
l_kohakufa_fp16,0,bf16,1.0,21,10.793582040816545,0.2929255006170307,1.0,1.0,scale-shift,dq,0.001853823671632172,0.9999982831149967,0.0023866873831883055
l_kohakufa_fp16,0,bf16,1.0,21,10.793582040816545,0.2929255006170307,1.0,1.0,scale-shift,dk,0.0008292456410128823,0.9999996564115268,0.0006119838151377854
l_kohakufa_fp16,0,bf16,1.0,21,10.793582040816545,0.2929255006170307,1.0,1.0,scale-shift,dv,0.0004760574068819753,0.9999998868779698,0.00041490979300837623
l_kohakufa_fp16,0,bf16,1.0,21,10.793582040816545,0.2929255006170307,1.0,1.0,all three,dq,0.0018537907620091165,0.999998283174695,0.0023866873831883055
l_kohakufa_fp16,0,bf16,1.0,21,10.793582040816545,0.2929255006170307,1.0,1.0,all three,dk,0.0008293322849251667,0.999999656342563,0.0006119838151377854
l_kohakufa_fp16,0,bf16,1.0,21,10.793582040816545,0.2929255006170307,1.0,1.0,all three,dv,0.0004760966532898586,0.9999998868601889,0.00041490979300837623
l_kohakufa_fp16,0,bf16,1.0,22,11.504085678607225,0.33614684802353434,1.0,1.0,cudnn,dq,0.002806701988043705,0.9999960612043786,0.0059604831387855255
l_kohakufa_fp16,0,bf16,1.0,22,11.504085678607225,0.33614684802353434,1.0,1.0,cudnn,dk,0.0017604781751635644,0.999998450690408,0.003524408144964929
l_kohakufa_fp16,0,bf16,1.0,22,11.504085678607225,0.33614684802353434,1.0,1.0,cudnn,dv,0.0016689449475778698,0.999998607571687,0.0020502963754288556
l_kohakufa_fp16,0,bf16,1.0,22,11.504085678607225,0.33614684802353434,1.0,1.0,efficient,dq,0.002994657616125113,0.9999955160089993,0.005676971206338278
l_kohakufa_fp16,0,bf16,1.0,22,11.504085678607225,0.33614684802353434,1.0,1.0,efficient,dk,0.0017832339138716374,0.9999984101705872,0.003524408144964929
l_kohakufa_fp16,0,bf16,1.0,22,11.504085678607225,0.33614684802353434,1.0,1.0,efficient,dv,0.001668677335571048,0.9999986080266593,0.0020502963754288556
l_kohakufa_fp16,0,bf16,1.0,22,11.504085678607225,0.33614684802353434,1.0,1.0,flex,dq,0.0027727759588479692,0.9999961560899,0.004536219931318657
l_kohakufa_fp16,0,bf16,1.0,22,11.504085678607225,0.33614684802353434,1.0,1.0,flex,dk,0.0017585191580828468,0.9999984541864183,0.003524408144964929
l_kohakufa_fp16,0,bf16,1.0,22,11.504085678607225,0.33614684802353434,1.0,1.0,flex,dv,0.0016686744722422975,0.9999986080314525,0.0020502963754288556
l_kohakufa_fp16,0,bf16,1.0,22,11.504085678607225,0.33614684802353434,1.0,1.0,fa4,dq,0.0027900731030582925,0.9999961079008274,0.004536219931318657
l_kohakufa_fp16,0,bf16,1.0,22,11.504085678607225,0.33614684802353434,1.0,1.0,fa4,dk,0.00176547058190031,0.9999984453079964,0.003524408144964929
l_kohakufa_fp16,0,bf16,1.0,22,11.504085678607225,0.33614684802353434,1.0,1.0,fa4,dv,0.0016686768920654836,0.9999986080270965,0.0020502963754288556
l_kohakufa_fp16,0,bf16,1.0,22,11.504085678607225,0.33614684802353434,1.0,1.0,kohakufa,dq,0.0030076240763061766,0.9999954771068341,0.005676971206338278
l_kohakufa_fp16,0,bf16,1.0,22,11.504085678607225,0.33614684802353434,1.0,1.0,kohakufa,dk,0.0017856166889588364,0.999998405857447,0.003524408144964929
l_kohakufa_fp16,0,bf16,1.0,22,11.504085678607225,0.33614684802353434,1.0,1.0,kohakufa,dv,0.0016686780148292568,0.9999986080253821,0.0020502963754288556
l_kohakufa_fp16,0,bf16,1.0,22,11.504085678607225,0.33614684802353434,1.0,1.0,floor,dq,0.0022292298123798957,0.9999975154648413,0.0036459609433472013
l_kohakufa_fp16,0,bf16,1.0,22,11.504085678607225,0.33614684802353434,1.0,1.0,floor,dk,0.0004928340706625028,0.9999998792023665,0.0005493783766670572
l_kohakufa_fp16,0,bf16,1.0,22,11.504085678607225,0.33614684802353434,1.0,1.0,floor,dv,0.0002651426768849916,0.9999999648815965,0.00025716102299946556
l_kohakufa_fp16,0,bf16,1.0,22,11.504085678607225,0.33614684802353434,1.0,1.0,scale*dS,dq,0.0022292298123798957,0.9999975154648413,0.0036459609433472013
l_kohakufa_fp16,0,bf16,1.0,22,11.504085678607225,0.33614684802353434,1.0,1.0,scale*dS,dk,0.0004928340706625028,0.9999998792023665,0.0005493783766670572
l_kohakufa_fp16,0,bf16,1.0,22,11.504085678607225,0.33614684802353434,1.0,1.0,scale*dS,dv,0.0002651426768849916,0.9999999648815965,0.00025716102299946556
l_kohakufa_fp16,0,bf16,1.0,22,11.504085678607225,0.33614684802353434,1.0,1.0,single lse,dq,0.002229215062396297,0.999997515497701,0.0036459609433472013
l_kohakufa_fp16,0,bf16,1.0,22,11.504085678607225,0.33614684802353434,1.0,1.0,single lse,dk,0.0004928394305414486,0.9999998791996225,0.0005493783766670572
l_kohakufa_fp16,0,bf16,1.0,22,11.504085678607225,0.33614684802353434,1.0,1.0,single lse,dv,0.00026513188992851325,0.9999999648841602,0.00025716102299946556
l_kohakufa_fp16,0,bf16,1.0,22,11.504085678607225,0.33614684802353434,1.0,1.0,scale-shift,dq,0.00222799513071633,0.9999975182242593,0.0036459609433472013
l_kohakufa_fp16,0,bf16,1.0,22,11.504085678607225,0.33614684802353434,1.0,1.0,scale-shift,dk,0.0004905899965802897,0.9999998801507647,0.0005493783766670572
l_kohakufa_fp16,0,bf16,1.0,22,11.504085678607225,0.33614684802353434,1.0,1.0,scale-shift,dv,0.00026514302509038205,0.9999999648814969,0.00025716102299946556
l_kohakufa_fp16,0,bf16,1.0,22,11.504085678607225,0.33614684802353434,1.0,1.0,all three,dq,0.002228008727569345,0.9999975181934825,0.0036459609433472013
l_kohakufa_fp16,0,bf16,1.0,22,11.504085678607225,0.33614684802353434,1.0,1.0,all three,dk,0.0004910828146070432,0.9999998799598492,0.0005493783766670572
l_kohakufa_fp16,0,bf16,1.0,22,11.504085678607225,0.33614684802353434,1.0,1.0,all three,dv,0.00026513486175975317,0.9999999648834706,0.00025716102299946556
l_kohakufa_fp16,0,bf16,1.0,23,10.240800976753235,0.08692332575443584,1.0,1.0,cudnn,dq,0.0047773503207519325,0.9999885883968445,0.00831536262356999
l_kohakufa_fp16,0,bf16,1.0,23,10.240800976753235,0.08692332575443584,1.0,1.0,cudnn,dk,0.0017866938980305085,0.9999984039066837,0.0016446238706359318
l_kohakufa_fp16,0,bf16,1.0,23,10.240800976753235,0.08692332575443584,1.0,1.0,cudnn,dv,0.00168462455927511,0.9999985810191506,0.0026802776789282535
l_kohakufa_fp16,0,bf16,1.0,23,10.240800976753235,0.08692332575443584,1.0,1.0,efficient,dq,0.004885683940882651,0.9999880650920171,0.01076512544369796
l_kohakufa_fp16,0,bf16,1.0,23,10.240800976753235,0.08692332575443584,1.0,1.0,efficient,dk,0.001835012636821889,0.9999983163740302,0.0016446238706359318
l_kohakufa_fp16,0,bf16,1.0,23,10.240800976753235,0.08692332575443584,1.0,1.0,efficient,dv,0.0016847261583991637,0.999998580849564,0.0026802776789282535
l_kohakufa_fp16,0,bf16,1.0,23,10.240800976753235,0.08692332575443584,1.0,1.0,flex,dq,0.004672910035016835,0.9999890819078802,0.00831536262356999
l_kohakufa_fp16,0,bf16,1.0,23,10.240800976753235,0.08692332575443584,1.0,1.0,flex,dk,0.0017772746424894867,0.9999984206888958,0.0016446238706359318
l_kohakufa_fp16,0,bf16,1.0,23,10.240800976753235,0.08692332575443584,1.0,1.0,flex,dv,0.0016847082013819673,0.9999985808807421,0.0026802776789282535
l_kohakufa_fp16,0,bf16,1.0,23,10.240800976753235,0.08692332575443584,1.0,1.0,fa4,dq,0.004749618089894518,0.9999887205064036,0.00831536262356999
l_kohakufa_fp16,0,bf16,1.0,23,10.240800976753235,0.08692332575443584,1.0,1.0,fa4,dk,0.0017856449708393283,0.999998405854399,0.0016446238706359318
l_kohakufa_fp16,0,bf16,1.0,23,10.240800976753235,0.08692332575443584,1.0,1.0,fa4,dv,0.0016846839043658216,0.9999985809220298,0.0026802776789282535
l_kohakufa_fp16,0,bf16,1.0,23,10.240800976753235,0.08692332575443584,1.0,1.0,kohakufa,dq,0.004897157818770229,0.9999880089645765,0.01076512544369796
l_kohakufa_fp16,0,bf16,1.0,23,10.240800976753235,0.08692332575443584,1.0,1.0,kohakufa,dk,0.0018342181690359522,0.9999983178237988,0.0016446238706359318
l_kohakufa_fp16,0,bf16,1.0,23,10.240800976753235,0.08692332575443584,1.0,1.0,kohakufa,dv,0.0016846550538963502,0.9999985809702262,0.0026802776789282535
l_kohakufa_fp16,0,bf16,1.0,23,10.240800976753235,0.08692332575443584,1.0,1.0,floor,dq,0.004363194698163358,0.999990481221845,0.008173907544353235
l_kohakufa_fp16,0,bf16,1.0,23,10.240800976753235,0.08692332575443584,1.0,1.0,floor,dk,0.0006396786974422418,0.9999997954671322,0.00027244454803012377
l_kohakufa_fp16,0,bf16,1.0,23,10.240800976753235,0.08692332575443584,1.0,1.0,floor,dv,0.0003250706054482654,0.9999999471648612,0.00039305064303193877
l_kohakufa_fp16,0,bf16,1.0,23,10.240800976753235,0.08692332575443584,1.0,1.0,scale*dS,dq,0.004363194698163358,0.999990481221845,0.008173907544353235
l_kohakufa_fp16,0,bf16,1.0,23,10.240800976753235,0.08692332575443584,1.0,1.0,scale*dS,dk,0.0006396786974422418,0.9999997954671322,0.00027244454803012377
l_kohakufa_fp16,0,bf16,1.0,23,10.240800976753235,0.08692332575443584,1.0,1.0,scale*dS,dv,0.0003250706054482654,0.9999999471648612,0.00039305064303193877
l_kohakufa_fp16,0,bf16,1.0,23,10.240800976753235,0.08692332575443584,1.0,1.0,single lse,dq,0.004363189531723674,0.9999904812444176,0.008173907544353235
l_kohakufa_fp16,0,bf16,1.0,23,10.240800976753235,0.08692332575443584,1.0,1.0,single lse,dk,0.0006396496094988048,0.9999997954862111,0.00027244454803012377
l_kohakufa_fp16,0,bf16,1.0,23,10.240800976753235,0.08692332575443584,1.0,1.0,single lse,dv,0.00032508512511143404,0.9999999471601178,0.00039305064303193877
l_kohakufa_fp16,0,bf16,1.0,23,10.240800976753235,0.08692332575443584,1.0,1.0,scale-shift,dq,0.004362408787474387,0.999990484651032,0.008173907544353235
l_kohakufa_fp16,0,bf16,1.0,23,10.240800976753235,0.08692332575443584,1.0,1.0,scale-shift,dk,0.0006395516757720515,0.9999997955491322,0.00027244454803012377
l_kohakufa_fp16,0,bf16,1.0,23,10.240800976753235,0.08692332575443584,1.0,1.0,scale-shift,dv,0.00032506080760313493,0.9999999471680574,0.00039305064303193877
l_kohakufa_fp16,0,bf16,1.0,23,10.240800976753235,0.08692332575443584,1.0,1.0,all three,dq,0.004362472279091458,0.9999904843740403,0.008173907544353235
l_kohakufa_fp16,0,bf16,1.0,23,10.240800976753235,0.08692332575443584,1.0,1.0,all three,dk,0.0006395236131061982,0.9999997955676461,0.00027244454803012377
l_kohakufa_fp16,0,bf16,1.0,23,10.240800976753235,0.08692332575443584,1.0,1.0,all three,dv,0.0003250566995449189,0.9999999471693574,0.00039305064303193877
l_kohakufa_fp16,20000,fp16,2097152.0,0,615.9317223887192,0.4015158784781938,0.7687318921089172,0.9645181894302368,cudnn,dq,0.0025329171360991536,0.9999967957231505,0.002760998711742171
l_kohakufa_fp16,20000,fp16,2097152.0,0,615.9317223887192,0.4015158784781938,0.7687318921089172,0.9645181894302368,cudnn,dk,0.0003816443672833584,0.9999999272118272,0.0003040406293368152
l_kohakufa_fp16,20000,fp16,2097152.0,0,615.9317223887192,0.4015158784781938,0.7687318921089172,0.9645181894302368,cudnn,dv,0.0002554624180741175,0.9999999676614773,0.0004695436179232866
l_kohakufa_fp16,20000,fp16,2097152.0,0,615.9317223887192,0.4015158784781938,0.7687318921089172,0.9645181894302368,efficient,dq,0.0025821538462465735,0.9999966740913405,0.0027065860962766945
l_kohakufa_fp16,20000,fp16,2097152.0,0,615.9317223887192,0.4015158784781938,0.7687318921089172,0.9645181894302368,efficient,dk,0.00039672609501774446,0.9999999214015713,0.0003040406293368152
l_kohakufa_fp16,20000,fp16,2097152.0,0,615.9317223887192,0.4015158784781938,0.7687318921089172,0.9645181894302368,efficient,dv,0.00025568595963245566,0.9999999676324686,0.0004695436179232866
l_kohakufa_fp16,20000,fp16,2097152.0,0,615.9317223887192,0.4015158784781938,0.7687318921089172,0.9645181894302368,flex,dq,0.0024999203768892135,0.9999968787367854,0.0027695901773419833
l_kohakufa_fp16,20000,fp16,2097152.0,0,615.9317223887192,0.4015158784781938,0.7687318921089172,0.9645181894302368,flex,dk,0.00038584595405599583,0.9999999256320848,0.000350113670427806
l_kohakufa_fp16,20000,fp16,2097152.0,0,615.9317223887192,0.4015158784781938,0.7687318921089172,0.9645181894302368,flex,dv,0.0002559596993945935,0.999999967637034,0.0004695436179232866
l_kohakufa_fp16,20000,fp16,2097152.0,0,615.9317223887192,0.4015158784781938,0.7687318921089172,0.9645181894302368,fa4,dq,0.0025107277367532833,0.9999968487299719,0.002841185724007084
l_kohakufa_fp16,20000,fp16,2097152.0,0,615.9317223887192,0.4015158784781938,0.7687318921089172,0.9645181894302368,fa4,dk,0.0003889281686186245,0.9999999244445572,0.0003040406293368152
l_kohakufa_fp16,20000,fp16,2097152.0,0,615.9317223887192,0.4015158784781938,0.7687318921089172,0.9645181894302368,fa4,dv,0.00025572831584011203,0.9999999676597289,0.0004695436179232866
l_kohakufa_fp16,20000,fp16,2097152.0,0,615.9317223887192,0.4015158784781938,0.7687318921089172,0.9645181894302368,kohakufa,dq,0.0026046406442385645,0.9999966177008996,0.0027123137400099024
l_kohakufa_fp16,20000,fp16,2097152.0,0,615.9317223887192,0.4015158784781938,0.7687318921089172,0.9645181894302368,kohakufa,dk,0.00039893034303431095,0.9999999205234065,0.0003040406293368152
l_kohakufa_fp16,20000,fp16,2097152.0,0,615.9317223887192,0.4015158784781938,0.7687318921089172,0.9645181894302368,kohakufa,dv,0.00025573207017167256,0.9999999676655464,0.0004695436179232866
l_kohakufa_fp16,20000,fp16,2097152.0,0,615.9317223887192,0.4015158784781938,0.7687318921089172,0.9645181894302368,floor,dq,0.0025337416196221266,0.9999967929984526,0.0027600604622411663
l_kohakufa_fp16,20000,fp16,2097152.0,0,615.9317223887192,0.4015158784781938,0.7687318921089172,0.9645181894302368,floor,dk,0.00031639588557034386,0.9999999499894215,0.0002022417966386499
l_kohakufa_fp16,20000,fp16,2097152.0,0,615.9317223887192,0.4015158784781938,0.7687318921089172,0.9645181894302368,floor,dv,0.00014736528807658109,0.999999989246662,0.00017329190133276784
l_kohakufa_fp16,20000,fp16,2097152.0,0,615.9317223887192,0.4015158784781938,0.7687318921089172,0.9645181894302368,scale*dS,dq,0.0025339200104141668,0.9999967925451272,0.002760011301480669
l_kohakufa_fp16,20000,fp16,2097152.0,0,615.9317223887192,0.4015158784781938,0.7687318921089172,0.9645181894302368,scale*dS,dk,0.00031650117858074574,0.9999999499556134,0.00020223751214673146
l_kohakufa_fp16,20000,fp16,2097152.0,0,615.9317223887192,0.4015158784781938,0.7687318921089172,0.9645181894302368,scale*dS,dv,0.00014736528807658109,0.999999989246662,0.00017329190133276784
l_kohakufa_fp16,20000,fp16,2097152.0,0,615.9317223887192,0.4015158784781938,0.7687318921089172,0.9645181894302368,single lse,dq,0.002533794057439096,0.999996792848086,0.0027600604622411663
l_kohakufa_fp16,20000,fp16,2097152.0,0,615.9317223887192,0.4015158784781938,0.7687318921089172,0.9645181894302368,single lse,dk,0.0003163019505387196,0.9999999500288361,0.0002022418492101448
l_kohakufa_fp16,20000,fp16,2097152.0,0,615.9317223887192,0.4015158784781938,0.7687318921089172,0.9645181894302368,single lse,dv,0.00014698763573577027,0.9999999893111737,0.00017329190133276784
l_kohakufa_fp16,20000,fp16,2097152.0,0,615.9317223887192,0.4015158784781938,0.7687318921089172,0.9645181894302368,scale-shift,dq,0.0025090333636358674,0.9999968553186738,0.0027568470527443616
l_kohakufa_fp16,20000,fp16,2097152.0,0,615.9317223887192,0.4015158784781938,0.7687318921089172,0.9645181894302368,scale-shift,dk,0.00031123174939758026,0.9999999516226634,0.00020224175831391693
l_kohakufa_fp16,20000,fp16,2097152.0,0,615.9317223887192,0.4015158784781938,0.7687318921089172,0.9645181894302368,scale-shift,dv,0.0001469712685231662,0.9999999893138062,0.00017329190133276784
l_kohakufa_fp16,20000,fp16,2097152.0,0,615.9317223887192,0.4015158784781938,0.7687318921089172,0.9645181894302368,all three,dq,0.00250951779736439,0.9999968541020434,0.002760011301480669
l_kohakufa_fp16,20000,fp16,2097152.0,0,615.9317223887192,0.4015158784781938,0.7687318921089172,0.9645181894302368,all three,dk,0.00031137963789010394,0.9999999515763539,0.00020223751214673146
l_kohakufa_fp16,20000,fp16,2097152.0,0,615.9317223887192,0.4015158784781938,0.7687318921089172,0.9645181894302368,all three,dv,0.00014698727101647774,0.9999999893112421,0.00017329190133276784
l_kohakufa_fp16,20000,fp16,2097152.0,1,14791.199612121098,0.6373035190824425,0.9464457631111145,0.992391049861908,cudnn,dq,0.004682538678544768,0.9999890386706404,0.002796402400744204
l_kohakufa_fp16,20000,fp16,2097152.0,1,14791.199612121098,0.6373035190824425,0.9464457631111145,0.992391049861908,cudnn,dk,0.0021415073657011104,0.9999977071672781,0.001490024835983578
l_kohakufa_fp16,20000,fp16,2097152.0,1,14791.199612121098,0.6373035190824425,0.9464457631111145,0.992391049861908,cudnn,dv,0.00023910854912485355,0.9999999718637876,0.000316928509832091
l_kohakufa_fp16,20000,fp16,2097152.0,1,14791.199612121098,0.6373035190824425,0.9464457631111145,0.992391049861908,efficient,dq,0.004983285250982323,0.9999875836820445,0.0032747304582390396
l_kohakufa_fp16,20000,fp16,2097152.0,1,14791.199612121098,0.6373035190824425,0.9464457631111145,0.992391049861908,efficient,dk,0.00248817103247178,0.9999969046976814,0.0015542216187920178
l_kohakufa_fp16,20000,fp16,2097152.0,1,14791.199612121098,0.6373035190824425,0.9464457631111145,0.992391049861908,efficient,dv,0.0002462727672978444,0.99999997022443,0.000316928509832091
l_kohakufa_fp16,20000,fp16,2097152.0,1,14791.199612121098,0.6373035190824425,0.9464457631111145,0.992391049861908,flex,dq,0.004975930028971244,0.9999876215933324,0.0032747304582390396
l_kohakufa_fp16,20000,fp16,2097152.0,1,14791.199612121098,0.6373035190824425,0.9464457631111145,0.992391049861908,flex,dk,0.002447706119917493,0.9999970047699744,0.001507413880355475
l_kohakufa_fp16,20000,fp16,2097152.0,1,14791.199612121098,0.6373035190824425,0.9464457631111145,0.992391049861908,flex,dv,0.00023953711396711182,0.9999999717301662,0.000316928509832091
l_kohakufa_fp16,20000,fp16,2097152.0,1,14791.199612121098,0.6373035190824425,0.9464457631111145,0.992391049861908,fa4,dq,0.004675902851412663,0.999989069585032,0.002796402400744204
l_kohakufa_fp16,20000,fp16,2097152.0,1,14791.199612121098,0.6373035190824425,0.9464457631111145,0.992391049861908,fa4,dk,0.002138396434897724,0.9999977138567515,0.001490024835983578
l_kohakufa_fp16,20000,fp16,2097152.0,1,14791.199612121098,0.6373035190824425,0.9464457631111145,0.992391049861908,fa4,dv,0.00024363605753150916,0.9999999708106575,0.000316928509832091
l_kohakufa_fp16,20000,fp16,2097152.0,1,14791.199612121098,0.6373035190824425,0.9464457631111145,0.992391049861908,kohakufa,dq,0.0049953950523242896,0.9999875231209956,0.0032747304582390396
l_kohakufa_fp16,20000,fp16,2097152.0,1,14791.199612121098,0.6373035190824425,0.9464457631111145,0.992391049861908,kohakufa,dk,0.002534041782661582,0.9999967894492494,0.0016406359051364047
l_kohakufa_fp16,20000,fp16,2097152.0,1,14791.199612121098,0.6373035190824425,0.9464457631111145,0.992391049861908,kohakufa,dv,0.00023715162172141286,0.9999999725542917,0.000316928509832091
l_kohakufa_fp16,20000,fp16,2097152.0,1,14791.199612121098,0.6373035190824425,0.9464457631111145,0.992391049861908,floor,dq,0.004982110085292811,0.999987591588806,0.003279340403756318
l_kohakufa_fp16,20000,fp16,2097152.0,1,14791.199612121098,0.6373035190824425,0.9464457631111145,0.992391049861908,floor,dk,0.0025210311505519216,0.999996823096993,0.00161135455971441
l_kohakufa_fp16,20000,fp16,2097152.0,1,14791.199612121098,0.6373035190824425,0.9464457631111145,0.992391049861908,floor,dv,0.00011009679432533466,0.9999999939830007,0.0001716928600784906
l_kohakufa_fp16,20000,fp16,2097152.0,1,14791.199612121098,0.6373035190824425,0.9464457631111145,0.992391049861908,scale*dS,dq,0.004982122934654914,0.9999875915231851,0.0032795581673956448
l_kohakufa_fp16,20000,fp16,2097152.0,1,14791.199612121098,0.6373035190824425,0.9464457631111145,0.992391049861908,scale*dS,dk,0.002520745768958275,0.9999968238159938,0.0016123468166536767
l_kohakufa_fp16,20000,fp16,2097152.0,1,14791.199612121098,0.6373035190824425,0.9464457631111145,0.992391049861908,scale*dS,dv,0.00011009679432533466,0.9999999939830007,0.0001716928600784906
l_kohakufa_fp16,20000,fp16,2097152.0,1,14791.199612121098,0.6373035190824425,0.9464457631111145,0.992391049861908,single lse,dq,0.004982231234468063,0.9999875909858055,0.003279340403756318
l_kohakufa_fp16,20000,fp16,2097152.0,1,14791.199612121098,0.6373035190824425,0.9464457631111145,0.992391049861908,single lse,dk,0.002521337143744058,0.9999968223248464,0.001611810814953863
l_kohakufa_fp16,20000,fp16,2097152.0,1,14791.199612121098,0.6373035190824425,0.9464457631111145,0.992391049861908,single lse,dv,0.00011316618800496555,0.9999999936092097,0.00017522033673684784
l_kohakufa_fp16,20000,fp16,2097152.0,1,14791.199612121098,0.6373035190824425,0.9464457631111145,0.992391049861908,scale-shift,dq,0.0038179803308135436,0.9999927132056132,0.002502042749620077
l_kohakufa_fp16,20000,fp16,2097152.0,1,14791.199612121098,0.6373035190824425,0.9464457631111145,0.992391049861908,scale-shift,dk,0.0019412341053285983,0.999998116606739,0.0014359685755849219
l_kohakufa_fp16,20000,fp16,2097152.0,1,14791.199612121098,0.6373035190824425,0.9464457631111145,0.992391049861908,scale-shift,dv,0.00011150713513930322,0.9999999938274814,0.00017242308781603144
l_kohakufa_fp16,20000,fp16,2097152.0,1,14791.199612121098,0.6373035190824425,0.9464457631111145,0.992391049861908,all three,dq,0.0038177055949395276,0.9999927142456316,0.002502014357643927
l_kohakufa_fp16,20000,fp16,2097152.0,1,14791.199612121098,0.6373035190824425,0.9464457631111145,0.992391049861908,all three,dk,0.0019393083868612803,0.9999981203321534,0.0014360038578308833
l_kohakufa_fp16,20000,fp16,2097152.0,1,14791.199612121098,0.6373035190824425,0.9464457631111145,0.992391049861908,all three,dv,0.00011865937572100596,0.9999999930077649,0.0001595394387361833
l_kohakufa_fp16,20000,fp16,2097152.0,2,42.87480503693223,0.3468280115398387,0.8064056038856506,0.9825696349143982,cudnn,dq,0.0011724784566023295,0.9999993127731852,0.0008332403335500078
l_kohakufa_fp16,20000,fp16,2097152.0,2,42.87480503693223,0.3468280115398387,0.8064056038856506,0.9825696349143982,cudnn,dk,0.002908700597567238,0.9999957715180984,0.005064795933841503
l_kohakufa_fp16,20000,fp16,2097152.0,2,42.87480503693223,0.3468280115398387,0.8064056038856506,0.9825696349143982,cudnn,dv,0.0002977874493953508,0.999999956175889,0.00031522114231305535
l_kohakufa_fp16,20000,fp16,2097152.0,2,42.87480503693223,0.3468280115398387,0.8064056038856506,0.9825696349143982,efficient,dq,0.0011282951364910338,0.999999364035874,0.0007878242444389353
l_kohakufa_fp16,20000,fp16,2097152.0,2,42.87480503693223,0.3468280115398387,0.8064056038856506,0.9825696349143982,efficient,dk,0.0028154321140627303,0.9999960396960677,0.004764666600735556
l_kohakufa_fp16,20000,fp16,2097152.0,2,42.87480503693223,0.3468280115398387,0.8064056038856506,0.9825696349143982,efficient,dv,0.0002971517337480783,0.9999999563800607,0.00031522114231305535
l_kohakufa_fp16,20000,fp16,2097152.0,2,42.87480503693223,0.3468280115398387,0.8064056038856506,0.9825696349143982,flex,dq,0.0011271322169061934,0.9999993649197871,0.000778534589848034
l_kohakufa_fp16,20000,fp16,2097152.0,2,42.87480503693223,0.3468280115398387,0.8064056038856506,0.9825696349143982,flex,dk,0.002799421252249855,0.9999960824914907,0.004764666600735556
l_kohakufa_fp16,20000,fp16,2097152.0,2,42.87480503693223,0.3468280115398387,0.8064056038856506,0.9825696349143982,flex,dv,0.0002969160784935553,0.9999999564592807,0.00031522114231305535
l_kohakufa_fp16,20000,fp16,2097152.0,2,42.87480503693223,0.3468280115398387,0.8064056038856506,0.9825696349143982,fa4,dq,0.0014302954383406863,0.9999989779257887,0.000778534589848034
l_kohakufa_fp16,20000,fp16,2097152.0,2,42.87480503693223,0.3468280115398387,0.8064056038856506,0.9825696349143982,fa4,dk,0.003178743728357279,0.9999950003555939,0.0045020534342678515
l_kohakufa_fp16,20000,fp16,2097152.0,2,42.87480503693223,0.3468280115398387,0.8064056038856506,0.9825696349143982,fa4,dv,0.00029728781519280587,0.9999999563492991,0.00031522114231305535
l_kohakufa_fp16,20000,fp16,2097152.0,2,42.87480503693223,0.3468280115398387,0.8064056038856506,0.9825696349143982,kohakufa,dq,0.0011259139339357207,0.9999993667710906,0.0007878242444389353
l_kohakufa_fp16,20000,fp16,2097152.0,2,42.87480503693223,0.3468280115398387,0.8064056038856506,0.9825696349143982,kohakufa,dk,0.0028125414638436523,0.9999960479666287,0.004764666600735556
l_kohakufa_fp16,20000,fp16,2097152.0,2,42.87480503693223,0.3468280115398387,0.8064056038856506,0.9825696349143982,kohakufa,dv,0.0002971447711961515,0.9999999563906989,0.00031522114231305535
l_kohakufa_fp16,20000,fp16,2097152.0,2,42.87480503693223,0.3468280115398387,0.8064056038856506,0.9825696349143982,floor,dq,0.0011251378163236502,0.9999993671945021,0.0007782871209129685
l_kohakufa_fp16,20000,fp16,2097152.0,2,42.87480503693223,0.3468280115398387,0.8064056038856506,0.9825696349143982,floor,dk,0.002865866975966414,0.9999958954901478,0.00477695265729487
l_kohakufa_fp16,20000,fp16,2097152.0,2,42.87480503693223,0.3468280115398387,0.8064056038856506,0.9825696349143982,floor,dv,0.00022414022497900752,0.9999999751874687,0.00021618444206392807
l_kohakufa_fp16,20000,fp16,2097152.0,2,42.87480503693223,0.3468280115398387,0.8064056038856506,0.9825696349143982,scale*dS,dq,0.0011253563707384548,0.9999993669450395,0.0007783097131250643
l_kohakufa_fp16,20000,fp16,2097152.0,2,42.87480503693223,0.3468280115398387,0.8064056038856506,0.9825696349143982,scale*dS,dk,0.0028662684347493376,0.9999958943409339,0.004777100743283597
l_kohakufa_fp16,20000,fp16,2097152.0,2,42.87480503693223,0.3468280115398387,0.8064056038856506,0.9825696349143982,scale*dS,dv,0.00022414022497900752,0.9999999751874687,0.00021618444206392807
l_kohakufa_fp16,20000,fp16,2097152.0,2,42.87480503693223,0.3468280115398387,0.8064056038856506,0.9825696349143982,single lse,dq,0.0011251825658373058,0.999999367151911,0.0007782871209129685
l_kohakufa_fp16,20000,fp16,2097152.0,2,42.87480503693223,0.3468280115398387,0.8064056038856506,0.9825696349143982,single lse,dk,0.0028658612528303456,0.999995895507123,0.00477695265729487
l_kohakufa_fp16,20000,fp16,2097152.0,2,42.87480503693223,0.3468280115398387,0.8064056038856506,0.9825696349143982,single lse,dv,0.0002241254468786025,0.9999999751912553,0.00021618444206392807
l_kohakufa_fp16,20000,fp16,2097152.0,2,42.87480503693223,0.3468280115398387,0.8064056038856506,0.9825696349143982,scale-shift,dq,0.001126282929264425,0.9999993659049323,0.0007782871209129685
l_kohakufa_fp16,20000,fp16,2097152.0,2,42.87480503693223,0.3468280115398387,0.8064056038856506,0.9825696349143982,scale-shift,dk,0.002873595234021093,0.9999958731558185,0.00477695265729487
l_kohakufa_fp16,20000,fp16,2097152.0,2,42.87480503693223,0.3468280115398387,0.8064056038856506,0.9825696349143982,scale-shift,dv,0.00022386420399242847,0.9999999752496321,0.00021470203494024736
l_kohakufa_fp16,20000,fp16,2097152.0,2,42.87480503693223,0.3468280115398387,0.8064056038856506,0.9825696349143982,all three,dq,0.0011265423605932494,0.9999993656168501,0.0007783097131250643
l_kohakufa_fp16,20000,fp16,2097152.0,2,42.87480503693223,0.3468280115398387,0.8064056038856506,0.9825696349143982,all three,dk,0.0028739706602361184,0.9999958720803598,0.004777100743283597
l_kohakufa_fp16,20000,fp16,2097152.0,2,42.87480503693223,0.3468280115398387,0.8064056038856506,0.9825696349143982,all three,dv,0.00022386840486573635,0.9999999752489444,0.00021470203494024736
l_kohakufa_fp16,20000,fp16,2097152.0,3,8.334880382288247,0.2889797345211996,0.9391183257102966,0.9927972555160522,cudnn,dq,0.00029662155625568025,0.9999999583159649,0.000294171502633259
l_kohakufa_fp16,20000,fp16,2097152.0,3,8.334880382288247,0.2889797345211996,0.9391183257102966,0.9927972555160522,cudnn,dk,0.0005968360596799745,0.9999998227149478,0.0013668469861948917
l_kohakufa_fp16,20000,fp16,2097152.0,3,8.334880382288247,0.2889797345211996,0.9391183257102966,0.9927972555160522,cudnn,dv,0.00036894896960888674,0.9999999320719783,0.00041022456379965594
l_kohakufa_fp16,20000,fp16,2097152.0,3,8.334880382288247,0.2889797345211996,0.9391183257102966,0.9927972555160522,efficient,dq,0.00030620002215355657,0.9999999545707849,0.000294171502633259
l_kohakufa_fp16,20000,fp16,2097152.0,3,8.334880382288247,0.2889797345211996,0.9391183257102966,0.9927972555160522,efficient,dk,0.0005725303940873001,0.9999998386841349,0.0010523312690206741
l_kohakufa_fp16,20000,fp16,2097152.0,3,8.334880382288247,0.2889797345211996,0.9391183257102966,0.9927972555160522,efficient,dv,0.0003697046778690076,0.999999931819983,0.00041022456379965594
l_kohakufa_fp16,20000,fp16,2097152.0,3,8.334880382288247,0.2889797345211996,0.9391183257102966,0.9927972555160522,flex,dq,0.00029169989176848563,0.9999999597505929,0.000294171502633259
l_kohakufa_fp16,20000,fp16,2097152.0,3,8.334880382288247,0.2889797345211996,0.9391183257102966,0.9927972555160522,flex,dk,0.0005833455036219027,0.9999998306039575,0.001398597296706049
l_kohakufa_fp16,20000,fp16,2097152.0,3,8.334880382288247,0.2889797345211996,0.9391183257102966,0.9927972555160522,flex,dv,0.00036948029586010144,0.9999999318908465,0.00041022456379965594
l_kohakufa_fp16,20000,fp16,2097152.0,3,8.334880382288247,0.2889797345211996,0.9391183257102966,0.9927972555160522,fa4,dq,0.0002980628245086901,0.9999999572342789,0.000294171502633259
l_kohakufa_fp16,20000,fp16,2097152.0,3,8.334880382288247,0.2889797345211996,0.9391183257102966,0.9927972555160522,fa4,dk,0.0005771969709137885,0.9999998334322168,0.0013668469861948917
l_kohakufa_fp16,20000,fp16,2097152.0,3,8.334880382288247,0.2889797345211996,0.9391183257102966,0.9927972555160522,fa4,dv,0.00036960555128089925,0.9999999318383592,0.00041022456379965594
l_kohakufa_fp16,20000,fp16,2097152.0,3,8.334880382288247,0.2889797345211996,0.9391183257102966,0.9927972555160522,kohakufa,dq,0.0002988577945777193,0.9999999567712796,0.000294171502633259
l_kohakufa_fp16,20000,fp16,2097152.0,3,8.334880382288247,0.2889797345211996,0.9391183257102966,0.9927972555160522,kohakufa,dk,0.000549792394649615,0.9999998515346389,0.0010523312690206741
l_kohakufa_fp16,20000,fp16,2097152.0,3,8.334880382288247,0.2889797345211996,0.9391183257102966,0.9927972555160522,kohakufa,dv,0.0003696400796311931,0.9999999318267687,0.00041022456379965594
l_kohakufa_fp16,20000,fp16,2097152.0,3,8.334880382288247,0.2889797345211996,0.9391183257102966,0.9927972555160522,floor,dq,0.00018895451500900917,0.9999999833339217,0.00011311501451798458
l_kohakufa_fp16,20000,fp16,2097152.0,3,8.334880382288247,0.2889797345211996,0.9391183257102966,0.9927972555160522,floor,dk,0.0005432462606729934,0.999999852442202,0.0014347618037891892
l_kohakufa_fp16,20000,fp16,2097152.0,3,8.334880382288247,0.2889797345211996,0.9391183257102966,0.9927972555160522,floor,dv,0.0003083213022009718,0.9999999526751657,0.00028141871505774475
l_kohakufa_fp16,20000,fp16,2097152.0,3,8.334880382288247,0.2889797345211996,0.9391183257102966,0.9927972555160522,scale*dS,dq,0.00019988750607366626,0.999999981216621,0.00011311501451798458
l_kohakufa_fp16,20000,fp16,2097152.0,3,8.334880382288247,0.2889797345211996,0.9391183257102966,0.9927972555160522,scale*dS,dk,0.000563636346703481,0.9999998411589289,0.001434906583762442
l_kohakufa_fp16,20000,fp16,2097152.0,3,8.334880382288247,0.2889797345211996,0.9391183257102966,0.9927972555160522,scale*dS,dv,0.0003083213022009718,0.9999999526751657,0.00028141871505774475
l_kohakufa_fp16,20000,fp16,2097152.0,3,8.334880382288247,0.2889797345211996,0.9391183257102966,0.9927972555160522,single lse,dq,0.00018839993156316492,0.9999999833963933,0.00011128764223987778
l_kohakufa_fp16,20000,fp16,2097152.0,3,8.334880382288247,0.2889797345211996,0.9391183257102966,0.9927972555160522,single lse,dk,0.0005442073592491262,0.9999998519209323,0.0014347618037891892
l_kohakufa_fp16,20000,fp16,2097152.0,3,8.334880382288247,0.2889797345211996,0.9391183257102966,0.9927972555160522,single lse,dv,0.00030829635554171196,0.9999999526825099,0.00028141871505774475
l_kohakufa_fp16,20000,fp16,2097152.0,3,8.334880382288247,0.2889797345211996,0.9391183257102966,0.9927972555160522,scale-shift,dq,0.00018746799064482575,0.9999999836127575,0.00011311501451798458
l_kohakufa_fp16,20000,fp16,2097152.0,3,8.334880382288247,0.2889797345211996,0.9391183257102966,0.9927972555160522,scale-shift,dk,0.0005397651946454379,0.9999998543460419,0.0014347618037891892
l_kohakufa_fp16,20000,fp16,2097152.0,3,8.334880382288247,0.2889797345211996,0.9391183257102966,0.9927972555160522,scale-shift,dv,0.00030832479226969425,0.9999999526737406,0.00028141871505774475
l_kohakufa_fp16,20000,fp16,2097152.0,3,8.334880382288247,0.2889797345211996,0.9391183257102966,0.9927972555160522,all three,dq,0.00019801961359735485,0.9999999815457938,0.00011128764223987778
l_kohakufa_fp16,20000,fp16,2097152.0,3,8.334880382288247,0.2889797345211996,0.9391183257102966,0.9927972555160522,all three,dk,0.0005613130067850873,0.9999998424970735,0.001434906583762442
l_kohakufa_fp16,20000,fp16,2097152.0,3,8.334880382288247,0.2889797345211996,0.9391183257102966,0.9927972555160522,all three,dv,0.0003082989210443746,0.9999999526818741,0.00028141871505774475
l_kohakufa_fp16,20000,fp16,2097152.0,4,84.34198966622353,0.3433569090708894,0.9351345896720886,0.9919577836990356,cudnn,dq,0.002975254535124117,0.9999955804247744,0.004565375668874271
l_kohakufa_fp16,20000,fp16,2097152.0,4,84.34198966622353,0.3433569090708894,0.9351345896720886,0.9919577836990356,cudnn,dk,0.0027852849541725715,0.9999961374956912,0.00589299949525748
l_kohakufa_fp16,20000,fp16,2097152.0,4,84.34198966622353,0.3433569090708894,0.9351345896720886,0.9919577836990356,cudnn,dv,0.000313647481100247,0.9999999512735691,0.00029325625809088545
l_kohakufa_fp16,20000,fp16,2097152.0,4,84.34198966622353,0.3433569090708894,0.9351345896720886,0.9919577836990356,efficient,dq,0.002973805202772375,0.999995581101722,0.004570285947042361
l_kohakufa_fp16,20000,fp16,2097152.0,4,84.34198966622353,0.3433569090708894,0.9351345896720886,0.9919577836990356,efficient,dk,0.00282097248729866,0.9999960270299733,0.00589299949525748
l_kohakufa_fp16,20000,fp16,2097152.0,4,84.34198966622353,0.3433569090708894,0.9351345896720886,0.9919577836990356,efficient,dv,0.00031368471379921906,0.9999999512772693,0.00029325625809088545
l_kohakufa_fp16,20000,fp16,2097152.0,4,84.34198966622353,0.3433569090708894,0.9351345896720886,0.9919577836990356,flex,dq,0.0029709038506559367,0.9999955945884378,0.0045666032384162935
l_kohakufa_fp16,20000,fp16,2097152.0,4,84.34198966622353,0.3433569090708894,0.9351345896720886,0.9919577836990356,flex,dk,0.0027769603429522506,0.9999961600558788,0.00589299949525748
l_kohakufa_fp16,20000,fp16,2097152.0,4,84.34198966622353,0.3433569090708894,0.9351345896720886,0.9919577836990356,flex,dv,0.00031353287139442395,0.9999999513256489,0.00029325625809088545
l_kohakufa_fp16,20000,fp16,2097152.0,4,84.34198966622353,0.3433569090708894,0.9351345896720886,0.9919577836990356,fa4,dq,0.003106255591647505,0.9999951828507858,0.0045666032384162935
l_kohakufa_fp16,20000,fp16,2097152.0,4,84.34198966622353,0.3433569090708894,0.9351345896720886,0.9919577836990356,fa4,dk,0.002918277657098242,0.9999957750882486,0.00589299949525748
l_kohakufa_fp16,20000,fp16,2097152.0,4,84.34198966622353,0.3433569090708894,0.9351345896720886,0.9919577836990356,fa4,dv,0.000313768672555183,0.9999999512460849,0.00029325625809088545
l_kohakufa_fp16,20000,fp16,2097152.0,4,84.34198966622353,0.3433569090708894,0.9351345896720886,0.9919577836990356,kohakufa,dq,0.002972985733060379,0.9999955835439157,0.004570285947042361
l_kohakufa_fp16,20000,fp16,2097152.0,4,84.34198966622353,0.3433569090708894,0.9351345896720886,0.9919577836990356,kohakufa,dk,0.002813807967511549,0.9999960471244984,0.00589299949525748
l_kohakufa_fp16,20000,fp16,2097152.0,4,84.34198966622353,0.3433569090708894,0.9351345896720886,0.9919577836990356,kohakufa,dv,0.0003135009731079529,0.9999999513377867,0.00029325625809088545
l_kohakufa_fp16,20000,fp16,2097152.0,4,84.34198966622353,0.3433569090708894,0.9351345896720886,0.9919577836990356,floor,dq,0.002970928112080005,0.9999955936386087,0.004566144623110707
l_kohakufa_fp16,20000,fp16,2097152.0,4,84.34198966622353,0.3433569090708894,0.9351345896720886,0.9919577836990356,floor,dk,0.0027750776771932645,0.9999961580136745,0.005906821203198382
l_kohakufa_fp16,20000,fp16,2097152.0,4,84.34198966622353,0.3433569090708894,0.9351345896720886,0.9919577836990356,floor,dv,0.00023619330672372088,0.9999999732689974,0.00011117973159460783
l_kohakufa_fp16,20000,fp16,2097152.0,4,84.34198966622353,0.3433569090708894,0.9351345896720886,0.9919577836990356,scale*dS,dq,0.002971999955858978,0.99999559042543,0.0045652851595965145
l_kohakufa_fp16,20000,fp16,2097152.0,4,84.34198966622353,0.3433569090708894,0.9351345896720886,0.9919577836990356,scale*dS,dk,0.0027820953533684903,0.9999961386064599,0.0059059485908670726
l_kohakufa_fp16,20000,fp16,2097152.0,4,84.34198966622353,0.3433569090708894,0.9351345896720886,0.9919577836990356,scale*dS,dv,0.00023619330672372088,0.9999999732689974,0.00011117973159460783
l_kohakufa_fp16,20000,fp16,2097152.0,4,84.34198966622353,0.3433569090708894,0.9351345896720886,0.9919577836990356,single lse,dq,0.0029708210786258244,0.9999955939385491,0.004566144623110707
l_kohakufa_fp16,20000,fp16,2097152.0,4,84.34198966622353,0.3433569090708894,0.9351345896720886,0.9919577836990356,single lse,dk,0.0027750908176935552,0.9999961579772325,0.005906821203198382
l_kohakufa_fp16,20000,fp16,2097152.0,4,84.34198966622353,0.3433569090708894,0.9351345896720886,0.9919577836990356,single lse,dv,0.00023618521529295252,0.9999999732726826,0.00011117973159460783
l_kohakufa_fp16,20000,fp16,2097152.0,4,84.34198966622353,0.3433569090708894,0.9351345896720886,0.9919577836990356,scale-shift,dq,0.0028584020646108535,0.9999959215184498,0.003800738155557534
l_kohakufa_fp16,20000,fp16,2097152.0,4,84.34198966622353,0.3433569090708894,0.9351345896720886,0.9919577836990356,scale-shift,dk,0.0027156145561850636,0.9999963195379451,0.006373538076394261
l_kohakufa_fp16,20000,fp16,2097152.0,4,84.34198966622353,0.3433569090708894,0.9351345896720886,0.9919577836990356,scale-shift,dv,0.00023641074986375772,0.9999999732049027,0.00011117973159460783
l_kohakufa_fp16,20000,fp16,2097152.0,4,84.34198966622353,0.3433569090708894,0.9351345896720886,0.9919577836990356,all three,dq,0.0028594396367058812,0.9999959185067484,0.0037999722732419486
l_kohakufa_fp16,20000,fp16,2097152.0,4,84.34198966622353,0.3433569090708894,0.9351345896720886,0.9919577836990356,all three,dk,0.0027228395617908785,0.9999962999681482,0.006372665464062952
l_kohakufa_fp16,20000,fp16,2097152.0,4,84.34198966622353,0.3433569090708894,0.9351345896720886,0.9919577836990356,all three,dv,0.00023609414392992652,0.9999999732921498,0.00011117973159460783
l_kohakufa_fp16,20000,fp16,2097152.0,5,17.81364867114462,0.2703082725318432,0.9546588063240051,0.9944753646850586,cudnn,dq,0.001080524757635392,0.9999994168870296,0.0005381754848232593
l_kohakufa_fp16,20000,fp16,2097152.0,5,17.81364867114462,0.2703082725318432,0.9546588063240051,0.9944753646850586,cudnn,dk,0.0011669799263069422,0.999999319096828,0.0019364849998368763
l_kohakufa_fp16,20000,fp16,2097152.0,5,17.81364867114462,0.2703082725318432,0.9546588063240051,0.9944753646850586,cudnn,dv,0.0003919447596073404,0.9999999234944005,0.0006638104712443267
l_kohakufa_fp16,20000,fp16,2097152.0,5,17.81364867114462,0.2703082725318432,0.9546588063240051,0.9944753646850586,efficient,dq,0.0010856330137306916,0.999999411596666,0.0005381754848232593
l_kohakufa_fp16,20000,fp16,2097152.0,5,17.81364867114462,0.2703082725318432,0.9546588063240051,0.9944753646850586,efficient,dk,0.0012032185030292294,0.9999992786626554,0.0019364849998368763
l_kohakufa_fp16,20000,fp16,2097152.0,5,17.81364867114462,0.2703082725318432,0.9546588063240051,0.9944753646850586,efficient,dv,0.00039081426875346535,0.9999999240673596,0.0006638104712443267
l_kohakufa_fp16,20000,fp16,2097152.0,5,17.81364867114462,0.2703082725318432,0.9546588063240051,0.9944753646850586,flex,dq,0.0010683340569241741,0.9999994303147016,0.0005381754848232593
l_kohakufa_fp16,20000,fp16,2097152.0,5,17.81364867114462,0.2703082725318432,0.9546588063240051,0.9944753646850586,flex,dk,0.001092526941548001,0.9999994032663722,0.0019364849998368763
l_kohakufa_fp16,20000,fp16,2097152.0,5,17.81364867114462,0.2703082725318432,0.9546588063240051,0.9944753646850586,flex,dv,0.00039062706399433284,0.9999999241756259,0.0006638104712443267
l_kohakufa_fp16,20000,fp16,2097152.0,5,17.81364867114462,0.2703082725318432,0.9546588063240051,0.9944753646850586,fa4,dq,0.0010644726236245673,0.999999434531505,0.0005099012195060074
l_kohakufa_fp16,20000,fp16,2097152.0,5,17.81364867114462,0.2703082725318432,0.9546588063240051,0.9944753646850586,fa4,dk,0.0010018726152001664,0.9999994981558781,0.001187899723433373
l_kohakufa_fp16,20000,fp16,2097152.0,5,17.81364867114462,0.2703082725318432,0.9546588063240051,0.9944753646850586,fa4,dv,0.0003907402740681684,0.9999999241325993,0.0006638104712443267
l_kohakufa_fp16,20000,fp16,2097152.0,5,17.81364867114462,0.2703082725318432,0.9546588063240051,0.9944753646850586,kohakufa,dq,0.0010755211117196451,0.9999994224947819,0.0005381754848232593
l_kohakufa_fp16,20000,fp16,2097152.0,5,17.81364867114462,0.2703082725318432,0.9546588063240051,0.9944753646850586,kohakufa,dk,0.0011266889707910927,0.9999993675549316,0.0019364849998368763
l_kohakufa_fp16,20000,fp16,2097152.0,5,17.81364867114462,0.2703082725318432,0.9546588063240051,0.9944753646850586,kohakufa,dv,0.00039073670959826083,0.99999992413407,0.0006638104712443267
l_kohakufa_fp16,20000,fp16,2097152.0,5,17.81364867114462,0.2703082725318432,0.9546588063240051,0.9944753646850586,floor,dq,0.0010456273843663499,0.9999994540852536,0.000536520134441304
l_kohakufa_fp16,20000,fp16,2097152.0,5,17.81364867114462,0.2703082725318432,0.9546588063240051,0.9944753646850586,floor,dk,0.0010675929959977795,0.9999994302793836,0.0019155033643645934
l_kohakufa_fp16,20000,fp16,2097152.0,5,17.81364867114462,0.2703082725318432,0.9546588063240051,0.9944753646850586,floor,dv,0.0003239217208698482,0.9999999479287387,0.0005233629712445362
l_kohakufa_fp16,20000,fp16,2097152.0,5,17.81364867114462,0.2703082725318432,0.9546588063240051,0.9944753646850586,scale*dS,dq,0.0010564120518617027,0.9999994427717706,0.0005366023928380567
l_kohakufa_fp16,20000,fp16,2097152.0,5,17.81364867114462,0.2703082725318432,0.9546588063240051,0.9944753646850586,scale*dS,dk,0.001146147769239197,0.9999993432700437,0.0019166799690260076
l_kohakufa_fp16,20000,fp16,2097152.0,5,17.81364867114462,0.2703082725318432,0.9546588063240051,0.9944753646850586,scale*dS,dv,0.0003239217208698482,0.9999999479287387,0.0005233629712445362
l_kohakufa_fp16,20000,fp16,2097152.0,5,17.81364867114462,0.2703082725318432,0.9546588063240051,0.9944753646850586,single lse,dq,0.001045605442559888,0.9999994541082513,0.000536520134441304
l_kohakufa_fp16,20000,fp16,2097152.0,5,17.81364867114462,0.2703082725318432,0.9546588063240051,0.9944753646850586,single lse,dk,0.0010676891318886683,0.9999994301741792,0.0019155033643645934
l_kohakufa_fp16,20000,fp16,2097152.0,5,17.81364867114462,0.2703082725318432,0.9546588063240051,0.9944753646850586,single lse,dv,0.00032380454460913477,0.9999999479662877,0.0005233629712445362
l_kohakufa_fp16,20000,fp16,2097152.0,5,17.81364867114462,0.2703082725318432,0.9546588063240051,0.9944753646850586,scale-shift,dq,0.0010457635465676229,0.9999994539574647,0.000536520134441304
l_kohakufa_fp16,20000,fp16,2097152.0,5,17.81364867114462,0.2703082725318432,0.9546588063240051,0.9944753646850586,scale-shift,dk,0.0010678688970002842,0.9999994300349672,0.0019177193303012128
l_kohakufa_fp16,20000,fp16,2097152.0,5,17.81364867114462,0.2703082725318432,0.9546588063240051,0.9944753646850586,scale-shift,dv,0.0003239133522339025,0.9999999479301918,0.0005233629712445362
l_kohakufa_fp16,20000,fp16,2097152.0,5,17.81364867114462,0.2703082725318432,0.9546588063240051,0.9944753646850586,all three,dq,0.0010565857315734189,0.9999994426031316,0.0005366023928380567
l_kohakufa_fp16,20000,fp16,2097152.0,5,17.81364867114462,0.2703082725318432,0.9546588063240051,0.9944753646850586,all three,dk,0.0011466710694938288,0.9999993427148823,0.0019193466845762214
l_kohakufa_fp16,20000,fp16,2097152.0,5,17.81364867114462,0.2703082725318432,0.9546588063240051,0.9944753646850586,all three,dv,0.0003238683949612141,0.999999947945094,0.0005233629712445362
l_kohakufa_fp16,20000,fp16,2097152.0,6,78.53031838999595,0.6412937375961045,0.882954478263855,0.9866087436676025,cudnn,dq,0.00342459757145418,0.9999941365110344,0.006608602161650313
l_kohakufa_fp16,20000,fp16,2097152.0,6,78.53031838999595,0.6412937375961045,0.882954478263855,0.9866087436676025,cudnn,dk,0.004045435472325771,0.9999918183243819,0.00914293082927788
l_kohakufa_fp16,20000,fp16,2097152.0,6,78.53031838999595,0.6412937375961045,0.882954478263855,0.9866087436676025,cudnn,dv,0.00035923641706586603,0.9999999365165567,0.0004502138744465921
l_kohakufa_fp16,20000,fp16,2097152.0,6,78.53031838999595,0.6412937375961045,0.882954478263855,0.9866087436676025,efficient,dq,0.0034101781934978495,0.999994185423789,0.006384179693637547
l_kohakufa_fp16,20000,fp16,2097152.0,6,78.53031838999595,0.6412937375961045,0.882954478263855,0.9866087436676025,efficient,dk,0.003961795111154484,0.99999215340343,0.008930432968191765
l_kohakufa_fp16,20000,fp16,2097152.0,6,78.53031838999595,0.6412937375961045,0.882954478263855,0.9866087436676025,efficient,dv,0.0003586715578270634,0.9999999367031868,0.0004502138744465921
l_kohakufa_fp16,20000,fp16,2097152.0,6,78.53031838999595,0.6412937375961045,0.882954478263855,0.9866087436676025,flex,dq,0.0034124237096993396,0.999994177862571,0.006436544936173859
l_kohakufa_fp16,20000,fp16,2097152.0,6,78.53031838999595,0.6412937375961045,0.882954478263855,0.9866087436676025,flex,dk,0.004012712383251974,0.9999919499883843,0.008930432968191765
l_kohakufa_fp16,20000,fp16,2097152.0,6,78.53031838999595,0.6412937375961045,0.882954478263855,0.9866087436676025,flex,dv,0.0003591415878893878,0.999999936547143,0.0004502138744465921
l_kohakufa_fp16,20000,fp16,2097152.0,6,78.53031838999595,0.6412937375961045,0.882954478263855,0.9866087436676025,fa4,dq,0.00363649241874948,0.9999933881940701,0.006608602161650313
l_kohakufa_fp16,20000,fp16,2097152.0,6,78.53031838999595,0.6412937375961045,0.882954478263855,0.9866087436676025,fa4,dk,0.004048067490006081,0.9999918068014357,0.008717935107105649
l_kohakufa_fp16,20000,fp16,2097152.0,6,78.53031838999595,0.6412937375961045,0.882954478263855,0.9866087436676025,fa4,dv,0.000359198397006576,0.9999999365172562,0.0004502138744465921
l_kohakufa_fp16,20000,fp16,2097152.0,6,78.53031838999595,0.6412937375961045,0.882954478263855,0.9866087436676025,kohakufa,dq,0.003393592580076035,0.9999942418281913,0.006384179693637547
l_kohakufa_fp16,20000,fp16,2097152.0,6,78.53031838999595,0.6412937375961045,0.882954478263855,0.9866087436676025,kohakufa,dk,0.003987706177924148,0.9999920502224494,0.008930432968191765
l_kohakufa_fp16,20000,fp16,2097152.0,6,78.53031838999595,0.6412937375961045,0.882954478263855,0.9866087436676025,kohakufa,dv,0.0003591189462739048,0.9999999365553502,0.0004502138744465921
l_kohakufa_fp16,20000,fp16,2097152.0,6,78.53031838999595,0.6412937375961045,0.882954478263855,0.9866087436676025,floor,dq,0.0034039519934998667,0.9999942070472646,0.006438483840003644
l_kohakufa_fp16,20000,fp16,2097152.0,6,78.53031838999595,0.6412937375961045,0.882954478263855,0.9866087436676025,floor,dk,0.003978700156313698,0.9999920855153802,0.008848056649682497
l_kohakufa_fp16,20000,fp16,2097152.0,6,78.53031838999595,0.6412937375961045,0.882954478263855,0.9866087436676025,floor,dv,0.00028933522294276206,0.9999999587402899,0.0003092427829694668
l_kohakufa_fp16,20000,fp16,2097152.0,6,78.53031838999595,0.6412937375961045,0.882954478263855,0.9866087436676025,scale*dS,dq,0.0034044374348129835,0.9999942053950345,0.0064388045935513715
l_kohakufa_fp16,20000,fp16,2097152.0,6,78.53031838999595,0.6412937375961045,0.882954478263855,0.9866087436676025,scale*dS,dk,0.00397962866481505,0.9999920818224948,0.00884902938769406
l_kohakufa_fp16,20000,fp16,2097152.0,6,78.53031838999595,0.6412937375961045,0.882954478263855,0.9866087436676025,scale*dS,dv,0.00028933522294276206,0.9999999587402899,0.0003092427829694668
l_kohakufa_fp16,20000,fp16,2097152.0,6,78.53031838999595,0.6412937375961045,0.882954478263855,0.9866087436676025,single lse,dq,0.003403955827269011,0.9999942070282672,0.006438483840003644
l_kohakufa_fp16,20000,fp16,2097152.0,6,78.53031838999595,0.6412937375961045,0.882954478263855,0.9866087436676025,single lse,dk,0.003978691210793687,0.9999920855499199,0.008848056649682497
l_kohakufa_fp16,20000,fp16,2097152.0,6,78.53031838999595,0.6412937375961045,0.882954478263855,0.9866087436676025,single lse,dv,0.0002893348953404809,0.9999999587405056,0.0003092427829694668
l_kohakufa_fp16,20000,fp16,2097152.0,6,78.53031838999595,0.6412937375961045,0.882954478263855,0.9866087436676025,scale-shift,dq,0.0034023062694747536,0.9999942125967577,0.006438483840003644
l_kohakufa_fp16,20000,fp16,2097152.0,6,78.53031838999595,0.6412937375961045,0.882954478263855,0.9866087436676025,scale-shift,dk,0.003972200136867104,0.9999921112469794,0.008848056649682497
l_kohakufa_fp16,20000,fp16,2097152.0,6,78.53031838999595,0.6412937375961045,0.882954478263855,0.9866087436676025,scale-shift,dv,0.0002893353174458497,0.9999999587402452,0.0003092427829694668
l_kohakufa_fp16,20000,fp16,2097152.0,6,78.53031838999595,0.6412937375961045,0.882954478263855,0.9866087436676025,all three,dq,0.003402810771808854,0.9999942108818825,0.0064388045935513715
l_kohakufa_fp16,20000,fp16,2097152.0,6,78.53031838999595,0.6412937375961045,0.882954478263855,0.9866087436676025,all three,dk,0.003973113152294625,0.9999921076202797,0.00884902938769406
l_kohakufa_fp16,20000,fp16,2097152.0,6,78.53031838999595,0.6412937375961045,0.882954478263855,0.9866087436676025,all three,dv,0.0002893270323746978,0.9999999587425135,0.0003092427829694668
l_kohakufa_fp16,20000,fp16,2097152.0,7,81.86783667933196,0.5587249608499114,0.8616018295288086,0.9827259182929993,cudnn,dq,0.0010485614184389967,0.9999994532633415,0.0011669139989899193
l_kohakufa_fp16,20000,fp16,2097152.0,7,81.86783667933196,0.5587249608499114,0.8616018295288086,0.9827259182929993,cudnn,dk,0.0016263468215364477,0.9999986790611445,0.002015752485462107
l_kohakufa_fp16,20000,fp16,2097152.0,7,81.86783667933196,0.5587249608499114,0.8616018295288086,0.9827259182929993,cudnn,dv,0.0003336957655982669,0.999999944532909,0.0003201297744773269
l_kohakufa_fp16,20000,fp16,2097152.0,7,81.86783667933196,0.5587249608499114,0.8616018295288086,0.9827259182929993,efficient,dq,0.001045828899274574,0.9999994541105146,0.0011669139989899193
l_kohakufa_fp16,20000,fp16,2097152.0,7,81.86783667933196,0.5587249608499114,0.8616018295288086,0.9827259182929993,efficient,dk,0.0016672013611694595,0.999998610840194,0.002002799858154304
l_kohakufa_fp16,20000,fp16,2097152.0,7,81.86783667933196,0.5587249608499114,0.8616018295288086,0.9827259182929993,efficient,dv,0.0003328555459884864,0.9999999448130695,0.0003201297744773269
l_kohakufa_fp16,20000,fp16,2097152.0,7,81.86783667933196,0.5587249608499114,0.8616018295288086,0.9827259182929993,flex,dq,0.0010433702279613137,0.9999994587028757,0.0011669139989899193
l_kohakufa_fp16,20000,fp16,2097152.0,7,81.86783667933196,0.5587249608499114,0.8616018295288086,0.9827259182929993,flex,dk,0.0016214596673423778,0.9999986861424244,0.002015752485462107
l_kohakufa_fp16,20000,fp16,2097152.0,7,81.86783667933196,0.5587249608499114,0.8616018295288086,0.9827259182929993,flex,dv,0.0003330770286585447,0.9999999447416905,0.0003201297744773269
l_kohakufa_fp16,20000,fp16,2097152.0,7,81.86783667933196,0.5587249608499114,0.8616018295288086,0.9827259182929993,fa4,dq,0.0010674623749387427,0.9999994338951598,0.0011669139989899193
l_kohakufa_fp16,20000,fp16,2097152.0,7,81.86783667933196,0.5587249608499114,0.8616018295288086,0.9827259182929993,fa4,dk,0.0016172947961888419,0.9999986924658799,0.002015752485462107
l_kohakufa_fp16,20000,fp16,2097152.0,7,81.86783667933196,0.5587249608499114,0.8616018295288086,0.9827259182929993,fa4,dv,0.0003333054209258132,0.9999999446645444,0.0003201297744773269
l_kohakufa_fp16,20000,fp16,2097152.0,7,81.86783667933196,0.5587249608499114,0.8616018295288086,0.9827259182929993,kohakufa,dq,0.00104546336617448,0.9999994547653669,0.0011669139989899193
l_kohakufa_fp16,20000,fp16,2097152.0,7,81.86783667933196,0.5587249608499114,0.8616018295288086,0.9827259182929993,kohakufa,dk,0.0016680972366313377,0.9999986092671537,0.002002799858154304
l_kohakufa_fp16,20000,fp16,2097152.0,7,81.86783667933196,0.5587249608499114,0.8616018295288086,0.9827259182929993,kohakufa,dv,0.00033315197445043284,0.999999944715501,0.0003201297744773269
l_kohakufa_fp16,20000,fp16,2097152.0,7,81.86783667933196,0.5587249608499114,0.8616018295288086,0.9827259182929993,floor,dq,0.0010197745439962439,0.9999994823503743,0.0011667657136413914
l_kohakufa_fp16,20000,fp16,2097152.0,7,81.86783667933196,0.5587249608499114,0.8616018295288086,0.9827259182929993,floor,dk,0.00161133821760767,0.9999987041651565,0.0020172555674127213
l_kohakufa_fp16,20000,fp16,2097152.0,7,81.86783667933196,0.5587249608499114,0.8616018295288086,0.9827259182929993,floor,dv,0.0002496239981580613,0.9999999689886777,0.0002183943891839209
l_kohakufa_fp16,20000,fp16,2097152.0,7,81.86783667933196,0.5587249608499114,0.8616018295288086,0.9827259182929993,scale*dS,dq,0.0010199924541629722,0.9999994821271158,0.0011667441855943827
l_kohakufa_fp16,20000,fp16,2097152.0,7,81.86783667933196,0.5587249608499114,0.8616018295288086,0.9827259182929993,scale*dS,dk,0.001611648563261254,0.9999987036737849,0.0020171547986027093
l_kohakufa_fp16,20000,fp16,2097152.0,7,81.86783667933196,0.5587249608499114,0.8616018295288086,0.9827259182929993,scale*dS,dv,0.0002496239981580613,0.9999999689886777,0.0002183943891839209
l_kohakufa_fp16,20000,fp16,2097152.0,7,81.86783667933196,0.5587249608499114,0.8616018295288086,0.9827259182929993,single lse,dq,0.0010197745794203999,0.9999994823463801,0.0011667657136413914
l_kohakufa_fp16,20000,fp16,2097152.0,7,81.86783667933196,0.5587249608499114,0.8616018295288086,0.9827259182929993,single lse,dk,0.0016112931075893968,0.9999987042392283,0.002017106677552107
l_kohakufa_fp16,20000,fp16,2097152.0,7,81.86783667933196,0.5587249608499114,0.8616018295288086,0.9827259182929993,single lse,dv,0.0002495987835599032,0.9999999690004786,0.0002183943891839209
l_kohakufa_fp16,20000,fp16,2097152.0,7,81.86783667933196,0.5587249608499114,0.8616018295288086,0.9827259182929993,scale-shift,dq,0.0010409522995041684,0.999999460531689,0.0011667657136413914
l_kohakufa_fp16,20000,fp16,2097152.0,7,81.86783667933196,0.5587249608499114,0.8616018295288086,0.9827259182929993,scale-shift,dk,0.0016702509417063512,0.9999986074511311,0.002017106677552107
l_kohakufa_fp16,20000,fp16,2097152.0,7,81.86783667933196,0.5587249608499114,0.8616018295288086,0.9827259182929993,scale-shift,dv,0.0002495385720169902,0.9999999690153656,0.0002183943891839209
l_kohakufa_fp16,20000,fp16,2097152.0,7,81.86783667933196,0.5587249608499114,0.8616018295288086,0.9827259182929993,all three,dq,0.0010411709734060672,0.999999460299052,0.0011667441855943827
l_kohakufa_fp16,20000,fp16,2097152.0,7,81.86783667933196,0.5587249608499114,0.8616018295288086,0.9827259182929993,all three,dk,0.0016705899958059465,0.9999986068918735,0.0020171547986027093
l_kohakufa_fp16,20000,fp16,2097152.0,7,81.86783667933196,0.5587249608499114,0.8616018295288086,0.9827259182929993,all three,dv,0.0002496976130926279,0.9999999689760549,0.0002197954072898681
l_kohakufa_fp16,20000,fp16,2097152.0,8,92.9608248360455,0.6706341750488118,0.9229234457015991,0.9904230833053589,cudnn,dq,0.0027799746541956323,0.9999961359684382,0.0024100708991940797
l_kohakufa_fp16,20000,fp16,2097152.0,8,92.9608248360455,0.6706341750488118,0.9229234457015991,0.9904230833053589,cudnn,dk,0.004140167321423184,0.9999914615163676,0.0063624885143765434
l_kohakufa_fp16,20000,fp16,2097152.0,8,92.9608248360455,0.6706341750488118,0.9229234457015991,0.9904230833053589,cudnn,dv,0.0004172897017638425,0.9999999141811303,0.0003449005600213519
l_kohakufa_fp16,20000,fp16,2097152.0,8,92.9608248360455,0.6706341750488118,0.9229234457015991,0.9904230833053589,efficient,dq,0.002903738754494341,0.9999957841630012,0.002473977928225374
l_kohakufa_fp16,20000,fp16,2097152.0,8,92.9608248360455,0.6706341750488118,0.9229234457015991,0.9904230833053589,efficient,dk,0.00437806276621015,0.9999904323283285,0.006462064415501383
l_kohakufa_fp16,20000,fp16,2097152.0,8,92.9608248360455,0.6706341750488118,0.9229234457015991,0.9904230833053589,efficient,dv,0.00041847311814921593,0.9999999136653266,0.0003449005600213519
l_kohakufa_fp16,20000,fp16,2097152.0,8,92.9608248360455,0.6706341750488118,0.9229234457015991,0.9904230833053589,flex,dq,0.0028950091297276622,0.9999958094529572,0.002473977928225374
l_kohakufa_fp16,20000,fp16,2097152.0,8,92.9608248360455,0.6706341750488118,0.9229234457015991,0.9904230833053589,flex,dk,0.0043778979157727905,0.9999904334757439,0.006462064415501383
l_kohakufa_fp16,20000,fp16,2097152.0,8,92.9608248360455,0.6706341750488118,0.9229234457015991,0.9904230833053589,flex,dv,0.0004178507130880435,0.9999999134854565,0.0003449005600213519
l_kohakufa_fp16,20000,fp16,2097152.0,8,92.9608248360455,0.6706341750488118,0.9229234457015991,0.9904230833053589,fa4,dq,0.0027780450948093668,0.9999961413795319,0.002412274589850331
l_kohakufa_fp16,20000,fp16,2097152.0,8,92.9608248360455,0.6706341750488118,0.9229234457015991,0.9904230833053589,fa4,dk,0.004078681336000234,0.9999917064445573,0.0063624885143765434
l_kohakufa_fp16,20000,fp16,2097152.0,8,92.9608248360455,0.6706341750488118,0.9229234457015991,0.9904230833053589,fa4,dv,0.0004175483878603912,0.9999999140591896,0.0003449005600213519
l_kohakufa_fp16,20000,fp16,2097152.0,8,92.9608248360455,0.6706341750488118,0.9229234457015991,0.9904230833053589,kohakufa,dq,0.0029010872154385087,0.9999957918666654,0.002473977928225374
l_kohakufa_fp16,20000,fp16,2097152.0,8,92.9608248360455,0.6706341750488118,0.9229234457015991,0.9904230833053589,kohakufa,dk,0.00437384759065828,0.999990451369664,0.006462064415501383
l_kohakufa_fp16,20000,fp16,2097152.0,8,92.9608248360455,0.6706341750488118,0.9229234457015991,0.9904230833053589,kohakufa,dv,0.00041785386348858937,0.9999999139346158,0.0003449005600213519
l_kohakufa_fp16,20000,fp16,2097152.0,8,92.9608248360455,0.6706341750488118,0.9229234457015991,0.9904230833053589,floor,dq,0.0028910785905925753,0.9999958209155141,0.002474852060645722
l_kohakufa_fp16,20000,fp16,2097152.0,8,92.9608248360455,0.6706341750488118,0.9229234457015991,0.9904230833053589,floor,dk,0.004373918264235888,0.999990451097256,0.006494472621419388
l_kohakufa_fp16,20000,fp16,2097152.0,8,92.9608248360455,0.6706341750488118,0.9229234457015991,0.9904230833053589,floor,dv,0.0003577104590034778,0.9999999371903826,0.00034525070774760484
l_kohakufa_fp16,20000,fp16,2097152.0,8,92.9608248360455,0.6706341750488118,0.9229234457015991,0.9904230833053589,scale*dS,dq,0.0028915710382080026,0.9999958194971169,0.002474325482952898
l_kohakufa_fp16,20000,fp16,2097152.0,8,92.9608248360455,0.6706341750488118,0.9229234457015991,0.9904230833053589,scale*dS,dk,0.004375033829961443,0.9999904462561455,0.006493197078679606
l_kohakufa_fp16,20000,fp16,2097152.0,8,92.9608248360455,0.6706341750488118,0.9229234457015991,0.9904230833053589,scale*dS,dv,0.0003577104590034778,0.9999999371903826,0.00034525070774760484
l_kohakufa_fp16,20000,fp16,2097152.0,8,92.9608248360455,0.6706341750488118,0.9229234457015991,0.9904230833053589,single lse,dq,0.0028911387853844716,0.9999958207407827,0.002474852060645722
l_kohakufa_fp16,20000,fp16,2097152.0,8,92.9608248360455,0.6706341750488118,0.9229234457015991,0.9904230833053589,single lse,dk,0.004373906411031688,0.9999904511491334,0.006494472621419388
l_kohakufa_fp16,20000,fp16,2097152.0,8,92.9608248360455,0.6706341750488118,0.9229234457015991,0.9904230833053589,single lse,dv,0.00035770084430089257,0.9999999371937532,0.00034525070774760484
l_kohakufa_fp16,20000,fp16,2097152.0,8,92.9608248360455,0.6706341750488118,0.9229234457015991,0.9904230833053589,scale-shift,dq,0.0028789185114487205,0.9999958560085809,0.002474852060645722
l_kohakufa_fp16,20000,fp16,2097152.0,8,92.9608248360455,0.6706341750488118,0.9229234457015991,0.9904230833053589,scale-shift,dk,0.00437680455522095,0.999990440652673,0.006494472621419388
l_kohakufa_fp16,20000,fp16,2097152.0,8,92.9608248360455,0.6706341750488118,0.9229234457015991,0.9904230833053589,scale-shift,dv,0.0003577195487567087,0.9999999371865724,0.00034525070774760484
l_kohakufa_fp16,20000,fp16,2097152.0,8,92.9608248360455,0.6706341750488118,0.9229234457015991,0.9904230833053589,all three,dq,0.00287947338316944,0.9999958544165151,0.002474325482952898
l_kohakufa_fp16,20000,fp16,2097152.0,8,92.9608248360455,0.6706341750488118,0.9229234457015991,0.9904230833053589,all three,dk,0.004377912564072576,0.9999904358680902,0.006493197078679606
l_kohakufa_fp16,20000,fp16,2097152.0,8,92.9608248360455,0.6706341750488118,0.9229234457015991,0.9904230833053589,all three,dv,0.0003577099240763415,0.9999999371905812,0.00034525070774760484
l_kohakufa_fp16,20000,fp16,2097152.0,9,67.93846302642487,0.8078423204033985,0.9289447665214539,0.9911078214645386,cudnn,dq,0.001515360880178716,0.999998851840278,0.0021448883556230793
l_kohakufa_fp16,20000,fp16,2097152.0,9,67.93846302642487,0.8078423204033985,0.9289447665214539,0.9911078214645386,cudnn,dk,0.002592627875937102,0.9999966910037632,0.003032856150598472
l_kohakufa_fp16,20000,fp16,2097152.0,9,67.93846302642487,0.8078423204033985,0.9289447665214539,0.9911078214645386,cudnn,dv,0.0006580843741768899,0.9999997860536229,0.0009254622950300524
l_kohakufa_fp16,20000,fp16,2097152.0,9,67.93846302642487,0.8078423204033985,0.9289447665214539,0.9911078214645386,efficient,dq,0.0014915841234122123,0.9999988876341948,0.0021824605321244
l_kohakufa_fp16,20000,fp16,2097152.0,9,67.93846302642487,0.8078423204033985,0.9289447665214539,0.9911078214645386,efficient,dk,0.0026012060415778362,0.999996661464888,0.002821834380064674
l_kohakufa_fp16,20000,fp16,2097152.0,9,67.93846302642487,0.8078423204033985,0.9289447665214539,0.9911078214645386,efficient,dv,0.0006585829851102361,0.9999997858387113,0.0009254622950300524
l_kohakufa_fp16,20000,fp16,2097152.0,9,67.93846302642487,0.8078423204033985,0.9289447665214539,0.9911078214645386,flex,dq,0.0014961485523631566,0.9999988807803541,0.0021448883556230793
l_kohakufa_fp16,20000,fp16,2097152.0,9,67.93846302642487,0.8078423204033985,0.9289447665214539,0.9911078214645386,flex,dk,0.0025426268012228802,0.9999968113964308,0.003032856150598472
l_kohakufa_fp16,20000,fp16,2097152.0,9,67.93846302642487,0.8078423204033985,0.9289447665214539,0.9911078214645386,flex,dv,0.0006589012377781425,0.9999997855773706,0.0009254622950300524
l_kohakufa_fp16,20000,fp16,2097152.0,9,67.93846302642487,0.8078423204033985,0.9289447665214539,0.9911078214645386,fa4,dq,0.0016471922056777817,0.9999986435369953,0.00293918464909797
l_kohakufa_fp16,20000,fp16,2097152.0,9,67.93846302642487,0.8078423204033985,0.9289447665214539,0.9911078214645386,fa4,dk,0.0031579968042108188,0.99999512867403,0.004139562105644681
l_kohakufa_fp16,20000,fp16,2097152.0,9,67.93846302642487,0.8078423204033985,0.9289447665214539,0.9911078214645386,fa4,dv,0.0006584219408621856,0.9999997859083501,0.0009254622950300524
l_kohakufa_fp16,20000,fp16,2097152.0,9,67.93846302642487,0.8078423204033985,0.9289447665214539,0.9911078214645386,kohakufa,dq,0.0014917397017459979,0.999998887407509,0.0021824605321244
l_kohakufa_fp16,20000,fp16,2097152.0,9,67.93846302642487,0.8078423204033985,0.9289447665214539,0.9911078214645386,kohakufa,dk,0.0025957478167160223,0.9999966856690446,0.002821834380064674
l_kohakufa_fp16,20000,fp16,2097152.0,9,67.93846302642487,0.8078423204033985,0.9289447665214539,0.9911078214645386,kohakufa,dv,0.0006582968445727804,0.9999997859919207,0.0009254622950300524
l_kohakufa_fp16,20000,fp16,2097152.0,9,67.93846302642487,0.8078423204033985,0.9289447665214539,0.9911078214645386,floor,dq,0.0014796327889663415,0.9999989053700685,0.0021447840215701426
l_kohakufa_fp16,20000,fp16,2097152.0,9,67.93846302642487,0.8078423204033985,0.9289447665214539,0.9911078214645386,floor,dk,0.0025276469544915376,0.9999968548656293,0.0029882388463767103
l_kohakufa_fp16,20000,fp16,2097152.0,9,67.93846302642487,0.8078423204033985,0.9289447665214539,0.9911078214645386,floor,dv,0.0006244008890701638,0.9999998089450305,0.0007793793027598424
l_kohakufa_fp16,20000,fp16,2097152.0,9,67.93846302642487,0.8078423204033985,0.9289447665214539,0.9911078214645386,scale*dS,dq,0.001480800815448881,0.9999989036405044,0.0021447278909566313
l_kohakufa_fp16,20000,fp16,2097152.0,9,67.93846302642487,0.8078423204033985,0.9289447665214539,0.9911078214645386,scale*dS,dk,0.002530361915844775,0.9999968480256094,0.0029885127925524183
l_kohakufa_fp16,20000,fp16,2097152.0,9,67.93846302642487,0.8078423204033985,0.9289447665214539,0.9911078214645386,scale*dS,dv,0.0006244008890701638,0.9999998089450305,0.0007793793027598424
l_kohakufa_fp16,20000,fp16,2097152.0,9,67.93846302642487,0.8078423204033985,0.9289447665214539,0.9911078214645386,single lse,dq,0.0014796355066952068,0.9999989053636942,0.0021447840215701426
l_kohakufa_fp16,20000,fp16,2097152.0,9,67.93846302642487,0.8078423204033985,0.9289447665214539,0.9911078214645386,single lse,dk,0.0025276337147652457,0.9999968548944915,0.0029882388463767103
l_kohakufa_fp16,20000,fp16,2097152.0,9,67.93846302642487,0.8078423204033985,0.9289447665214539,0.9911078214645386,single lse,dv,0.0006245490996061807,0.9999998088675978,0.0007793793027598424
l_kohakufa_fp16,20000,fp16,2097152.0,9,67.93846302642487,0.8078423204033985,0.9289447665214539,0.9911078214645386,scale-shift,dq,0.001552714054995441,0.9999987945687534,0.0021447840215701426
l_kohakufa_fp16,20000,fp16,2097152.0,9,67.93846302642487,0.8078423204033985,0.9289447665214539,0.9911078214645386,scale-shift,dk,0.002770380989552164,0.9999962319556088,0.0031129677519128886
l_kohakufa_fp16,20000,fp16,2097152.0,9,67.93846302642487,0.8078423204033985,0.9289447665214539,0.9911078214645386,scale-shift,dv,0.0006243991149616395,0.9999998089464822,0.0007793793027598424
l_kohakufa_fp16,20000,fp16,2097152.0,9,67.93846302642487,0.8078423204033985,0.9289447665214539,0.9911078214645386,all three,dq,0.0015538200668535574,0.999998792847771,0.0021447278909566313
l_kohakufa_fp16,20000,fp16,2097152.0,9,67.93846302642487,0.8078423204033985,0.9289447665214539,0.9911078214645386,all three,dk,0.0027728146253470547,0.9999962252306954,0.0031128344547097842
l_kohakufa_fp16,20000,fp16,2097152.0,9,67.93846302642487,0.8078423204033985,0.9289447665214539,0.9911078214645386,all three,dv,0.0006245196780397171,0.999999808881628,0.0007793793027598424
l_kohakufa_fp16,20000,fp16,2097152.0,10,87.0777326785028,0.8328168185245103,0.9617676138877869,0.9937379360198975,cudnn,dq,0.0034422650227508692,0.999994075735887,0.003312878206141241
l_kohakufa_fp16,20000,fp16,2097152.0,10,87.0777326785028,0.8328168185245103,0.9617676138877869,0.9937379360198975,cudnn,dk,0.003659377302183505,0.9999933045777869,0.005887898570106229
l_kohakufa_fp16,20000,fp16,2097152.0,10,87.0777326785028,0.8328168185245103,0.9617676138877869,0.9937379360198975,cudnn,dv,0.0002817270032396664,0.999999960579851,0.0002578428475766846
l_kohakufa_fp16,20000,fp16,2097152.0,10,87.0777326785028,0.8328168185245103,0.9617676138877869,0.9937379360198975,efficient,dq,0.003393643349642675,0.9999942417816975,0.002953766293215869
l_kohakufa_fp16,20000,fp16,2097152.0,10,87.0777326785028,0.8328168185245103,0.9617676138877869,0.9937379360198975,efficient,dk,0.0036242250496099637,0.9999934340379332,0.005887898570106229
l_kohakufa_fp16,20000,fp16,2097152.0,10,87.0777326785028,0.8328168185245103,0.9617676138877869,0.9937379360198975,efficient,dv,0.00028150631358309536,0.9999999606474927,0.0002578428475766846
l_kohakufa_fp16,20000,fp16,2097152.0,10,87.0777326785028,0.8328168185245103,0.9617676138877869,0.9937379360198975,flex,dq,0.0033754084145265852,0.9999943035054877,0.002953766293215869
l_kohakufa_fp16,20000,fp16,2097152.0,10,87.0777326785028,0.8328168185245103,0.9617676138877869,0.9937379360198975,flex,dk,0.003618549669371193,0.9999934534954003,0.005887898570106229
l_kohakufa_fp16,20000,fp16,2097152.0,10,87.0777326785028,0.8328168185245103,0.9617676138877869,0.9937379360198975,flex,dv,0.0002817176619555376,0.9999999605884836,0.0002578428475766846
l_kohakufa_fp16,20000,fp16,2097152.0,10,87.0777326785028,0.8328168185245103,0.9617676138877869,0.9937379360198975,fa4,dq,0.0035283215000076968,0.9999937754714987,0.003312878206141241
l_kohakufa_fp16,20000,fp16,2097152.0,10,87.0777326785028,0.8328168185245103,0.9617676138877869,0.9937379360198975,fa4,dk,0.003659185149684322,0.9999933062445246,0.005887898570106229
l_kohakufa_fp16,20000,fp16,2097152.0,10,87.0777326785028,0.8328168185245103,0.9617676138877869,0.9937379360198975,fa4,dv,0.0002817664228671443,0.9999999605735164,0.0002578428475766846
l_kohakufa_fp16,20000,fp16,2097152.0,10,87.0777326785028,0.8328168185245103,0.9617676138877869,0.9937379360198975,kohakufa,dq,0.003386976763120846,0.9999942642422566,0.002953766293215869
l_kohakufa_fp16,20000,fp16,2097152.0,10,87.0777326785028,0.8328168185245103,0.9617676138877869,0.9937379360198975,kohakufa,dk,0.0036156592839074997,0.9999934650807323,0.005839142688376717
l_kohakufa_fp16,20000,fp16,2097152.0,10,87.0777326785028,0.8328168185245103,0.9617676138877869,0.9937379360198975,kohakufa,dv,0.00028172544537321306,0.9999999605856433,0.0002578428475766846
l_kohakufa_fp16,20000,fp16,2097152.0,10,87.0777326785028,0.8328168185245103,0.9617676138877869,0.9937379360198975,floor,dq,0.0033709979788643825,0.9999943189186462,0.0029591391063814956
l_kohakufa_fp16,20000,fp16,2097152.0,10,87.0777326785028,0.8328168185245103,0.9617676138877869,0.9937379360198975,floor,dk,0.0036119782166108925,0.9999934775518933,0.005892813885514354
l_kohakufa_fp16,20000,fp16,2097152.0,10,87.0777326785028,0.8328168185245103,0.9617676138877869,0.9937379360198975,floor,dv,0.00019271801070556706,0.999999981601021,0.00011012264379531781
l_kohakufa_fp16,20000,fp16,2097152.0,10,87.0777326785028,0.8328168185245103,0.9617676138877869,0.9937379360198975,scale*dS,dq,0.0033730976470252327,0.9999943118490907,0.002959664675025422
l_kohakufa_fp16,20000,fp16,2097152.0,10,87.0777326785028,0.8328168185245103,0.9617676138877869,0.9937379360198975,scale*dS,dk,0.003613446629194022,0.999993472250908,0.0058925546169477224
l_kohakufa_fp16,20000,fp16,2097152.0,10,87.0777326785028,0.8328168185245103,0.9617676138877869,0.9937379360198975,scale*dS,dv,0.00019271801070556706,0.999999981601021,0.00011012264379531781
l_kohakufa_fp16,20000,fp16,2097152.0,10,87.0777326785028,0.8328168185245103,0.9617676138877869,0.9937379360198975,single lse,dq,0.0033710014008176154,0.9999943189102368,0.0029591391063814956
l_kohakufa_fp16,20000,fp16,2097152.0,10,87.0777326785028,0.8328168185245103,0.9617676138877869,0.9937379360198975,single lse,dk,0.003612081243037852,0.9999934771802005,0.005892813885514354
l_kohakufa_fp16,20000,fp16,2097152.0,10,87.0777326785028,0.8328168185245103,0.9617676138877869,0.9937379360198975,single lse,dv,0.00019271919973986573,0.9999999816005063,0.00011012264379531781
l_kohakufa_fp16,20000,fp16,2097152.0,10,87.0777326785028,0.8328168185245103,0.9617676138877869,0.9937379360198975,scale-shift,dq,0.0033939455529945588,0.9999942414177689,0.00330422321020822
l_kohakufa_fp16,20000,fp16,2097152.0,10,87.0777326785028,0.8328168185245103,0.9617676138877869,0.9937379360198975,scale-shift,dk,0.003598544050254534,0.999993525642061,0.005892813885514354
l_kohakufa_fp16,20000,fp16,2097152.0,10,87.0777326785028,0.8328168185245103,0.9617676138877869,0.9937379360198975,scale-shift,dv,0.00019271807228122133,0.9999999816009629,0.00011012264379531781
l_kohakufa_fp16,20000,fp16,2097152.0,10,87.0777326785028,0.8328168185245103,0.9617676138877869,0.9937379360198975,all three,dq,0.0033960995281403267,0.9999942341209452,0.0033047487788521466
l_kohakufa_fp16,20000,fp16,2097152.0,10,87.0777326785028,0.8328168185245103,0.9617676138877869,0.9937379360198975,all three,dk,0.00360001802532972,0.9999935203404255,0.0058925546169477224
l_kohakufa_fp16,20000,fp16,2097152.0,10,87.0777326785028,0.8328168185245103,0.9617676138877869,0.9937379360198975,all three,dv,0.0001927145397114287,0.9999999816013234,0.00011012264379531781
l_kohakufa_fp16,20000,fp16,2097152.0,11,57.42049951478839,0.7970413261490469,0.9283159971237183,0.9908531308174133,cudnn,dq,0.0024600147350679526,0.9999969742174346,0.0037468912366524416
l_kohakufa_fp16,20000,fp16,2097152.0,11,57.42049951478839,0.7970413261490469,0.9283159971237183,0.9908531308174133,cudnn,dk,0.00736923256626992,0.9999728470944187,0.008470798614207168
l_kohakufa_fp16,20000,fp16,2097152.0,11,57.42049951478839,0.7970413261490469,0.9283159971237183,0.9908531308174133,cudnn,dv,0.0009701260388677342,0.9999995333235607,0.0016274952665744225
l_kohakufa_fp16,20000,fp16,2097152.0,11,57.42049951478839,0.7970413261490469,0.9283159971237183,0.9908531308174133,efficient,dq,0.002462453189692557,0.9999969685225905,0.0037468912366524416
l_kohakufa_fp16,20000,fp16,2097152.0,11,57.42049951478839,0.7970413261490469,0.9283159971237183,0.9908531308174133,efficient,dk,0.007284774718275978,0.9999734764913277,0.008470798614207168
l_kohakufa_fp16,20000,fp16,2097152.0,11,57.42049951478839,0.7970413261490469,0.9283159971237183,0.9908531308174133,efficient,dv,0.0009749108451761571,0.9999995286899879,0.0016274952665744225
l_kohakufa_fp16,20000,fp16,2097152.0,11,57.42049951478839,0.7970413261490469,0.9283159971237183,0.9908531308174133,flex,dq,0.0024499056042058503,0.9999969990876183,0.0037468912366524416
l_kohakufa_fp16,20000,fp16,2097152.0,11,57.42049951478839,0.7970413261490469,0.9283159971237183,0.9908531308174133,flex,dk,0.007178595185127367,0.9999742348666146,0.008470798614207168
l_kohakufa_fp16,20000,fp16,2097152.0,11,57.42049951478839,0.7970413261490469,0.9283159971237183,0.9908531308174133,flex,dv,0.000968677295193221,0.9999995346686444,0.0016274952665744225
l_kohakufa_fp16,20000,fp16,2097152.0,11,57.42049951478839,0.7970413261490469,0.9283159971237183,0.9908531308174133,fa4,dq,0.002832831351514604,0.9999959879353315,0.0037468912366524416
l_kohakufa_fp16,20000,fp16,2097152.0,11,57.42049951478839,0.7970413261490469,0.9283159971237183,0.9908531308174133,fa4,dk,0.008288961255104676,0.9999656580552837,0.008318668058275814
l_kohakufa_fp16,20000,fp16,2097152.0,11,57.42049951478839,0.7970413261490469,0.9283159971237183,0.9908531308174133,fa4,dv,0.0009653042561796089,0.9999995375469559,0.0016274952665744225
l_kohakufa_fp16,20000,fp16,2097152.0,11,57.42049951478839,0.7970413261490469,0.9283159971237183,0.9908531308174133,kohakufa,dq,0.0024555930597333895,0.9999969854613148,0.0037468912366524416
l_kohakufa_fp16,20000,fp16,2097152.0,11,57.42049951478839,0.7970413261490469,0.9283159971237183,0.9908531308174133,kohakufa,dk,0.0072975843501778045,0.9999733745598359,0.008470798614207168
l_kohakufa_fp16,20000,fp16,2097152.0,11,57.42049951478839,0.7970413261490469,0.9283159971237183,0.9908531308174133,kohakufa,dv,0.0009720801593645195,0.999999531287449,0.0016274952665744225
l_kohakufa_fp16,20000,fp16,2097152.0,11,57.42049951478839,0.7970413261490469,0.9283159971237183,0.9908531308174133,floor,dq,0.002550926407318976,0.9999967464030607,0.0037448567650545427
l_kohakufa_fp16,20000,fp16,2097152.0,11,57.42049951478839,0.7970413261490469,0.9283159971237183,0.9908531308174133,floor,dk,0.007775863246521692,0.999969767519157,0.00844024959232704
l_kohakufa_fp16,20000,fp16,2097152.0,11,57.42049951478839,0.7970413261490469,0.9283159971237183,0.9908531308174133,floor,dv,0.0009538572842222447,0.9999995490572031,0.0017542043044854057
l_kohakufa_fp16,20000,fp16,2097152.0,11,57.42049951478839,0.7970413261490469,0.9283159971237183,0.9908531308174133,scale*dS,dq,0.0025522874269828686,0.9999967429317488,0.0037448416401249258
l_kohakufa_fp16,20000,fp16,2097152.0,11,57.42049951478839,0.7970413261490469,0.9283159971237183,0.9908531308174133,scale*dS,dk,0.007778874596110382,0.9999697440973002,0.00844134183158677
l_kohakufa_fp16,20000,fp16,2097152.0,11,57.42049951478839,0.7970413261490469,0.9283159971237183,0.9908531308174133,scale*dS,dv,0.0009538572842222447,0.9999995490572031,0.0017542043044854057
l_kohakufa_fp16,20000,fp16,2097152.0,11,57.42049951478839,0.7970413261490469,0.9283159971237183,0.9908531308174133,single lse,dq,0.002551348183253847,0.9999967453262862,0.0037448567650545427
l_kohakufa_fp16,20000,fp16,2097152.0,11,57.42049951478839,0.7970413261490469,0.9283159971237183,0.9908531308174133,single lse,dk,0.007779533540132849,0.9999697389716736,0.00844024959232704
l_kohakufa_fp16,20000,fp16,2097152.0,11,57.42049951478839,0.7970413261490469,0.9283159971237183,0.9908531308174133,single lse,dv,0.0009538551628646886,0.9999995490588309,0.0017542043044854057
l_kohakufa_fp16,20000,fp16,2097152.0,11,57.42049951478839,0.7970413261490469,0.9283159971237183,0.9908531308174133,scale-shift,dq,0.00253917909117152,0.9999967762990353,0.0037448567650545427
l_kohakufa_fp16,20000,fp16,2097152.0,11,57.42049951478839,0.7970413261490469,0.9283159971237183,0.9908531308174133,scale-shift,dk,0.007758079622606173,0.9999699056589235,0.00844024959232704
l_kohakufa_fp16,20000,fp16,2097152.0,11,57.42049951478839,0.7970413261490469,0.9283159971237183,0.9908531308174133,scale-shift,dv,0.0009525108620843286,0.9999995502424701,0.0017542043044854057
l_kohakufa_fp16,20000,fp16,2097152.0,11,57.42049951478839,0.7970413261490469,0.9283159971237183,0.9908531308174133,all three,dq,0.002540557307247979,0.9999967727992372,0.0037448416401249258
l_kohakufa_fp16,20000,fp16,2097152.0,11,57.42049951478839,0.7970413261490469,0.9283159971237183,0.9908531308174133,all three,dk,0.0077611623264636906,0.9999698817456528,0.00844134183158677
l_kohakufa_fp16,20000,fp16,2097152.0,11,57.42049951478839,0.7970413261490469,0.9283159971237183,0.9908531308174133,all three,dv,0.000952481707475078,0.9999995502627431,0.0017542043044854057
l_kohakufa_fp16,20000,fp16,2097152.0,12,89.10276893060654,0.8403019378460187,0.9696215987205505,0.9946585297584534,cudnn,dq,0.012324615410801348,0.9999240562177758,0.009353318294495974
l_kohakufa_fp16,20000,fp16,2097152.0,12,89.10276893060654,0.8403019378460187,0.9696215987205505,0.9946585297584534,cudnn,dk,0.010994934930344863,0.9999398284426411,0.009468937569825392
l_kohakufa_fp16,20000,fp16,2097152.0,12,89.10276893060654,0.8403019378460187,0.9696215987205505,0.9946585297584534,cudnn,dv,0.00031856377197406844,0.9999999497752848,0.00025532361814323507
l_kohakufa_fp16,20000,fp16,2097152.0,12,89.10276893060654,0.8403019378460187,0.9696215987205505,0.9946585297584534,efficient,dq,0.01248967609118978,0.9999220139780527,0.009353318294495974
l_kohakufa_fp16,20000,fp16,2097152.0,12,89.10276893060654,0.8403019378460187,0.9696215987205505,0.9946585297584534,efficient,dk,0.011097102227073283,0.9999387267364827,0.009468937569825392
l_kohakufa_fp16,20000,fp16,2097152.0,12,89.10276893060654,0.8403019378460187,0.9696215987205505,0.9946585297584534,efficient,dv,0.00031878386320511026,0.9999999497042348,0.00025532361814323507
l_kohakufa_fp16,20000,fp16,2097152.0,12,89.10276893060654,0.8403019378460187,0.9696215987205505,0.9946585297584534,flex,dq,0.012460021860605765,0.9999223780811829,0.009353318294495974
l_kohakufa_fp16,20000,fp16,2097152.0,12,89.10276893060654,0.8403019378460187,0.9696215987205505,0.9946585297584534,flex,dk,0.011090078682679309,0.9999387563314228,0.009468937569825392
l_kohakufa_fp16,20000,fp16,2097152.0,12,89.10276893060654,0.8403019378460187,0.9696215987205505,0.9946585297584534,flex,dv,0.00031898089023442514,0.9999999496419257,0.00025532361814323507
l_kohakufa_fp16,20000,fp16,2097152.0,12,89.10276893060654,0.8403019378460187,0.9696215987205505,0.9946585297584534,fa4,dq,0.012963451054173918,0.999915976269066,0.009353318294495974
l_kohakufa_fp16,20000,fp16,2097152.0,12,89.10276893060654,0.8403019378460187,0.9696215987205505,0.9946585297584534,fa4,dk,0.01136670990502357,0.9999356624268813,0.00957758353809199
l_kohakufa_fp16,20000,fp16,2097152.0,12,89.10276893060654,0.8403019378460187,0.9696215987205505,0.9946585297584534,fa4,dv,0.0003196069921998432,0.999999949443954,0.00025532361814323507
l_kohakufa_fp16,20000,fp16,2097152.0,12,89.10276893060654,0.8403019378460187,0.9696215987205505,0.9946585297584534,kohakufa,dq,0.012455958131057319,0.9999224362564617,0.009353318294495974
l_kohakufa_fp16,20000,fp16,2097152.0,12,89.10276893060654,0.8403019378460187,0.9696215987205505,0.9946585297584534,kohakufa,dk,0.01105945159883639,0.9999391084670598,0.009468937569825392
l_kohakufa_fp16,20000,fp16,2097152.0,12,89.10276893060654,0.8403019378460187,0.9696215987205505,0.9946585297584534,kohakufa,dv,0.00031889032689138945,0.9999999496716723,0.00025532361814323507
l_kohakufa_fp16,20000,fp16,2097152.0,12,89.10276893060654,0.8403019378460187,0.9696215987205505,0.9946585297584534,floor,dq,0.012486057664725976,0.9999220531612372,0.009349106419246038
l_kohakufa_fp16,20000,fp16,2097152.0,12,89.10276893060654,0.8403019378460187,0.9696215987205505,0.9946585297584534,floor,dk,0.011152214697125563,0.9999380971440304,0.009457495072866582
l_kohakufa_fp16,20000,fp16,2097152.0,12,89.10276893060654,0.8403019378460187,0.9696215987205505,0.9946585297584534,floor,dv,0.00024139418117728663,0.9999999713958773,0.00017884515206216165
l_kohakufa_fp16,20000,fp16,2097152.0,12,89.10276893060654,0.8403019378460187,0.9696215987205505,0.9946585297584534,scale*dS,dq,0.012486472936273208,0.9999220479370904,0.009349079448051027
l_kohakufa_fp16,20000,fp16,2097152.0,12,89.10276893060654,0.8403019378460187,0.9696215987205505,0.9946585297584534,scale*dS,dk,0.011152669185429098,0.9999380917838265,0.00945802876009215
l_kohakufa_fp16,20000,fp16,2097152.0,12,89.10276893060654,0.8403019378460187,0.9696215987205505,0.9946585297584534,scale*dS,dv,0.00024139418117728663,0.9999999713958773,0.00017884515206216165
l_kohakufa_fp16,20000,fp16,2097152.0,12,89.10276893060654,0.8403019378460187,0.9696215987205505,0.9946585297584534,single lse,dq,0.01248605734400322,0.99992205316582,0.009349106419246038
l_kohakufa_fp16,20000,fp16,2097152.0,12,89.10276893060654,0.8403019378460187,0.9696215987205505,0.9946585297584534,single lse,dk,0.011151975021382574,0.9999380997656766,0.009457495072866582
l_kohakufa_fp16,20000,fp16,2097152.0,12,89.10276893060654,0.8403019378460187,0.9696215987205505,0.9946585297584534,single lse,dv,0.00024101377374994488,0.9999999714891615,0.00017884515206216165
l_kohakufa_fp16,20000,fp16,2097152.0,12,89.10276893060654,0.8403019378460187,0.9696215987205505,0.9946585297584534,scale-shift,dq,0.012464062430006664,0.9999223272421749,0.009349106419246038
l_kohakufa_fp16,20000,fp16,2097152.0,12,89.10276893060654,0.8403019378460187,0.9696215987205505,0.9946585297584534,scale-shift,dk,0.01113273028035649,0.99993830632959,0.009457495072866582
l_kohakufa_fp16,20000,fp16,2097152.0,12,89.10276893060654,0.8403019378460187,0.9696215987205505,0.9946585297584534,scale-shift,dv,0.00024140291912489432,0.9999999713940941,0.00017884515206216165
l_kohakufa_fp16,20000,fp16,2097152.0,12,89.10276893060654,0.8403019378460187,0.9696215987205505,0.9946585297584534,all three,dq,0.012464446267626215,0.9999223224199177,0.009349079448051027
l_kohakufa_fp16,20000,fp16,2097152.0,12,89.10276893060654,0.8403019378460187,0.9696215987205505,0.9946585297584534,all three,dk,0.011133215779874146,0.999938300491301,0.00945802876009215
l_kohakufa_fp16,20000,fp16,2097152.0,12,89.10276893060654,0.8403019378460187,0.9696215987205505,0.9946585297584534,all three,dv,0.00024099591436985775,0.9999999714932047,0.00017884515206216165
l_kohakufa_fp16,20000,fp16,2097152.0,13,86.75837056525052,0.7257928155891268,0.9405307769775391,0.9927722811698914,cudnn,dq,0.0025404411009364064,0.9999967768845509,0.0018578828838879701
l_kohakufa_fp16,20000,fp16,2097152.0,13,86.75837056525052,0.7257928155891268,0.9405307769775391,0.9927722811698914,cudnn,dk,0.0026839034664219445,0.9999964306639733,0.0029363148837528866
l_kohakufa_fp16,20000,fp16,2097152.0,13,86.75837056525052,0.7257928155891268,0.9405307769775391,0.9927722811698914,cudnn,dv,0.00035719293964385024,0.99999993623808,0.00031093909736798746
l_kohakufa_fp16,20000,fp16,2097152.0,13,86.75837056525052,0.7257928155891268,0.9405307769775391,0.9927722811698914,efficient,dq,0.0025253693675631136,0.999996811500095,0.0018578828838879701
l_kohakufa_fp16,20000,fp16,2097152.0,13,86.75837056525052,0.7257928155891268,0.9405307769775391,0.9927722811698914,efficient,dk,0.0026811995925176,0.9999964497370182,0.0029363148837528866
l_kohakufa_fp16,20000,fp16,2097152.0,13,86.75837056525052,0.7257928155891268,0.9405307769775391,0.9927722811698914,efficient,dv,0.0003566834948603782,0.9999999365822393,0.00031093909736798746
l_kohakufa_fp16,20000,fp16,2097152.0,13,86.75837056525052,0.7257928155891268,0.9405307769775391,0.9927722811698914,flex,dq,0.0025368378996279473,0.9999967859557534,0.0018578828838879701
l_kohakufa_fp16,20000,fp16,2097152.0,13,86.75837056525052,0.7257928155891268,0.9405307769775391,0.9927722811698914,flex,dk,0.0026720037593459182,0.9999964674645313,0.0029363148837528866
l_kohakufa_fp16,20000,fp16,2097152.0,13,86.75837056525052,0.7257928155891268,0.9405307769775391,0.9927722811698914,flex,dv,0.00035678909913600435,0.9999999363818032,0.00031093909736798746
l_kohakufa_fp16,20000,fp16,2097152.0,13,86.75837056525052,0.7257928155891268,0.9405307769775391,0.9927722811698914,fa4,dq,0.002725362148687205,0.9999962890357752,0.0018578828838879701
l_kohakufa_fp16,20000,fp16,2097152.0,13,86.75837056525052,0.7257928155891268,0.9405307769775391,0.9927722811698914,fa4,dk,0.0028523829935459956,0.9999959515019576,0.0029363148837528866
l_kohakufa_fp16,20000,fp16,2097152.0,13,86.75837056525052,0.7257928155891268,0.9405307769775391,0.9927722811698914,fa4,dv,0.0003574006893480696,0.9999999361638772,0.00031958682784804566
l_kohakufa_fp16,20000,fp16,2097152.0,13,86.75837056525052,0.7257928155891268,0.9405307769775391,0.9927722811698914,kohakufa,dq,0.002522675738653502,0.9999968182755014,0.0018612174923398675
l_kohakufa_fp16,20000,fp16,2097152.0,13,86.75837056525052,0.7257928155891268,0.9405307769775391,0.9927722811698914,kohakufa,dk,0.002678438086848669,0.9999964573028024,0.0029363148837528866
l_kohakufa_fp16,20000,fp16,2097152.0,13,86.75837056525052,0.7257928155891268,0.9405307769775391,0.9927722811698914,kohakufa,dv,0.00035503818863227295,0.9999999376281358,0.00031958682784804566
l_kohakufa_fp16,20000,fp16,2097152.0,13,86.75837056525052,0.7257928155891268,0.9405307769775391,0.9927722811698914,floor,dq,0.0025256321926994665,0.9999968122425511,0.0018625102535236042
l_kohakufa_fp16,20000,fp16,2097152.0,13,86.75837056525052,0.7257928155891268,0.9405307769775391,0.9927722811698914,floor,dk,0.002664773958010187,0.9999964885057389,0.0028756213879893183
l_kohakufa_fp16,20000,fp16,2097152.0,13,86.75837056525052,0.7257928155891268,0.9405307769775391,0.9927722811698914,floor,dv,0.00029295192342051487,0.9999999581676989,0.00031615804164307774
l_kohakufa_fp16,20000,fp16,2097152.0,13,86.75837056525052,0.7257928155891268,0.9405307769775391,0.9927722811698914,scale*dS,dq,0.0025284730105139723,0.9999968050858163,0.0018621789602553194
l_kohakufa_fp16,20000,fp16,2097152.0,13,86.75837056525052,0.7257928155891268,0.9405307769775391,0.9927722811698914,scale*dS,dk,0.002667652663799344,0.9999964808192013,0.0028752227076033624
l_kohakufa_fp16,20000,fp16,2097152.0,13,86.75837056525052,0.7257928155891268,0.9405307769775391,0.9927722811698914,scale*dS,dv,0.00029295192342051487,0.9999999581676989,0.00031615804164307774
l_kohakufa_fp16,20000,fp16,2097152.0,13,86.75837056525052,0.7257928155891268,0.9405307769775391,0.9927722811698914,single lse,dq,0.0025254881774357486,0.9999968125907182,0.0018625102535236042
l_kohakufa_fp16,20000,fp16,2097152.0,13,86.75837056525052,0.7257928155891268,0.9405307769775391,0.9927722811698914,single lse,dk,0.002664892464820977,0.9999964864530195,0.0028756213879893183
l_kohakufa_fp16,20000,fp16,2097152.0,13,86.75837056525052,0.7257928155891268,0.9405307769775391,0.9927722811698914,single lse,dv,0.0002929861806886354,0.9999999581567086,0.00031615804164307774
l_kohakufa_fp16,20000,fp16,2097152.0,13,86.75837056525052,0.7257928155891268,0.9405307769775391,0.9927722811698914,scale-shift,dq,0.0025388020316136992,0.9999967788981312,0.0018625102535236042
l_kohakufa_fp16,20000,fp16,2097152.0,13,86.75837056525052,0.7257928155891268,0.9405307769775391,0.9927722811698914,scale-shift,dk,0.0026811216475736096,0.9999964448449137,0.0028756213879893183
l_kohakufa_fp16,20000,fp16,2097152.0,13,86.75837056525052,0.7257928155891268,0.9405307769775391,0.9927722811698914,scale-shift,dv,0.0002930072788608459,0.9999999581468181,0.00031615804164307774
l_kohakufa_fp16,20000,fp16,2097152.0,13,86.75837056525052,0.7257928155891268,0.9405307769775391,0.9927722811698914,all three,dq,0.002541630206872156,0.9999967717355586,0.0018621789602553194
l_kohakufa_fp16,20000,fp16,2097152.0,13,86.75837056525052,0.7257928155891268,0.9405307769775391,0.9927722811698914,all three,dk,0.002683954568965068,0.9999964372368234,0.0028752227076033624
l_kohakufa_fp16,20000,fp16,2097152.0,13,86.75837056525052,0.7257928155891268,0.9405307769775391,0.9927722811698914,all three,dv,0.0002928663566664303,0.999999958189693,0.00031615804164307774
l_kohakufa_fp16,20000,fp16,2097152.0,14,10.261969248997048,0.6297742460664435,0.9108355045318604,0.9871808886528015,cudnn,dq,0.0012094161480459232,0.999999268846433,0.0007784276109716597
l_kohakufa_fp16,20000,fp16,2097152.0,14,10.261969248997048,0.6297742460664435,0.9108355045318604,0.9871808886528015,cudnn,dk,0.00441601127815122,0.9999903648767948,0.006319432216458876
l_kohakufa_fp16,20000,fp16,2097152.0,14,10.261969248997048,0.6297742460664435,0.9108355045318604,0.9871808886528015,cudnn,dv,0.00132760382771921,0.999999120682133,0.0015581351730512727
l_kohakufa_fp16,20000,fp16,2097152.0,14,10.261969248997048,0.6297742460664435,0.9108355045318604,0.9871808886528015,efficient,dq,0.0012381946679117708,0.9999992335997646,0.0007950384853310168
l_kohakufa_fp16,20000,fp16,2097152.0,14,10.261969248997048,0.6297742460664435,0.9108355045318604,0.9871808886528015,efficient,dk,0.004490730190776778,0.9999899876807765,0.006319432216458876
l_kohakufa_fp16,20000,fp16,2097152.0,14,10.261969248997048,0.6297742460664435,0.9108355045318604,0.9871808886528015,efficient,dv,0.0013286286457060983,0.9999991192755676,0.0015581351730512727
l_kohakufa_fp16,20000,fp16,2097152.0,14,10.261969248997048,0.6297742460664435,0.9108355045318604,0.9871808886528015,flex,dq,0.0012145507564980801,0.9999992626179587,0.0007784276109716597
l_kohakufa_fp16,20000,fp16,2097152.0,14,10.261969248997048,0.6297742460664435,0.9108355045318604,0.9871808886528015,flex,dk,0.004429582357882085,0.999990308723251,0.006319432216458876
l_kohakufa_fp16,20000,fp16,2097152.0,14,10.261969248997048,0.6297742460664435,0.9108355045318604,0.9871808886528015,flex,dv,0.0013301683748284956,0.9999991171671103,0.0015581351730512727
l_kohakufa_fp16,20000,fp16,2097152.0,14,10.261969248997048,0.6297742460664435,0.9108355045318604,0.9871808886528015,fa4,dq,0.0012105189288666505,0.9999992676566553,0.0007784276109716597
l_kohakufa_fp16,20000,fp16,2097152.0,14,10.261969248997048,0.6297742460664435,0.9108355045318604,0.9871808886528015,fa4,dk,0.00439116297503773,0.9999904726396515,0.006409943029201064
l_kohakufa_fp16,20000,fp16,2097152.0,14,10.261969248997048,0.6297742460664435,0.9108355045318604,0.9871808886528015,fa4,dv,0.001328987891409377,0.99999911877477,0.0015581351730512727
l_kohakufa_fp16,20000,fp16,2097152.0,14,10.261969248997048,0.6297742460664435,0.9108355045318604,0.9871808886528015,kohakufa,dq,0.0012459219057334664,0.9999992239849678,0.0007950384853310168
l_kohakufa_fp16,20000,fp16,2097152.0,14,10.261969248997048,0.6297742460664435,0.9108355045318604,0.9871808886528015,kohakufa,dk,0.004491246064629497,0.999990018618821,0.006319432216458876
l_kohakufa_fp16,20000,fp16,2097152.0,14,10.261969248997048,0.6297742460664435,0.9108355045318604,0.9871808886528015,kohakufa,dv,0.0013289332430356674,0.999999118872825,0.0015581351730512727
l_kohakufa_fp16,20000,fp16,2097152.0,14,10.261969248997048,0.6297742460664435,0.9108355045318604,0.9871808886528015,floor,dq,0.0011818047583533008,0.9999993024283066,0.0007780108460640953
l_kohakufa_fp16,20000,fp16,2097152.0,14,10.261969248997048,0.6297742460664435,0.9108355045318604,0.9871808886528015,floor,dk,0.0043269245711837915,0.9999907325395045,0.006486599224804569
l_kohakufa_fp16,20000,fp16,2097152.0,14,10.261969248997048,0.6297742460664435,0.9108355045318604,0.9871808886528015,floor,dv,0.0013144164295166814,0.9999991380696513,0.0015303620596479896
l_kohakufa_fp16,20000,fp16,2097152.0,14,10.261969248997048,0.6297742460664435,0.9108355045318604,0.9871808886528015,scale*dS,dq,0.001182847826147872,0.9999993011961961,0.0007780856877974241
l_kohakufa_fp16,20000,fp16,2097152.0,14,10.261969248997048,0.6297742460664435,0.9108355045318604,0.9871808886528015,scale*dS,dk,0.0043290979664197754,0.9999907231286653,0.0064843835322345705
l_kohakufa_fp16,20000,fp16,2097152.0,14,10.261969248997048,0.6297742460664435,0.9108355045318604,0.9871808886528015,scale*dS,dv,0.0013144164295166814,0.9999991380696513,0.0015303620596479896
l_kohakufa_fp16,20000,fp16,2097152.0,14,10.261969248997048,0.6297742460664435,0.9108355045318604,0.9871808886528015,single lse,dq,0.0011818226488610733,0.9999993024064009,0.0007780108460640953
l_kohakufa_fp16,20000,fp16,2097152.0,14,10.261969248997048,0.6297742460664435,0.9108355045318604,0.9871808886528015,single lse,dk,0.0043268397850027345,0.9999907328903432,0.006486599224804569
l_kohakufa_fp16,20000,fp16,2097152.0,14,10.261969248997048,0.6297742460664435,0.9108355045318604,0.9871808886528015,single lse,dv,0.001314467006460152,0.9999991379916716,0.0015303620596479896
l_kohakufa_fp16,20000,fp16,2097152.0,14,10.261969248997048,0.6297742460664435,0.9108355045318604,0.9871808886528015,scale-shift,dq,0.001183296612466999,0.9999993006422643,0.0007780108460640953
l_kohakufa_fp16,20000,fp16,2097152.0,14,10.261969248997048,0.6297742460664435,0.9108355045318604,0.9871808886528015,scale-shift,dk,0.0043240725093949646,0.9999907417351007,0.006487961665551185
l_kohakufa_fp16,20000,fp16,2097152.0,14,10.261969248997048,0.6297742460664435,0.9108355045318604,0.9871808886528015,scale-shift,dv,0.001314786995838757,0.9999991375762568,0.0015303620596479896
l_kohakufa_fp16,20000,fp16,2097152.0,14,10.261969248997048,0.6297742460664435,0.9108355045318604,0.9871808886528015,all three,dq,0.00118433385927176,0.9999992994146875,0.0007780856877974241
l_kohakufa_fp16,20000,fp16,2097152.0,14,10.261969248997048,0.6297742460664435,0.9108355045318604,0.9871808886528015,all three,dk,0.004326105401376954,0.9999907329497926,0.006485745972981185
l_kohakufa_fp16,20000,fp16,2097152.0,14,10.261969248997048,0.6297742460664435,0.9108355045318604,0.9871808886528015,all three,dv,0.001314402175486206,0.9999991380719189,0.0015303620596479896
l_kohakufa_fp16,20000,fp16,2097152.0,15,53.754418252035975,0.5676103648391472,0.8640759587287903,0.9846285581588745,cudnn,dq,0.0008073089131435497,0.999999676534469,0.0011223377427140191
l_kohakufa_fp16,20000,fp16,2097152.0,15,53.754418252035975,0.5676103648391472,0.8640759587287903,0.9846285581588745,cudnn,dk,0.0011258379382063485,0.9999993688989193,0.001652166624035841
l_kohakufa_fp16,20000,fp16,2097152.0,15,53.754418252035975,0.5676103648391472,0.8640759587287903,0.9846285581588745,cudnn,dv,0.0006409938302212201,0.9999997945656995,0.000789257915735484
l_kohakufa_fp16,20000,fp16,2097152.0,15,53.754418252035975,0.5676103648391472,0.8640759587287903,0.9846285581588745,efficient,dq,0.0008111209842567196,0.9999996729413324,0.0011080557103810697
l_kohakufa_fp16,20000,fp16,2097152.0,15,53.754418252035975,0.5676103648391472,0.8640759587287903,0.9846285581588745,efficient,dk,0.0011182901278324795,0.9999993752993095,0.0015604082399392361
l_kohakufa_fp16,20000,fp16,2097152.0,15,53.754418252035975,0.5676103648391472,0.8640759587287903,0.9846285581588745,efficient,dv,0.0006411833997761529,0.9999997944432355,0.000789257915735484
l_kohakufa_fp16,20000,fp16,2097152.0,15,53.754418252035975,0.5676103648391472,0.8640759587287903,0.9846285581588745,flex,dq,0.000801926413382979,0.9999996809467856,0.0011223377427140191
l_kohakufa_fp16,20000,fp16,2097152.0,15,53.754418252035975,0.5676103648391472,0.8640759587287903,0.9846285581588745,flex,dk,0.0011236294145437404,0.9999993713391667,0.001652166624035841
l_kohakufa_fp16,20000,fp16,2097152.0,15,53.754418252035975,0.5676103648391472,0.8640759587287903,0.9846285581588745,flex,dv,0.0006407158896881938,0.999999794744263,0.000789257915735484
l_kohakufa_fp16,20000,fp16,2097152.0,15,53.754418252035975,0.5676103648391472,0.8640759587287903,0.9846285581588745,fa4,dq,0.0008328921913707773,0.9999996544637955,0.001393696357040059
l_kohakufa_fp16,20000,fp16,2097152.0,15,53.754418252035975,0.5676103648391472,0.8640759587287903,0.9846285581588745,fa4,dk,0.0011885243188832263,0.9999992938704704,0.0023263625572673237
l_kohakufa_fp16,20000,fp16,2097152.0,15,53.754418252035975,0.5676103648391472,0.8640759587287903,0.9846285581588745,fa4,dv,0.0006408539012770722,0.9999997946553667,0.000789257915735484
l_kohakufa_fp16,20000,fp16,2097152.0,15,53.754418252035975,0.5676103648391472,0.8640759587287903,0.9846285581588745,kohakufa,dq,0.0008100207335921284,0.9999996739219944,0.0011080557103810697
l_kohakufa_fp16,20000,fp16,2097152.0,15,53.754418252035975,0.5676103648391472,0.8640759587287903,0.9846285581588745,kohakufa,dk,0.0011208635294646615,0.9999993721440855,0.0015604082399392361
l_kohakufa_fp16,20000,fp16,2097152.0,15,53.754418252035975,0.5676103648391472,0.8640759587287903,0.9846285581588745,kohakufa,dv,0.0006408896969068607,0.999999794632343,0.000789257915735484
l_kohakufa_fp16,20000,fp16,2097152.0,15,53.754418252035975,0.5676103648391472,0.8640759587287903,0.9846285581588745,floor,dq,0.0007745553072194425,0.9999997014553214,0.001127706301211648
l_kohakufa_fp16,20000,fp16,2097152.0,15,53.754418252035975,0.5676103648391472,0.8640759587287903,0.9846285581588745,floor,dk,0.0011020773240883906,0.999999395483469,0.0015975601825002812
l_kohakufa_fp16,20000,fp16,2097152.0,15,53.754418252035975,0.5676103648391472,0.8640759587287903,0.9846285581588745,floor,dv,0.0006078968553277968,0.9999998152570377,0.0007382348836961789
l_kohakufa_fp16,20000,fp16,2097152.0,15,53.754418252035975,0.5676103648391472,0.8640759587287903,0.9846285581588745,scale*dS,dq,0.0007764642224093505,0.9999996999755584,0.0011279475254372957
l_kohakufa_fp16,20000,fp16,2097152.0,15,53.754418252035975,0.5676103648391472,0.8640759587287903,0.9846285581588745,scale*dS,dk,0.001106328933080668,0.9999993908100792,0.00159721913669764
l_kohakufa_fp16,20000,fp16,2097152.0,15,53.754418252035975,0.5676103648391472,0.8640759587287903,0.9846285581588745,scale*dS,dv,0.0006078968553277968,0.9999998152570377,0.0007382348836961789
l_kohakufa_fp16,20000,fp16,2097152.0,15,53.754418252035975,0.5676103648391472,0.8640759587287903,0.9846285581588745,single lse,dq,0.0007744838566452056,0.9999997015041104,0.001127706301211648
l_kohakufa_fp16,20000,fp16,2097152.0,15,53.754418252035975,0.5676103648391472,0.8640759587287903,0.9846285581588745,single lse,dk,0.0011020724616856471,0.9999993954821861,0.0015975601825002812
l_kohakufa_fp16,20000,fp16,2097152.0,15,53.754418252035975,0.5676103648391472,0.8640759587287903,0.9846285581588745,single lse,dv,0.0006079410250564635,0.99999981523051,0.0007382348836961789
l_kohakufa_fp16,20000,fp16,2097152.0,15,53.754418252035975,0.5676103648391472,0.8640759587287903,0.9846285581588745,scale-shift,dq,0.0007747865750996316,0.9999997012795447,0.001127706301211648
l_kohakufa_fp16,20000,fp16,2097152.0,15,53.754418252035975,0.5676103648391472,0.8640759587287903,0.9846285581588745,scale-shift,dk,0.0011035872004922223,0.9999993939057028,0.0015975601825002812
l_kohakufa_fp16,20000,fp16,2097152.0,15,53.754418252035975,0.5676103648391472,0.8640759587287903,0.9846285581588745,scale-shift,dv,0.000607885047208488,0.9999998152643548,0.0007382348836961789
l_kohakufa_fp16,20000,fp16,2097152.0,15,53.754418252035975,0.5676103648391472,0.8640759587287903,0.9846285581588745,all three,dq,0.0007766740553626389,0.9999996998219073,0.0011279475254372957
l_kohakufa_fp16,20000,fp16,2097152.0,15,53.754418252035975,0.5676103648391472,0.8640759587287903,0.9846285581588745,all three,dk,0.0011079814177082207,0.9999993890695058,0.00159721913669764
l_kohakufa_fp16,20000,fp16,2097152.0,15,53.754418252035975,0.5676103648391472,0.8640759587287903,0.9846285581588745,all three,dv,0.0006071460400532498,0.9999998157180073,0.0007382348836961789
l_kohakufa_fp16,20000,fp16,2097152.0,16,14.665186190977693,0.6419806423871595,0.9179819822311401,0.9858888387680054,cudnn,dq,0.0008128628693167636,0.9999996699867107,0.0004260184528160313
l_kohakufa_fp16,20000,fp16,2097152.0,16,14.665186190977693,0.6419806423871595,0.9179819822311401,0.9858888387680054,cudnn,dk,0.0013488485206641497,0.9999990907810763,0.0025476522514392
l_kohakufa_fp16,20000,fp16,2097152.0,16,14.665186190977693,0.6419806423871595,0.9179819822311401,0.9858888387680054,cudnn,dv,0.0010600986718777468,0.9999994516103412,0.002026273771546005
l_kohakufa_fp16,20000,fp16,2097152.0,16,14.665186190977693,0.6419806423871595,0.9179819822311401,0.9858888387680054,efficient,dq,0.001038242805210699,0.9999994610524693,0.000977067019733235
l_kohakufa_fp16,20000,fp16,2097152.0,16,14.665186190977693,0.6419806423871595,0.9179819822311401,0.9858888387680054,efficient,dk,0.0016988658463459752,0.9999985691786796,0.0032074498788115242
l_kohakufa_fp16,20000,fp16,2097152.0,16,14.665186190977693,0.6419806423871595,0.9179819822311401,0.9858888387680054,efficient,dv,0.0010586371672699389,0.9999994532285595,0.002026273771546005
l_kohakufa_fp16,20000,fp16,2097152.0,16,14.665186190977693,0.6419806423871595,0.9179819822311401,0.9858888387680054,flex,dq,0.0008110518662991666,0.9999996714878544,0.0004235725072472684
l_kohakufa_fp16,20000,fp16,2097152.0,16,14.665186190977693,0.6419806423871595,0.9179819822311401,0.9858888387680054,flex,dk,0.0013485382084120834,0.999999091364946,0.0025476522514392
l_kohakufa_fp16,20000,fp16,2097152.0,16,14.665186190977693,0.6419806423871595,0.9179819822311401,0.9858888387680054,flex,dv,0.0010622182220276133,0.9999994495321176,0.002026273771546005
l_kohakufa_fp16,20000,fp16,2097152.0,16,14.665186190977693,0.6419806423871595,0.9179819822311401,0.9858888387680054,fa4,dq,0.0009040532322070901,0.9999995951847872,0.0008047688555427206
l_kohakufa_fp16,20000,fp16,2097152.0,16,14.665186190977693,0.6419806423871595,0.9179819822311401,0.9858888387680054,fa4,dk,0.001368100430202276,0.9999990657124365,0.0025476522514392
l_kohakufa_fp16,20000,fp16,2097152.0,16,14.665186190977693,0.6419806423871595,0.9179819822311401,0.9858888387680054,fa4,dv,0.0010616847122115964,0.9999994501743711,0.002026273771546005
l_kohakufa_fp16,20000,fp16,2097152.0,16,14.665186190977693,0.6419806423871595,0.9179819822311401,0.9858888387680054,kohakufa,dq,0.0010400750476488633,0.9999994591416238,0.000977067019733235
l_kohakufa_fp16,20000,fp16,2097152.0,16,14.665186190977693,0.6419806423871595,0.9179819822311401,0.9858888387680054,kohakufa,dk,0.001701028837841256,0.9999985649646016,0.0032074498788115242
l_kohakufa_fp16,20000,fp16,2097152.0,16,14.665186190977693,0.6419806423871595,0.9179819822311401,0.9858888387680054,kohakufa,dv,0.0010619147004822412,0.9999994499874134,0.002026273771546005
l_kohakufa_fp16,20000,fp16,2097152.0,16,14.665186190977693,0.6419806423871595,0.9179819822311401,0.9858888387680054,floor,dq,0.0007776192908570262,0.9999996984222991,0.00042477274908217055
l_kohakufa_fp16,20000,fp16,2097152.0,16,14.665186190977693,0.6419806423871595,0.9179819822311401,0.9858888387680054,floor,dk,0.001307897733529046,0.999999145379077,0.002513233025845111
l_kohakufa_fp16,20000,fp16,2097152.0,16,14.665186190977693,0.6419806423871595,0.9179819822311401,0.9858888387680054,floor,dv,0.0010362273457009794,0.9999994761366576,0.0017019542418077538
l_kohakufa_fp16,20000,fp16,2097152.0,16,14.665186190977693,0.6419806423871595,0.9179819822311401,0.9858888387680054,scale*dS,dq,0.0007794034874442216,0.9999996970348566,0.0004252898821191469
l_kohakufa_fp16,20000,fp16,2097152.0,16,14.665186190977693,0.6419806423871595,0.9179819822311401,0.9858888387680054,scale*dS,dk,0.0013102260955054252,0.9999991423275237,0.0025121006264059117
l_kohakufa_fp16,20000,fp16,2097152.0,16,14.665186190977693,0.6419806423871595,0.9179819822311401,0.9858888387680054,scale*dS,dv,0.0010362273457009794,0.9999994761366576,0.0017019542418077538
l_kohakufa_fp16,20000,fp16,2097152.0,16,14.665186190977693,0.6419806423871595,0.9179819822311401,0.9858888387680054,single lse,dq,0.0007776975724750547,0.999999698357167,0.00042477274908217055
l_kohakufa_fp16,20000,fp16,2097152.0,16,14.665186190977693,0.6419806423871595,0.9179819822311401,0.9858888387680054,single lse,dk,0.0013082268079734078,0.9999991449226141,0.002513233025845111
l_kohakufa_fp16,20000,fp16,2097152.0,16,14.665186190977693,0.6419806423871595,0.9179819822311401,0.9858888387680054,single lse,dv,0.001036170948126926,0.9999994761733977,0.0017019542418077538
l_kohakufa_fp16,20000,fp16,2097152.0,16,14.665186190977693,0.6419806423871595,0.9179819822311401,0.9858888387680054,scale-shift,dq,0.0007773421967940307,0.999999698638222,0.00042477274908217055
l_kohakufa_fp16,20000,fp16,2097152.0,16,14.665186190977693,0.6419806423871595,0.9179819822311401,0.9858888387680054,scale-shift,dk,0.001303851212147277,0.9999991506375748,0.002513233025845111
l_kohakufa_fp16,20000,fp16,2097152.0,16,14.665186190977693,0.6419806423871595,0.9179819822311401,0.9858888387680054,scale-shift,dv,0.0010362822545403538,0.9999994760942362,0.0017019542418077538
l_kohakufa_fp16,20000,fp16,2097152.0,16,14.665186190977693,0.6419806423871595,0.9179819822311401,0.9858888387680054,all three,dq,0.0007791004580161448,0.9999996972710653,0.0004252898821191469
l_kohakufa_fp16,20000,fp16,2097152.0,16,14.665186190977693,0.6419806423871595,0.9179819822311401,0.9858888387680054,all three,dk,0.001306351854663379,0.9999991473657067,0.0025121006264059117
l_kohakufa_fp16,20000,fp16,2097152.0,16,14.665186190977693,0.6419806423871595,0.9179819822311401,0.9858888387680054,all three,dv,0.0010362492377819772,0.9999994760598216,0.0017019542418077538
l_kohakufa_fp16,20000,fp16,2097152.0,17,66.00698462128639,0.764090062358944,0.966819703578949,0.9895762205123901,cudnn,dq,0.00438485621103665,0.9999904082591046,0.007393252770269214
l_kohakufa_fp16,20000,fp16,2097152.0,17,66.00698462128639,0.764090062358944,0.966819703578949,0.9895762205123901,cudnn,dk,0.00376912755699731,0.9999928972571955,0.00490952365504901
l_kohakufa_fp16,20000,fp16,2097152.0,17,66.00698462128639,0.764090062358944,0.966819703578949,0.9895762205123901,cudnn,dv,0.0005449795912235572,0.9999998517025535,0.0005567887252073809
l_kohakufa_fp16,20000,fp16,2097152.0,17,66.00698462128639,0.764090062358944,0.966819703578949,0.9895762205123901,efficient,dq,0.004420469581108881,0.999990246058047,0.007498171037873719
l_kohakufa_fp16,20000,fp16,2097152.0,17,66.00698462128639,0.764090062358944,0.966819703578949,0.9895762205123901,efficient,dk,0.0037818284052645564,0.9999928493735644,0.00490952365504901
l_kohakufa_fp16,20000,fp16,2097152.0,17,66.00698462128639,0.764090062358944,0.966819703578949,0.9895762205123901,efficient,dv,0.0005447766787994982,0.999999851813433,0.0005567887252073809
l_kohakufa_fp16,20000,fp16,2097152.0,17,66.00698462128639,0.764090062358944,0.966819703578949,0.9895762205123901,flex,dq,0.004404300280748611,0.9999903200189139,0.007393252770269214
l_kohakufa_fp16,20000,fp16,2097152.0,17,66.00698462128639,0.764090062358944,0.966819703578949,0.9895762205123901,flex,dk,0.0037651639334391816,0.9999929117859386,0.00490952365504901
l_kohakufa_fp16,20000,fp16,2097152.0,17,66.00698462128639,0.764090062358944,0.966819703578949,0.9895762205123901,flex,dv,0.000545345006825435,0.9999998515056528,0.0005567887252073809
l_kohakufa_fp16,20000,fp16,2097152.0,17,66.00698462128639,0.764090062358944,0.966819703578949,0.9895762205123901,fa4,dq,0.00439388776561037,0.9999903672113698,0.007393252770269214
l_kohakufa_fp16,20000,fp16,2097152.0,17,66.00698462128639,0.764090062358944,0.966819703578949,0.9895762205123901,fa4,dk,0.0037604111625964124,0.9999929308855805,0.00490952365504901
l_kohakufa_fp16,20000,fp16,2097152.0,17,66.00698462128639,0.764090062358944,0.966819703578949,0.9895762205123901,fa4,dv,0.0005452112739536488,0.9999998515861479,0.0005567887252073809
l_kohakufa_fp16,20000,fp16,2097152.0,17,66.00698462128639,0.764090062358944,0.966819703578949,0.9895762205123901,kohakufa,dq,0.004417434328433738,0.9999902606143527,0.007498171037873719
l_kohakufa_fp16,20000,fp16,2097152.0,17,66.00698462128639,0.764090062358944,0.966819703578949,0.9895762205123901,kohakufa,dk,0.003790583611692784,0.9999928157770297,0.00490952365504901
l_kohakufa_fp16,20000,fp16,2097152.0,17,66.00698462128639,0.764090062358944,0.966819703578949,0.9895762205123901,kohakufa,dv,0.0005455549418285452,0.9999998513893623,0.0005567887252073809
l_kohakufa_fp16,20000,fp16,2097152.0,17,66.00698462128639,0.764090062358944,0.966819703578949,0.9895762205123901,floor,dq,0.004418028727744745,0.9999902626008267,0.007395428728488356
l_kohakufa_fp16,20000,fp16,2097152.0,17,66.00698462128639,0.764090062358944,0.966819703578949,0.9895762205123901,floor,dk,0.0037691240525944887,0.9999928974464393,0.004946925075719648
l_kohakufa_fp16,20000,fp16,2097152.0,17,66.00698462128639,0.764090062358944,0.966819703578949,0.9895762205123901,floor,dv,0.0004978317995845675,0.9999998763419098,0.0005374777940429565
l_kohakufa_fp16,20000,fp16,2097152.0,17,66.00698462128639,0.764090062358944,0.966819703578949,0.9895762205123901,scale*dS,dq,0.004419265339533258,0.9999902571139525,0.0073949765003267194
l_kohakufa_fp16,20000,fp16,2097152.0,17,66.00698462128639,0.764090062358944,0.966819703578949,0.9895762205123901,scale*dS,dk,0.003769727870142868,0.9999928951716629,0.004946925075719648
l_kohakufa_fp16,20000,fp16,2097152.0,17,66.00698462128639,0.764090062358944,0.966819703578949,0.9895762205123901,scale*dS,dv,0.0004978317995845675,0.9999998763419098,0.0005374777940429565
l_kohakufa_fp16,20000,fp16,2097152.0,17,66.00698462128639,0.764090062358944,0.966819703578949,0.9895762205123901,single lse,dq,0.0044180283822964775,0.9999902626024364,0.007395428728488356
l_kohakufa_fp16,20000,fp16,2097152.0,17,66.00698462128639,0.764090062358944,0.966819703578949,0.9895762205123901,single lse,dk,0.003769029929014594,0.9999928978000031,0.004946925075719648
l_kohakufa_fp16,20000,fp16,2097152.0,17,66.00698462128639,0.764090062358944,0.966819703578949,0.9895762205123901,single lse,dv,0.0004978683149568435,0.9999998763317575,0.0005374777940429565
l_kohakufa_fp16,20000,fp16,2097152.0,17,66.00698462128639,0.764090062358944,0.966819703578949,0.9895762205123901,scale-shift,dq,0.004417995896810099,0.9999902627534007,0.007395428728488356
l_kohakufa_fp16,20000,fp16,2097152.0,17,66.00698462128639,0.764090062358944,0.966819703578949,0.9895762205123901,scale-shift,dk,0.003779047655043396,0.999992860132345,0.004949522742039099
l_kohakufa_fp16,20000,fp16,2097152.0,17,66.00698462128639,0.764090062358944,0.966819703578949,0.9895762205123901,scale-shift,dv,0.00049791986413638,0.9999998763064487,0.0005374777940429565
l_kohakufa_fp16,20000,fp16,2097152.0,17,66.00698462128639,0.764090062358944,0.966819703578949,0.9895762205123901,all three,dq,0.004419199396482179,0.9999902574141163,0.0073949765003267194
l_kohakufa_fp16,20000,fp16,2097152.0,17,66.00698462128639,0.764090062358944,0.966819703578949,0.9895762205123901,all three,dk,0.0037799069979750468,0.9999928568885909,0.004949522742039099
l_kohakufa_fp16,20000,fp16,2097152.0,17,66.00698462128639,0.764090062358944,0.966819703578949,0.9895762205123901,all three,dv,0.0004979517155518162,0.9999998762899365,0.0005374777940429565
l_kohakufa_fp16,20000,fp16,2097152.0,18,66.3459227271378,0.8262427450595968,0.9681685566902161,0.9914406538009644,cudnn,dq,0.0013307246299036287,0.9999991157520092,0.0021956328202510315
l_kohakufa_fp16,20000,fp16,2097152.0,18,66.3459227271378,0.8262427450595968,0.9681685566902161,0.9914406538009644,cudnn,dk,0.0010743829755218068,0.9999994244226702,0.0021036727747484637
l_kohakufa_fp16,20000,fp16,2097152.0,18,66.3459227271378,0.8262427450595968,0.9681685566902161,0.9914406538009644,cudnn,dv,0.00036480701589078004,0.9999999336630084,0.0003773551174818226
l_kohakufa_fp16,20000,fp16,2097152.0,18,66.3459227271378,0.8262427450595968,0.9681685566902161,0.9914406538009644,efficient,dq,0.0012878690736781934,0.9999991709222031,0.0017280158578064277
l_kohakufa_fp16,20000,fp16,2097152.0,18,66.3459227271378,0.8262427450595968,0.9681685566902161,0.9914406538009644,efficient,dk,0.0011166825612560678,0.9999993825233392,0.0021036727747484637
l_kohakufa_fp16,20000,fp16,2097152.0,18,66.3459227271378,0.8262427450595968,0.9681685566902161,0.9914406538009644,efficient,dv,0.00036440707981228875,0.9999999338080875,0.0003773551174818226
l_kohakufa_fp16,20000,fp16,2097152.0,18,66.3459227271378,0.8262427450595968,0.9681685566902161,0.9914406538009644,flex,dq,0.0013108324641987242,0.9999991420788024,0.0021956328202510315
l_kohakufa_fp16,20000,fp16,2097152.0,18,66.3459227271378,0.8262427450595968,0.9681685566902161,0.9914406538009644,flex,dk,0.0010693138793791657,0.9999994296739132,0.0021036727747484637
l_kohakufa_fp16,20000,fp16,2097152.0,18,66.3459227271378,0.8262427450595968,0.9681685566902161,0.9914406538009644,flex,dv,0.000364678352713876,0.9999999337107262,0.0003773551174818226
l_kohakufa_fp16,20000,fp16,2097152.0,18,66.3459227271378,0.8262427450595968,0.9681685566902161,0.9914406538009644,fa4,dq,0.0012905132716038877,0.9999991682161825,0.0021956328202510315
l_kohakufa_fp16,20000,fp16,2097152.0,18,66.3459227271378,0.8262427450595968,0.9681685566902161,0.9914406538009644,fa4,dk,0.0011110692771331917,0.9999993869859529,0.0021036727747484637
l_kohakufa_fp16,20000,fp16,2097152.0,18,66.3459227271378,0.8262427450595968,0.9681685566902161,0.9914406538009644,fa4,dv,0.00036477250407700623,0.9999999336756041,0.0003773551174818226
l_kohakufa_fp16,20000,fp16,2097152.0,18,66.3459227271378,0.8262427450595968,0.9681685566902161,0.9914406538009644,kohakufa,dq,0.001268464644229531,0.9999991957012312,0.0017280158578064277
l_kohakufa_fp16,20000,fp16,2097152.0,18,66.3459227271378,0.8262427450595968,0.9681685566902161,0.9914406538009644,kohakufa,dk,0.0011067793329380046,0.9999993932186955,0.0021036727747484637
l_kohakufa_fp16,20000,fp16,2097152.0,18,66.3459227271378,0.8262427450595968,0.9681685566902161,0.9914406538009644,kohakufa,dv,0.00036521472668344155,0.99999993350968,0.0003773551174818226
l_kohakufa_fp16,20000,fp16,2097152.0,18,66.3459227271378,0.8262427450595968,0.9681685566902161,0.9914406538009644,floor,dq,0.0012974661351113238,0.9999991597582808,0.0021729771284847957
l_kohakufa_fp16,20000,fp16,2097152.0,18,66.3459227271378,0.8262427450595968,0.9681685566902161,0.9914406538009644,floor,dk,0.001057101529887674,0.9999994430196041,0.00215718797931166
l_kohakufa_fp16,20000,fp16,2097152.0,18,66.3459227271378,0.8262427450595968,0.9681685566902161,0.9914406538009644,floor,dv,0.0003061740368361138,0.9999999534302244,0.00028695809782916076
l_kohakufa_fp16,20000,fp16,2097152.0,18,66.3459227271378,0.8262427450595968,0.9681685566902161,0.9914406538009644,scale*dS,dq,0.001316947985559903,0.9999991342990779,0.0021741090843413907
l_kohakufa_fp16,20000,fp16,2097152.0,18,66.3459227271378,0.8262427450595968,0.9681685566902161,0.9914406538009644,scale*dS,dk,0.0010622346836336575,0.9999994375636043,0.0021574382999843987
l_kohakufa_fp16,20000,fp16,2097152.0,18,66.3459227271378,0.8262427450595968,0.9681685566902161,0.9914406538009644,scale*dS,dv,0.0003061740368361138,0.9999999534302244,0.00028695809782916076
l_kohakufa_fp16,20000,fp16,2097152.0,18,66.3459227271378,0.8262427450595968,0.9681685566902161,0.9914406538009644,single lse,dq,0.0012974451935531563,0.999999159781287,0.0021729771284847957
l_kohakufa_fp16,20000,fp16,2097152.0,18,66.3459227271378,0.8262427450595968,0.9681685566902161,0.9914406538009644,single lse,dk,0.0010570979247489479,0.9999994430233007,0.00215718797931166
l_kohakufa_fp16,20000,fp16,2097152.0,18,66.3459227271378,0.8262427450595968,0.9681685566902161,0.9914406538009644,single lse,dv,0.0003060587757151237,0.9999999534670363,0.00028695809782916076
l_kohakufa_fp16,20000,fp16,2097152.0,18,66.3459227271378,0.8262427450595968,0.9681685566902161,0.9914406538009644,scale-shift,dq,0.00128090166595434,0.9999991813740025,0.0021729771284847957
l_kohakufa_fp16,20000,fp16,2097152.0,18,66.3459227271378,0.8262427450595968,0.9681685566902161,0.9914406538009644,scale-shift,dk,0.0010455093855530574,0.9999994553973749,0.002195702534836236
l_kohakufa_fp16,20000,fp16,2097152.0,18,66.3459227271378,0.8262427450595968,0.9681685566902161,0.9914406538009644,scale-shift,dv,0.00030621889214941736,0.9999999534157946,0.00028695809782916076
l_kohakufa_fp16,20000,fp16,2097152.0,18,66.3459227271378,0.8262427450595968,0.9681685566902161,0.9914406538009644,all three,dq,0.0013007957806544603,0.9999991556923326,0.0021741090843413907
l_kohakufa_fp16,20000,fp16,2097152.0,18,66.3459227271378,0.8262427450595968,0.9681685566902161,0.9914406538009644,all three,dk,0.001050718206688673,0.9999994499206813,0.0021959528555089746
l_kohakufa_fp16,20000,fp16,2097152.0,18,66.3459227271378,0.8262427450595968,0.9681685566902161,0.9914406538009644,all three,dv,0.0003059963977180357,0.9999999534852501,0.00028695809782916076
l_kohakufa_fp16,20000,fp16,2097152.0,19,13.507715598680079,0.7773723219226235,0.956980288028717,0.9891715049743652,cudnn,dq,0.0009457022252773183,0.99999955315026,0.0008869002732818215
l_kohakufa_fp16,20000,fp16,2097152.0,19,13.507715598680079,0.7773723219226235,0.956980288028717,0.9891715049743652,cudnn,dk,0.000866353514063495,0.9999996251269958,0.0013551064331579236
l_kohakufa_fp16,20000,fp16,2097152.0,19,13.507715598680079,0.7773723219226235,0.956980288028717,0.9891715049743652,cudnn,dv,0.00037334848759875333,0.9999999304432531,0.0005546248934717823
l_kohakufa_fp16,20000,fp16,2097152.0,19,13.507715598680079,0.7773723219226235,0.956980288028717,0.9891715049743652,efficient,dq,0.0009672226281066017,0.9999995323484281,0.0008869002732818215
l_kohakufa_fp16,20000,fp16,2097152.0,19,13.507715598680079,0.7773723219226235,0.956980288028717,0.9891715049743652,efficient,dk,0.0009061548072516203,0.9999995912217976,0.0013551064331579236
l_kohakufa_fp16,20000,fp16,2097152.0,19,13.507715598680079,0.7773723219226235,0.956980288028717,0.9891715049743652,efficient,dv,0.000373028995596011,0.9999999305682986,0.0005546248934717823
l_kohakufa_fp16,20000,fp16,2097152.0,19,13.507715598680079,0.7773723219226235,0.956980288028717,0.9891715049743652,flex,dq,0.0009415152080065819,0.9999995570685645,0.0008869002732818215
l_kohakufa_fp16,20000,fp16,2097152.0,19,13.507715598680079,0.7773723219226235,0.956980288028717,0.9891715049743652,flex,dk,0.0008630094830816824,0.9999996280894755,0.0013551064331579236
l_kohakufa_fp16,20000,fp16,2097152.0,19,13.507715598680079,0.7773723219226235,0.956980288028717,0.9891715049743652,flex,dv,0.00037330659708165095,0.9999999304591031,0.0005546248934717823
l_kohakufa_fp16,20000,fp16,2097152.0,19,13.507715598680079,0.7773723219226235,0.956980288028717,0.9891715049743652,fa4,dq,0.0009407323665315789,0.9999995579502415,0.0008869002732818215
l_kohakufa_fp16,20000,fp16,2097152.0,19,13.507715598680079,0.7773723219226235,0.956980288028717,0.9891715049743652,fa4,dk,0.0008569406500625411,0.9999996329878292,0.0013551064331579236
l_kohakufa_fp16,20000,fp16,2097152.0,19,13.507715598680079,0.7773723219226235,0.956980288028717,0.9891715049743652,fa4,dv,0.00037311620470790904,0.9999999305278837,0.0005546248934717823
l_kohakufa_fp16,20000,fp16,2097152.0,19,13.507715598680079,0.7773723219226235,0.956980288028717,0.9891715049743652,kohakufa,dq,0.0009630366831718915,0.999999536385266,0.0008869002732818215
l_kohakufa_fp16,20000,fp16,2097152.0,19,13.507715598680079,0.7773723219226235,0.956980288028717,0.9891715049743652,kohakufa,dk,0.0009004591770720079,0.9999995960419077,0.0013551064331579236
l_kohakufa_fp16,20000,fp16,2097152.0,19,13.507715598680079,0.7773723219226235,0.956980288028717,0.9891715049743652,kohakufa,dv,0.0003732477500606098,0.9999999304809677,0.0005546248934717823
l_kohakufa_fp16,20000,fp16,2097152.0,19,13.507715598680079,0.7773723219226235,0.956980288028717,0.9891715049743652,floor,dq,0.0009359964285936762,0.9999995620522316,0.0009356741873500628
l_kohakufa_fp16,20000,fp16,2097152.0,19,13.507715598680079,0.7773723219226235,0.956980288028717,0.9891715049743652,floor,dk,0.0008430427279386228,0.9999996455361336,0.001461258650198123
l_kohakufa_fp16,20000,fp16,2097152.0,19,13.507715598680079,0.7773723219226235,0.956980288028717,0.9891715049743652,floor,dv,0.0003135898345507294,0.9999999508925685,0.0004908907469215967
l_kohakufa_fp16,20000,fp16,2097152.0,19,13.507715598680079,0.7773723219226235,0.956980288028717,0.9891715049743652,scale*dS,dq,0.0009406686435417403,0.9999995576670834,0.0009364622646876254
l_kohakufa_fp16,20000,fp16,2097152.0,19,13.507715598680079,0.7773723219226235,0.956980288028717,0.9891715049743652,scale*dS,dk,0.0008450431280505166,0.9999996438445131,0.001460737023556452
l_kohakufa_fp16,20000,fp16,2097152.0,19,13.507715598680079,0.7773723219226235,0.956980288028717,0.9891715049743652,scale*dS,dv,0.0003135898345507294,0.9999999508925685,0.0004908907469215967
l_kohakufa_fp16,20000,fp16,2097152.0,19,13.507715598680079,0.7773723219226235,0.956980288028717,0.9891715049743652,single lse,dq,0.0009359967429726025,0.9999995620518978,0.0009356741873500628
l_kohakufa_fp16,20000,fp16,2097152.0,19,13.507715598680079,0.7773723219226235,0.956980288028717,0.9891715049743652,single lse,dk,0.0008430490717570082,0.9999996455311552,0.001461258650198123
l_kohakufa_fp16,20000,fp16,2097152.0,19,13.507715598680079,0.7773723219226235,0.956980288028717,0.9891715049743652,single lse,dv,0.0003135691958007136,0.999999950899458,0.0004908907469215967
l_kohakufa_fp16,20000,fp16,2097152.0,19,13.507715598680079,0.7773723219226235,0.956980288028717,0.9891715049743652,scale-shift,dq,0.0009360399386704045,0.9999995620098816,0.0009356741873500628
l_kohakufa_fp16,20000,fp16,2097152.0,19,13.507715598680079,0.7773723219226235,0.956980288028717,0.9891715049743652,scale-shift,dk,0.0008461781839537131,0.9999996428625901,0.001461258650198123
l_kohakufa_fp16,20000,fp16,2097152.0,19,13.507715598680079,0.7773723219226235,0.956980288028717,0.9891715049743652,scale-shift,dv,0.00031333794331506133,0.9999999509714654,0.0004908907469215967
l_kohakufa_fp16,20000,fp16,2097152.0,19,13.507715598680079,0.7773723219226235,0.956980288028717,0.9891715049743652,all three,dq,0.0009407012011272,0.9999995576349141,0.0009364622646876254
l_kohakufa_fp16,20000,fp16,2097152.0,19,13.507715598680079,0.7773723219226235,0.956980288028717,0.9891715049743652,all three,dk,0.0008482310099721366,0.9999996411220469,0.0014610255580198377
l_kohakufa_fp16,20000,fp16,2097152.0,19,13.507715598680079,0.7773723219226235,0.956980288028717,0.9891715049743652,all three,dv,0.00031329887625441104,0.9999999509840115,0.0004908907469215967
l_kohakufa_fp16,20000,fp16,2097152.0,20,11.17810016963631,0.7689652364722706,0.961091160774231,0.9867860078811646,cudnn,dq,0.0005345564713317212,0.9999998593757771,0.0005874646318804841
l_kohakufa_fp16,20000,fp16,2097152.0,20,11.17810016963631,0.7689652364722706,0.961091160774231,0.9867860078811646,cudnn,dk,0.0007097369773461342,0.9999997518133336,0.0017472339106322523
l_kohakufa_fp16,20000,fp16,2097152.0,20,11.17810016963631,0.7689652364722706,0.961091160774231,0.9867860078811646,cudnn,dv,0.0003076618634601273,0.9999999527289558,0.00036188739085156035
l_kohakufa_fp16,20000,fp16,2097152.0,20,11.17810016963631,0.7689652364722706,0.961091160774231,0.9867860078811646,efficient,dq,0.0005355712578236807,0.9999998570386038,0.0005874646318804841
l_kohakufa_fp16,20000,fp16,2097152.0,20,11.17810016963631,0.7689652364722706,0.961091160774231,0.9867860078811646,efficient,dk,0.0007230368269869373,0.9999997390676864,0.0017472339106322523
l_kohakufa_fp16,20000,fp16,2097152.0,20,11.17810016963631,0.7689652364722706,0.961091160774231,0.9867860078811646,efficient,dv,0.00030761500092731634,0.9999999527432372,0.00036188739085156035
l_kohakufa_fp16,20000,fp16,2097152.0,20,11.17810016963631,0.7689652364722706,0.961091160774231,0.9867860078811646,flex,dq,0.0005304160862341244,0.9999998615182141,0.0005874646318804841
l_kohakufa_fp16,20000,fp16,2097152.0,20,11.17810016963631,0.7689652364722706,0.961091160774231,0.9867860078811646,flex,dk,0.0007057760403208928,0.9999997544694653,0.0017472339106322523
l_kohakufa_fp16,20000,fp16,2097152.0,20,11.17810016963631,0.7689652364722706,0.961091160774231,0.9867860078811646,flex,dv,0.00030757411608224784,0.9999999527579652,0.00036188739085156035
l_kohakufa_fp16,20000,fp16,2097152.0,20,11.17810016963631,0.7689652364722706,0.961091160774231,0.9867860078811646,fa4,dq,0.0004923652867400327,0.9999998806658627,0.0005317019053848795
l_kohakufa_fp16,20000,fp16,2097152.0,20,11.17810016963631,0.7689652364722706,0.961091160774231,0.9867860078811646,fa4,dk,0.0006482359017334937,0.9999997918757865,0.0012713506640598382
l_kohakufa_fp16,20000,fp16,2097152.0,20,11.17810016963631,0.7689652364722706,0.961091160774231,0.9867860078811646,fa4,dv,0.00030758683835970294,0.9999999527522353,0.00036188739085156035
l_kohakufa_fp16,20000,fp16,2097152.0,20,11.17810016963631,0.7689652364722706,0.961091160774231,0.9867860078811646,kohakufa,dq,0.0005325472535754223,0.9999998586787042,0.0005874646318804841
l_kohakufa_fp16,20000,fp16,2097152.0,20,11.17810016963631,0.7689652364722706,0.961091160774231,0.9867860078811646,kohakufa,dk,0.0007224255566531286,0.9999997395286422,0.0017472339106322523
l_kohakufa_fp16,20000,fp16,2097152.0,20,11.17810016963631,0.7689652364722706,0.961091160774231,0.9867860078811646,kohakufa,dv,0.00030745134618607604,0.9999999527958406,0.00036188739085156035
l_kohakufa_fp16,20000,fp16,2097152.0,20,11.17810016963631,0.7689652364722706,0.961091160774231,0.9867860078811646,floor,dq,0.0004349920056754577,0.9999999062825655,0.00033187650694107017
l_kohakufa_fp16,20000,fp16,2097152.0,20,11.17810016963631,0.7689652364722706,0.961091160774231,0.9867860078811646,floor,dk,0.0006152625622796464,0.9999998124539135,0.0011378897245704325
l_kohakufa_fp16,20000,fp16,2097152.0,20,11.17810016963631,0.7689652364722706,0.961091160774231,0.9867860078811646,floor,dv,0.00022503534090365345,0.9999999747172517,0.0002846660750387359
l_kohakufa_fp16,20000,fp16,2097152.0,20,11.17810016963631,0.7689652364722706,0.961091160774231,0.9867860078811646,scale*dS,dq,0.0004392246676308514,0.9999999044265887,0.0003318227939544716
l_kohakufa_fp16,20000,fp16,2097152.0,20,11.17810016963631,0.7689652364722706,0.961091160774231,0.9867860078811646,scale*dS,dk,0.0006171449460594757,0.9999998112962382,0.0011379895688490027
l_kohakufa_fp16,20000,fp16,2097152.0,20,11.17810016963631,0.7689652364722706,0.961091160774231,0.9867860078811646,scale*dS,dv,0.00022503534090365345,0.9999999747172517,0.0002846660750387359
l_kohakufa_fp16,20000,fp16,2097152.0,20,11.17810016963631,0.7689652364722706,0.961091160774231,0.9867860078811646,single lse,dq,0.0004349906241315035,0.9999999062832916,0.00033187650694107017
l_kohakufa_fp16,20000,fp16,2097152.0,20,11.17810016963631,0.7689652364722706,0.961091160774231,0.9867860078811646,single lse,dk,0.000615458312727808,0.9999998123332838,0.0011378897245704325
l_kohakufa_fp16,20000,fp16,2097152.0,20,11.17810016963631,0.7689652364722706,0.961091160774231,0.9867860078811646,single lse,dv,0.00022504414515770786,0.9999999747151578,0.0002846660750387359
l_kohakufa_fp16,20000,fp16,2097152.0,20,11.17810016963631,0.7689652364722706,0.961091160774231,0.9867860078811646,scale-shift,dq,0.0004337426089930835,0.9999999068273895,0.00033187650694107017
l_kohakufa_fp16,20000,fp16,2097152.0,20,11.17810016963631,0.7689652364722706,0.961091160774231,0.9867860078811646,scale-shift,dk,0.0006145585671171241,0.9999998129747012,0.0011378897245704325
l_kohakufa_fp16,20000,fp16,2097152.0,20,11.17810016963631,0.7689652364722706,0.961091160774231,0.9867860078811646,scale-shift,dv,0.0002246189416209121,0.9999999748117782,0.0002846660750387359
l_kohakufa_fp16,20000,fp16,2097152.0,20,11.17810016963631,0.7689652364722706,0.961091160774231,0.9867860078811646,all three,dq,0.0004379918415109563,0.9999999049694143,0.0003318227939544716
l_kohakufa_fp16,20000,fp16,2097152.0,20,11.17810016963631,0.7689652364722706,0.961091160774231,0.9867860078811646,all three,dk,0.0006167192542870624,0.9999998116408801,0.0011379895688490027
l_kohakufa_fp16,20000,fp16,2097152.0,20,11.17810016963631,0.7689652364722706,0.961091160774231,0.9867860078811646,all three,dv,0.00022464486995606397,0.9999999748057201,0.0002846660750387359
l_kohakufa_fp16,20000,fp16,2097152.0,21,9.643010448198766,0.6312302194102888,0.9289329648017883,0.983430802822113,cudnn,dq,0.0005297774144013223,0.9999998596835823,0.0003556513849799063
l_kohakufa_fp16,20000,fp16,2097152.0,21,9.643010448198766,0.6312302194102888,0.9289329648017883,0.983430802822113,cudnn,dk,0.00047237307889879884,0.9999998885629561,0.0009033306777918942
l_kohakufa_fp16,20000,fp16,2097152.0,21,9.643010448198766,0.6312302194102888,0.9289329648017883,0.983430802822113,cudnn,dv,0.0002626220926664983,0.999999965575788,0.0003254518727649149
l_kohakufa_fp16,20000,fp16,2097152.0,21,9.643010448198766,0.6312302194102888,0.9289329648017883,0.983430802822113,efficient,dq,0.0005234005525534363,0.9999998634372558,0.0003556513849799063
l_kohakufa_fp16,20000,fp16,2097152.0,21,9.643010448198766,0.6312302194102888,0.9289329648017883,0.983430802822113,efficient,dk,0.0004662307824572936,0.9999998917179936,0.0008809997535209585
l_kohakufa_fp16,20000,fp16,2097152.0,21,9.643010448198766,0.6312302194102888,0.9289329648017883,0.983430802822113,efficient,dv,0.0002626916837491186,0.9999999655622271,0.0003254518727649149
l_kohakufa_fp16,20000,fp16,2097152.0,21,9.643010448198766,0.6312302194102888,0.9289329648017883,0.983430802822113,flex,dq,0.0005303309279023416,0.9999998593750995,0.0003556513849799063
l_kohakufa_fp16,20000,fp16,2097152.0,21,9.643010448198766,0.6312302194102888,0.9289329648017883,0.983430802822113,flex,dk,0.00046625791842453307,0.999999891344923,0.000893196413527965
l_kohakufa_fp16,20000,fp16,2097152.0,21,9.643010448198766,0.6312302194102888,0.9289329648017883,0.983430802822113,flex,dv,0.0002627422132356095,0.9999999655396742,0.0003254518727649149
l_kohakufa_fp16,20000,fp16,2097152.0,21,9.643010448198766,0.6312302194102888,0.9289329648017883,0.983430802822113,fa4,dq,0.0005314096483811285,0.9999998588082379,0.0003556513849799063
l_kohakufa_fp16,20000,fp16,2097152.0,21,9.643010448198766,0.6312302194102888,0.9289329648017883,0.983430802822113,fa4,dk,0.0004735786382364228,0.9999998880434101,0.0009185320741877879
l_kohakufa_fp16,20000,fp16,2097152.0,21,9.643010448198766,0.6312302194102888,0.9289329648017883,0.983430802822113,fa4,dv,0.00026260491331559665,0.9999999655768741,0.0003254518727649149
l_kohakufa_fp16,20000,fp16,2097152.0,21,9.643010448198766,0.6312302194102888,0.9289329648017883,0.983430802822113,kohakufa,dq,0.0005223806241308182,0.9999998640083371,0.0003556513849799063
l_kohakufa_fp16,20000,fp16,2097152.0,21,9.643010448198766,0.6312302194102888,0.9289329648017883,0.983430802822113,kohakufa,dk,0.0004661663303252535,0.9999998917483095,0.0008809997535209585
l_kohakufa_fp16,20000,fp16,2097152.0,21,9.643010448198766,0.6312302194102888,0.9289329648017883,0.983430802822113,kohakufa,dv,0.000262780362486156,0.9999999655288621,0.0003254518727649149
l_kohakufa_fp16,20000,fp16,2097152.0,21,9.643010448198766,0.6312302194102888,0.9289329648017883,0.983430802822113,floor,dq,0.0004941614483912908,0.9999998779534623,0.00027645129726130096
l_kohakufa_fp16,20000,fp16,2097152.0,21,9.643010448198766,0.6312302194102888,0.9289329648017883,0.983430802822113,floor,dk,0.00042133265415001466,0.9999999113089596,0.0009205149020003524
l_kohakufa_fp16,20000,fp16,2097152.0,21,9.643010448198766,0.6312302194102888,0.9289329648017883,0.983430802822113,floor,dv,0.00015889291016737644,0.9999999873944181,0.00015643242456170174
l_kohakufa_fp16,20000,fp16,2097152.0,21,9.643010448198766,0.6312302194102888,0.9289329648017883,0.983430802822113,scale*dS,dq,0.0004967204108049642,0.9999998766852272,0.0002765567064986971
l_kohakufa_fp16,20000,fp16,2097152.0,21,9.643010448198766,0.6312302194102888,0.9289329648017883,0.983430802822113,scale*dS,dk,0.00042266348830602267,0.9999999107474613,0.0009203651364525677
l_kohakufa_fp16,20000,fp16,2097152.0,21,9.643010448198766,0.6312302194102888,0.9289329648017883,0.983430802822113,scale*dS,dv,0.00015889291016737644,0.9999999873944181,0.00015643242456170174
l_kohakufa_fp16,20000,fp16,2097152.0,21,9.643010448198766,0.6312302194102888,0.9289329648017883,0.983430802822113,single lse,dq,0.0004941524773777718,0.9999998779575209,0.0002759812384681373
l_kohakufa_fp16,20000,fp16,2097152.0,21,9.643010448198766,0.6312302194102888,0.9289329648017883,0.983430802822113,single lse,dk,0.0004213261440666174,0.9999999113128211,0.0009205149020003524
l_kohakufa_fp16,20000,fp16,2097152.0,21,9.643010448198766,0.6312302194102888,0.9289329648017883,0.983430802822113,single lse,dv,0.0001588704544449648,0.9999999873982072,0.00015643242456170174
l_kohakufa_fp16,20000,fp16,2097152.0,21,9.643010448198766,0.6312302194102888,0.9289329648017883,0.983430802822113,scale-shift,dq,0.0004935704734087008,0.9999998782442568,0.00027645129726130096
l_kohakufa_fp16,20000,fp16,2097152.0,21,9.643010448198766,0.6312302194102888,0.9289329648017883,0.983430802822113,scale-shift,dk,0.00042078204448192896,0.9999999115396557,0.0009222406464642417
l_kohakufa_fp16,20000,fp16,2097152.0,21,9.643010448198766,0.6312302194102888,0.9289329648017883,0.983430802822113,scale-shift,dv,0.00015893997591431022,0.9999999873856025,0.00015643242456170174
l_kohakufa_fp16,20000,fp16,2097152.0,21,9.643010448198766,0.6312302194102888,0.9289329648017883,0.983430802822113,all three,dq,0.0004961139614010236,0.9999998769848115,0.00027608664770553345
l_kohakufa_fp16,20000,fp16,2097152.0,21,9.643010448198766,0.6312302194102888,0.9289329648017883,0.983430802822113,all three,dk,0.0004220402575501868,0.9999999110102807,0.000922090880916457
l_kohakufa_fp16,20000,fp16,2097152.0,21,9.643010448198766,0.6312302194102888,0.9289329648017883,0.983430802822113,all three,dv,0.00015889643930947379,0.9999999873938751,0.00015643242456170174
l_kohakufa_fp16,20000,fp16,2097152.0,22,54.73118878901005,0.645212753621832,0.9072572588920593,0.9813451170921326,cudnn,dq,0.0011008983271070464,0.9999993943094315,0.0006148437450674339
l_kohakufa_fp16,20000,fp16,2097152.0,22,54.73118878901005,0.645212753621832,0.9072572588920593,0.9813451170921326,cudnn,dk,0.000396937853017444,0.9999999212202296,0.0002374351241686492
l_kohakufa_fp16,20000,fp16,2097152.0,22,54.73118878901005,0.645212753621832,0.9072572588920593,0.9813451170921326,cudnn,dv,0.00020835225061184817,0.9999999782954696,0.00021090462180609895
l_kohakufa_fp16,20000,fp16,2097152.0,22,54.73118878901005,0.645212753621832,0.9072572588920593,0.9813451170921326,efficient,dq,0.0010777456971308307,0.9999994196429041,0.0006148437450674339
l_kohakufa_fp16,20000,fp16,2097152.0,22,54.73118878901005,0.645212753621832,0.9072572588920593,0.9813451170921326,efficient,dk,0.0003994211612372485,0.9999999203121696,0.00033308897976898756
l_kohakufa_fp16,20000,fp16,2097152.0,22,54.73118878901005,0.645212753621832,0.9072572588920593,0.9813451170921326,efficient,dv,0.0002083973780913673,0.9999999782856356,0.00021090462180609895
l_kohakufa_fp16,20000,fp16,2097152.0,22,54.73118878901005,0.645212753621832,0.9072572588920593,0.9813451170921326,flex,dq,0.0010381892333789582,0.9999994613854604,0.0006148437450674339
l_kohakufa_fp16,20000,fp16,2097152.0,22,54.73118878901005,0.645212753621832,0.9072572588920593,0.9813451170921326,flex,dk,0.0003796763265726832,0.9999999279235396,0.0002374351241686492
l_kohakufa_fp16,20000,fp16,2097152.0,22,54.73118878901005,0.645212753621832,0.9072572588920593,0.9813451170921326,flex,dv,0.00020831622725927824,0.9999999783029073,0.00021090462180609895
l_kohakufa_fp16,20000,fp16,2097152.0,22,54.73118878901005,0.645212753621832,0.9072572588920593,0.9813451170921326,fa4,dq,0.001085186659343894,0.9999994115343092,0.0006148437450674339
l_kohakufa_fp16,20000,fp16,2097152.0,22,54.73118878901005,0.645212753621832,0.9072572588920593,0.9813451170921326,fa4,dk,0.0003920801269850001,0.9999999231366152,0.0002374351241686492
l_kohakufa_fp16,20000,fp16,2097152.0,22,54.73118878901005,0.645212753621832,0.9072572588920593,0.9813451170921326,fa4,dv,0.00020829794720906525,0.999999978306706,0.00021090462180609895
l_kohakufa_fp16,20000,fp16,2097152.0,22,54.73118878901005,0.645212753621832,0.9072572588920593,0.9813451170921326,kohakufa,dq,0.001078518965867984,0.9999994187849243,0.0006148437450674339
l_kohakufa_fp16,20000,fp16,2097152.0,22,54.73118878901005,0.645212753621832,0.9072572588920593,0.9813451170921326,kohakufa,dk,0.00039965290467539413,0.9999999202249396,0.00033308897976898756
l_kohakufa_fp16,20000,fp16,2097152.0,22,54.73118878901005,0.645212753621832,0.9072572588920593,0.9813451170921326,kohakufa,dv,0.0002083298129722424,0.9999999783002507,0.00021090462180609895
l_kohakufa_fp16,20000,fp16,2097152.0,22,54.73118878901005,0.645212753621832,0.9072572588920593,0.9813451170921326,floor,dq,0.0010122877842918898,0.999999487985063,0.0007109009242215604
l_kohakufa_fp16,20000,fp16,2097152.0,22,54.73118878901005,0.645212753621832,0.9072572588920593,0.9813451170921326,floor,dk,0.0003258222569575788,0.999999947147364,0.00016585524076662142
l_kohakufa_fp16,20000,fp16,2097152.0,22,54.73118878901005,0.645212753621832,0.9072572588920593,0.9813451170921326,floor,dv,4.765547017322138e-05,0.9999999988645467,3.3279146664511235e-05
l_kohakufa_fp16,20000,fp16,2097152.0,22,54.73118878901005,0.645212753621832,0.9072572588920593,0.9813451170921326,scale*dS,dq,0.0010127274830967396,0.9999994875356881,0.0007110997353303293
l_kohakufa_fp16,20000,fp16,2097152.0,22,54.73118878901005,0.645212753621832,0.9072572588920593,0.9813451170921326,scale*dS,dk,0.00032599849109239427,0.9999999470900349,0.00016584302463616812
l_kohakufa_fp16,20000,fp16,2097152.0,22,54.73118878901005,0.645212753621832,0.9072572588920593,0.9813451170921326,scale*dS,dv,4.765547017322138e-05,0.9999999988645467,3.3279146664511235e-05
l_kohakufa_fp16,20000,fp16,2097152.0,22,54.73118878901005,0.645212753621832,0.9072572588920593,0.9813451170921326,single lse,dq,0.0010122964071631764,0.999999487976547,0.0007109009242215604
l_kohakufa_fp16,20000,fp16,2097152.0,22,54.73118878901005,0.645212753621832,0.9072572588920593,0.9813451170921326,single lse,dk,0.00032582076239771456,0.9999999471476256,0.00016585524076662142
l_kohakufa_fp16,20000,fp16,2097152.0,22,54.73118878901005,0.645212753621832,0.9072572588920593,0.9813451170921326,single lse,dv,4.7650065123066085e-05,0.9999999988648054,3.3279146664511235e-05
l_kohakufa_fp16,20000,fp16,2097152.0,22,54.73118878901005,0.645212753621832,0.9072572588920593,0.9813451170921326,scale-shift,dq,0.0010126005228835015,0.9999994876333818,0.0007109009242215604
l_kohakufa_fp16,20000,fp16,2097152.0,22,54.73118878901005,0.645212753621832,0.9072572588920593,0.9813451170921326,scale-shift,dk,0.00032540605636940966,0.9999999472765467,0.00016585524076662142
l_kohakufa_fp16,20000,fp16,2097152.0,22,54.73118878901005,0.645212753621832,0.9072572588920593,0.9813451170921326,scale-shift,dv,4.764486951947717e-05,0.9999999988650415,3.3279146664511235e-05
l_kohakufa_fp16,20000,fp16,2097152.0,22,54.73118878901005,0.645212753621832,0.9072572588920593,0.9813451170921326,all three,dq,0.0010130256799583813,0.9999994871992917,0.0007110997353303293
l_kohakufa_fp16,20000,fp16,2097152.0,22,54.73118878901005,0.645212753621832,0.9072572588920593,0.9813451170921326,all three,dk,0.00032558304206982446,0.9999999472188954,0.00016584302463616812
l_kohakufa_fp16,20000,fp16,2097152.0,22,54.73118878901005,0.645212753621832,0.9072572588920593,0.9813451170921326,all three,dv,4.765769418704008e-05,0.999999998864445,3.3279146664511235e-05
l_kohakufa_fp16,20000,fp16,2097152.0,23,53.34460260812193,0.6108801097925706,0.7230316996574402,0.9773880839347839,cudnn,dq,0.003314698660080568,0.9999945064025998,0.007205301667901808
l_kohakufa_fp16,20000,fp16,2097152.0,23,53.34460260812193,0.6108801097925706,0.7230316996574402,0.9773880839347839,cudnn,dk,0.00041760256693200253,0.9999999128115946,0.00026887310982508635
l_kohakufa_fp16,20000,fp16,2097152.0,23,53.34460260812193,0.6108801097925706,0.7230316996574402,0.9773880839347839,cudnn,dv,0.00021164950018058644,0.999999977605522,0.0002974264959707625
l_kohakufa_fp16,20000,fp16,2097152.0,23,53.34460260812193,0.6108801097925706,0.7230316996574402,0.9773880839347839,efficient,dq,0.0030724845432625334,0.9999952800125438,0.007205301667901808
l_kohakufa_fp16,20000,fp16,2097152.0,23,53.34460260812193,0.6108801097925706,0.7230316996574402,0.9773880839347839,efficient,dk,0.00039490623726472755,0.9999999220327315,0.00026887310982508635
l_kohakufa_fp16,20000,fp16,2097152.0,23,53.34460260812193,0.6108801097925706,0.7230316996574402,0.9773880839347839,efficient,dv,0.00021167876418138254,0.9999999775989216,0.0002974264959707625
l_kohakufa_fp16,20000,fp16,2097152.0,23,53.34460260812193,0.6108801097925706,0.7230316996574402,0.9773880839347839,flex,dq,0.0030669107977422277,0.9999952970437878,0.007205301667901808
l_kohakufa_fp16,20000,fp16,2097152.0,23,53.34460260812193,0.6108801097925706,0.7230316996574402,0.9773880839347839,flex,dk,0.00039481834919033427,0.9999999220626432,0.00026887310982508635
l_kohakufa_fp16,20000,fp16,2097152.0,23,53.34460260812193,0.6108801097925706,0.7230316996574402,0.9773880839347839,flex,dv,0.00021164952628464746,0.9999999776056085,0.0002974264959707625
l_kohakufa_fp16,20000,fp16,2097152.0,23,53.34460260812193,0.6108801097925706,0.7230316996574402,0.9773880839347839,fa4,dq,0.003077261857535229,0.9999952652569059,0.007205301667901808
l_kohakufa_fp16,20000,fp16,2097152.0,23,53.34460260812193,0.6108801097925706,0.7230316996574402,0.9773880839347839,fa4,dk,0.0003950778129151404,0.9999999219638463,0.00026887310982508635
l_kohakufa_fp16,20000,fp16,2097152.0,23,53.34460260812193,0.6108801097925706,0.7230316996574402,0.9773880839347839,fa4,dv,0.0002116294573031524,0.9999999776101252,0.0002974264959707625
l_kohakufa_fp16,20000,fp16,2097152.0,23,53.34460260812193,0.6108801097925706,0.7230316996574402,0.9773880839347839,kohakufa,dq,0.0030719423793796755,0.9999952816833892,0.007205301667901808
l_kohakufa_fp16,20000,fp16,2097152.0,23,53.34460260812193,0.6108801097925706,0.7230316996574402,0.9773880839347839,kohakufa,dk,0.0003950097037934473,0.9999999220025187,0.00026887310982508635
l_kohakufa_fp16,20000,fp16,2097152.0,23,53.34460260812193,0.6108801097925706,0.7230316996574402,0.9773880839347839,kohakufa,dv,0.0002116522680141829,0.9999999776054352,0.0002974264959707625
l_kohakufa_fp16,20000,fp16,2097152.0,23,53.34460260812193,0.6108801097925706,0.7230316996574402,0.9773880839347839,floor,dq,0.0030508003820545943,0.9999953463527772,0.007203158757368436
l_kohakufa_fp16,20000,fp16,2097152.0,23,53.34460260812193,0.6108801097925706,0.7230316996574402,0.9773880839347839,floor,dk,0.0003354589688649381,0.9999999437640985,0.0001676673709880368
l_kohakufa_fp16,20000,fp16,2097152.0,23,53.34460260812193,0.6108801097925706,0.7230316996574402,0.9773880839347839,floor,dv,2.9883214185463915e-05,0.999999999553719,2.7267260574299647e-05
l_kohakufa_fp16,20000,fp16,2097152.0,23,53.34460260812193,0.6108801097925706,0.7230316996574402,0.9773880839347839,scale*dS,dq,0.003051146935856867,0.9999953452954328,0.007202873576715006
l_kohakufa_fp16,20000,fp16,2097152.0,23,53.34460260812193,0.6108801097925706,0.7230316996574402,0.9773880839347839,scale*dS,dk,0.00033547924788071673,0.9999999437573612,0.00016755583226387162
l_kohakufa_fp16,20000,fp16,2097152.0,23,53.34460260812193,0.6108801097925706,0.7230316996574402,0.9773880839347839,scale*dS,dv,2.9883214185463915e-05,0.999999999553719,2.7267260574299647e-05
l_kohakufa_fp16,20000,fp16,2097152.0,23,53.34460260812193,0.6108801097925706,0.7230316996574402,0.9773880839347839,single lse,dq,0.0030507996993341625,0.9999953463555691,0.007203158757368436
l_kohakufa_fp16,20000,fp16,2097152.0,23,53.34460260812193,0.6108801097925706,0.7230316996574402,0.9773880839347839,single lse,dk,0.00033546226092711224,0.9999999437635668,0.0001676673709880368
l_kohakufa_fp16,20000,fp16,2097152.0,23,53.34460260812193,0.6108801097925706,0.7230316996574402,0.9773880839347839,single lse,dv,2.989245176281336e-05,0.9999999995534087,2.7841832886921805e-05
l_kohakufa_fp16,20000,fp16,2097152.0,23,53.34460260812193,0.6108801097925706,0.7230316996574402,0.9773880839347839,scale-shift,dq,0.0030420069253476135,0.9999953731385682,0.007203158757368436
l_kohakufa_fp16,20000,fp16,2097152.0,23,53.34460260812193,0.6108801097925706,0.7230316996574402,0.9773880839347839,scale-shift,dk,0.00033428058366975966,0.9999999441589136,0.0001676673709880368
l_kohakufa_fp16,20000,fp16,2097152.0,23,53.34460260812193,0.6108801097925706,0.7230316996574402,0.9773880839347839,scale-shift,dv,2.9905641953327504e-05,0.9999999995530224,2.7267260574299647e-05
l_kohakufa_fp16,20000,fp16,2097152.0,23,53.34460260812193,0.6108801097925706,0.7230316996574402,0.9773880839347839,all three,dq,0.0030424306858610577,0.9999953718494213,0.007202873576715006
l_kohakufa_fp16,20000,fp16,2097152.0,23,53.34460260812193,0.6108801097925706,0.7230316996574402,0.9773880839347839,all three,dk,0.0003343057933477644,0.9999999441505569,0.00016755583226387162
l_kohakufa_fp16,20000,fp16,2097152.0,23,53.34460260812193,0.6108801097925706,0.7230316996574402,0.9773880839347839,all three,dv,2.9932653296251105e-05,0.9999999995522164,2.7841832886921805e-05
l_kohakufa_fp16,20000,bf16,1.0,0,616.3780058324337,0.4012337488534048,1.0,1.0,cudnn,dq,0.0210749559471756,0.9997781752546443,0.024815885595785552
l_kohakufa_fp16,20000,bf16,1.0,0,616.3780058324337,0.4012337488534048,1.0,1.0,cudnn,dk,0.0029885392448288964,0.9999955655368489,0.0023245127777330164
l_kohakufa_fp16,20000,bf16,1.0,0,616.3780058324337,0.4012337488534048,1.0,1.0,cudnn,dv,0.0020341975123703148,0.9999979461263834,0.0038939570761113416
l_kohakufa_fp16,20000,bf16,1.0,0,616.3780058324337,0.4012337488534048,1.0,1.0,efficient,dq,0.021323242828642484,0.9997727018459625,0.024082110666442974
l_kohakufa_fp16,20000,bf16,1.0,0,616.3780058324337,0.4012337488534048,1.0,1.0,efficient,dk,0.0030129253432781356,0.9999954871917301,0.0023245127777330164
l_kohakufa_fp16,20000,bf16,1.0,0,616.3780058324337,0.4012337488534048,1.0,1.0,efficient,dv,0.0020341904771429328,0.9999979461401484,0.0038939570761113416
l_kohakufa_fp16,20000,bf16,1.0,0,616.3780058324337,0.4012337488534048,1.0,1.0,flex,dq,0.02104544644322645,0.9997787931299305,0.024815885595785552
l_kohakufa_fp16,20000,bf16,1.0,0,616.3780058324337,0.4012337488534048,1.0,1.0,flex,dk,0.0029929428373314964,0.9999955522311379,0.0023245127777330164
l_kohakufa_fp16,20000,bf16,1.0,0,616.3780058324337,0.4012337488534048,1.0,1.0,flex,dv,0.0020341741105263664,0.9999979461998972,0.0038939570761113416
l_kohakufa_fp16,20000,bf16,1.0,0,616.3780058324337,0.4012337488534048,1.0,1.0,fa4,dq,0.02076976258304439,0.999784313580574,0.024815885595785552
l_kohakufa_fp16,20000,bf16,1.0,0,616.3780058324337,0.4012337488534048,1.0,1.0,fa4,dk,0.003013713170723845,0.9999954907753251,0.0023245127777330164
l_kohakufa_fp16,20000,bf16,1.0,0,616.3780058324337,0.4012337488534048,1.0,1.0,fa4,dv,0.002034200396845734,0.9999979461159052,0.0038939570761113416
l_kohakufa_fp16,20000,bf16,1.0,0,616.3780058324337,0.4012337488534048,1.0,1.0,kohakufa,dq,0.021612529481642346,0.9997664835214518,0.024082110666442974
l_kohakufa_fp16,20000,bf16,1.0,0,616.3780058324337,0.4012337488534048,1.0,1.0,kohakufa,dk,0.0030104846319005435,0.9999954945391021,0.0023245127777330164
l_kohakufa_fp16,20000,bf16,1.0,0,616.3780058324337,0.4012337488534048,1.0,1.0,kohakufa,dv,0.002034174070910833,0.9999979461994594,0.0038939570761113416
l_kohakufa_fp16,20000,bf16,1.0,0,616.3780058324337,0.4012337488534048,1.0,1.0,floor,dq,0.020940155932965592,0.9997810496612286,0.02462014808793083
l_kohakufa_fp16,20000,bf16,1.0,0,616.3780058324337,0.4012337488534048,1.0,1.0,floor,dk,0.002569845127143381,0.9999967103677885,0.002282701258064194
l_kohakufa_fp16,20000,bf16,1.0,0,616.3780058324337,0.4012337488534048,1.0,1.0,floor,dv,0.001160140304455598,0.9999993327843052,0.001420768324715595
l_kohakufa_fp16,20000,bf16,1.0,0,616.3780058324337,0.4012337488534048,1.0,1.0,scale*dS,dq,0.020940155932965592,0.9997810496612286,0.02462014808793083
l_kohakufa_fp16,20000,bf16,1.0,0,616.3780058324337,0.4012337488534048,1.0,1.0,scale*dS,dk,0.002569845127143381,0.9999967103677885,0.002282701258064194
l_kohakufa_fp16,20000,bf16,1.0,0,616.3780058324337,0.4012337488534048,1.0,1.0,scale*dS,dv,0.001160140304455598,0.9999993327843052,0.001420768324715595
l_kohakufa_fp16,20000,bf16,1.0,0,616.3780058324337,0.4012337488534048,1.0,1.0,single lse,dq,0.02094008229058715,0.9997810524733819,0.02462014808793083
l_kohakufa_fp16,20000,bf16,1.0,0,616.3780058324337,0.4012337488534048,1.0,1.0,single lse,dk,0.0025694662988976903,0.9999967125705843,0.002282701258064194
l_kohakufa_fp16,20000,bf16,1.0,0,616.3780058324337,0.4012337488534048,1.0,1.0,single lse,dv,0.0011601940886719353,0.9999993326974171,0.001420768324715595
l_kohakufa_fp16,20000,bf16,1.0,0,616.3780058324337,0.4012337488534048,1.0,1.0,scale-shift,dq,0.020935087347650167,0.9997811557696324,0.02462014808793083
l_kohakufa_fp16,20000,bf16,1.0,0,616.3780058324337,0.4012337488534048,1.0,1.0,scale-shift,dk,0.002568852338377291,0.9999967129173314,0.002282701258064194
l_kohakufa_fp16,20000,bf16,1.0,0,616.3780058324337,0.4012337488534048,1.0,1.0,scale-shift,dv,0.0011601539017330204,0.9999993327602925,0.001420768324715595
l_kohakufa_fp16,20000,bf16,1.0,0,616.3780058324337,0.4012337488534048,1.0,1.0,all three,dq,0.02093507329442507,0.9997811560157442,0.02462014808793083
l_kohakufa_fp16,20000,bf16,1.0,0,616.3780058324337,0.4012337488534048,1.0,1.0,all three,dk,0.002568863269968282,0.9999967128894646,0.002282701258064194
l_kohakufa_fp16,20000,bf16,1.0,0,616.3780058324337,0.4012337488534048,1.0,1.0,all three,dv,0.0011601844012339704,0.9999993327231916,0.001420768324715595
l_kohakufa_fp16,20000,bf16,1.0,1,14789.502890825272,0.6393678498195808,1.0,1.0,cudnn,dq,0.029533952200398506,0.9995647740006832,0.02449923857327089
l_kohakufa_fp16,20000,bf16,1.0,1,14789.502890825272,0.6393678498195808,1.0,1.0,cudnn,dk,0.015444060725436835,0.9998835044684441,0.014544423400229734
l_kohakufa_fp16,20000,bf16,1.0,1,14789.502890825272,0.6393678498195808,1.0,1.0,cudnn,dv,0.0017945179603008606,0.9999984022064927,0.002277914545546179
l_kohakufa_fp16,20000,bf16,1.0,1,14789.502890825272,0.6393678498195808,1.0,1.0,efficient,dq,0.0294548127287835,0.9995675649183193,0.02449923857327089
l_kohakufa_fp16,20000,bf16,1.0,1,14789.502890825272,0.6393678498195808,1.0,1.0,efficient,dk,0.015646458414324823,0.9998801869941133,0.01444971890039933
l_kohakufa_fp16,20000,bf16,1.0,1,14789.502890825272,0.6393678498195808,1.0,1.0,efficient,dv,0.0017946529164695553,0.9999984020048375,0.002277914545546179
l_kohakufa_fp16,20000,bf16,1.0,1,14789.502890825272,0.6393678498195808,1.0,1.0,flex,dq,0.02942986476444437,0.9995677911112506,0.02449923857327089
l_kohakufa_fp16,20000,bf16,1.0,1,14789.502890825272,0.6393678498195808,1.0,1.0,flex,dk,0.015489868999601154,0.9998827240503635,0.014544423400229734
l_kohakufa_fp16,20000,bf16,1.0,1,14789.502890825272,0.6393678498195808,1.0,1.0,flex,dv,0.0017944807198003296,0.9999984021710178,0.002277914545546179
l_kohakufa_fp16,20000,bf16,1.0,1,14789.502890825272,0.6393678498195808,1.0,1.0,fa4,dq,0.02952233840438025,0.9995652101820213,0.02449923857327089
l_kohakufa_fp16,20000,bf16,1.0,1,14789.502890825272,0.6393678498195808,1.0,1.0,fa4,dk,0.0154267100009884,0.9998836871952226,0.014544423400229734
l_kohakufa_fp16,20000,bf16,1.0,1,14789.502890825272,0.6393678498195808,1.0,1.0,fa4,dv,0.0017944914399788978,0.9999984022533457,0.002277914545546179
l_kohakufa_fp16,20000,bf16,1.0,1,14789.502890825272,0.6393678498195808,1.0,1.0,kohakufa,dq,0.029448597994002262,0.9995677490057256,0.02449923857327089
l_kohakufa_fp16,20000,bf16,1.0,1,14789.502890825272,0.6393678498195808,1.0,1.0,kohakufa,dk,0.015597716720255696,0.9998810037754519,0.01444971890039933
l_kohakufa_fp16,20000,bf16,1.0,1,14789.502890825272,0.6393678498195808,1.0,1.0,kohakufa,dv,0.0017944483785652197,0.9999984023335319,0.002277914545546179
l_kohakufa_fp16,20000,bf16,1.0,1,14789.502890825272,0.6393678498195808,1.0,1.0,floor,dq,0.029347439959446654,0.999569922012425,0.024546057787463348
l_kohakufa_fp16,20000,bf16,1.0,1,14789.502890825272,0.6393678498195808,1.0,1.0,floor,dk,0.015199920251843455,0.9998872809779265,0.014600732470468034
l_kohakufa_fp16,20000,bf16,1.0,1,14789.502890825272,0.6393678498195808,1.0,1.0,floor,dv,0.0008376507619695198,0.9999996492608909,0.0023987853415454417
l_kohakufa_fp16,20000,bf16,1.0,1,14789.502890825272,0.6393678498195808,1.0,1.0,scale*dS,dq,0.029347439959446654,0.999569922012425,0.024546057787463348
l_kohakufa_fp16,20000,bf16,1.0,1,14789.502890825272,0.6393678498195808,1.0,1.0,scale*dS,dk,0.015199920251843455,0.9998872809779265,0.014600732470468034
l_kohakufa_fp16,20000,bf16,1.0,1,14789.502890825272,0.6393678498195808,1.0,1.0,scale*dS,dv,0.0008376507619695198,0.9999996492608909,0.0023987853415454417
l_kohakufa_fp16,20000,bf16,1.0,1,14789.502890825272,0.6393678498195808,1.0,1.0,single lse,dq,0.02936910677414778,0.9995692870726557,0.024546057787463348
l_kohakufa_fp16,20000,bf16,1.0,1,14789.502890825272,0.6393678498195808,1.0,1.0,single lse,dk,0.015202450458960513,0.9998872422191935,0.014600732470468034
l_kohakufa_fp16,20000,bf16,1.0,1,14789.502890825272,0.6393678498195808,1.0,1.0,single lse,dv,0.0008295206484606341,0.999999656017911,0.0023473407927583063
l_kohakufa_fp16,20000,bf16,1.0,1,14789.502890825272,0.6393678498195808,1.0,1.0,scale-shift,dq,0.029349530355899833,0.9995698608433787,0.024546057787463348
l_kohakufa_fp16,20000,bf16,1.0,1,14789.502890825272,0.6393678498195808,1.0,1.0,scale-shift,dk,0.015167505678797242,0.9998877778443247,0.014600732470468034
l_kohakufa_fp16,20000,bf16,1.0,1,14789.502890825272,0.6393678498195808,1.0,1.0,scale-shift,dv,0.0008246489860073146,0.9999996600520493,0.0023142819246373637
l_kohakufa_fp16,20000,bf16,1.0,1,14789.502890825272,0.6393678498195808,1.0,1.0,all three,dq,0.029353960431985536,0.9995697309468673,0.024546057787463348
l_kohakufa_fp16,20000,bf16,1.0,1,14789.502890825272,0.6393678498195808,1.0,1.0,all three,dk,0.015167850304970063,0.9998877725601671,0.014600732470468034
l_kohakufa_fp16,20000,bf16,1.0,1,14789.502890825272,0.6393678498195808,1.0,1.0,all three,dv,0.0008308354032108263,0.9999996549394757,0.0023547657791811918
l_kohakufa_fp16,20000,bf16,1.0,2,42.93132305145264,0.3468374371349359,1.0,1.0,cudnn,dq,0.007668830356667258,0.9999706081404316,0.0031809194497664788
l_kohakufa_fp16,20000,bf16,1.0,2,42.93132305145264,0.3468374371349359,1.0,1.0,cudnn,dk,0.01971637384824006,0.9998082320360885,0.021853978380917433
l_kohakufa_fp16,20000,bf16,1.0,2,42.93132305145264,0.3468374371349359,1.0,1.0,cudnn,dv,0.002429842055835757,0.9999971600169479,0.0026938731570325504
l_kohakufa_fp16,20000,bf16,1.0,2,42.93132305145264,0.3468374371349359,1.0,1.0,efficient,dq,0.007773433403989301,0.9999697908653657,0.003246855535320667
l_kohakufa_fp16,20000,bf16,1.0,2,42.93132305145264,0.3468374371349359,1.0,1.0,efficient,dk,0.020123988216283757,0.9998006352339435,0.021993710816420108
l_kohakufa_fp16,20000,bf16,1.0,2,42.93132305145264,0.3468374371349359,1.0,1.0,efficient,dv,0.0024311925123179476,0.9999971576827998,0.0026938731570325504
l_kohakufa_fp16,20000,bf16,1.0,2,42.93132305145264,0.3468374371349359,1.0,1.0,flex,dq,0.007714402311098758,0.9999702555997609,0.0031809194497664788
l_kohakufa_fp16,20000,bf16,1.0,2,42.93132305145264,0.3468374371349359,1.0,1.0,flex,dk,0.019799874301577924,0.999806605435018,0.021853978380917433
l_kohakufa_fp16,20000,bf16,1.0,2,42.93132305145264,0.3468374371349359,1.0,1.0,flex,dv,0.002431199338988042,0.9999971576708119,0.0026938731570325504
l_kohakufa_fp16,20000,bf16,1.0,2,42.93132305145264,0.3468374371349359,1.0,1.0,fa4,dq,0.008812137127978313,0.9999613132959779,0.0031809194497664788
l_kohakufa_fp16,20000,bf16,1.0,2,42.93132305145264,0.3468374371349359,1.0,1.0,fa4,dk,0.022799722163380023,0.99974095075927,0.024841688304909754
l_kohakufa_fp16,20000,bf16,1.0,2,42.93132305145264,0.3468374371349359,1.0,1.0,fa4,dv,0.002431150359904358,0.999997157784562,0.0026938731570325504
l_kohakufa_fp16,20000,bf16,1.0,2,42.93132305145264,0.3468374371349359,1.0,1.0,kohakufa,dq,0.007782138264934426,0.9999697235146104,0.003246855535320667
l_kohakufa_fp16,20000,bf16,1.0,2,42.93132305145264,0.3468374371349359,1.0,1.0,kohakufa,dk,0.020122128287242608,0.9998006680923319,0.021993710816420108
l_kohakufa_fp16,20000,bf16,1.0,2,42.93132305145264,0.3468374371349359,1.0,1.0,kohakufa,dv,0.0024311581943149414,0.9999971577703303,0.0026938731570325504
l_kohakufa_fp16,20000,bf16,1.0,2,42.93132305145264,0.3468374371349359,1.0,1.0,floor,dq,0.007563867320471612,0.9999714021885615,0.003186388263813258
l_kohakufa_fp16,20000,bf16,1.0,2,42.93132305145264,0.3468374371349359,1.0,1.0,floor,dk,0.019678692429449304,0.9998088521007824,0.021571340358786138
l_kohakufa_fp16,20000,bf16,1.0,2,42.93132305145264,0.3468374371349359,1.0,1.0,floor,dv,0.0017522946158361463,0.9999985141882011,0.0019623727074196784
l_kohakufa_fp16,20000,bf16,1.0,2,42.93132305145264,0.3468374371349359,1.0,1.0,scale*dS,dq,0.007563867320471612,0.9999714021885615,0.003186388263813258
l_kohakufa_fp16,20000,bf16,1.0,2,42.93132305145264,0.3468374371349359,1.0,1.0,scale*dS,dk,0.019678692429449304,0.9998088521007824,0.021571340358786138
l_kohakufa_fp16,20000,bf16,1.0,2,42.93132305145264,0.3468374371349359,1.0,1.0,scale*dS,dv,0.0017522946158361463,0.9999985141882011,0.0019623727074196784
l_kohakufa_fp16,20000,bf16,1.0,2,42.93132305145264,0.3468374371349359,1.0,1.0,single lse,dq,0.007563834546287531,0.9999714024387274,0.003186388263813258
l_kohakufa_fp16,20000,bf16,1.0,2,42.93132305145264,0.3468374371349359,1.0,1.0,single lse,dk,0.019678687032852856,0.9998088522782753,0.021571340358786138
l_kohakufa_fp16,20000,bf16,1.0,2,42.93132305145264,0.3468374371349359,1.0,1.0,single lse,dv,0.0017523042633282185,0.9999985141605868,0.0019623727074196784
l_kohakufa_fp16,20000,bf16,1.0,2,42.93132305145264,0.3468374371349359,1.0,1.0,scale-shift,dq,0.007563831155451376,0.9999714024626079,0.003186388263813258
l_kohakufa_fp16,20000,bf16,1.0,2,42.93132305145264,0.3468374371349359,1.0,1.0,scale-shift,dk,0.01967864502417473,0.9998088509325488,0.021571340358786138
l_kohakufa_fp16,20000,bf16,1.0,2,42.93132305145264,0.3468374371349359,1.0,1.0,scale-shift,dv,0.0017522548245548452,0.9999985142570954,0.0019623727074196784
l_kohakufa_fp16,20000,bf16,1.0,2,42.93132305145264,0.3468374371349359,1.0,1.0,all three,dq,0.007563831390256753,0.9999714024608455,0.003186388263813258
l_kohakufa_fp16,20000,bf16,1.0,2,42.93132305145264,0.3468374371349359,1.0,1.0,all three,dk,0.019678645884820097,0.9998088509161669,0.021571340358786138
l_kohakufa_fp16,20000,bf16,1.0,2,42.93132305145264,0.3468374371349359,1.0,1.0,all three,dv,0.00175221239777772,0.9999985143152138,0.0019623727074196784
l_kohakufa_fp16,20000,bf16,1.0,3,8.3492940813303,0.2889619002074668,1.0,1.0,cudnn,dq,0.0022988053572288196,0.9999973589847846,0.003600710246085106
l_kohakufa_fp16,20000,bf16,1.0,3,8.3492940813303,0.2889619002074668,1.0,1.0,cudnn,dk,0.0048350293233018465,0.999988314975537,0.013082233325859515
l_kohakufa_fp16,20000,bf16,1.0,3,8.3492940813303,0.2889619002074668,1.0,1.0,cudnn,dv,0.0033096294071968467,0.9999945279496383,0.0040027241646921575
l_kohakufa_fp16,20000,bf16,1.0,3,8.3492940813303,0.2889619002074668,1.0,1.0,efficient,dq,0.002417395811903061,0.9999970823090397,0.003600710246085106
l_kohakufa_fp16,20000,bf16,1.0,3,8.3492940813303,0.2889619002074668,1.0,1.0,efficient,dk,0.005906844267566282,0.9999826078548824,0.018117040459934255
l_kohakufa_fp16,20000,bf16,1.0,3,8.3492940813303,0.2889619002074668,1.0,1.0,efficient,dv,0.003310341994455356,0.999994525585586,0.0040027241646921575
l_kohakufa_fp16,20000,bf16,1.0,3,8.3492940813303,0.2889619002074668,1.0,1.0,flex,dq,0.0023076969488646758,0.9999973385063535,0.003600710246085106
l_kohakufa_fp16,20000,bf16,1.0,3,8.3492940813303,0.2889619002074668,1.0,1.0,flex,dk,0.004828077566703469,0.9999883488624277,0.013082233325859515
l_kohakufa_fp16,20000,bf16,1.0,3,8.3492940813303,0.2889619002074668,1.0,1.0,flex,dv,0.0033103796177680004,0.9999945254662954,0.0040027241646921575
l_kohakufa_fp16,20000,bf16,1.0,3,8.3492940813303,0.2889619002074668,1.0,1.0,fa4,dq,0.0026129182018580555,0.9999968739944942,0.003888847293064783
l_kohakufa_fp16,20000,bf16,1.0,3,8.3492940813303,0.2889619002074668,1.0,1.0,fa4,dk,0.004823482731162715,0.9999883687383294,0.013082233325859515
l_kohakufa_fp16,20000,bf16,1.0,3,8.3492940813303,0.2889619002074668,1.0,1.0,fa4,dv,0.0033103766524944216,0.9999945254765071,0.0040027241646921575
l_kohakufa_fp16,20000,bf16,1.0,3,8.3492940813303,0.2889619002074668,1.0,1.0,kohakufa,dq,0.0024175167116072325,0.9999970820597422,0.003600710246085106
l_kohakufa_fp16,20000,bf16,1.0,3,8.3492940813303,0.2889619002074668,1.0,1.0,kohakufa,dk,0.005911944342093043,0.9999825781273185,0.018117040459934255
l_kohakufa_fp16,20000,bf16,1.0,3,8.3492940813303,0.2889619002074668,1.0,1.0,kohakufa,dv,0.0033106623714039213,0.9999945245417113,0.0040027241646921575
l_kohakufa_fp16,20000,bf16,1.0,3,8.3492940813303,0.2889619002074668,1.0,1.0,floor,dq,0.0014216978219351983,0.9999989977822712,0.0007256601550421723
l_kohakufa_fp16,20000,bf16,1.0,3,8.3492940813303,0.2889619002074668,1.0,1.0,floor,dk,0.004506058680373661,0.9999898553832104,0.012443232128629965
l_kohakufa_fp16,20000,bf16,1.0,3,8.3492940813303,0.2889619002074668,1.0,1.0,floor,dv,0.0028273766167957654,0.9999960034126905,0.00231515691375988
l_kohakufa_fp16,20000,bf16,1.0,3,8.3492940813303,0.2889619002074668,1.0,1.0,scale*dS,dq,0.0014216978219351983,0.9999989977822712,0.0007256601550421723
l_kohakufa_fp16,20000,bf16,1.0,3,8.3492940813303,0.2889619002074668,1.0,1.0,scale*dS,dk,0.004506058680373661,0.9999898553832104,0.012443232128629965
l_kohakufa_fp16,20000,bf16,1.0,3,8.3492940813303,0.2889619002074668,1.0,1.0,scale*dS,dv,0.0028273766167957654,0.9999960034126905,0.00231515691375988
l_kohakufa_fp16,20000,bf16,1.0,3,8.3492940813303,0.2889619002074668,1.0,1.0,single lse,dq,0.001421698599233724,0.9999989977808226,0.0007256601550421723
l_kohakufa_fp16,20000,bf16,1.0,3,8.3492940813303,0.2889619002074668,1.0,1.0,single lse,dk,0.004506068314841382,0.9999898553396465,0.012443232128629965
l_kohakufa_fp16,20000,bf16,1.0,3,8.3492940813303,0.2889619002074668,1.0,1.0,single lse,dv,0.002827191195075044,0.9999960039278001,0.00231515691375988
l_kohakufa_fp16,20000,bf16,1.0,3,8.3492940813303,0.2889619002074668,1.0,1.0,scale-shift,dq,0.0014217073077656666,0.9999989977698579,0.0007256601550421723
l_kohakufa_fp16,20000,bf16,1.0,3,8.3492940813303,0.2889619002074668,1.0,1.0,scale-shift,dk,0.004505959085445334,0.9999898558250321,0.012443232128629965
l_kohakufa_fp16,20000,bf16,1.0,3,8.3492940813303,0.2889619002074668,1.0,1.0,scale-shift,dv,0.0028273752607598152,0.9999960034164502,0.00231515691375988
l_kohakufa_fp16,20000,bf16,1.0,3,8.3492940813303,0.2889619002074668,1.0,1.0,all three,dq,0.0014216852900928653,0.9999989978007942,0.0007256601550421723
l_kohakufa_fp16,20000,bf16,1.0,3,8.3492940813303,0.2889619002074668,1.0,1.0,all three,dk,0.004505968406986411,0.9999898557828613,0.012443232128629965
l_kohakufa_fp16,20000,bf16,1.0,3,8.3492940813303,0.2889619002074668,1.0,1.0,all three,dv,0.0028273693206539393,0.9999960034331349,0.00231515691375988
l_kohakufa_fp16,20000,bf16,1.0,4,84.18312191963196,0.34336870430546423,1.0,1.0,cudnn,dq,0.03169403133772589,0.9994988232456766,0.06570278889311071
l_kohakufa_fp16,20000,bf16,1.0,4,84.18312191963196,0.34336870430546423,1.0,1.0,cudnn,dk,0.03131957241950278,0.9995113419397543,0.07352104659165519
l_kohakufa_fp16,20000,bf16,1.0,4,84.18312191963196,0.34336870430546423,1.0,1.0,cudnn,dv,0.002459818762623656,0.9999970524509785,0.0021329695469645563
l_kohakufa_fp16,20000,bf16,1.0,4,84.18312191963196,0.34336870430546423,1.0,1.0,efficient,dq,0.03167081133449671,0.9994998307721803,0.06507521496010144
l_kohakufa_fp16,20000,bf16,1.0,4,84.18312191963196,0.34336870430546423,1.0,1.0,efficient,dk,0.03153864470666956,0.9995034357116082,0.07352104659165519
l_kohakufa_fp16,20000,bf16,1.0,4,84.18312191963196,0.34336870430546423,1.0,1.0,efficient,dv,0.002458947941317632,0.9999970542535224,0.0021329695469645563
l_kohakufa_fp16,20000,bf16,1.0,4,84.18312191963196,0.34336870430546423,1.0,1.0,flex,dq,0.03170575300073266,0.9994983053524742,0.06570278889311071
l_kohakufa_fp16,20000,bf16,1.0,4,84.18312191963196,0.34336870430546423,1.0,1.0,flex,dk,0.03132223213252482,0.9995112527116463,0.07352104659165519
l_kohakufa_fp16,20000,bf16,1.0,4,84.18312191963196,0.34336870430546423,1.0,1.0,flex,dv,0.0024589354041103105,0.9999970542896771,0.0021329695469645563
l_kohakufa_fp16,20000,bf16,1.0,4,84.18312191963196,0.34336870430546423,1.0,1.0,fa4,dq,0.031810283517482545,0.9994945303895978,0.06570278889311071
l_kohakufa_fp16,20000,bf16,1.0,4,84.18312191963196,0.34336870430546423,1.0,1.0,fa4,dk,0.03140174081415259,0.9995101965146074,0.07352104659165519
l_kohakufa_fp16,20000,bf16,1.0,4,84.18312191963196,0.34336870430546423,1.0,1.0,fa4,dv,0.0024589232211503585,0.9999970543283548,0.0021329695469645563
l_kohakufa_fp16,20000,bf16,1.0,4,84.18312191963196,0.34336870430546423,1.0,1.0,kohakufa,dq,0.03167125849955729,0.9994998170227949,0.06507521496010144
l_kohakufa_fp16,20000,bf16,1.0,4,84.18312191963196,0.34336870430546423,1.0,1.0,kohakufa,dk,0.03153876750718288,0.9995034323321357,0.07352104659165519
l_kohakufa_fp16,20000,bf16,1.0,4,84.18312191963196,0.34336870430546423,1.0,1.0,kohakufa,dv,0.002459006205337164,0.9999970541209486,0.0021329695469645563
l_kohakufa_fp16,20000,bf16,1.0,4,84.18312191963196,0.34336870430546423,1.0,1.0,floor,dq,0.03165403364713085,0.9994999025578301,0.06572674782805271
l_kohakufa_fp16,20000,bf16,1.0,4,84.18312191963196,0.34336870430546423,1.0,1.0,floor,dk,0.031291548324295405,0.9995120884865107,0.07381524158583117
l_kohakufa_fp16,20000,bf16,1.0,4,84.18312191963196,0.34336870430546423,1.0,1.0,floor,dv,0.0018808844618454124,0.9999982583679002,0.0017665475056210403
l_kohakufa_fp16,20000,bf16,1.0,4,84.18312191963196,0.34336870430546423,1.0,1.0,scale*dS,dq,0.03165403364713085,0.9994999025578301,0.06572674782805271
l_kohakufa_fp16,20000,bf16,1.0,4,84.18312191963196,0.34336870430546423,1.0,1.0,scale*dS,dk,0.031291548324295405,0.9995120884865107,0.07381524158583117
l_kohakufa_fp16,20000,bf16,1.0,4,84.18312191963196,0.34336870430546423,1.0,1.0,scale*dS,dv,0.0018808844618454124,0.9999982583679002,0.0017665475056210403
l_kohakufa_fp16,20000,bf16,1.0,4,84.18312191963196,0.34336870430546423,1.0,1.0,single lse,dq,0.03165403447977206,0.9994999025042829,0.06572674782805271
l_kohakufa_fp16,20000,bf16,1.0,4,84.18312191963196,0.34336870430546423,1.0,1.0,single lse,dk,0.03129152002647191,0.9995120890498507,0.07381524158583117
l_kohakufa_fp16,20000,bf16,1.0,4,84.18312191963196,0.34336870430546423,1.0,1.0,single lse,dv,0.001880884506182655,0.9999982583678274,0.0017665475056210403
l_kohakufa_fp16,20000,bf16,1.0,4,84.18312191963196,0.34336870430546423,1.0,1.0,scale-shift,dq,0.03165442217904908,0.9994998885973357,0.06572674782805271
l_kohakufa_fp16,20000,bf16,1.0,4,84.18312191963196,0.34336870430546423,1.0,1.0,scale-shift,dk,0.03129141637079704,0.9995120931417796,0.07381524158583117
l_kohakufa_fp16,20000,bf16,1.0,4,84.18312191963196,0.34336870430546423,1.0,1.0,scale-shift,dv,0.0018808848206409807,0.9999982583676671,0.0017665475056210403
l_kohakufa_fp16,20000,bf16,1.0,4,84.18312191963196,0.34336870430546423,1.0,1.0,all three,dq,0.031654421675027904,0.999499888607861,0.06572674782805271
l_kohakufa_fp16,20000,bf16,1.0,4,84.18312191963196,0.34336870430546423,1.0,1.0,all three,dk,0.031291387751940826,0.9995120936929164,0.07381524158583117
l_kohakufa_fp16,20000,bf16,1.0,4,84.18312191963196,0.34336870430546423,1.0,1.0,all three,dv,0.0018808847568562962,0.9999982583669444,0.0017665475056210403
l_kohakufa_fp16,20000,bf16,1.0,5,17.83455663919449,0.2703784964924702,1.0,1.0,cudnn,dq,0.007454663646589595,0.9999722298426191,0.0032429482338610666
l_kohakufa_fp16,20000,bf16,1.0,5,17.83455663919449,0.2703784964924702,1.0,1.0,cudnn,dk,0.00752800435621397,0.9999716642768944,0.006578307402661749
l_kohakufa_fp16,20000,bf16,1.0,5,17.83455663919449,0.2703784964924702,1.0,1.0,cudnn,dv,0.0031839627935753515,0.999994946750987,0.005359264982206093
l_kohakufa_fp16,20000,bf16,1.0,5,17.83455663919449,0.2703784964924702,1.0,1.0,efficient,dq,0.007376447136298692,0.9999727961008705,0.0034691425945764906
l_kohakufa_fp16,20000,bf16,1.0,5,17.83455663919449,0.2703784964924702,1.0,1.0,efficient,dk,0.0076815011227932585,0.9999705314584545,0.006578307402661749
l_kohakufa_fp16,20000,bf16,1.0,5,17.83455663919449,0.2703784964924702,1.0,1.0,efficient,dv,0.0031835534405638944,0.9999949480464512,0.005359264982206093
l_kohakufa_fp16,20000,bf16,1.0,5,17.83455663919449,0.2703784964924702,1.0,1.0,flex,dq,0.0074768050603711295,0.9999720639263138,0.0032429482338610666
l_kohakufa_fp16,20000,bf16,1.0,5,17.83455663919449,0.2703784964924702,1.0,1.0,flex,dk,0.007548696717281626,0.9999715081899935,0.006578307402661749
l_kohakufa_fp16,20000,bf16,1.0,5,17.83455663919449,0.2703784964924702,1.0,1.0,flex,dv,0.003183273987999373,0.9999949488286337,0.005359264982206093
l_kohakufa_fp16,20000,bf16,1.0,5,17.83455663919449,0.2703784964924702,1.0,1.0,fa4,dq,0.00872230299549649,0.9999620648120197,0.004780338482049532
l_kohakufa_fp16,20000,bf16,1.0,5,17.83455663919449,0.2703784964924702,1.0,1.0,fa4,dk,0.008237727977617544,0.9999660694877878,0.01175960594287025
l_kohakufa_fp16,20000,bf16,1.0,5,17.83455663919449,0.2703784964924702,1.0,1.0,fa4,dv,0.003183507356776643,0.9999949481989846,0.005359264982206093
l_kohakufa_fp16,20000,bf16,1.0,5,17.83455663919449,0.2703784964924702,1.0,1.0,kohakufa,dq,0.007374983789045994,0.9999728069109404,0.0034691425945764906
l_kohakufa_fp16,20000,bf16,1.0,5,17.83455663919449,0.2703784964924702,1.0,1.0,kohakufa,dk,0.0076782481985410945,0.9999705580189276,0.006578307402661749
l_kohakufa_fp16,20000,bf16,1.0,5,17.83455663919449,0.2703784964924702,1.0,1.0,kohakufa,dv,0.0031835175561154842,0.9999949481564194,0.005359264982206093
l_kohakufa_fp16,20000,bf16,1.0,5,17.83455663919449,0.2703784964924702,1.0,1.0,floor,dq,0.007266318317734925,0.9999736138713015,0.003278347620249962
l_kohakufa_fp16,20000,bf16,1.0,5,17.83455663919449,0.2703784964924702,1.0,1.0,floor,dk,0.007395968411561294,0.9999726512588976,0.006764487309147479
l_kohakufa_fp16,20000,bf16,1.0,5,17.83455663919449,0.2703784964924702,1.0,1.0,floor,dv,0.0027323596267241636,0.9999962886988375,0.005398298609557168
l_kohakufa_fp16,20000,bf16,1.0,5,17.83455663919449,0.2703784964924702,1.0,1.0,scale*dS,dq,0.007266318317734925,0.9999736138713015,0.003278347620249962
l_kohakufa_fp16,20000,bf16,1.0,5,17.83455663919449,0.2703784964924702,1.0,1.0,scale*dS,dk,0.007395968411561294,0.9999726512588976,0.006764487309147479
l_kohakufa_fp16,20000,bf16,1.0,5,17.83455663919449,0.2703784964924702,1.0,1.0,scale*dS,dv,0.0027323596267241636,0.9999962886988375,0.005398298609557168
l_kohakufa_fp16,20000,bf16,1.0,5,17.83455663919449,0.2703784964924702,1.0,1.0,single lse,dq,0.007266312771692358,0.9999736139096542,0.003278347620249962
l_kohakufa_fp16,20000,bf16,1.0,5,17.83455663919449,0.2703784964924702,1.0,1.0,single lse,dk,0.0073959841485501596,0.9999726511416909,0.006764487309147479
l_kohakufa_fp16,20000,bf16,1.0,5,17.83455663919449,0.2703784964924702,1.0,1.0,single lse,dv,0.0027323565164304904,0.9999962887049652,0.005398298609557168
l_kohakufa_fp16,20000,bf16,1.0,5,17.83455663919449,0.2703784964924702,1.0,1.0,scale-shift,dq,0.007266344026404641,0.9999736136929304,0.003278347620249962
l_kohakufa_fp16,20000,bf16,1.0,5,17.83455663919449,0.2703784964924702,1.0,1.0,scale-shift,dk,0.007397679464315204,0.9999726385415869,0.006764487309147479
l_kohakufa_fp16,20000,bf16,1.0,5,17.83455663919449,0.2703784964924702,1.0,1.0,scale-shift,dv,0.0027323604497743585,0.9999962886954856,0.005398298609557168
l_kohakufa_fp16,20000,bf16,1.0,5,17.83455663919449,0.2703784964924702,1.0,1.0,all three,dq,0.007266344426113774,0.9999736136901171,0.003278347620249962
l_kohakufa_fp16,20000,bf16,1.0,5,17.83455663919449,0.2703784964924702,1.0,1.0,all three,dk,0.007397737199975776,0.9999726381163873,0.006764487309147479
l_kohakufa_fp16,20000,bf16,1.0,5,17.83455663919449,0.2703784964924702,1.0,1.0,all three,dv,0.0027323600998283523,0.999996288696092,0.005398298609557168
l_kohakufa_fp16,20000,bf16,1.0,6,78.46413095295429,0.6412939993188959,1.0,1.0,cudnn,dq,0.028386897884793497,0.999597393391943,0.037235958232179185
l_kohakufa_fp16,20000,bf16,1.0,6,78.46413095295429,0.6412939993188959,1.0,1.0,cudnn,dk,0.04242352536337529,0.9991112405968309,0.08162142917832639
l_kohakufa_fp16,20000,bf16,1.0,6,78.46413095295429,0.6412939993188959,1.0,1.0,cudnn,dv,0.002686165307316676,0.9999964300983346,0.003090055228167626
l_kohakufa_fp16,20000,bf16,1.0,6,78.46413095295429,0.6412939993188959,1.0,1.0,efficient,dq,0.028473184081294164,0.9995948225925253,0.037235958232179185
l_kohakufa_fp16,20000,bf16,1.0,6,78.46413095295429,0.6412939993188959,1.0,1.0,efficient,dk,0.04235797318816633,0.9991134087487995,0.08162142917832639
l_kohakufa_fp16,20000,bf16,1.0,6,78.46413095295429,0.6412939993188959,1.0,1.0,efficient,dv,0.0026859967492471382,0.9999964305236704,0.003090055228167626
l_kohakufa_fp16,20000,bf16,1.0,6,78.46413095295429,0.6412939993188959,1.0,1.0,flex,dq,0.028401702734645484,0.9995969952156952,0.037235958232179185
l_kohakufa_fp16,20000,bf16,1.0,6,78.46413095295429,0.6412939993188959,1.0,1.0,flex,dk,0.04243380250404917,0.9991108373566172,0.08162142917832639
l_kohakufa_fp16,20000,bf16,1.0,6,78.46413095295429,0.6412939993188959,1.0,1.0,flex,dv,0.0026859478076717946,0.9999964306488253,0.003090055228167626
l_kohakufa_fp16,20000,bf16,1.0,6,78.46413095295429,0.6412939993188959,1.0,1.0,fa4,dq,0.02850646065042723,0.9995940113680641,0.037235958232179185
l_kohakufa_fp16,20000,bf16,1.0,6,78.46413095295429,0.6412939993188959,1.0,1.0,fa4,dk,0.041517718082513616,0.9991494024862483,0.08162142917832639
l_kohakufa_fp16,20000,bf16,1.0,6,78.46413095295429,0.6412939993188959,1.0,1.0,fa4,dv,0.0026863903835206934,0.9999964293543223,0.003090055228167626
l_kohakufa_fp16,20000,bf16,1.0,6,78.46413095295429,0.6412939993188959,1.0,1.0,kohakufa,dq,0.028473010007714024,0.9995948274690348,0.037235958232179185
l_kohakufa_fp16,20000,bf16,1.0,6,78.46413095295429,0.6412939993188959,1.0,1.0,kohakufa,dk,0.04234119216769866,0.9991144040825775,0.08162142917832639
l_kohakufa_fp16,20000,bf16,1.0,6,78.46413095295429,0.6412939993188959,1.0,1.0,kohakufa,dv,0.0026859479743002617,0.9999964306487721,0.003090055228167626
l_kohakufa_fp16,20000,bf16,1.0,6,78.46413095295429,0.6412939993188959,1.0,1.0,floor,dq,0.028375471102565636,0.9995976386139698,0.037264792305945434
l_kohakufa_fp16,20000,bf16,1.0,6,78.46413095295429,0.6412939993188959,1.0,1.0,floor,dk,0.042436656196966835,0.9991107441668851,0.08243214681328724
l_kohakufa_fp16,20000,bf16,1.0,6,78.46413095295429,0.6412939993188959,1.0,1.0,floor,dv,0.0020513327207313825,0.9999979073947484,0.002881618903701772
l_kohakufa_fp16,20000,bf16,1.0,6,78.46413095295429,0.6412939993188959,1.0,1.0,scale*dS,dq,0.028375471102565636,0.9995976386139698,0.037264792305945434
l_kohakufa_fp16,20000,bf16,1.0,6,78.46413095295429,0.6412939993188959,1.0,1.0,scale*dS,dk,0.042436656196966835,0.9991107441668851,0.08243214681328724
l_kohakufa_fp16,20000,bf16,1.0,6,78.46413095295429,0.6412939993188959,1.0,1.0,scale*dS,dv,0.0020513327207313825,0.9999979073947484,0.002881618903701772
l_kohakufa_fp16,20000,bf16,1.0,6,78.46413095295429,0.6412939993188959,1.0,1.0,single lse,dq,0.028375467824112273,0.999597638996386,0.037264792305945434
l_kohakufa_fp16,20000,bf16,1.0,6,78.46413095295429,0.6412939993188959,1.0,1.0,single lse,dk,0.04243662254909017,0.9991107454241757,0.08243214681328724
l_kohakufa_fp16,20000,bf16,1.0,6,78.46413095295429,0.6412939993188959,1.0,1.0,single lse,dv,0.002051333094136099,0.9999979073927981,0.002881618903701772
l_kohakufa_fp16,20000,bf16,1.0,6,78.46413095295429,0.6412939993188959,1.0,1.0,scale-shift,dq,0.028356947164925584,0.9995981646843917,0.037264792305945434
l_kohakufa_fp16,20000,bf16,1.0,6,78.46413095295429,0.6412939993188959,1.0,1.0,scale-shift,dk,0.04242933621816299,0.999111101105564,0.08243214681328724
l_kohakufa_fp16,20000,bf16,1.0,6,78.46413095295429,0.6412939993188959,1.0,1.0,scale-shift,dv,0.002051331687077562,0.9999979073963341,0.002881618903701772
l_kohakufa_fp16,20000,bf16,1.0,6,78.46413095295429,0.6412939993188959,1.0,1.0,all three,dq,0.028356921165781795,0.9995981657127199,0.037264792305945434
l_kohakufa_fp16,20000,bf16,1.0,6,78.46413095295429,0.6412939993188959,1.0,1.0,all three,dk,0.04242930879940756,0.9991111047842504,0.08243214681328724
l_kohakufa_fp16,20000,bf16,1.0,6,78.46413095295429,0.6412939993188959,1.0,1.0,all three,dv,0.002051332079807071,0.9999979073956188,0.002881618903701772
l_kohakufa_fp16,20000,bf16,1.0,7,81.7094019651413,0.5588159610571027,1.0,1.0,cudnn,dq,0.012230629463701485,0.9999256463145011,0.014730054094112259
l_kohakufa_fp16,20000,bf16,1.0,7,81.7094019651413,0.5588159610571027,1.0,1.0,cudnn,dk,0.017444055411924123,0.9998478518120689,0.025473169308423905
l_kohakufa_fp16,20000,bf16,1.0,7,81.7094019651413,0.5588159610571027,1.0,1.0,cudnn,dv,0.0024445816273003284,0.9999970214338466,0.0025677553027378002
l_kohakufa_fp16,20000,bf16,1.0,7,81.7094019651413,0.5588159610571027,1.0,1.0,efficient,dq,0.01244947566477484,0.999923169693784,0.014730054094112259
l_kohakufa_fp16,20000,bf16,1.0,7,81.7094019651413,0.5588159610571027,1.0,1.0,efficient,dk,0.01758512210587714,0.9998453768551461,0.025473169308423905
l_kohakufa_fp16,20000,bf16,1.0,7,81.7094019651413,0.5588159610571027,1.0,1.0,efficient,dv,0.0024444645282948752,0.9999970217156605,0.0025677553027378002
l_kohakufa_fp16,20000,bf16,1.0,7,81.7094019651413,0.5588159610571027,1.0,1.0,flex,dq,0.012233076195820019,0.9999257099742264,0.014730054094112259
l_kohakufa_fp16,20000,bf16,1.0,7,81.7094019651413,0.5588159610571027,1.0,1.0,flex,dk,0.017448772982801394,0.9998477717067742,0.025473169308423905
l_kohakufa_fp16,20000,bf16,1.0,7,81.7094019651413,0.5588159610571027,1.0,1.0,flex,dv,0.002444467254637019,0.9999970217095141,0.0025677553027378002
l_kohakufa_fp16,20000,bf16,1.0,7,81.7094019651413,0.5588159610571027,1.0,1.0,fa4,dq,0.012771442106882913,0.999919063113744,0.014730054094112259
l_kohakufa_fp16,20000,bf16,1.0,7,81.7094019651413,0.5588159610571027,1.0,1.0,fa4,dk,0.01761423050492065,0.9998448744972366,0.025473169308423905
l_kohakufa_fp16,20000,bf16,1.0,7,81.7094019651413,0.5588159610571027,1.0,1.0,fa4,dv,0.0024444661412262787,0.9999970217122655,0.0025677553027378002
l_kohakufa_fp16,20000,bf16,1.0,7,81.7094019651413,0.5588159610571027,1.0,1.0,kohakufa,dq,0.012449429507258419,0.9999231703561479,0.014730054094112259
l_kohakufa_fp16,20000,bf16,1.0,7,81.7094019651413,0.5588159610571027,1.0,1.0,kohakufa,dk,0.01758898268175645,0.9998453082900941,0.025473169308423905
l_kohakufa_fp16,20000,bf16,1.0,7,81.7094019651413,0.5588159610571027,1.0,1.0,kohakufa,dv,0.002444464964715438,0.9999970217147438,0.0025677553027378002
l_kohakufa_fp16,20000,bf16,1.0,7,81.7094019651413,0.5588159610571027,1.0,1.0,floor,dq,0.01214267121773154,0.99992691888298,0.014707336964294986
l_kohakufa_fp16,20000,bf16,1.0,7,81.7094019651413,0.5588159610571027,1.0,1.0,floor,dk,0.017383521117039794,0.999848930304971,0.025540300662270594
l_kohakufa_fp16,20000,bf16,1.0,7,81.7094019651413,0.5588159610571027,1.0,1.0,floor,dv,0.0016928087395149582,0.9999985673461311,0.0021293921908575814
l_kohakufa_fp16,20000,bf16,1.0,7,81.7094019651413,0.5588159610571027,1.0,1.0,scale*dS,dq,0.01214267121773154,0.99992691888298,0.014707336964294986
l_kohakufa_fp16,20000,bf16,1.0,7,81.7094019651413,0.5588159610571027,1.0,1.0,scale*dS,dk,0.017383521117039794,0.999848930304971,0.025540300662270594
l_kohakufa_fp16,20000,bf16,1.0,7,81.7094019651413,0.5588159610571027,1.0,1.0,scale*dS,dv,0.0016928087395149582,0.9999985673461311,0.0021293921908575814
l_kohakufa_fp16,20000,bf16,1.0,7,81.7094019651413,0.5588159610571027,1.0,1.0,single lse,dq,0.012142680974141404,0.9999269187544835,0.014707336964294986
l_kohakufa_fp16,20000,bf16,1.0,7,81.7094019651413,0.5588159610571027,1.0,1.0,single lse,dk,0.01738351756609179,0.999848930350477,0.025540300662270594
l_kohakufa_fp16,20000,bf16,1.0,7,81.7094019651413,0.5588159610571027,1.0,1.0,single lse,dv,0.0016928618597429066,0.9999985672595375,0.0021293921908575814
l_kohakufa_fp16,20000,bf16,1.0,7,81.7094019651413,0.5588159610571027,1.0,1.0,scale-shift,dq,0.012142659210737407,0.9999269190292399,0.014707336964294986
l_kohakufa_fp16,20000,bf16,1.0,7,81.7094019651413,0.5588159610571027,1.0,1.0,scale-shift,dk,0.017383989197114647,0.9998489221585733,0.025540300662270594
l_kohakufa_fp16,20000,bf16,1.0,7,81.7094019651413,0.5588159610571027,1.0,1.0,scale-shift,dv,0.0016928614793933683,0.9999985672601807,0.0021293921908575814
l_kohakufa_fp16,20000,bf16,1.0,7,81.7094019651413,0.5588159610571027,1.0,1.0,all three,dq,0.012142687606750763,0.9999269186624382,0.014707336964294986
l_kohakufa_fp16,20000,bf16,1.0,7,81.7094019651413,0.5588159610571027,1.0,1.0,all three,dk,0.017383989421232374,0.9998489221553291,0.025540300662270594
l_kohakufa_fp16,20000,bf16,1.0,7,81.7094019651413,0.5588159610571027,1.0,1.0,all three,dv,0.0016928618502867218,0.9999985672595516,0.0021293921908575814
l_kohakufa_fp16,20000,bf16,1.0,8,92.96725487709045,0.6705362166990253,1.0,1.0,cudnn,dq,0.019899159056760908,0.9998020127645306,0.015729576576917453
l_kohakufa_fp16,20000,bf16,1.0,8,92.96725487709045,0.6705362166990253,1.0,1.0,cudnn,dk,0.030374493615189718,0.9995393850940423,0.04152939587936644
l_kohakufa_fp16,20000,bf16,1.0,8,92.96725487709045,0.6705362166990253,1.0,1.0,cudnn,dv,0.003427414249929791,0.9999941288826268,0.0038610430381870453
l_kohakufa_fp16,20000,bf16,1.0,8,92.96725487709045,0.6705362166990253,1.0,1.0,efficient,dq,0.019825877501848763,0.9998034507545395,0.015588772726848964
l_kohakufa_fp16,20000,bf16,1.0,8,92.96725487709045,0.6705362166990253,1.0,1.0,efficient,dk,0.030486016430859592,0.9995355181049808,0.04152939587936644
l_kohakufa_fp16,20000,bf16,1.0,8,92.96725487709045,0.6705362166990253,1.0,1.0,efficient,dv,0.0034221777332382056,0.999994146829073,0.0038610430381870453
l_kohakufa_fp16,20000,bf16,1.0,8,92.96725487709045,0.6705362166990253,1.0,1.0,flex,dq,0.019920745087819106,0.9998015953696522,0.015729576576917453
l_kohakufa_fp16,20000,bf16,1.0,8,92.96725487709045,0.6705362166990253,1.0,1.0,flex,dk,0.03035402333331171,0.9995400841178532,0.04152939587936644
l_kohakufa_fp16,20000,bf16,1.0,8,92.96725487709045,0.6705362166990253,1.0,1.0,flex,dv,0.003426938388749461,0.9999941305336236,0.0038610430381870453
l_kohakufa_fp16,20000,bf16,1.0,8,92.96725487709045,0.6705362166990253,1.0,1.0,fa4,dq,0.020947642910625508,0.9997805741546765,0.015729576576917453
l_kohakufa_fp16,20000,bf16,1.0,8,92.96725487709045,0.6705362166990253,1.0,1.0,fa4,dk,0.032811498268425186,0.9994616007978157,0.04152939587936644
l_kohakufa_fp16,20000,bf16,1.0,8,92.96725487709045,0.6705362166990253,1.0,1.0,fa4,dv,0.003426739127913677,0.999994131244639,0.0038610430381870453
l_kohakufa_fp16,20000,bf16,1.0,8,92.96725487709045,0.6705362166990253,1.0,1.0,kohakufa,dq,0.019826549321887686,0.9998034373444086,0.015588772726848964
l_kohakufa_fp16,20000,bf16,1.0,8,92.96725487709045,0.6705362166990253,1.0,1.0,kohakufa,dk,0.030475372336081063,0.9995358819526721,0.04152939587936644
l_kohakufa_fp16,20000,bf16,1.0,8,92.96725487709045,0.6705362166990253,1.0,1.0,kohakufa,dv,0.0034223768338011097,0.999994146119377,0.0038610430381870453
l_kohakufa_fp16,20000,bf16,1.0,8,92.96725487709045,0.6705362166990253,1.0,1.0,floor,dq,0.019854815775845986,0.9998029254444437,0.015727366514291425
l_kohakufa_fp16,20000,bf16,1.0,8,92.96725487709045,0.6705362166990253,1.0,1.0,floor,dk,0.030320525520251947,0.9995409972937933,0.041581911306924686
l_kohakufa_fp16,20000,bf16,1.0,8,92.96725487709045,0.6705362166990253,1.0,1.0,floor,dv,0.0029939350752478232,0.9999955188020876,0.0029090123134464883
l_kohakufa_fp16,20000,bf16,1.0,8,92.96725487709045,0.6705362166990253,1.0,1.0,scale*dS,dq,0.019854815775845986,0.9998029254444437,0.015727366514291425
l_kohakufa_fp16,20000,bf16,1.0,8,92.96725487709045,0.6705362166990253,1.0,1.0,scale*dS,dk,0.030320525520251947,0.9995409972937933,0.041581911306924686
l_kohakufa_fp16,20000,bf16,1.0,8,92.96725487709045,0.6705362166990253,1.0,1.0,scale*dS,dv,0.0029939350752478232,0.9999955188020876,0.0029090123134464883
l_kohakufa_fp16,20000,bf16,1.0,8,92.96725487709045,0.6705362166990253,1.0,1.0,single lse,dq,0.01985481589913974,0.9998029254420501,0.015727366514291425
l_kohakufa_fp16,20000,bf16,1.0,8,92.96725487709045,0.6705362166990253,1.0,1.0,single lse,dk,0.030320535911882905,0.9995409969598078,0.041581911306924686
l_kohakufa_fp16,20000,bf16,1.0,8,92.96725487709045,0.6705362166990253,1.0,1.0,single lse,dv,0.0029939348646050514,0.9999955188025869,0.0029090123134464883
l_kohakufa_fp16,20000,bf16,1.0,8,92.96725487709045,0.6705362166990253,1.0,1.0,scale-shift,dq,0.01985483122944806,0.9998029252077724,0.015727366514291425
l_kohakufa_fp16,20000,bf16,1.0,8,92.96725487709045,0.6705362166990253,1.0,1.0,scale-shift,dk,0.03032065863178346,0.9995409927722613,0.041581911306924686
l_kohakufa_fp16,20000,bf16,1.0,8,92.96725487709045,0.6705362166990253,1.0,1.0,scale-shift,dv,0.0029939349746365873,0.9999955188024037,0.0029090123134464883
l_kohakufa_fp16,20000,bf16,1.0,8,92.96725487709045,0.6705362166990253,1.0,1.0,all three,dq,0.01985482927423762,0.9998029252552325,0.015727366514291425
l_kohakufa_fp16,20000,bf16,1.0,8,92.96725487709045,0.6705362166990253,1.0,1.0,all three,dk,0.030320658732399444,0.9995409927695441,0.041581911306924686
l_kohakufa_fp16,20000,bf16,1.0,8,92.96725487709045,0.6705362166990253,1.0,1.0,all three,dv,0.0029939350400521128,0.9999955188021189,0.0029090123134464883
l_kohakufa_fp16,20000,bf16,1.0,9,67.75199657678604,0.8078214972798834,1.0,1.0,cudnn,dq,0.00986736893252816,0.9999513257833719,0.011167148993373188
l_kohakufa_fp16,20000,bf16,1.0,9,67.75199657678604,0.8078214972798834,1.0,1.0,cudnn,dk,0.02053042328560135,0.9997895920242957,0.023886020832608316
l_kohakufa_fp16,20000,bf16,1.0,9,67.75199657678604,0.8078214972798834,1.0,1.0,cudnn,dv,0.0058302042437056514,0.9999830062196478,0.0074854603762348395
l_kohakufa_fp16,20000,bf16,1.0,9,67.75199657678604,0.8078214972798834,1.0,1.0,efficient,dq,0.009980681984636263,0.9999501918779877,0.011167148993373188
l_kohakufa_fp16,20000,bf16,1.0,9,67.75199657678604,0.8078214972798834,1.0,1.0,efficient,dk,0.020721790422561358,0.9997853402400292,0.023041104205023092
l_kohakufa_fp16,20000,bf16,1.0,9,67.75199657678604,0.8078214972798834,1.0,1.0,efficient,dv,0.005830072886640992,0.9999830069766742,0.0074854603762348395
l_kohakufa_fp16,20000,bf16,1.0,9,67.75199657678604,0.8078214972798834,1.0,1.0,flex,dq,0.009861577787891478,0.9999513824350427,0.011167148993373188
l_kohakufa_fp16,20000,bf16,1.0,9,67.75199657678604,0.8078214972798834,1.0,1.0,flex,dk,0.020519090343867678,0.9997898727242975,0.023886020832608316
l_kohakufa_fp16,20000,bf16,1.0,9,67.75199657678604,0.8078214972798834,1.0,1.0,flex,dv,0.005830211441691821,0.9999830061809813,0.0074854603762348395
l_kohakufa_fp16,20000,bf16,1.0,9,67.75199657678604,0.8078214972798834,1.0,1.0,fa4,dq,0.008502014812006041,0.9999638657135502,0.010606790615986315
l_kohakufa_fp16,20000,bf16,1.0,9,67.75199657678604,0.8078214972798834,1.0,1.0,fa4,dk,0.02017227404280948,0.9997970342805168,0.023463562518815703
l_kohakufa_fp16,20000,bf16,1.0,9,67.75199657678604,0.8078214972798834,1.0,1.0,fa4,dv,0.005830477384555726,0.9999830046252411,0.0074854603762348395
l_kohakufa_fp16,20000,bf16,1.0,9,67.75199657678604,0.8078214972798834,1.0,1.0,kohakufa,dq,0.009815723361269062,0.9999518247851863,0.011167148993373188
l_kohakufa_fp16,20000,bf16,1.0,9,67.75199657678604,0.8078214972798834,1.0,1.0,kohakufa,dk,0.02018611684296758,0.9997962560538077,0.023041104205023092
l_kohakufa_fp16,20000,bf16,1.0,9,67.75199657678604,0.8078214972798834,1.0,1.0,kohakufa,dv,0.005830620540163689,0.9999830037782004,0.0074854603762348395
l_kohakufa_fp16,20000,bf16,1.0,9,67.75199657678604,0.8078214972798834,1.0,1.0,floor,dq,0.009725915310677445,0.9999527064079481,0.01117518061536739
l_kohakufa_fp16,20000,bf16,1.0,9,67.75199657678604,0.8078214972798834,1.0,1.0,floor,dk,0.020492977675043145,0.9997903711235987,0.0239371340453743
l_kohakufa_fp16,20000,bf16,1.0,9,67.75199657678604,0.8078214972798834,1.0,1.0,floor,dv,0.005597075550796951,0.999984336779466,0.008109416650128102
l_kohakufa_fp16,20000,bf16,1.0,9,67.75199657678604,0.8078214972798834,1.0,1.0,scale*dS,dq,0.009725915310677445,0.9999527064079481,0.01117518061536739
l_kohakufa_fp16,20000,bf16,1.0,9,67.75199657678604,0.8078214972798834,1.0,1.0,scale*dS,dk,0.020492977675043145,0.9997903711235987,0.0239371340453743
l_kohakufa_fp16,20000,bf16,1.0,9,67.75199657678604,0.8078214972798834,1.0,1.0,scale*dS,dv,0.005597075550796951,0.999984336779466,0.008109416650128102
l_kohakufa_fp16,20000,bf16,1.0,9,67.75199657678604,0.8078214972798834,1.0,1.0,single lse,dq,0.009725915426921111,0.9999527064068084,0.01117518061536739
l_kohakufa_fp16,20000,bf16,1.0,9,67.75199657678604,0.8078214972798834,1.0,1.0,single lse,dk,0.020492977859527917,0.9997903711199642,0.0239371340453743
l_kohakufa_fp16,20000,bf16,1.0,9,67.75199657678604,0.8078214972798834,1.0,1.0,single lse,dv,0.005597076149570744,0.9999843367762722,0.008109416650128102
l_kohakufa_fp16,20000,bf16,1.0,9,67.75199657678604,0.8078214972798834,1.0,1.0,scale-shift,dq,0.009725223601835519,0.99995271317569,0.01117518061536739
l_kohakufa_fp16,20000,bf16,1.0,9,67.75199657678604,0.8078214972798834,1.0,1.0,scale-shift,dk,0.020474947139888535,0.9997907333326864,0.0239371340453743
l_kohakufa_fp16,20000,bf16,1.0,9,67.75199657678604,0.8078214972798834,1.0,1.0,scale-shift,dv,0.005597074925703028,0.9999843367830965,0.008109416650128102
l_kohakufa_fp16,20000,bf16,1.0,9,67.75199657678604,0.8078214972798834,1.0,1.0,all three,dq,0.009725223623912729,0.9999527131754679,0.01117518061536739
l_kohakufa_fp16,20000,bf16,1.0,9,67.75199657678604,0.8078214972798834,1.0,1.0,all three,dk,0.020474947540732626,0.9997907333244948,0.0239371340453743
l_kohakufa_fp16,20000,bf16,1.0,9,67.75199657678604,0.8078214972798834,1.0,1.0,all three,dv,0.0055970761684510945,0.999984336776238,0.008109416650128102
l_kohakufa_fp16,20000,bf16,1.0,10,87.09068250656128,0.8328486632863265,1.0,1.0,cudnn,dq,0.035722555216610725,0.9993628612393157,0.03736019618163907
l_kohakufa_fp16,20000,bf16,1.0,10,87.09068250656128,0.8328486632863265,1.0,1.0,cudnn,dk,0.04153954862329637,0.9991368652562717,0.07965341745206922
l_kohakufa_fp16,20000,bf16,1.0,10,87.09068250656128,0.8328486632863265,1.0,1.0,cudnn,dv,0.0023674374703413544,0.9999972146006998,0.002677163722157523
l_kohakufa_fp16,20000,bf16,1.0,10,87.09068250656128,0.8328486632863265,1.0,1.0,efficient,dq,0.03571531649455728,0.9993639153980152,0.03736019618163907
l_kohakufa_fp16,20000,bf16,1.0,10,87.09068250656128,0.8328486632863265,1.0,1.0,efficient,dk,0.04152551052999403,0.9991374790537747,0.07985650139459208
l_kohakufa_fp16,20000,bf16,1.0,10,87.09068250656128,0.8328486632863265,1.0,1.0,efficient,dv,0.0023674907895499075,0.9999972144580128,0.002677163722157523
l_kohakufa_fp16,20000,bf16,1.0,10,87.09068250656128,0.8328486632863265,1.0,1.0,flex,dq,0.03572058457136715,0.9993629026491949,0.03736019618163907
l_kohakufa_fp16,20000,bf16,1.0,10,87.09068250656128,0.8328486632863265,1.0,1.0,flex,dk,0.04153874924301785,0.9991368971546758,0.07965341745206922
l_kohakufa_fp16,20000,bf16,1.0,10,87.09068250656128,0.8328486632863265,1.0,1.0,flex,dv,0.0023674964327632967,0.9999972144427847,0.002677163722157523
l_kohakufa_fp16,20000,bf16,1.0,10,87.09068250656128,0.8328486632863265,1.0,1.0,fa4,dq,0.03584294600459977,0.9993584334771335,0.03736019618163907
l_kohakufa_fp16,20000,bf16,1.0,10,87.09068250656128,0.8328486632863265,1.0,1.0,fa4,dk,0.04167669895153854,0.9991315138516041,0.07965341745206922
l_kohakufa_fp16,20000,bf16,1.0,10,87.09068250656128,0.8328486632863265,1.0,1.0,fa4,dv,0.002367485624541508,0.9999972144722963,0.002677163722157523
l_kohakufa_fp16,20000,bf16,1.0,10,87.09068250656128,0.8328486632863265,1.0,1.0,kohakufa,dq,0.03571541197477736,0.9993639117964852,0.03736019618163907
l_kohakufa_fp16,20000,bf16,1.0,10,87.09068250656128,0.8328486632863265,1.0,1.0,kohakufa,dk,0.04152651807692386,0.9991374378521942,0.07985650139459208
l_kohakufa_fp16,20000,bf16,1.0,10,87.09068250656128,0.8328486632863265,1.0,1.0,kohakufa,dv,0.0023674973592951354,0.9999972144401563,0.002677163722157523
l_kohakufa_fp16,20000,bf16,1.0,10,87.09068250656128,0.8328486632863265,1.0,1.0,floor,dq,0.03569452380226424,0.9993640002315405,0.037311791052975836
l_kohakufa_fp16,20000,bf16,1.0,10,87.09068250656128,0.8328486632863265,1.0,1.0,floor,dk,0.04150237356455853,0.9991384133198759,0.07973862389742625
l_kohakufa_fp16,20000,bf16,1.0,10,87.09068250656128,0.8328486632863265,1.0,1.0,floor,dv,0.001605397838803525,0.9999987126258536,0.0008827891690933021
l_kohakufa_fp16,20000,bf16,1.0,10,87.09068250656128,0.8328486632863265,1.0,1.0,scale*dS,dq,0.03569452380226424,0.9993640002315405,0.037311791052975836
l_kohakufa_fp16,20000,bf16,1.0,10,87.09068250656128,0.8328486632863265,1.0,1.0,scale*dS,dk,0.04150237356455853,0.9991384133198759,0.07973862389742625
l_kohakufa_fp16,20000,bf16,1.0,10,87.09068250656128,0.8328486632863265,1.0,1.0,scale*dS,dv,0.001605397838803525,0.9999987126258536,0.0008827891690933021
l_kohakufa_fp16,20000,bf16,1.0,10,87.09068250656128,0.8328486632863265,1.0,1.0,single lse,dq,0.03569458797997193,0.9993639986550951,0.037311791052975836
l_kohakufa_fp16,20000,bf16,1.0,10,87.09068250656128,0.8328486632863265,1.0,1.0,single lse,dk,0.04150237355336707,0.9991384133205999,0.07973862389742625
l_kohakufa_fp16,20000,bf16,1.0,10,87.09068250656128,0.8328486632863265,1.0,1.0,single lse,dv,0.0016053978171235049,0.9999987126257711,0.0008827891690933021
l_kohakufa_fp16,20000,bf16,1.0,10,87.09068250656128,0.8328486632863265,1.0,1.0,scale-shift,dq,0.035694510183524396,0.9993640007844844,0.037311791052975836
l_kohakufa_fp16,20000,bf16,1.0,10,87.09068250656128,0.8328486632863265,1.0,1.0,scale-shift,dk,0.04150234605110513,0.9991384144798353,0.07973862389742625
l_kohakufa_fp16,20000,bf16,1.0,10,87.09068250656128,0.8328486632863265,1.0,1.0,scale-shift,dv,0.001605397830703708,0.9999987126257408,0.0008827891690933021
l_kohakufa_fp16,20000,bf16,1.0,10,87.09068250656128,0.8328486632863265,1.0,1.0,all three,dq,0.035694573441365174,0.9993639992046525,0.037311791052975836
l_kohakufa_fp16,20000,bf16,1.0,10,87.09068250656128,0.8328486632863265,1.0,1.0,all three,dk,0.04150234606044449,0.9991384144796986,0.07973862389742625
l_kohakufa_fp16,20000,bf16,1.0,10,87.09068250656128,0.8328486632863265,1.0,1.0,all three,dv,0.0016053978144638336,0.999998712625894,0.0008827891690933021
l_kohakufa_fp16,20000,bf16,1.0,11,57.382182121276855,0.7970001535774465,1.0,1.0,cudnn,dq,0.01616568335943877,0.9998693852562247,0.01653774542171227
l_kohakufa_fp16,20000,bf16,1.0,11,57.382182121276855,0.7970001535774465,1.0,1.0,cudnn,dk,0.05047425807643458,0.9987273759135213,0.036916564010357124
l_kohakufa_fp16,20000,bf16,1.0,11,57.382182121276855,0.7970001535774465,1.0,1.0,cudnn,dv,0.006236225068893958,0.9999805657086663,0.009884916034091203
l_kohakufa_fp16,20000,bf16,1.0,11,57.382182121276855,0.7970001535774465,1.0,1.0,efficient,dq,0.016204424230469108,0.9998687032681265,0.01653774542171227
l_kohakufa_fp16,20000,bf16,1.0,11,57.382182121276855,0.7970001535774465,1.0,1.0,efficient,dk,0.05039841171140106,0.9987297514077483,0.036916564010357124
l_kohakufa_fp16,20000,bf16,1.0,11,57.382182121276855,0.7970001535774465,1.0,1.0,efficient,dv,0.006236259583180766,0.9999805654876738,0.009884916034091203
l_kohakufa_fp16,20000,bf16,1.0,11,57.382182121276855,0.7970001535774465,1.0,1.0,flex,dq,0.01614410865011958,0.9998697370343934,0.01653774542171227
l_kohakufa_fp16,20000,bf16,1.0,11,57.382182121276855,0.7970001535774465,1.0,1.0,flex,dk,0.05031343624405289,0.9987353108857043,0.036916564010357124
l_kohakufa_fp16,20000,bf16,1.0,11,57.382182121276855,0.7970001535774465,1.0,1.0,flex,dv,0.006236275397096126,0.9999805653909558,0.009884916034091203
l_kohakufa_fp16,20000,bf16,1.0,11,57.382182121276855,0.7970001535774465,1.0,1.0,fa4,dq,0.017882899779560757,0.999840130562712,0.01653774542171227
l_kohakufa_fp16,20000,bf16,1.0,11,57.382182121276855,0.7970001535774465,1.0,1.0,fa4,dk,0.05169211903977332,0.9986685421312506,0.036916564010357124
l_kohakufa_fp16,20000,bf16,1.0,11,57.382182121276855,0.7970001535774465,1.0,1.0,fa4,dv,0.006236295086118122,0.9999805652683333,0.009884916034091203
l_kohakufa_fp16,20000,bf16,1.0,11,57.382182121276855,0.7970001535774465,1.0,1.0,kohakufa,dq,0.01620448029414373,0.9998687023550977,0.01653774542171227
l_kohakufa_fp16,20000,bf16,1.0,11,57.382182121276855,0.7970001535774465,1.0,1.0,kohakufa,dk,0.05031571916108496,0.9987339226957364,0.036916564010357124
l_kohakufa_fp16,20000,bf16,1.0,11,57.382182121276855,0.7970001535774465,1.0,1.0,kohakufa,dv,0.0062362955526037815,0.999980565264899,0.009884916034091203
l_kohakufa_fp16,20000,bf16,1.0,11,57.382182121276855,0.7970001535774465,1.0,1.0,floor,dq,0.016031508068395574,0.9998716110583217,0.01650935599428207
l_kohakufa_fp16,20000,bf16,1.0,11,57.382182121276855,0.7970001535774465,1.0,1.0,floor,dk,0.05023204105540744,0.998739514664432,0.03647335421870598
l_kohakufa_fp16,20000,bf16,1.0,11,57.382182121276855,0.7970001535774465,1.0,1.0,floor,dv,0.005989206400219823,0.9999820695847464,0.008080511223976914
l_kohakufa_fp16,20000,bf16,1.0,11,57.382182121276855,0.7970001535774465,1.0,1.0,scale*dS,dq,0.016031508068395574,0.9998716110583217,0.01650935599428207
l_kohakufa_fp16,20000,bf16,1.0,11,57.382182121276855,0.7970001535774465,1.0,1.0,scale*dS,dk,0.05023204105540744,0.998739514664432,0.03647335421870598
l_kohakufa_fp16,20000,bf16,1.0,11,57.382182121276855,0.7970001535774465,1.0,1.0,scale*dS,dv,0.005989206400219823,0.9999820695847464,0.008080511223976914
l_kohakufa_fp16,20000,bf16,1.0,11,57.382182121276855,0.7970001535774465,1.0,1.0,single lse,dq,0.016030907539062462,0.9998716206555684,0.01650935599428207
l_kohakufa_fp16,20000,bf16,1.0,11,57.382182121276855,0.7970001535774465,1.0,1.0,single lse,dk,0.05023261239461181,0.9987394847316176,0.03647335421870598
l_kohakufa_fp16,20000,bf16,1.0,11,57.382182121276855,0.7970001535774465,1.0,1.0,single lse,dv,0.005989312873505714,0.9999820689581312,0.008080511223976914
l_kohakufa_fp16,20000,bf16,1.0,11,57.382182121276855,0.7970001535774465,1.0,1.0,scale-shift,dq,0.016031495712276307,0.999871611257358,0.01650935599428207
l_kohakufa_fp16,20000,bf16,1.0,11,57.382182121276855,0.7970001535774465,1.0,1.0,scale-shift,dk,0.050221807735378536,0.9987400346363184,0.03647335421870598
l_kohakufa_fp16,20000,bf16,1.0,11,57.382182121276855,0.7970001535774465,1.0,1.0,scale-shift,dv,0.005989207980242155,0.9999820695785901,0.008080511223976914
l_kohakufa_fp16,20000,bf16,1.0,11,57.382182121276855,0.7970001535774465,1.0,1.0,all three,dq,0.016031299877760096,0.999871614390978,0.01650935599428207
l_kohakufa_fp16,20000,bf16,1.0,11,57.382182121276855,0.7970001535774465,1.0,1.0,all three,dk,0.05022282460699346,0.9987399831369985,0.03647335421870598
l_kohakufa_fp16,20000,bf16,1.0,11,57.382182121276855,0.7970001535774465,1.0,1.0,all three,dv,0.005989361416867788,0.9999820686672659,0.008080511223976914
l_kohakufa_fp16,20000,bf16,1.0,12,88.95593343675137,0.840343116918995,1.0,1.0,cudnn,dq,0.11479208253932646,0.9934812298131163,0.14740041836810644
l_kohakufa_fp16,20000,bf16,1.0,12,88.95593343675137,0.840343116918995,1.0,1.0,cudnn,dk,0.09644019623497209,0.9953443144517126,0.14924022125366052
l_kohakufa_fp16,20000,bf16,1.0,12,88.95593343675137,0.840343116918995,1.0,1.0,cudnn,dv,0.002399612134987917,0.999997121577002,0.0032909763376490282
l_kohakufa_fp16,20000,bf16,1.0,12,88.95593343675137,0.840343116918995,1.0,1.0,efficient,dq,0.11488772885376915,0.9934695131242081,0.1480048489010728
l_kohakufa_fp16,20000,bf16,1.0,12,88.95593343675137,0.840343116918995,1.0,1.0,efficient,dk,0.09629238780884081,0.9953593499890547,0.14924022125366052
l_kohakufa_fp16,20000,bf16,1.0,12,88.95593343675137,0.840343116918995,1.0,1.0,efficient,dv,0.002399662899566554,0.9999971214598291,0.0032909763376490282
l_kohakufa_fp16,20000,bf16,1.0,12,88.95593343675137,0.840343116918995,1.0,1.0,flex,dq,0.11472963411126481,0.9934881808455233,0.14740041836810644
l_kohakufa_fp16,20000,bf16,1.0,12,88.95593343675137,0.840343116918995,1.0,1.0,flex,dk,0.09643498976063837,0.9953448624491391,0.14924022125366052
l_kohakufa_fp16,20000,bf16,1.0,12,88.95593343675137,0.840343116918995,1.0,1.0,flex,dv,0.0023995533690884673,0.9999971217209138,0.0032909763376490282
l_kohakufa_fp16,20000,bf16,1.0,12,88.95593343675137,0.840343116918995,1.0,1.0,fa4,dq,0.11322550647725181,0.9936561238182158,0.14740041836810644
l_kohakufa_fp16,20000,bf16,1.0,12,88.95593343675137,0.840343116918995,1.0,1.0,fa4,dk,0.09484974815685197,0.9955000555181119,0.15011284090650365
l_kohakufa_fp16,20000,bf16,1.0,12,88.95593343675137,0.840343116918995,1.0,1.0,fa4,dv,0.002399663699588341,0.9999971214579261,0.0032909763376490282
l_kohakufa_fp16,20000,bf16,1.0,12,88.95593343675137,0.840343116918995,1.0,1.0,kohakufa,dq,0.11488614693398275,0.9934697138381411,0.1480048489010728
l_kohakufa_fp16,20000,bf16,1.0,12,88.95593343675137,0.840343116918995,1.0,1.0,kohakufa,dk,0.0962885959772447,0.9953597720648584,0.14924022125366052
l_kohakufa_fp16,20000,bf16,1.0,12,88.95593343675137,0.840343116918995,1.0,1.0,kohakufa,dv,0.0023995534278362313,0.9999971217207797,0.0032909763376490282
l_kohakufa_fp16,20000,bf16,1.0,12,88.95593343675137,0.840343116918995,1.0,1.0,floor,dq,0.11471769266388787,0.9934876220850859,0.14757799715353598
l_kohakufa_fp16,20000,bf16,1.0,12,88.95593343675137,0.840343116918995,1.0,1.0,floor,dk,0.09644809990409177,0.9953439119301786,0.14933034629530867
l_kohakufa_fp16,20000,bf16,1.0,12,88.95593343675137,0.840343116918995,1.0,1.0,floor,dv,0.0017098603435095193,0.9999985382255908,0.001597523551899635
l_kohakufa_fp16,20000,bf16,1.0,12,88.95593343675137,0.840343116918995,1.0,1.0,scale*dS,dq,0.11471769266388787,0.9934876220850859,0.14757799715353598
l_kohakufa_fp16,20000,bf16,1.0,12,88.95593343675137,0.840343116918995,1.0,1.0,scale*dS,dk,0.09644809990409177,0.9953439119301786,0.14933034629530867
l_kohakufa_fp16,20000,bf16,1.0,12,88.95593343675137,0.840343116918995,1.0,1.0,scale*dS,dv,0.0017098603435095193,0.9999985382255908,0.001597523551899635
l_kohakufa_fp16,20000,bf16,1.0,12,88.95593343675137,0.840343116918995,1.0,1.0,single lse,dq,0.1147176926667938,0.993487622082749,0.14757799715353598
l_kohakufa_fp16,20000,bf16,1.0,12,88.95593343675137,0.840343116918995,1.0,1.0,single lse,dk,0.09644809985236792,0.9953439119356735,0.14933034629530867
l_kohakufa_fp16,20000,bf16,1.0,12,88.95593343675137,0.840343116918995,1.0,1.0,single lse,dv,0.0017093346164346916,0.9999985391306787,0.001597523551899635
l_kohakufa_fp16,20000,bf16,1.0,12,88.95593343675137,0.840343116918995,1.0,1.0,scale-shift,dq,0.11471765427443015,0.9934876268283082,0.14757799715353598
l_kohakufa_fp16,20000,bf16,1.0,12,88.95593343675137,0.840343116918995,1.0,1.0,scale-shift,dk,0.09644965305552246,0.9953437575136258,0.14933034629530867
l_kohakufa_fp16,20000,bf16,1.0,12,88.95593343675137,0.840343116918995,1.0,1.0,scale-shift,dv,0.0017093346209992144,0.9999985391306567,0.001597523551899635
l_kohakufa_fp16,20000,bf16,1.0,12,88.95593343675137,0.840343116918995,1.0,1.0,all three,dq,0.11471484892854818,0.9934879422503192,0.14757799715353598
l_kohakufa_fp16,20000,bf16,1.0,12,88.95593343675137,0.840343116918995,1.0,1.0,all three,dk,0.09644964252364735,0.9953437578011767,0.14933034629530867
l_kohakufa_fp16,20000,bf16,1.0,12,88.95593343675137,0.840343116918995,1.0,1.0,all three,dv,0.0017093346143834654,0.99999853913072,0.001597523551899635
l_kohakufa_fp16,20000,bf16,1.0,13,86.81051802635193,0.7257519498728268,1.0,1.0,cudnn,dq,0.030646828410341838,0.9995305012543413,0.020964499179526308
l_kohakufa_fp16,20000,bf16,1.0,13,86.81051802635193,0.7257519498728268,1.0,1.0,cudnn,dk,0.03236368885342158,0.9994761641659552,0.03718285064969289
l_kohakufa_fp16,20000,bf16,1.0,13,86.81051802635193,0.7257519498728268,1.0,1.0,cudnn,dv,0.002910887451383193,0.9999957797221644,0.002646168748206732
l_kohakufa_fp16,20000,bf16,1.0,13,86.81051802635193,0.7257519498728268,1.0,1.0,efficient,dq,0.030583884740722517,0.9995324034386761,0.020964499179526308
l_kohakufa_fp16,20000,bf16,1.0,13,86.81051802635193,0.7257519498728268,1.0,1.0,efficient,dk,0.03242649089331122,0.999474124484035,0.03718285064969289
l_kohakufa_fp16,20000,bf16,1.0,13,86.81051802635193,0.7257519498728268,1.0,1.0,efficient,dv,0.002910838990511636,0.9999957798874862,0.002646168748206732
l_kohakufa_fp16,20000,bf16,1.0,13,86.81051802635193,0.7257519498728268,1.0,1.0,flex,dq,0.03066382029412022,0.9995299812386994,0.020964499179526308
l_kohakufa_fp16,20000,bf16,1.0,13,86.81051802635193,0.7257519498728268,1.0,1.0,flex,dk,0.032380464045610374,0.9994756248937673,0.03718285064969289
l_kohakufa_fp16,20000,bf16,1.0,13,86.81051802635193,0.7257519498728268,1.0,1.0,flex,dv,0.002908603583110077,0.9999957863201469,0.002646168748206732
l_kohakufa_fp16,20000,bf16,1.0,13,86.81051802635193,0.7257519498728268,1.0,1.0,fa4,dq,0.03706695034409681,0.999313581975177,0.03387965080800764
l_kohakufa_fp16,20000,bf16,1.0,13,86.81051802635193,0.7257519498728268,1.0,1.0,fa4,dk,0.03707770456127808,0.9993124650075594,0.04737607670642699
l_kohakufa_fp16,20000,bf16,1.0,13,86.81051802635193,0.7257519498728268,1.0,1.0,fa4,dv,0.002910893671506258,0.9999957797150631,0.002646168748206732
l_kohakufa_fp16,20000,bf16,1.0,13,86.81051802635193,0.7257519498728268,1.0,1.0,kohakufa,dq,0.030584004312965006,0.9995323998113795,0.020964499179526308
l_kohakufa_fp16,20000,bf16,1.0,13,86.81051802635193,0.7257519498728268,1.0,1.0,kohakufa,dk,0.0324270079892705,0.999474107772116,0.03718285064969289
l_kohakufa_fp16,20000,bf16,1.0,13,86.81051802635193,0.7257519498728268,1.0,1.0,kohakufa,dv,0.0029108925922333695,0.9999957797180643,0.002646168748206732
l_kohakufa_fp16,20000,bf16,1.0,13,86.81051802635193,0.7257519498728268,1.0,1.0,floor,dq,0.030625174195209253,0.9995311345427299,0.020957833679942254
l_kohakufa_fp16,20000,bf16,1.0,13,86.81051802635193,0.7257519498728268,1.0,1.0,floor,dk,0.032311341135787174,0.9994778532107695,0.03720941995041593
l_kohakufa_fp16,20000,bf16,1.0,13,86.81051802635193,0.7257519498728268,1.0,1.0,floor,dv,0.002473318664391743,0.9999969512040331,0.0025021606898142407
l_kohakufa_fp16,20000,bf16,1.0,13,86.81051802635193,0.7257519498728268,1.0,1.0,scale*dS,dq,0.030625174195209253,0.9995311345427299,0.020957833679942254
l_kohakufa_fp16,20000,bf16,1.0,13,86.81051802635193,0.7257519498728268,1.0,1.0,scale*dS,dk,0.032311341135787174,0.9994778532107695,0.03720941995041593
l_kohakufa_fp16,20000,bf16,1.0,13,86.81051802635193,0.7257519498728268,1.0,1.0,scale*dS,dv,0.002473318664391743,0.9999969512040331,0.0025021606898142407
l_kohakufa_fp16,20000,bf16,1.0,13,86.81051802635193,0.7257519498728268,1.0,1.0,single lse,dq,0.03062517460658795,0.9995311345313668,0.020957833679942254
l_kohakufa_fp16,20000,bf16,1.0,13,86.81051802635193,0.7257519498728268,1.0,1.0,single lse,dk,0.03231134150284257,0.9994778531989017,0.03720941995041593
l_kohakufa_fp16,20000,bf16,1.0,13,86.81051802635193,0.7257519498728268,1.0,1.0,single lse,dv,0.002472361494386174,0.9999969535629627,0.0025021606898142407
l_kohakufa_fp16,20000,bf16,1.0,13,86.81051802635193,0.7257519498728268,1.0,1.0,scale-shift,dq,0.030625164777507576,0.9995311348312129,0.020957833679942254
l_kohakufa_fp16,20000,bf16,1.0,13,86.81051802635193,0.7257519498728268,1.0,1.0,scale-shift,dk,0.032311396294422964,0.9994778514284367,0.03720941995041593
l_kohakufa_fp16,20000,bf16,1.0,13,86.81051802635193,0.7257519498728268,1.0,1.0,scale-shift,dv,0.0024733186317450226,0.999996951204602,0.0025021606898142407
l_kohakufa_fp16,20000,bf16,1.0,13,86.81051802635193,0.7257519498728268,1.0,1.0,all three,dq,0.030625162877688714,0.999531134889037,0.020957833679942254
l_kohakufa_fp16,20000,bf16,1.0,13,86.81051802635193,0.7257519498728268,1.0,1.0,all three,dk,0.032311395922113934,0.9994778514405634,0.03720941995041593
l_kohakufa_fp16,20000,bf16,1.0,13,86.81051802635193,0.7257519498728268,1.0,1.0,all three,dv,0.0024725359110386825,0.9999969531463315,0.0025021606898142407
l_kohakufa_fp16,20000,bf16,1.0,14,10.2601832523942,0.6297396336073982,1.0,1.0,cudnn,dq,0.009626504290989366,0.9999536647425702,0.004417902577910072
l_kohakufa_fp16,20000,bf16,1.0,14,10.2601832523942,0.6297396336073982,1.0,1.0,cudnn,dk,0.034541807457209237,0.999403348440655,0.04718276177792938
l_kohakufa_fp16,20000,bf16,1.0,14,10.2601832523942,0.6297396336073982,1.0,1.0,cudnn,dv,0.009714059261127016,0.9999528345707536,0.014416941751123897
l_kohakufa_fp16,20000,bf16,1.0,14,10.2601832523942,0.6297396336073982,1.0,1.0,efficient,dq,0.009683732817765479,0.9999531147019793,0.004417902577910072
l_kohakufa_fp16,20000,bf16,1.0,14,10.2601832523942,0.6297396336073982,1.0,1.0,efficient,dk,0.034506666126664066,0.999404961591051,0.047002531318853076
l_kohakufa_fp16,20000,bf16,1.0,14,10.2601832523942,0.6297396336073982,1.0,1.0,efficient,dv,0.00971293019998508,0.9999528455123214,0.014416941751123897
l_kohakufa_fp16,20000,bf16,1.0,14,10.2601832523942,0.6297396336073982,1.0,1.0,flex,dq,0.009624227112525092,0.9999536863807225,0.004417902577910072
l_kohakufa_fp16,20000,bf16,1.0,14,10.2601832523942,0.6297396336073982,1.0,1.0,flex,dk,0.034543242275293665,0.9994033165255941,0.047002531318853076
l_kohakufa_fp16,20000,bf16,1.0,14,10.2601832523942,0.6297396336073982,1.0,1.0,flex,dv,0.009714395435159456,0.9999528308742104,0.014416941751123897
l_kohakufa_fp16,20000,bf16,1.0,14,10.2601832523942,0.6297396336073982,1.0,1.0,fa4,dq,0.009659339156918299,0.9999533479459679,0.004417902577910072
l_kohakufa_fp16,20000,bf16,1.0,14,10.2601832523942,0.6297396336073982,1.0,1.0,fa4,dk,0.03452696408897058,0.9994040650565335,0.04808391407331086
l_kohakufa_fp16,20000,bf16,1.0,14,10.2601832523942,0.6297396336073982,1.0,1.0,fa4,dv,0.00971430520100244,0.9999528321236707,0.014416941751123897
l_kohakufa_fp16,20000,bf16,1.0,14,10.2601832523942,0.6297396336073982,1.0,1.0,kohakufa,dq,0.009683650366000156,0.9999531154982471,0.004417902577910072
l_kohakufa_fp16,20000,bf16,1.0,14,10.2601832523942,0.6297396336073982,1.0,1.0,kohakufa,dk,0.03449733924088749,0.9994052507473092,0.047002531318853076
l_kohakufa_fp16,20000,bf16,1.0,14,10.2601832523942,0.6297396336073982,1.0,1.0,kohakufa,dv,0.009717608552253731,0.9999528000129381,0.014416941751123897
l_kohakufa_fp16,20000,bf16,1.0,14,10.2601832523942,0.6297396336073982,1.0,1.0,floor,dq,0.009494668813040336,0.9999549252132156,0.0044040471720113526
l_kohakufa_fp16,20000,bf16,1.0,14,10.2601832523942,0.6297396336073982,1.0,1.0,floor,dk,0.03450633650314558,0.9994046645330876,0.04710549088370489
l_kohakufa_fp16,20000,bf16,1.0,14,10.2601832523942,0.6297396336073982,1.0,1.0,floor,dv,0.009584300540689912,0.9999540837729171,0.014455491691721308
l_kohakufa_fp16,20000,bf16,1.0,14,10.2601832523942,0.6297396336073982,1.0,1.0,scale*dS,dq,0.009494668813040336,0.9999549252132156,0.0044040471720113526
l_kohakufa_fp16,20000,bf16,1.0,14,10.2601832523942,0.6297396336073982,1.0,1.0,scale*dS,dk,0.03450633650314558,0.9994046645330876,0.04710549088370489
l_kohakufa_fp16,20000,bf16,1.0,14,10.2601832523942,0.6297396336073982,1.0,1.0,scale*dS,dv,0.009584300540689912,0.9999540837729171,0.014455491691721308
l_kohakufa_fp16,20000,bf16,1.0,14,10.2601832523942,0.6297396336073982,1.0,1.0,single lse,dq,0.00949464258389765,0.9999549254772158,0.0044040471720113526
l_kohakufa_fp16,20000,bf16,1.0,14,10.2601832523942,0.6297396336073982,1.0,1.0,single lse,dk,0.034506268369256035,0.9994046668695221,0.04710549088370489
l_kohakufa_fp16,20000,bf16,1.0,14,10.2601832523942,0.6297396336073982,1.0,1.0,single lse,dv,0.00958467791034969,0.9999540802614084,0.014455491691721308
l_kohakufa_fp16,20000,bf16,1.0,14,10.2601832523942,0.6297396336073982,1.0,1.0,scale-shift,dq,0.009494600416101213,0.9999549258683417,0.0044040471720113526
l_kohakufa_fp16,20000,bf16,1.0,14,10.2601832523942,0.6297396336073982,1.0,1.0,scale-shift,dk,0.03451649606631796,0.9994043105441828,0.04710549088370489
l_kohakufa_fp16,20000,bf16,1.0,14,10.2601832523942,0.6297396336073982,1.0,1.0,scale-shift,dv,0.00958430055187738,0.9999540837727648,0.014455491691721308
l_kohakufa_fp16,20000,bf16,1.0,14,10.2601832523942,0.6297396336073982,1.0,1.0,all three,dq,0.009494571962223442,0.999954926154612,0.0044040471720113526
l_kohakufa_fp16,20000,bf16,1.0,14,10.2601832523942,0.6297396336073982,1.0,1.0,all three,dk,0.034516436842059024,0.9994043125610927,0.04710549088370489
l_kohakufa_fp16,20000,bf16,1.0,14,10.2601832523942,0.6297396336073982,1.0,1.0,all three,dv,0.009583501943796277,0.9999540919529019,0.014455491691721308
l_kohakufa_fp16,20000,bf16,1.0,15,53.7486829161644,0.5674583129254922,1.0,1.0,cudnn,dq,0.005537030287019193,0.9999846827173913,0.0053477865721221155
l_kohakufa_fp16,20000,bf16,1.0,15,53.7486829161644,0.5674583129254922,1.0,1.0,cudnn,dk,0.00902968019279081,0.9999592987437027,0.013362761852089493
l_kohakufa_fp16,20000,bf16,1.0,15,53.7486829161644,0.5674583129254922,1.0,1.0,cudnn,dv,0.004680355219795331,0.9999891176373856,0.006673465691171458
l_kohakufa_fp16,20000,bf16,1.0,15,53.7486829161644,0.5674583129254922,1.0,1.0,efficient,dq,0.0057968827011226015,0.9999832209358194,0.005653932179480074
l_kohakufa_fp16,20000,bf16,1.0,15,53.7486829161644,0.5674583129254922,1.0,1.0,efficient,dk,0.009717316477160948,0.9999527943743587,0.01199759919861734
l_kohakufa_fp16,20000,bf16,1.0,15,53.7486829161644,0.5674583129254922,1.0,1.0,efficient,dv,0.004681842030288926,0.9999891101489842,0.006673465691171458
l_kohakufa_fp16,20000,bf16,1.0,15,53.7486829161644,0.5674583129254922,1.0,1.0,flex,dq,0.005538448382975866,0.9999846764487316,0.0053477865721221155
l_kohakufa_fp16,20000,bf16,1.0,15,53.7486829161644,0.5674583129254922,1.0,1.0,flex,dk,0.009013831307803144,0.999959470786017,0.012227449084375808
l_kohakufa_fp16,20000,bf16,1.0,15,53.7486829161644,0.5674583129254922,1.0,1.0,flex,dv,0.004681539220738784,0.9999891120073151,0.006673465691171458
l_kohakufa_fp16,20000,bf16,1.0,15,53.7486829161644,0.5674583129254922,1.0,1.0,fa4,dq,0.006284809696245597,0.9999802595495378,0.00973001437489828
l_kohakufa_fp16,20000,bf16,1.0,15,53.7486829161644,0.5674583129254922,1.0,1.0,fa4,dk,0.00968715775990732,0.9999530793564062,0.014171379905374915
l_kohakufa_fp16,20000,bf16,1.0,15,53.7486829161644,0.5674583129254922,1.0,1.0,fa4,dv,0.004686081979728059,0.9999890897486658,0.006673465691171458
l_kohakufa_fp16,20000,bf16,1.0,15,53.7486829161644,0.5674583129254922,1.0,1.0,kohakufa,dq,0.005789899652116515,0.9999832612709204,0.005653932179480074
l_kohakufa_fp16,20000,bf16,1.0,15,53.7486829161644,0.5674583129254922,1.0,1.0,kohakufa,dk,0.00969915209308062,0.9999529704336044,0.01199759919861734
l_kohakufa_fp16,20000,bf16,1.0,15,53.7486829161644,0.5674583129254922,1.0,1.0,kohakufa,dv,0.00468209473321596,0.9999891089292468,0.006673465691171458
l_kohakufa_fp16,20000,bf16,1.0,15,53.7486829161644,0.5674583129254922,1.0,1.0,floor,dq,0.005266058623788396,0.9999861357236542,0.005367618884944045
l_kohakufa_fp16,20000,bf16,1.0,15,53.7486829161644,0.5674583129254922,1.0,1.0,floor,dk,0.008834394715745804,0.9999610319899388,0.012560716922486137
l_kohakufa_fp16,20000,bf16,1.0,15,53.7486829161644,0.5674583129254922,1.0,1.0,floor,dv,0.004366295255290681,0.9999905347520746,0.005994948121659553
l_kohakufa_fp16,20000,bf16,1.0,15,53.7486829161644,0.5674583129254922,1.0,1.0,scale*dS,dq,0.005266058623788396,0.9999861357236542,0.005367618884944045
l_kohakufa_fp16,20000,bf16,1.0,15,53.7486829161644,0.5674583129254922,1.0,1.0,scale*dS,dk,0.008834394715745804,0.9999610319899388,0.012560716922486137
l_kohakufa_fp16,20000,bf16,1.0,15,53.7486829161644,0.5674583129254922,1.0,1.0,scale*dS,dv,0.004366295255290681,0.9999905347520746,0.005994948121659553
l_kohakufa_fp16,20000,bf16,1.0,15,53.7486829161644,0.5674583129254922,1.0,1.0,single lse,dq,0.005266058976150875,0.9999861357216312,0.005367618884944045
l_kohakufa_fp16,20000,bf16,1.0,15,53.7486829161644,0.5674583129254922,1.0,1.0,single lse,dk,0.008834394049335226,0.9999610319957686,0.012560716922486137
l_kohakufa_fp16,20000,bf16,1.0,15,53.7486829161644,0.5674583129254922,1.0,1.0,single lse,dv,0.004364128961648662,0.999990544235588,0.005994948121659553
l_kohakufa_fp16,20000,bf16,1.0,15,53.7486829161644,0.5674583129254922,1.0,1.0,scale-shift,dq,0.0052660893685744095,0.9999861355614366,0.005367618884944045
l_kohakufa_fp16,20000,bf16,1.0,15,53.7486829161644,0.5674583129254922,1.0,1.0,scale-shift,dk,0.008829272669526139,0.9999610779163444,0.012477810265240568
l_kohakufa_fp16,20000,bf16,1.0,15,53.7486829161644,0.5674583129254922,1.0,1.0,scale-shift,dv,0.00436628690522772,0.9999905347836502,0.005994948121659553
l_kohakufa_fp16,20000,bf16,1.0,15,53.7486829161644,0.5674583129254922,1.0,1.0,all three,dq,0.005266080323665467,0.999986135609056,0.005367618884944045
l_kohakufa_fp16,20000,bf16,1.0,15,53.7486829161644,0.5674583129254922,1.0,1.0,all three,dk,0.008827736197095717,0.999961091385139,0.012477810265240568
l_kohakufa_fp16,20000,bf16,1.0,15,53.7486829161644,0.5674583129254922,1.0,1.0,all three,dv,0.004366354146252142,0.999990534532097,0.005994948121659553
l_kohakufa_fp16,20000,bf16,1.0,16,14.66646808385849,0.6419431770372386,1.0,1.0,cudnn,dq,0.005528003051576775,0.9999847384377466,0.0027123357409215816
l_kohakufa_fp16,20000,bf16,1.0,16,14.66646808385849,0.6419431770372386,1.0,1.0,cudnn,dk,0.009913185685942898,0.9999509722385692,0.01775578882464993
l_kohakufa_fp16,20000,bf16,1.0,16,14.66646808385849,0.6419431770372386,1.0,1.0,cudnn,dv,0.008732862701849416,0.9999622671338291,0.017261498894955388
l_kohakufa_fp16,20000,bf16,1.0,16,14.66646808385849,0.6419431770372386,1.0,1.0,efficient,dq,0.0059037809192708,0.9999827754295274,0.0038686266628807572
l_kohakufa_fp16,20000,bf16,1.0,16,14.66646808385849,0.6419431770372386,1.0,1.0,efficient,dk,0.010226898726564048,0.9999482272813672,0.01775578882464993
l_kohakufa_fp16,20000,bf16,1.0,16,14.66646808385849,0.6419431770372386,1.0,1.0,efficient,dv,0.008734753158939864,0.9999622493079032,0.017261498894955388
l_kohakufa_fp16,20000,bf16,1.0,16,14.66646808385849,0.6419431770372386,1.0,1.0,flex,dq,0.005529234394396029,0.9999847328972715,0.0027123357409215816
l_kohakufa_fp16,20000,bf16,1.0,16,14.66646808385849,0.6419431770372386,1.0,1.0,flex,dk,0.009899781780468641,0.9999511038442528,0.01775578882464993
l_kohakufa_fp16,20000,bf16,1.0,16,14.66646808385849,0.6419431770372386,1.0,1.0,flex,dv,0.00873505627774014,0.999962245400338,0.017261498894955388
l_kohakufa_fp16,20000,bf16,1.0,16,14.66646808385849,0.6419431770372386,1.0,1.0,fa4,dq,0.005706062787816573,0.9999837935603266,0.0036321166835760485
l_kohakufa_fp16,20000,bf16,1.0,16,14.66646808385849,0.6419431770372386,1.0,1.0,fa4,dk,0.009776592472998304,0.9999523033963862,0.01775578882464993
l_kohakufa_fp16,20000,bf16,1.0,16,14.66646808385849,0.6419431770372386,1.0,1.0,fa4,dv,0.008735902160256407,0.9999622382661091,0.017261498894955388
l_kohakufa_fp16,20000,bf16,1.0,16,14.66646808385849,0.6419431770372386,1.0,1.0,kohakufa,dq,0.0059037491822586064,0.9999827756293296,0.0038686266628807572
l_kohakufa_fp16,20000,bf16,1.0,16,14.66646808385849,0.6419431770372386,1.0,1.0,kohakufa,dk,0.010242964532674115,0.9999480656199238,0.01775578882464993
l_kohakufa_fp16,20000,bf16,1.0,16,14.66646808385849,0.6419431770372386,1.0,1.0,kohakufa,dv,0.008734886065893701,0.9999622481733504,0.017261498894955388
l_kohakufa_fp16,20000,bf16,1.0,16,14.66646808385849,0.6419431770372386,1.0,1.0,floor,dq,0.005247159194542434,0.9999862426665361,0.002703525519111111
l_kohakufa_fp16,20000,bf16,1.0,16,14.66646808385849,0.6419431770372386,1.0,1.0,floor,dk,0.009770723911293147,0.9999523463755812,0.017693470484077982
l_kohakufa_fp16,20000,bf16,1.0,16,14.66646808385849,0.6419431770372386,1.0,1.0,floor,dv,0.008534333239293182,0.9999639452956431,0.014954019626512481
l_kohakufa_fp16,20000,bf16,1.0,16,14.66646808385849,0.6419431770372386,1.0,1.0,scale*dS,dq,0.005247159194542434,0.9999862426665361,0.002703525519111111
l_kohakufa_fp16,20000,bf16,1.0,16,14.66646808385849,0.6419431770372386,1.0,1.0,scale*dS,dk,0.009770723911293147,0.9999523463755812,0.017693470484077982
l_kohakufa_fp16,20000,bf16,1.0,16,14.66646808385849,0.6419431770372386,1.0,1.0,scale*dS,dv,0.008534333239293182,0.9999639452956431,0.014954019626512481
l_kohakufa_fp16,20000,bf16,1.0,16,14.66646808385849,0.6419431770372386,1.0,1.0,single lse,dq,0.005247159474784798,0.9999862426652462,0.002703525519111111
l_kohakufa_fp16,20000,bf16,1.0,16,14.66646808385849,0.6419431770372386,1.0,1.0,single lse,dk,0.009770725369623217,0.9999523463579748,0.017693470484077982
l_kohakufa_fp16,20000,bf16,1.0,16,14.66646808385849,0.6419431770372386,1.0,1.0,single lse,dv,0.008534333341932878,0.9999639452945932,0.014954019626512481
l_kohakufa_fp16,20000,bf16,1.0,16,14.66646808385849,0.6419431770372386,1.0,1.0,scale-shift,dq,0.005247167492526053,0.9999862426264219,0.002703525519111111
l_kohakufa_fp16,20000,bf16,1.0,16,14.66646808385849,0.6419431770372386,1.0,1.0,scale-shift,dk,0.009770443522647785,0.9999523492683422,0.017693470484077982
l_kohakufa_fp16,20000,bf16,1.0,16,14.66646808385849,0.6419431770372386,1.0,1.0,scale-shift,dv,0.008534333291883776,0.999963945295528,0.014954019626512481
l_kohakufa_fp16,20000,bf16,1.0,16,14.66646808385849,0.6419431770372386,1.0,1.0,all three,dq,0.005247166769610533,0.9999862426307407,0.002703525519111111
l_kohakufa_fp16,20000,bf16,1.0,16,14.66646808385849,0.6419431770372386,1.0,1.0,all three,dk,0.009770431202074855,0.9999523493923949,0.017693470484077982
l_kohakufa_fp16,20000,bf16,1.0,16,14.66646808385849,0.6419431770372386,1.0,1.0,all three,dv,0.008534333406875042,0.9999639452941819,0.014954019626512481
l_kohakufa_fp16,20000,bf16,1.0,17,66.11197519302368,0.7640457214744094,1.0,1.0,cudnn,dq,0.03262369268458881,0.9994684591475641,0.03386716308721049
l_kohakufa_fp16,20000,bf16,1.0,17,66.11197519302368,0.7640457214744094,1.0,1.0,cudnn,dk,0.024090970659048427,0.9997108403902809,0.02553668089538364
l_kohakufa_fp16,20000,bf16,1.0,17,66.11197519302368,0.7640457214744094,1.0,1.0,cudnn,dv,0.005141904550743521,0.9999867805177678,0.008078608796276079
l_kohakufa_fp16,20000,bf16,1.0,17,66.11197519302368,0.7640457214744094,1.0,1.0,efficient,dq,0.03247545197300033,0.9994734082773848,0.038375249927769826
l_kohakufa_fp16,20000,bf16,1.0,17,66.11197519302368,0.7640457214744094,1.0,1.0,efficient,dk,0.0243440903763605,0.9997048504273955,0.027505445204305867
l_kohakufa_fp16,20000,bf16,1.0,17,66.11197519302368,0.7640457214744094,1.0,1.0,efficient,dv,0.005140308529938794,0.9999867887521312,0.008078608796276079
l_kohakufa_fp16,20000,bf16,1.0,17,66.11197519302368,0.7640457214744094,1.0,1.0,flex,dq,0.03265327210188794,0.9994675110582371,0.03386716308721049
l_kohakufa_fp16,20000,bf16,1.0,17,66.11197519302368,0.7640457214744094,1.0,1.0,flex,dk,0.02411387709017845,0.9997102231324477,0.02553668089538364
l_kohakufa_fp16,20000,bf16,1.0,17,66.11197519302368,0.7640457214744094,1.0,1.0,flex,dv,0.0051368815815766656,0.9999868063413111,0.008078608796276079
l_kohakufa_fp16,20000,bf16,1.0,17,66.11197519302368,0.7640457214744094,1.0,1.0,fa4,dq,0.032624422003298466,0.9994684379422303,0.03386716308721049
l_kohakufa_fp16,20000,bf16,1.0,17,66.11197519302368,0.7640457214744094,1.0,1.0,fa4,dk,0.02405872098709563,0.9997116204715022,0.02553668089538364
l_kohakufa_fp16,20000,bf16,1.0,17,66.11197519302368,0.7640457214744094,1.0,1.0,fa4,dv,0.005137590740533551,0.9999868027008555,0.008078608796276079
l_kohakufa_fp16,20000,bf16,1.0,17,66.11197519302368,0.7640457214744094,1.0,1.0,kohakufa,dq,0.032475182274857864,0.9994734177748018,0.038375249927769826
l_kohakufa_fp16,20000,bf16,1.0,17,66.11197519302368,0.7640457214744094,1.0,1.0,kohakufa,dk,0.024356658104655104,0.9997045458871292,0.027505445204305867
l_kohakufa_fp16,20000,bf16,1.0,17,66.11197519302368,0.7640457214744094,1.0,1.0,kohakufa,dv,0.005136882925724815,0.999986806334354,0.008078608796276079
l_kohakufa_fp16,20000,bf16,1.0,17,66.11197519302368,0.7640457214744094,1.0,1.0,floor,dq,0.03255876636493633,0.9994706369847642,0.035773614969649634
l_kohakufa_fp16,20000,bf16,1.0,17,66.11197519302368,0.7640457214744094,1.0,1.0,floor,dk,0.023948195123934406,0.9997142651753762,0.025547128929803948
l_kohakufa_fp16,20000,bf16,1.0,17,66.11197519302368,0.7640457214744094,1.0,1.0,floor,dv,0.004838618596238505,0.9999882939648785,0.007946839338076033
l_kohakufa_fp16,20000,bf16,1.0,17,66.11197519302368,0.7640457214744094,1.0,1.0,scale*dS,dq,0.03255876636493633,0.9994706369847642,0.035773614969649634
l_kohakufa_fp16,20000,bf16,1.0,17,66.11197519302368,0.7640457214744094,1.0,1.0,scale*dS,dk,0.023948195123934406,0.9997142651753762,0.025547128929803948
l_kohakufa_fp16,20000,bf16,1.0,17,66.11197519302368,0.7640457214744094,1.0,1.0,scale*dS,dv,0.004838618596238505,0.9999882939648785,0.007946839338076033
l_kohakufa_fp16,20000,bf16,1.0,17,66.11197519302368,0.7640457214744094,1.0,1.0,single lse,dq,0.032558772596523615,0.9994706368650532,0.035773614969649634
l_kohakufa_fp16,20000,bf16,1.0,17,66.11197519302368,0.7640457214744094,1.0,1.0,single lse,dk,0.023948184205960784,0.9997142652848765,0.025547128929803948
l_kohakufa_fp16,20000,bf16,1.0,17,66.11197519302368,0.7640457214744094,1.0,1.0,single lse,dv,0.004838754465009416,0.9999882933076751,0.007946839338076033
l_kohakufa_fp16,20000,bf16,1.0,17,66.11197519302368,0.7640457214744094,1.0,1.0,scale-shift,dq,0.03271034306002841,0.9994656908596793,0.035773614969649634
l_kohakufa_fp16,20000,bf16,1.0,17,66.11197519302368,0.7640457214744094,1.0,1.0,scale-shift,dk,0.023998644644948237,0.9997130088577381,0.025547128929803948
l_kohakufa_fp16,20000,bf16,1.0,17,66.11197519302368,0.7640457214744094,1.0,1.0,scale-shift,dv,0.004838540600462531,0.999988294337894,0.007946839338076033
l_kohakufa_fp16,20000,bf16,1.0,17,66.11197519302368,0.7640457214744094,1.0,1.0,all three,dq,0.03271033445925543,0.9994656911511012,0.035773614969649634
l_kohakufa_fp16,20000,bf16,1.0,17,66.11197519302368,0.7640457214744094,1.0,1.0,all three,dk,0.023998886337404966,0.9997130040677544,0.025547128929803948
l_kohakufa_fp16,20000,bf16,1.0,17,66.11197519302368,0.7640457214744094,1.0,1.0,all three,dv,0.004838540427390741,0.99998829433879,0.007946839338076033
l_kohakufa_fp16,20000,bf16,1.0,18,66.41355895996094,0.8262976394846713,1.0,1.0,cudnn,dq,0.012819388895773175,0.9999178723978522,0.029727672661966933
l_kohakufa_fp16,20000,bf16,1.0,18,66.41355895996094,0.8262976394846713,1.0,1.0,cudnn,dk,0.009889754278917381,0.9999525384512998,0.014331483149275933
l_kohakufa_fp16,20000,bf16,1.0,18,66.41355895996094,0.8262976394846713,1.0,1.0,cudnn,dv,0.003036100111581314,0.999995413213127,0.00521675005335033
l_kohakufa_fp16,20000,bf16,1.0,18,66.41355895996094,0.8262976394846713,1.0,1.0,efficient,dq,0.01258805144882292,0.9999208655266312,0.029727672661966933
l_kohakufa_fp16,20000,bf16,1.0,18,66.41355895996094,0.8262976394846713,1.0,1.0,efficient,dk,0.009886736563962259,0.9999541695143764,0.014331483149275933
l_kohakufa_fp16,20000,bf16,1.0,18,66.41355895996094,0.8262976394846713,1.0,1.0,efficient,dv,0.0030354394817785086,0.9999954153355672,0.00521675005335033
l_kohakufa_fp16,20000,bf16,1.0,18,66.41355895996094,0.8262976394846713,1.0,1.0,flex,dq,0.012824096254929883,0.9999178121739465,0.029727672661966933
l_kohakufa_fp16,20000,bf16,1.0,18,66.41355895996094,0.8262976394846713,1.0,1.0,flex,dk,0.009897951740521634,0.9999524646261031,0.014331483149275933
l_kohakufa_fp16,20000,bf16,1.0,18,66.41355895996094,0.8262976394846713,1.0,1.0,flex,dv,0.0030351947828694426,0.9999954161232235,0.00521675005335033
l_kohakufa_fp16,20000,bf16,1.0,18,66.41355895996094,0.8262976394846713,1.0,1.0,fa4,dq,0.012754006318118124,0.9999187210108017,0.029727672661966933
l_kohakufa_fp16,20000,bf16,1.0,18,66.41355895996094,0.8262976394846713,1.0,1.0,fa4,dk,0.009885012652998508,0.9999524436858016,0.014331483149275933
l_kohakufa_fp16,20000,bf16,1.0,18,66.41355895996094,0.8262976394846713,1.0,1.0,fa4,dv,0.0030353524777368586,0.9999954156576354,0.00521675005335033
l_kohakufa_fp16,20000,bf16,1.0,18,66.41355895996094,0.8262976394846713,1.0,1.0,kohakufa,dq,0.012588335576200028,0.9999208621258867,0.029727672661966933
l_kohakufa_fp16,20000,bf16,1.0,18,66.41355895996094,0.8262976394846713,1.0,1.0,kohakufa,dk,0.009892328715029841,0.9999541140858917,0.014331483149275933
l_kohakufa_fp16,20000,bf16,1.0,18,66.41355895996094,0.8262976394846713,1.0,1.0,kohakufa,dv,0.0030358366731647966,0.9999954140530494,0.00521675005335033
l_kohakufa_fp16,20000,bf16,1.0,18,66.41355895996094,0.8262976394846713,1.0,1.0,floor,dq,0.012750078083839218,0.999918784241344,0.029337805147773458
l_kohakufa_fp16,20000,bf16,1.0,18,66.41355895996094,0.8262976394846713,1.0,1.0,floor,dk,0.009753365489584822,0.9999539566983675,0.014879266718393581
l_kohakufa_fp16,20000,bf16,1.0,18,66.41355895996094,0.8262976394846713,1.0,1.0,floor,dv,0.002566813639109498,0.9999967337659678,0.0035939986149938195
l_kohakufa_fp16,20000,bf16,1.0,18,66.41355895996094,0.8262976394846713,1.0,1.0,scale*dS,dq,0.012750078083839218,0.999918784241344,0.029337805147773458
l_kohakufa_fp16,20000,bf16,1.0,18,66.41355895996094,0.8262976394846713,1.0,1.0,scale*dS,dk,0.009753365489584822,0.9999539566983675,0.014879266718393581
l_kohakufa_fp16,20000,bf16,1.0,18,66.41355895996094,0.8262976394846713,1.0,1.0,scale*dS,dv,0.002566813639109498,0.9999967337659678,0.0035939986149938195
l_kohakufa_fp16,20000,bf16,1.0,18,66.41355895996094,0.8262976394846713,1.0,1.0,single lse,dq,0.012750056062994739,0.9999187845167128,0.029337805147773458
l_kohakufa_fp16,20000,bf16,1.0,18,66.41355895996094,0.8262976394846713,1.0,1.0,single lse,dk,0.009753359356470537,0.9999539567609772,0.014879266718393581
l_kohakufa_fp16,20000,bf16,1.0,18,66.41355895996094,0.8262976394846713,1.0,1.0,single lse,dv,0.002566857433753275,0.9999967337466421,0.0035939986149938195
l_kohakufa_fp16,20000,bf16,1.0,18,66.41355895996094,0.8262976394846713,1.0,1.0,scale-shift,dq,0.012740058077796433,0.9999189117444778,0.029337805147773458
l_kohakufa_fp16,20000,bf16,1.0,18,66.41355895996094,0.8262976394846713,1.0,1.0,scale-shift,dk,0.009743202668873996,0.99995405211704,0.014879266718393581
l_kohakufa_fp16,20000,bf16,1.0,18,66.41355895996094,0.8262976394846713,1.0,1.0,scale-shift,dv,0.0025667643289145727,0.9999967338927926,0.0035939986149938195
l_kohakufa_fp16,20000,bf16,1.0,18,66.41355895996094,0.8262976394846713,1.0,1.0,all three,dq,0.01274005667668538,0.9999189117505781,0.029337805147773458
l_kohakufa_fp16,20000,bf16,1.0,18,66.41355895996094,0.8262976394846713,1.0,1.0,all three,dk,0.009743202498681837,0.9999540521177238,0.014879266718393581
l_kohakufa_fp16,20000,bf16,1.0,18,66.41355895996094,0.8262976394846713,1.0,1.0,all three,dv,0.0025668573296870737,0.9999967337187325,0.0035939986149938195
l_kohakufa_fp16,20000,bf16,1.0,19,13.521826893091202,0.777485834627832,1.0,1.0,cudnn,dq,0.009435063005755926,0.9999555008308927,0.009308999359587814
l_kohakufa_fp16,20000,bf16,1.0,19,13.521826893091202,0.777485834627832,1.0,1.0,cudnn,dk,0.008468000769854118,0.9999641470702929,0.013864569295506973
l_kohakufa_fp16,20000,bf16,1.0,19,13.521826893091202,0.777485834627832,1.0,1.0,cudnn,dv,0.0030738592034441816,0.9999952766844514,0.004648985150023852
l_kohakufa_fp16,20000,bf16,1.0,19,13.521826893091202,0.777485834627832,1.0,1.0,efficient,dq,0.00928390113039285,0.9999569067249452,0.009308999359587814
l_kohakufa_fp16,20000,bf16,1.0,19,13.521826893091202,0.777485834627832,1.0,1.0,efficient,dk,0.008274760083319711,0.9999658252651411,0.013864569295506973
l_kohakufa_fp16,20000,bf16,1.0,19,13.521826893091202,0.777485834627832,1.0,1.0,efficient,dv,0.0030745476819891674,0.9999952745965782,0.004648985150023852
l_kohakufa_fp16,20000,bf16,1.0,19,13.521826893091202,0.777485834627832,1.0,1.0,flex,dq,0.009436193312495254,0.9999554883846441,0.009308999359587814
l_kohakufa_fp16,20000,bf16,1.0,19,13.521826893091202,0.777485834627832,1.0,1.0,flex,dk,0.008455347745764744,0.9999642536670804,0.013864569295506973
l_kohakufa_fp16,20000,bf16,1.0,19,13.521826893091202,0.777485834627832,1.0,1.0,flex,dv,0.003073573634615568,0.9999952775939439,0.004648985150023852
l_kohakufa_fp16,20000,bf16,1.0,19,13.521826893091202,0.777485834627832,1.0,1.0,fa4,dq,0.008572775827916048,0.9999632530913062,0.006112687221321422
l_kohakufa_fp16,20000,bf16,1.0,19,13.521826893091202,0.777485834627832,1.0,1.0,fa4,dk,0.007709189627583442,0.9999702883021665,0.009157917988895372
l_kohakufa_fp16,20000,bf16,1.0,19,13.521826893091202,0.777485834627832,1.0,1.0,fa4,dv,0.0030739309354800163,0.9999952764624539,0.004648985150023852
l_kohakufa_fp16,20000,bf16,1.0,19,13.521826893091202,0.777485834627832,1.0,1.0,kohakufa,dq,0.009283807779370212,0.9999569076330557,0.009308999359587814
l_kohakufa_fp16,20000,bf16,1.0,19,13.521826893091202,0.777485834627832,1.0,1.0,kohakufa,dk,0.008275149469255307,0.9999658226497486,0.013864569295506973
l_kohakufa_fp16,20000,bf16,1.0,19,13.521826893091202,0.777485834627832,1.0,1.0,kohakufa,dv,0.003073930719530232,0.999995276463106,0.004648985150023852
l_kohakufa_fp16,20000,bf16,1.0,19,13.521826893091202,0.777485834627832,1.0,1.0,floor,dq,0.008439982789769467,0.9999643830014772,0.006124411896357706
l_kohakufa_fp16,20000,bf16,1.0,19,13.521826893091202,0.777485834627832,1.0,1.0,floor,dk,0.007590830859470745,0.9999712012212725,0.00913280863667344
l_kohakufa_fp16,20000,bf16,1.0,19,13.521826893091202,0.777485834627832,1.0,1.0,floor,dv,0.0025567737564097326,0.9999967314995889,0.003152703165169232
l_kohakufa_fp16,20000,bf16,1.0,19,13.521826893091202,0.777485834627832,1.0,1.0,scale*dS,dq,0.008439982789769467,0.9999643830014772,0.006124411896357706
l_kohakufa_fp16,20000,bf16,1.0,19,13.521826893091202,0.777485834627832,1.0,1.0,scale*dS,dk,0.007590830859470745,0.9999712012212725,0.00913280863667344
l_kohakufa_fp16,20000,bf16,1.0,19,13.521826893091202,0.777485834627832,1.0,1.0,scale*dS,dv,0.0025567737564097326,0.9999967314995889,0.003152703165169232
l_kohakufa_fp16,20000,bf16,1.0,19,13.521826893091202,0.777485834627832,1.0,1.0,single lse,dq,0.008439975704914945,0.9999643830735797,0.006124411896357706
l_kohakufa_fp16,20000,bf16,1.0,19,13.521826893091202,0.777485834627832,1.0,1.0,single lse,dk,0.007590783843966035,0.99997120157969,0.00913280863667344
l_kohakufa_fp16,20000,bf16,1.0,19,13.521826893091202,0.777485834627832,1.0,1.0,single lse,dv,0.0025572539478872862,0.9999967302686609,0.003152703165169232
l_kohakufa_fp16,20000,bf16,1.0,19,13.521826893091202,0.777485834627832,1.0,1.0,scale-shift,dq,0.008439994636904067,0.9999643829027182,0.006124411896357706
l_kohakufa_fp16,20000,bf16,1.0,19,13.521826893091202,0.777485834627832,1.0,1.0,scale-shift,dk,0.007591047447923971,0.9999711994962815,0.00913280863667344
l_kohakufa_fp16,20000,bf16,1.0,19,13.521826893091202,0.777485834627832,1.0,1.0,scale-shift,dv,0.002556773755838456,0.9999967314995903,0.003152703165169232
l_kohakufa_fp16,20000,bf16,1.0,19,13.521826893091202,0.777485834627832,1.0,1.0,all three,dq,0.008439982021097713,0.9999643830197088,0.006124411896357706
l_kohakufa_fp16,20000,bf16,1.0,19,13.521826893091202,0.777485834627832,1.0,1.0,all three,dk,0.007591000471595199,0.9999711998543805,0.00913280863667344
l_kohakufa_fp16,20000,bf16,1.0,19,13.521826893091202,0.777485834627832,1.0,1.0,all three,dv,0.0025567737335679963,0.9999967314996464,0.003152703165169232
l_kohakufa_fp16,20000,bf16,1.0,20,11.178050227463245,0.7688672495688793,1.0,1.0,cudnn,dq,0.003788321566016444,0.9999928270991045,0.0042181894526080255
l_kohakufa_fp16,20000,bf16,1.0,20,11.178050227463245,0.7688672495688793,1.0,1.0,cudnn,dk,0.004495142378261555,0.9999899061113219,0.00541535540831574
l_kohakufa_fp16,20000,bf16,1.0,20,11.178050227463245,0.7688672495688793,1.0,1.0,cudnn,dv,0.002510191483128741,0.9999968532532424,0.002593596073556338
l_kohakufa_fp16,20000,bf16,1.0,20,11.178050227463245,0.7688672495688793,1.0,1.0,efficient,dq,0.0040076569548395105,0.9999921207800035,0.004122360553711107
l_kohakufa_fp16,20000,bf16,1.0,20,11.178050227463245,0.7688672495688793,1.0,1.0,efficient,dk,0.004869717254762173,0.999988296947262,0.00541535540831574
l_kohakufa_fp16,20000,bf16,1.0,20,11.178050227463245,0.7688672495688793,1.0,1.0,efficient,dv,0.0025105603832286084,0.9999968519929074,0.002593596073556338
l_kohakufa_fp16,20000,bf16,1.0,20,11.178050227463245,0.7688672495688793,1.0,1.0,flex,dq,0.0036560689264635965,0.9999933521039541,0.003522659417664739
l_kohakufa_fp16,20000,bf16,1.0,20,11.178050227463245,0.7688672495688793,1.0,1.0,flex,dk,0.004526251213863343,0.9999897837313204,0.00541535540831574
l_kohakufa_fp16,20000,bf16,1.0,20,11.178050227463245,0.7688672495688793,1.0,1.0,flex,dv,0.0025100504270734302,0.9999968532071102,0.002593596073556338
l_kohakufa_fp16,20000,bf16,1.0,20,11.178050227463245,0.7688672495688793,1.0,1.0,fa4,dq,0.0037800902694934526,0.9999928554367566,0.0042181894526080255
l_kohakufa_fp16,20000,bf16,1.0,20,11.178050227463245,0.7688672495688793,1.0,1.0,fa4,dk,0.004532632112133592,0.99998974686847,0.0062481807501002596
l_kohakufa_fp16,20000,bf16,1.0,20,11.178050227463245,0.7688672495688793,1.0,1.0,fa4,dv,0.0025100361345256434,0.9999968532546419,0.002593596073556338
l_kohakufa_fp16,20000,bf16,1.0,20,11.178050227463245,0.7688672495688793,1.0,1.0,kohakufa,dq,0.004008668839736593,0.9999921152620113,0.004122360553711107
l_kohakufa_fp16,20000,bf16,1.0,20,11.178050227463245,0.7688672495688793,1.0,1.0,kohakufa,dk,0.0048694560262414295,0.9999882982950465,0.00541535540831574
l_kohakufa_fp16,20000,bf16,1.0,20,11.178050227463245,0.7688672495688793,1.0,1.0,kohakufa,dv,0.0025104666612791836,0.9999968523649042,0.002593596073556338
l_kohakufa_fp16,20000,bf16,1.0,20,11.178050227463245,0.7688672495688793,1.0,1.0,floor,dq,0.003346549496281961,0.9999944016358333,0.0034284078216147546
l_kohakufa_fp16,20000,bf16,1.0,20,11.178050227463245,0.7688672495688793,1.0,1.0,floor,dk,0.004187291238421413,0.9999912387382159,0.005864395436871022
l_kohakufa_fp16,20000,bf16,1.0,20,11.178050227463245,0.7688672495688793,1.0,1.0,floor,dv,0.0018795403107896718,0.9999982351886808,0.0021855320499931472
l_kohakufa_fp16,20000,bf16,1.0,20,11.178050227463245,0.7688672495688793,1.0,1.0,scale*dS,dq,0.003346549496281961,0.9999944016358333,0.0034284078216147546
l_kohakufa_fp16,20000,bf16,1.0,20,11.178050227463245,0.7688672495688793,1.0,1.0,scale*dS,dk,0.004187291238421413,0.9999912387382159,0.005864395436871022
l_kohakufa_fp16,20000,bf16,1.0,20,11.178050227463245,0.7688672495688793,1.0,1.0,scale*dS,dv,0.0018795403107896718,0.9999982351886808,0.0021855320499931472
l_kohakufa_fp16,20000,bf16,1.0,20,11.178050227463245,0.7688672495688793,1.0,1.0,single lse,dq,0.0033465507388393666,0.9999944016317424,0.0034284078216147546
l_kohakufa_fp16,20000,bf16,1.0,20,11.178050227463245,0.7688672495688793,1.0,1.0,single lse,dk,0.004187291465357772,0.9999912387372837,0.005864395436871022
l_kohakufa_fp16,20000,bf16,1.0,20,11.178050227463245,0.7688672495688793,1.0,1.0,single lse,dv,0.001879523799740657,0.9999982352392817,0.0021855320499931472
l_kohakufa_fp16,20000,bf16,1.0,20,11.178050227463245,0.7688672495688793,1.0,1.0,scale-shift,dq,0.003346545674520137,0.9999944016487478,0.0034284078216147546
l_kohakufa_fp16,20000,bf16,1.0,20,11.178050227463245,0.7688672495688793,1.0,1.0,scale-shift,dk,0.004186882389820346,0.9999912403830826,0.005864395436871022
l_kohakufa_fp16,20000,bf16,1.0,20,11.178050227463245,0.7688672495688793,1.0,1.0,scale-shift,dv,0.0018795098195618267,0.9999982352703799,0.0021855320499931472
l_kohakufa_fp16,20000,bf16,1.0,20,11.178050227463245,0.7688672495688793,1.0,1.0,all three,dq,0.003346549325919862,0.999994401636291,0.0034284078216147546
l_kohakufa_fp16,20000,bf16,1.0,20,11.178050227463245,0.7688672495688793,1.0,1.0,all three,dk,0.0041868826189687125,0.9999912403821315,0.005864395436871022
l_kohakufa_fp16,20000,bf16,1.0,20,11.178050227463245,0.7688672495688793,1.0,1.0,all three,dv,0.001879479488616557,0.9999982353369159,0.0021855320499931472
l_kohakufa_fp16,20000,bf16,1.0,21,9.639392457902431,0.631191455049526,1.0,1.0,cudnn,dq,0.004329322862112523,0.9999906300821602,0.002610511205685989
l_kohakufa_fp16,20000,bf16,1.0,21,9.639392457902431,0.631191455049526,1.0,1.0,cudnn,dk,0.0039059063702663777,0.9999923818081994,0.005508661793058169
l_kohakufa_fp16,20000,bf16,1.0,21,9.639392457902431,0.631191455049526,1.0,1.0,cudnn,dv,0.0021599221759374537,0.9999976696656172,0.002544928787505878
l_kohakufa_fp16,20000,bf16,1.0,21,9.639392457902431,0.631191455049526,1.0,1.0,efficient,dq,0.004553112954159426,0.9999898461140588,0.00329274721206047
l_kohakufa_fp16,20000,bf16,1.0,21,9.639392457902431,0.631191455049526,1.0,1.0,efficient,dk,0.004087989194076403,0.9999916704276347,0.007597079250389722
l_kohakufa_fp16,20000,bf16,1.0,21,9.639392457902431,0.631191455049526,1.0,1.0,efficient,dv,0.002159836956120366,0.9999976698585943,0.002544928787505878
l_kohakufa_fp16,20000,bf16,1.0,21,9.639392457902431,0.631191455049526,1.0,1.0,flex,dq,0.0043588749121659335,0.9999905049391175,0.002610511205685989
l_kohakufa_fp16,20000,bf16,1.0,21,9.639392457902431,0.631191455049526,1.0,1.0,flex,dk,0.003937897168350551,0.9999922525543468,0.005508661793058169
l_kohakufa_fp16,20000,bf16,1.0,21,9.639392457902431,0.631191455049526,1.0,1.0,flex,dv,0.0021599212462215527,0.999997669667862,0.002544928787505878
l_kohakufa_fp16,20000,bf16,1.0,21,9.639392457902431,0.631191455049526,1.0,1.0,fa4,dq,0.0044256759030433706,0.9999902135028642,0.002068474595360836
l_kohakufa_fp16,20000,bf16,1.0,21,9.639392457902431,0.631191455049526,1.0,1.0,fa4,dk,0.003951228477838216,0.999992209604173,0.005508661793058169
l_kohakufa_fp16,20000,bf16,1.0,21,9.639392457902431,0.631191455049526,1.0,1.0,fa4,dv,0.002159919643456425,0.9999976696714226,0.002544928787505878
l_kohakufa_fp16,20000,bf16,1.0,21,9.639392457902431,0.631191455049526,1.0,1.0,kohakufa,dq,0.004553681423930132,0.9999898445406082,0.00329274721206047
l_kohakufa_fp16,20000,bf16,1.0,21,9.639392457902431,0.631191455049526,1.0,1.0,kohakufa,dk,0.004092204312876778,0.9999916531244429,0.007597079250389722
l_kohakufa_fp16,20000,bf16,1.0,21,9.639392457902431,0.631191455049526,1.0,1.0,kohakufa,dv,0.0021599254707002037,0.9999976696592633,0.002544928787505878
l_kohakufa_fp16,20000,bf16,1.0,21,9.639392457902431,0.631191455049526,1.0,1.0,floor,dq,0.004057389919444396,0.9999917818472158,0.002629658262698323
l_kohakufa_fp16,20000,bf16,1.0,21,9.639392457902431,0.631191455049526,1.0,1.0,floor,dk,0.003547669939233856,0.9999937130609664,0.005774298606489684
l_kohakufa_fp16,20000,bf16,1.0,21,9.639392457902431,0.631191455049526,1.0,1.0,floor,dv,0.0013482288924298613,0.9999990949828468,0.0011428219639505184
l_kohakufa_fp16,20000,bf16,1.0,21,9.639392457902431,0.631191455049526,1.0,1.0,scale*dS,dq,0.004057389919444396,0.9999917818472158,0.002629658262698323
l_kohakufa_fp16,20000,bf16,1.0,21,9.639392457902431,0.631191455049526,1.0,1.0,scale*dS,dk,0.003547669939233856,0.9999937130609664,0.005774298606489684
l_kohakufa_fp16,20000,bf16,1.0,21,9.639392457902431,0.631191455049526,1.0,1.0,scale*dS,dv,0.0013482288924298613,0.9999990949828468,0.0011428219639505184
l_kohakufa_fp16,20000,bf16,1.0,21,9.639392457902431,0.631191455049526,1.0,1.0,single lse,dq,0.004057395934672269,0.9999917818198978,0.002629658262698323
l_kohakufa_fp16,20000,bf16,1.0,21,9.639392457902431,0.631191455049526,1.0,1.0,single lse,dk,0.0035476608869561108,0.9999937130778903,0.005774298606489684
l_kohakufa_fp16,20000,bf16,1.0,21,9.639392457902431,0.631191455049526,1.0,1.0,single lse,dv,0.0013482593299209114,0.9999990949413866,0.0011428219639505184
l_kohakufa_fp16,20000,bf16,1.0,21,9.639392457902431,0.631191455049526,1.0,1.0,scale-shift,dq,0.004057152266966987,0.9999917828088485,0.002629658262698323
l_kohakufa_fp16,20000,bf16,1.0,21,9.639392457902431,0.631191455049526,1.0,1.0,scale-shift,dk,0.003545717631343439,0.9999937201290097,0.005777311755185169
l_kohakufa_fp16,20000,bf16,1.0,21,9.639392457902431,0.631191455049526,1.0,1.0,scale-shift,dv,0.001348228968179278,0.9999990949827462,0.0011428219639505184
l_kohakufa_fp16,20000,bf16,1.0,21,9.639392457902431,0.631191455049526,1.0,1.0,all three,dq,0.004057154467640754,0.9999917827984806,0.002629658262698323
l_kohakufa_fp16,20000,bf16,1.0,21,9.639392457902431,0.631191455049526,1.0,1.0,all three,dk,0.003545854907865145,0.9999937196381571,0.005777311755185169
l_kohakufa_fp16,20000,bf16,1.0,21,9.639392457902431,0.631191455049526,1.0,1.0,all three,dv,0.0013482478161350845,0.9999990949555138,0.0011428219639505184
l_kohakufa_fp16,20000,bf16,1.0,22,54.67496943473816,0.6452720133262183,1.0,1.0,cudnn,dq,0.007252294473130619,0.9999738579336417,0.007921832655126531
l_kohakufa_fp16,20000,bf16,1.0,22,54.67496943473816,0.6452720133262183,1.0,1.0,cudnn,dk,0.0029082403114721717,0.9999957738978488,0.0029273857674321974
l_kohakufa_fp16,20000,bf16,1.0,22,54.67496943473816,0.6452720133262183,1.0,1.0,cudnn,dv,0.0017212154232238992,0.9999985238936121,0.0016595554043282311
l_kohakufa_fp16,20000,bf16,1.0,22,54.67496943473816,0.6452720133262183,1.0,1.0,efficient,dq,0.007114781236825817,0.9999748092281899,0.007921832655126531
l_kohakufa_fp16,20000,bf16,1.0,22,54.67496943473816,0.6452720133262183,1.0,1.0,efficient,dk,0.002925965232822656,0.9999957205688745,0.0029273857674321974
l_kohakufa_fp16,20000,bf16,1.0,22,54.67496943473816,0.6452720133262183,1.0,1.0,efficient,dv,0.0017212254942879646,0.9999985238797874,0.0016595554043282311
l_kohakufa_fp16,20000,bf16,1.0,22,54.67496943473816,0.6452720133262183,1.0,1.0,flex,dq,0.007016696834218804,0.999975534783429,0.007921832655126531
l_kohakufa_fp16,20000,bf16,1.0,22,54.67496943473816,0.6452720133262183,1.0,1.0,flex,dk,0.0028505813032249643,0.9999959397159656,0.0029273857674321974
l_kohakufa_fp16,20000,bf16,1.0,22,54.67496943473816,0.6452720133262183,1.0,1.0,flex,dv,0.0017212222935476312,0.9999985238880054,0.0016595554043282311
l_kohakufa_fp16,20000,bf16,1.0,22,54.67496943473816,0.6452720133262183,1.0,1.0,fa4,dq,0.007441339937888375,0.9999724528167042,0.007921832655126531
l_kohakufa_fp16,20000,bf16,1.0,22,54.67496943473816,0.6452720133262183,1.0,1.0,fa4,dk,0.00294529606185691,0.999995665887664,0.0029273857674321974
l_kohakufa_fp16,20000,bf16,1.0,22,54.67496943473816,0.6452720133262183,1.0,1.0,fa4,dv,0.001721223670998263,0.9999985238819853,0.0016595554043282311
l_kohakufa_fp16,20000,bf16,1.0,22,54.67496943473816,0.6452720133262183,1.0,1.0,kohakufa,dq,0.007116140701685375,0.999974800093829,0.007921832655126531
l_kohakufa_fp16,20000,bf16,1.0,22,54.67496943473816,0.6452720133262183,1.0,1.0,kohakufa,dk,0.0029261451456735893,0.999995720110388,0.0029273857674321974
l_kohakufa_fp16,20000,bf16,1.0,22,54.67496943473816,0.6452720133262183,1.0,1.0,kohakufa,dv,0.0017212222913456942,0.9999985238880091,0.0016595554043282311
l_kohakufa_fp16,20000,bf16,1.0,22,54.67496943473816,0.6452720133262183,1.0,1.0,floor,dq,0.0067435975620958625,0.9999773841305778,0.005558878212969242
l_kohakufa_fp16,20000,bf16,1.0,22,54.67496943473816,0.6452720133262183,1.0,1.0,floor,dk,0.002254655801043466,0.9999974588669458,0.0011910063283890283
l_kohakufa_fp16,20000,bf16,1.0,22,54.67496943473816,0.6452720133262183,1.0,1.0,floor,dv,0.00046354804350498167,0.9999998940404876,0.00037886655294357786
l_kohakufa_fp16,20000,bf16,1.0,22,54.67496943473816,0.6452720133262183,1.0,1.0,scale*dS,dq,0.0067435975620958625,0.9999773841305778,0.005558878212969242
l_kohakufa_fp16,20000,bf16,1.0,22,54.67496943473816,0.6452720133262183,1.0,1.0,scale*dS,dk,0.002254655801043466,0.9999974588669458,0.0011910063283890283
l_kohakufa_fp16,20000,bf16,1.0,22,54.67496943473816,0.6452720133262183,1.0,1.0,scale*dS,dv,0.00046354804350498167,0.9999998940404876,0.00037886655294357786
l_kohakufa_fp16,20000,bf16,1.0,22,54.67496943473816,0.6452720133262183,1.0,1.0,single lse,dq,0.006743591808919398,0.9999773842644506,0.005558878212969242
l_kohakufa_fp16,20000,bf16,1.0,22,54.67496943473816,0.6452720133262183,1.0,1.0,single lse,dk,0.0022546556589844707,0.9999974588672409,0.0011910063283890283
l_kohakufa_fp16,20000,bf16,1.0,22,54.67496943473816,0.6452720133262183,1.0,1.0,single lse,dv,0.00046354720489205577,0.9999998940406037,0.00037886655294357786
l_kohakufa_fp16,20000,bf16,1.0,22,54.67496943473816,0.6452720133262183,1.0,1.0,scale-shift,dq,0.006743437173103975,0.9999773852140627,0.005558878212969242
l_kohakufa_fp16,20000,bf16,1.0,22,54.67496943473816,0.6452720133262183,1.0,1.0,scale-shift,dk,0.0022548347400186495,0.9999974584820651,0.0011910063283890283
l_kohakufa_fp16,20000,bf16,1.0,22,54.67496943473816,0.6452720133262183,1.0,1.0,scale-shift,dv,0.00046354650396676384,0.9999998940410361,0.00037886655294357786
l_kohakufa_fp16,20000,bf16,1.0,22,54.67496943473816,0.6452720133262183,1.0,1.0,all three,dq,0.0067434286502359156,0.99997738536756,0.005558878212969242
l_kohakufa_fp16,20000,bf16,1.0,22,54.67496943473816,0.6452720133262183,1.0,1.0,all three,dk,0.002254834045597704,0.9999974584836159,0.0011910063283890283
l_kohakufa_fp16,20000,bf16,1.0,22,54.67496943473816,0.6452720133262183,1.0,1.0,all three,dv,0.0004635464466249788,0.9999998940410643,0.00037886655294357786
l_kohakufa_fp16,20000,bf16,1.0,23,53.308140963315964,0.6108602160970356,1.0,1.0,cudnn,dq,0.022380032035464348,0.9997495710431098,0.05979420833281534
l_kohakufa_fp16,20000,bf16,1.0,23,53.308140963315964,0.6108602160970356,1.0,1.0,cudnn,dk,0.0028932562352474924,0.9999958416762831,0.001581913577005589
l_kohakufa_fp16,20000,bf16,1.0,23,53.308140963315964,0.6108602160970356,1.0,1.0,cudnn,dv,0.0016279660409133023,0.9999986771064432,0.00230593561270151
l_kohakufa_fp16,20000,bf16,1.0,23,53.308140963315964,0.6108602160970356,1.0,1.0,efficient,dq,0.022128501718399602,0.9997551604688147,0.05979420833281534
l_kohakufa_fp16,20000,bf16,1.0,23,53.308140963315964,0.6108602160970356,1.0,1.0,efficient,dk,0.002862483633095158,0.9999959334365194,0.001581913577005589
l_kohakufa_fp16,20000,bf16,1.0,23,53.308140963315964,0.6108602160970356,1.0,1.0,efficient,dv,0.0016281211971933573,0.9999986768765489,0.00230593561270151
l_kohakufa_fp16,20000,bf16,1.0,23,53.308140963315964,0.6108602160970356,1.0,1.0,flex,dq,0.022098481399747204,0.9997558303856108,0.05979420833281534
l_kohakufa_fp16,20000,bf16,1.0,23,53.308140963315964,0.6108602160970356,1.0,1.0,flex,dk,0.0028674513040752095,0.9999959158607458,0.001581913577005589
l_kohakufa_fp16,20000,bf16,1.0,23,53.308140963315964,0.6108602160970356,1.0,1.0,flex,dv,0.0016281210691768539,0.9999986768768035,0.00230593561270151
l_kohakufa_fp16,20000,bf16,1.0,23,53.308140963315964,0.6108602160970356,1.0,1.0,fa4,dq,0.02217625525265797,0.9997541102439012,0.05979420833281534
l_kohakufa_fp16,20000,bf16,1.0,23,53.308140963315964,0.6108602160970356,1.0,1.0,fa4,dk,0.002871652948327802,0.999995903930607,0.001581913577005589
l_kohakufa_fp16,20000,bf16,1.0,23,53.308140963315964,0.6108602160970356,1.0,1.0,fa4,dv,0.0016281172939877444,0.9999986768832488,0.00230593561270151
l_kohakufa_fp16,20000,bf16,1.0,23,53.308140963315964,0.6108602160970356,1.0,1.0,kohakufa,dq,0.022127182423767523,0.9997551896777913,0.05979420833281534
l_kohakufa_fp16,20000,bf16,1.0,23,53.308140963315964,0.6108602160970356,1.0,1.0,kohakufa,dk,0.0028622244058780317,0.9999959342863,0.001581913577005589
l_kohakufa_fp16,20000,bf16,1.0,23,53.308140963315964,0.6108602160970356,1.0,1.0,kohakufa,dv,0.0016281209936974067,0.9999986768767671,0.00230593561270151
l_kohakufa_fp16,20000,bf16,1.0,23,53.308140963315964,0.6108602160970356,1.0,1.0,floor,dq,0.022053487383282715,0.9997568230611963,0.05973602710248425
l_kohakufa_fp16,20000,bf16,1.0,23,53.308140963315964,0.6108602160970356,1.0,1.0,floor,dk,0.0024122330839789876,0.9999970967600706,0.0015866908871519534
l_kohakufa_fp16,20000,bf16,1.0,23,53.308140963315964,0.6108602160970356,1.0,1.0,floor,dv,0.00023243368311465776,0.9999999730059249,0.00022491751587156632
l_kohakufa_fp16,20000,bf16,1.0,23,53.308140963315964,0.6108602160970356,1.0,1.0,scale*dS,dq,0.022053487383282715,0.9997568230611963,0.05973602710248425
l_kohakufa_fp16,20000,bf16,1.0,23,53.308140963315964,0.6108602160970356,1.0,1.0,scale*dS,dk,0.0024122330839789876,0.9999970967600706,0.0015866908871519534
l_kohakufa_fp16,20000,bf16,1.0,23,53.308140963315964,0.6108602160970356,1.0,1.0,scale*dS,dv,0.00023243368311465776,0.9999999730059249,0.00022491751587156632
l_kohakufa_fp16,20000,bf16,1.0,23,53.308140963315964,0.6108602160970356,1.0,1.0,single lse,dq,0.022053501041690366,0.9997568227488647,0.05973602710248425
l_kohakufa_fp16,20000,bf16,1.0,23,53.308140963315964,0.6108602160970356,1.0,1.0,single lse,dk,0.0024122391288700024,0.999997096743396,0.0015866908871519534
l_kohakufa_fp16,20000,bf16,1.0,23,53.308140963315964,0.6108602160970356,1.0,1.0,single lse,dv,0.0002324365719687142,0.9999999730052417,0.00022491751587156632
l_kohakufa_fp16,20000,bf16,1.0,23,53.308140963315964,0.6108602160970356,1.0,1.0,scale-shift,dq,0.022048167968569014,0.9997569403142459,0.05973602710248425
l_kohakufa_fp16,20000,bf16,1.0,23,53.308140963315964,0.6108602160970356,1.0,1.0,scale-shift,dk,0.002411207316701238,0.9999970993182612,0.0015866908871519534
l_kohakufa_fp16,20000,bf16,1.0,23,53.308140963315964,0.6108602160970356,1.0,1.0,scale-shift,dv,0.00023245695716589838,0.999999973000412,0.00022491751587156632
l_kohakufa_fp16,20000,bf16,1.0,23,53.308140963315964,0.6108602160970356,1.0,1.0,all three,dq,0.022048172301070982,0.9997569402090714,0.05973602710248425
l_kohakufa_fp16,20000,bf16,1.0,23,53.308140963315964,0.6108602160970356,1.0,1.0,all three,dk,0.0024112091027788042,0.9999970993125938,0.0015866908871519534
l_kohakufa_fp16,20000,bf16,1.0,23,53.308140963315964,0.6108602160970356,1.0,1.0,all three,dv,0.00023251386355235145,0.9999999729881243,0.00022491751587156632
