run,step,loss,grad_norm,loss_scale
b_cudnn_bf16,50,1.5550737380981445,1.0824623107910156,1.0
b_cudnn_bf16,100,0.7888345718383789,0.5877819657325745,1.0
b_cudnn_bf16,150,0.42260271310806274,0.5019038319587708,1.0
b_cudnn_bf16,200,0.34926533699035645,0.49690982699394226,1.0
b_cudnn_bf16,250,0.2797895669937134,0.2739810049533844,1.0
b_cudnn_bf16,300,0.2335754930973053,0.5526800751686096,1.0
b_cudnn_bf16,350,0.201622873544693,1.2572574615478516,1.0
b_cudnn_bf16,400,0.13425599038600922,0.7673394680023193,1.0
b_cudnn_bf16,450,0.13090211153030396,0.5312148332595825,1.0
b_cudnn_bf16,500,0.1102934330701828,0.341336190700531,1.0
b_cudnn_bf16,550,0.15136080980300903,0.5166578888893127,1.0
b_cudnn_bf16,600,0.1076420396566391,0.5372430086135864,1.0
b_cudnn_bf16,650,0.097329281270504,0.2255384773015976,1.0
b_cudnn_bf16,700,0.08949095010757446,0.15464068949222565,1.0
b_cudnn_bf16,750,0.058906398713588715,0.2058650702238083,1.0
b_cudnn_bf16,800,0.056807562708854675,0.3942253887653351,1.0
b_cudnn_bf16,850,0.07939537614583969,0.4180664122104645,1.0
b_cudnn_bf16,900,0.06729606539011002,0.5900083184242249,1.0
b_cudnn_bf16,950,0.06882914155721664,0.2419578731060028,1.0
b_cudnn_bf16,1000,0.05932435020804405,0.5092466473579407,1.0
b_cudnn_bf16,1050,0.06278930604457855,0.4216712415218353,1.0
b_cudnn_bf16,1100,0.051324956119060516,0.20221078395843506,1.0
b_cudnn_bf16,1150,0.05828931927680969,0.5423341393470764,1.0
b_cudnn_bf16,1200,0.04520071670413017,0.2484041154384613,1.0
b_cudnn_bf16,1250,0.046554163098335266,0.2956854999065399,1.0
b_cudnn_bf16,1300,0.04549134895205498,0.49363380670547485,1.0
b_cudnn_bf16,1350,0.04532048851251602,0.13831035792827606,1.0
b_cudnn_bf16,1400,0.03038005530834198,0.21408626437187195,1.0
b_cudnn_bf16,1450,0.03257230669260025,0.31217893958091736,1.0
b_cudnn_bf16,1500,0.04117805138230324,0.23885104060173035,1.0
b_cudnn_bf16,1550,0.0463065430521965,0.14511920511722565,1.0
b_cudnn_bf16,1600,0.03537373244762421,0.3597102165222168,1.0
b_cudnn_bf16,1650,0.019787225872278214,0.2884431779384613,1.0
b_cudnn_bf16,1700,0.0323568694293499,0.32008346915245056,1.0
b_cudnn_bf16,1750,0.02719375118613243,0.30459582805633545,1.0
b_cudnn_bf16,1800,0.015949614346027374,0.2416602522134781,1.0
b_cudnn_bf16,1850,0.03464244306087494,0.36391785740852356,1.0
b_cudnn_bf16,1900,0.022778969258069992,0.2698040306568146,1.0
b_cudnn_bf16,1950,0.01848921738564968,0.15293259918689728,1.0
b_cudnn_bf16,2000,0.026956573128700256,0.2094108760356903,1.0
b_cudnn_bf16,2050,0.03004971146583557,0.2301388382911682,1.0
b_cudnn_bf16,2100,0.022142892703413963,0.3508773446083069,1.0
b_cudnn_bf16,2150,0.023798977956175804,0.3203257620334625,1.0
b_cudnn_bf16,2200,0.030437186360359192,0.43730518221855164,1.0
b_cudnn_bf16,2250,0.014826923608779907,0.15696249902248383,1.0
b_cudnn_bf16,2300,0.019566331058740616,0.2359149307012558,1.0
b_cudnn_bf16,2350,0.020307596772909164,0.22497877478599548,1.0
b_cudnn_bf16,2400,0.01629173755645752,0.1743619292974472,1.0
b_cudnn_bf16,2450,0.026387354359030724,0.2400752604007721,1.0
b_cudnn_bf16,2500,0.016372811049222946,0.16023090481758118,1.0
b_cudnn_bf16,2550,0.02257927879691124,0.20876547694206238,1.0
b_cudnn_bf16,2600,0.01679849438369274,0.1843140721321106,1.0
b_cudnn_bf16,2650,0.013308120891451836,0.14095114171504974,1.0
b_cudnn_bf16,2700,0.013005666434764862,0.12536098062992096,1.0
b_cudnn_bf16,2750,0.015230616554617882,0.14680911600589752,1.0
b_cudnn_bf16,2800,0.01586722582578659,0.09377903491258621,1.0
b_cudnn_bf16,2850,0.01346595399081707,0.09276039153337479,1.0
b_cudnn_bf16,2900,0.02167990431189537,0.16582103073596954,1.0
b_cudnn_bf16,2950,0.01580044999718666,0.2649391293525696,1.0
b_cudnn_bf16,3000,0.009524676948785782,0.09701543301343918,1.0
b_cudnn_bf16,3050,0.017094580456614494,0.2539184093475342,1.0
b_cudnn_bf16,3100,0.015559214167296886,0.2964741885662079,1.0
b_cudnn_bf16,3150,0.012639453634619713,0.0981583371758461,1.0
b_cudnn_bf16,3200,0.016048353165388107,0.11741875857114792,1.0
b_cudnn_bf16,3250,0.008649674244225025,0.12339580804109573,1.0
b_cudnn_bf16,3300,0.009941760450601578,0.13209454715251923,1.0
b_cudnn_bf16,3350,0.009206408634781837,0.09100868552923203,1.0
b_cudnn_bf16,3400,0.013393989764153957,0.16661418974399567,1.0
b_cudnn_bf16,3450,0.007388465106487274,0.08310052752494812,1.0
b_cudnn_bf16,3500,0.011282598599791527,0.13376104831695557,1.0
b_cudnn_bf16,3550,0.014924393966794014,0.21533441543579102,1.0
b_cudnn_bf16,3600,0.013128499500453472,0.23798894882202148,1.0
b_cudnn_bf16,3650,0.013619719073176384,0.08395039290189743,1.0
b_cudnn_bf16,3700,0.006205241661518812,0.11176405102014542,1.0
b_cudnn_bf16,3750,0.007874022237956524,0.10958584398031235,1.0
b_cudnn_bf16,3800,0.013924231752753258,0.14649130403995514,1.0
b_cudnn_bf16,3850,0.018372146412730217,0.41818714141845703,1.0
b_cudnn_bf16,3900,0.010339627042412758,0.10864630341529846,1.0
b_cudnn_bf16,3950,0.0070492918603122234,0.12780095636844635,1.0
b_cudnn_bf16,4000,0.01105942390859127,0.10832005739212036,1.0
b_cudnn_bf16,4050,0.007985837757587433,0.18952104449272156,1.0
b_cudnn_bf16,4100,0.014332374557852745,0.11790138483047485,1.0
b_cudnn_bf16,4150,0.013316033408045769,0.1280270367860794,1.0
b_cudnn_bf16,4200,0.00930783897638321,0.16520504653453827,1.0
b_cudnn_bf16,4250,0.008099457249045372,0.1398588865995407,1.0
b_cudnn_bf16,4300,0.008468542248010635,0.07922504097223282,1.0
b_cudnn_bf16,4350,0.009760209359228611,0.17145751416683197,1.0
b_cudnn_bf16,4400,0.007261758204549551,0.18290582299232483,1.0
b_cudnn_bf16,4450,0.009392817504703999,0.0970831960439682,1.0
b_cudnn_bf16,4500,0.009659473784267902,0.3030775189399719,1.0
b_cudnn_bf16,4550,0.01624716818332672,0.13140912353992462,1.0
b_cudnn_bf16,4600,0.006301261484622955,0.10384856909513474,1.0
b_cudnn_bf16,4650,0.00928548164665699,0.08712268620729446,1.0
b_cudnn_bf16,4700,0.012668686918914318,0.13160613179206848,1.0
b_cudnn_bf16,4750,0.009361217729747295,0.12084813416004181,1.0
b_cudnn_bf16,4800,0.014639390632510185,0.16790735721588135,1.0
b_cudnn_bf16,4850,0.011371921747922897,0.17995770275592804,1.0
b_cudnn_bf16,4900,0.00803288258612156,0.06923031061887741,1.0
b_cudnn_bf16,4950,0.008457615971565247,0.14498619735240936,1.0
b_cudnn_bf16,5000,0.008201571181416512,0.09828567504882812,1.0
b_cudnn_bf16,5050,0.00442337803542614,0.09325145930051804,1.0
b_cudnn_bf16,5100,0.012699790298938751,0.08526583760976791,1.0
b_cudnn_bf16,5150,0.00761297345161438,0.08770040422677994,1.0
b_cudnn_bf16,5200,0.006878932472318411,0.07586514204740524,1.0
b_cudnn_bf16,5250,0.01165609061717987,0.1911386102437973,1.0
b_cudnn_bf16,5300,0.00881271343678236,0.10475445538759232,1.0
b_cudnn_bf16,5350,0.005935823079198599,0.0640023797750473,1.0
b_cudnn_bf16,5400,0.008223551325500011,0.1315477043390274,1.0
b_cudnn_bf16,5450,0.009094911627471447,0.08734625577926636,1.0
b_cudnn_bf16,5500,0.006723041646182537,0.11126480996608734,1.0
b_cudnn_bf16,5550,0.0067791929468512535,0.07537399977445602,1.0
b_cudnn_bf16,5600,0.0070802620612084866,0.13079652190208435,1.0
b_cudnn_bf16,5650,0.007707004901021719,0.11844609677791595,1.0
b_cudnn_bf16,5700,0.0065704649314284325,0.08961879462003708,1.0
b_cudnn_bf16,5750,0.005870307795703411,0.08880337327718735,1.0
b_cudnn_bf16,5800,0.007552293129265308,0.07234060019254684,1.0
b_cudnn_bf16,5850,0.006733330897986889,0.09554172307252884,1.0
b_cudnn_bf16,5900,0.006954844109714031,0.20149138569831848,1.0
b_cudnn_bf16,5950,0.007105523254722357,0.09192142635583878,1.0
b_cudnn_bf16,6000,0.004931981209665537,0.12746350467205048,1.0
b_cudnn_bf16,6050,0.006283735390752554,0.07876134663820267,1.0
b_cudnn_bf16,6100,0.008132732473313808,0.15436652302742004,1.0
b_cudnn_bf16,6150,0.009416710585355759,0.18191511929035187,1.0
b_cudnn_bf16,6200,0.005485774017870426,0.05486993119120598,1.0
b_cudnn_bf16,6250,0.007354528643190861,0.10717456787824631,1.0
b_cudnn_bf16,6300,0.006446428596973419,0.12484217435121536,1.0
b_cudnn_bf16,6350,0.005407766904681921,0.06804317981004715,1.0
b_cudnn_bf16,6400,0.006297157146036625,0.08345719426870346,1.0
b_cudnn_bf16,6450,0.006947679445147514,0.0950280949473381,1.0
b_cudnn_bf16,6500,0.008460074663162231,0.08089011162519455,1.0
b_cudnn_bf16,6550,0.004605908878147602,0.08302304148674011,1.0
b_cudnn_bf16,6600,0.00487810093909502,0.07534582912921906,1.0
b_cudnn_bf16,6650,0.00467036385089159,0.0801430344581604,1.0
b_cudnn_bf16,6700,0.0067924996837973595,0.10767483711242676,1.0
b_cudnn_bf16,6750,0.006459847092628479,0.11582265794277191,1.0
b_cudnn_bf16,6800,0.007176736369729042,0.11839611828327179,1.0
b_cudnn_bf16,6850,0.008979412727057934,0.12498552352190018,1.0
b_cudnn_bf16,6900,0.0051171621307730675,0.07261788845062256,1.0
b_cudnn_bf16,6950,0.005407246761023998,0.05602673813700676,1.0
b_cudnn_bf16,7000,0.0036515225656330585,0.06083424389362335,1.0
b_cudnn_bf16,7050,0.006827782839536667,0.11073916405439377,1.0
b_cudnn_bf16,7100,0.007030216511338949,0.11787453293800354,1.0
b_cudnn_bf16,7150,0.00538735743612051,0.14145751297473907,1.0
b_cudnn_bf16,7200,0.005538482218980789,0.04397936537861824,1.0
b_cudnn_bf16,7250,0.00539748277515173,0.08935948461294174,1.0
b_cudnn_bf16,7300,0.004630561452358961,0.04957730695605278,1.0
b_cudnn_bf16,7350,0.009835442528128624,0.15731018781661987,1.0
b_cudnn_bf16,7400,0.006906148046255112,0.0684577152132988,1.0
b_cudnn_bf16,7450,0.005514778196811676,0.0656943991780281,1.0
b_cudnn_bf16,7500,0.003301077289506793,0.07053748518228531,1.0
b_cudnn_bf16,7550,0.006751163862645626,0.07133898884057999,1.0
b_cudnn_bf16,7600,0.004304395988583565,0.06406044960021973,1.0
b_cudnn_bf16,7650,0.0053014373406767845,0.06805368512868881,1.0
b_cudnn_bf16,7700,0.005754224956035614,0.0581691674888134,1.0
b_cudnn_bf16,7750,0.006419816520065069,0.134086012840271,1.0
b_cudnn_bf16,7800,0.005096543580293655,0.10351123660802841,1.0
b_cudnn_bf16,7850,0.007792701944708824,0.09152983129024506,1.0
b_cudnn_bf16,7900,0.005510866176337004,0.11317092180252075,1.0
b_cudnn_bf16,7950,0.005483053158968687,0.05880463495850563,1.0
b_cudnn_bf16,8000,0.002422153018414974,0.08985892683267593,1.0
b_cudnn_bf16,8050,0.004567256197333336,0.11537022143602371,1.0
b_cudnn_bf16,8100,0.004870159551501274,0.07909674197435379,1.0
b_cudnn_bf16,8150,0.005173361394554377,0.12491908669471741,1.0
b_cudnn_bf16,8200,0.004908829927444458,0.044684723019599915,1.0
b_cudnn_bf16,8250,0.006094713695347309,0.061897605657577515,1.0
b_cudnn_bf16,8300,0.005076813045889139,0.060084786266088486,1.0
b_cudnn_bf16,8350,0.004336851183325052,0.03469268977642059,1.0
b_cudnn_bf16,8400,0.00654373224824667,0.11901476979255676,1.0
b_cudnn_bf16,8450,0.00433330237865448,0.06557203829288483,1.0
b_cudnn_bf16,8500,0.006989623419940472,0.07903451472520828,1.0
b_cudnn_bf16,8550,0.0038202356081455946,0.10474217683076859,1.0
b_cudnn_bf16,8600,0.005611685570329428,0.057248834520578384,1.0
b_cudnn_bf16,8650,0.005220045801252127,0.14555133879184723,1.0
b_cudnn_bf16,8700,0.008036385290324688,0.07254035025835037,1.0
b_cudnn_bf16,8750,0.007267539855092764,0.07153428345918655,1.0
b_cudnn_bf16,8800,0.00447410112246871,0.0665002390742302,1.0
b_cudnn_bf16,8850,0.0049234116449952126,0.06657703965902328,1.0
b_cudnn_bf16,8900,0.003393676830455661,0.064203642308712,1.0
b_cudnn_bf16,8950,0.003990388475358486,0.06381388753652573,1.0
b_cudnn_bf16,9000,0.005545884370803833,0.0677298754453659,1.0
b_cudnn_bf16,9050,0.005238792859017849,0.06714899092912674,1.0
b_cudnn_bf16,9100,0.006401121616363525,0.0616731159389019,1.0
b_cudnn_bf16,9150,0.005976103246212006,0.08659419417381287,1.0
b_cudnn_bf16,9200,0.0073960623703897,0.05819631740450859,1.0
b_cudnn_bf16,9250,0.0031552675645798445,0.04954930767416954,1.0
b_cudnn_bf16,9300,0.005049603059887886,0.09461142867803574,1.0
b_cudnn_bf16,9350,0.005148063413798809,0.06806335598230362,1.0
b_cudnn_bf16,9400,0.004549158737063408,0.057394348084926605,1.0
b_cudnn_bf16,9450,0.004322039894759655,0.07067207992076874,1.0
b_cudnn_bf16,9500,0.006737185176461935,0.12081366777420044,1.0
b_cudnn_bf16,9550,0.005100456066429615,0.05482034385204315,1.0
b_cudnn_bf16,9600,0.00493557658046484,0.042977411299943924,1.0
b_cudnn_bf16,9650,0.0027319693472236395,0.04988792538642883,1.0
b_cudnn_bf16,9700,0.004084338899701834,0.05322267860174179,1.0
b_cudnn_bf16,9750,0.005948023870587349,0.08354221284389496,1.0
b_cudnn_bf16,9800,0.0031283204443752766,0.059659045189619064,1.0
b_cudnn_bf16,9850,0.0053567541763186455,0.10249704867601395,1.0
b_cudnn_bf16,9900,0.0034220023080706596,0.059417031705379486,1.0
b_cudnn_bf16,9950,0.004052122123539448,0.05697838217020035,1.0
b_cudnn_bf16,10000,0.0059309788048267365,0.09024234116077423,1.0
b_cudnn_bf16,10050,0.00263258907943964,0.047265324741601944,1.0
b_cudnn_bf16,10100,0.004456741269677877,0.06073274090886116,1.0
b_cudnn_bf16,10150,0.004331779666244984,0.03876572847366333,1.0
b_cudnn_bf16,10200,0.005125910975039005,0.040026430040597916,1.0
b_cudnn_bf16,10250,0.004661732818931341,0.09678401798009872,1.0
b_cudnn_bf16,10300,0.006677748169749975,0.07811512053012848,1.0
b_cudnn_bf16,10350,0.005714673548936844,0.04808687046170235,1.0
b_cudnn_bf16,10400,0.006657791789621115,0.04599713906645775,1.0
b_cudnn_bf16,10450,0.004667778965085745,0.04506999999284744,1.0
b_cudnn_bf16,10500,0.0027839113026857376,0.030725961551070213,1.0
b_cudnn_bf16,10550,0.0035588317550718784,0.0699552372097969,1.0
b_cudnn_bf16,10600,0.004526684992015362,0.05970977619290352,1.0
b_cudnn_bf16,10650,0.0032466722186654806,0.0627303346991539,1.0
b_cudnn_bf16,10700,0.0040003396570682526,0.06092294305562973,1.0
b_cudnn_bf16,10750,0.004026853479444981,0.07235188037157059,1.0
b_cudnn_bf16,10800,0.0046869670040905476,0.04613536223769188,1.0
b_cudnn_bf16,10850,0.00462027033790946,0.05548806115984917,1.0
b_cudnn_bf16,10900,0.004042209126055241,0.07116955518722534,1.0
b_cudnn_bf16,10950,0.0025692651979625225,0.062248460948467255,1.0
b_cudnn_bf16,11000,0.004417336545884609,0.04420556128025055,1.0
b_cudnn_bf16,11050,0.005058868322521448,0.06204522028565407,1.0
b_cudnn_bf16,11100,0.002603235188871622,0.077794149518013,1.0
b_cudnn_bf16,11150,0.003243193728849292,0.05663503706455231,1.0
b_cudnn_bf16,11200,0.0030231548007577658,0.04286106303334236,1.0
b_cudnn_bf16,11250,0.002998733427375555,0.04372651129961014,1.0
b_cudnn_bf16,11300,0.0033940263092517853,0.056153103709220886,1.0
b_cudnn_bf16,11350,0.0050366888754069805,0.04086349159479141,1.0
b_cudnn_bf16,11400,0.003175620688125491,0.05867878720164299,1.0
b_cudnn_bf16,11450,0.004450604319572449,0.061646897345781326,1.0
b_cudnn_bf16,11500,0.005211976822465658,0.08287445455789566,1.0
b_cudnn_bf16,11550,0.00472603365778923,0.0681547299027443,1.0
b_cudnn_bf16,11600,0.002814150182530284,0.05506512150168419,1.0
b_cudnn_bf16,11650,0.003217254765331745,0.08225597441196442,1.0
b_cudnn_bf16,11700,0.004122977610677481,0.06325045228004456,1.0
b_cudnn_bf16,11750,0.00322486343793571,0.06814391911029816,1.0
b_cudnn_bf16,11800,0.0035429196432232857,0.04598352685570717,1.0
b_cudnn_bf16,11850,0.004354915581643581,0.06537147611379623,1.0
b_cudnn_bf16,11900,0.005265049636363983,0.06357327848672867,1.0
b_cudnn_bf16,11950,0.0032694637775421143,0.04893817380070686,1.0
b_cudnn_bf16,12000,0.0023851017467677593,0.04373680055141449,1.0
b_cudnn_bf16,12050,0.0033376477658748627,0.03885280713438988,1.0
b_cudnn_bf16,12100,0.0023443629033863544,0.04943691939115524,1.0
b_cudnn_bf16,12150,0.0049636284820735455,0.05881254002451897,1.0
b_cudnn_bf16,12200,0.005341599695384502,0.04490918293595314,1.0
b_cudnn_bf16,12250,0.0027057239785790443,0.03808436170220375,1.0
b_cudnn_bf16,12300,0.0036049557384103537,0.04741597920656204,1.0
b_cudnn_bf16,12350,0.0018622286152094603,0.040654730051755905,1.0
b_cudnn_bf16,12400,0.004158493131399155,0.0707760900259018,1.0
b_cudnn_bf16,12450,0.004622976295650005,0.0891931876540184,1.0
b_cudnn_bf16,12500,0.0023248051293194294,0.05412543565034866,1.0
b_cudnn_bf16,12550,0.005186126101762056,0.07671721279621124,1.0
b_cudnn_bf16,12600,0.002835629042237997,0.0391281433403492,1.0
b_cudnn_bf16,12650,0.0028806268237531185,0.051926322281360626,1.0
b_cudnn_bf16,12700,0.0035984888672828674,0.02937120757997036,1.0
b_cudnn_bf16,12750,0.0035982856061309576,0.051308996975421906,1.0
b_cudnn_bf16,12800,0.003648890880867839,0.05641325190663338,1.0
b_cudnn_bf16,12850,0.002623352687805891,0.03360450267791748,1.0
b_cudnn_bf16,12900,0.005382377654314041,0.14204609394073486,1.0
b_cudnn_bf16,12950,0.004691166803240776,0.028690427541732788,1.0
b_cudnn_bf16,13000,0.004060017876327038,0.06829328089952469,1.0
b_cudnn_bf16,13050,0.004059432074427605,0.0413459874689579,1.0
b_cudnn_bf16,13100,0.003781375242397189,0.044462498277425766,1.0
b_cudnn_bf16,13150,0.002915645018219948,0.04426955059170723,1.0
b_cudnn_bf16,13200,0.0022082540672272444,0.026874329894781113,1.0
b_cudnn_bf16,13250,0.002274012891575694,0.027799567207694054,1.0
b_cudnn_bf16,13300,0.002973673865199089,0.04498488828539848,1.0
b_cudnn_bf16,13350,0.0032677440904080868,0.045857638120651245,1.0
b_cudnn_bf16,13400,0.0038982720579952,0.04167545959353447,1.0
b_cudnn_bf16,13450,0.0025500571355223656,0.03332466259598732,1.0
b_cudnn_bf16,13500,0.0033239349722862244,0.02816978096961975,1.0
b_cudnn_bf16,13550,0.002568590920418501,0.042853306978940964,1.0
b_cudnn_bf16,13600,0.003113157581537962,0.0919245257973671,1.0
b_cudnn_bf16,13650,0.004315582104027271,0.05813021585345268,1.0
b_cudnn_bf16,13700,0.0028279381804168224,0.03268054872751236,1.0
b_cudnn_bf16,13750,0.003619866445660591,0.062306538224220276,1.0
b_cudnn_bf16,13800,0.0019533787854015827,0.04744404926896095,1.0
b_cudnn_bf16,13850,0.0023070303723216057,0.040324270725250244,1.0
b_cudnn_bf16,13900,0.0027281250804662704,0.03271215036511421,1.0
b_cudnn_bf16,13950,0.0025144885294139385,0.04520315304398537,1.0
b_cudnn_bf16,14000,0.0029957357328385115,0.035096727311611176,1.0
b_cudnn_bf16,14050,0.003269091947004199,0.032354872673749924,1.0
b_cudnn_bf16,14100,0.0026014165487140417,0.043620094656944275,1.0
b_cudnn_bf16,14150,0.0034137405455112457,0.034867577254772186,1.0
b_cudnn_bf16,14200,0.0030997986905276775,0.030828963965177536,1.0
b_cudnn_bf16,14250,0.003228840883821249,0.040807802230119705,1.0
b_cudnn_bf16,14300,0.005254017189145088,0.12834517657756805,1.0
b_cudnn_bf16,14350,0.003680856665596366,0.046181488782167435,1.0
b_cudnn_bf16,14400,0.0036607941146939993,0.030247844755649567,1.0
b_cudnn_bf16,14450,0.0026174753438681364,0.03898664936423302,1.0
b_cudnn_bf16,14500,0.004982828162610531,0.06648101657629013,1.0
b_cudnn_bf16,14550,0.00441838800907135,0.051225341856479645,1.0
b_cudnn_bf16,14600,0.002654128707945347,0.06069806218147278,1.0
b_cudnn_bf16,14650,0.004661377519369125,0.041368238627910614,1.0
b_cudnn_bf16,14700,0.0014316949527710676,0.02467147260904312,1.0
b_cudnn_bf16,14750,0.004099575337022543,0.053220245987176895,1.0
b_cudnn_bf16,14800,0.00258641061373055,0.03136449679732323,1.0
b_cudnn_bf16,14850,0.00307619571685791,0.07958529144525528,1.0
b_cudnn_bf16,14900,0.0027404248248785734,0.0524543859064579,1.0
b_cudnn_bf16,14950,0.001969866221770644,0.033425990492105484,1.0
b_cudnn_bf16,15000,0.0018021045252680779,0.043004266917705536,1.0
b_cudnn_bf16,15050,0.003161417320370674,0.050946205854415894,1.0
b_cudnn_bf16,15100,0.0036888164468109608,0.04135670140385628,1.0
b_cudnn_bf16,15150,0.0026361150667071342,0.04730325937271118,1.0
b_cudnn_bf16,15200,0.0022488650865852833,0.03354731202125549,1.0
b_cudnn_bf16,15250,0.002177503891289234,0.045121923089027405,1.0
b_cudnn_bf16,15300,0.002097583841532469,0.032954443246126175,1.0
b_cudnn_bf16,15350,0.00298687512986362,0.03549636900424957,1.0
b_cudnn_bf16,15400,0.002487974939867854,0.0323224812746048,1.0
b_cudnn_bf16,15450,0.0032352879643440247,0.04091966152191162,1.0
b_cudnn_bf16,15500,0.002262172754853964,0.03485085070133209,1.0
b_cudnn_bf16,15550,0.003033034037798643,0.07235544919967651,1.0
b_cudnn_bf16,15600,0.003142100526019931,0.028705928474664688,1.0
b_cudnn_bf16,15650,0.0036052183713763952,0.03626590967178345,1.0
b_cudnn_bf16,15700,0.001728815259411931,0.02985564060509205,1.0
b_cudnn_bf16,15750,0.002624703571200371,0.03989029675722122,1.0
b_cudnn_bf16,15800,0.0026736180298030376,0.04343477636575699,1.0
b_cudnn_bf16,15850,0.0017083766870200634,0.02537885122001171,1.0
b_cudnn_bf16,15900,0.0031190156005322933,0.06161075085401535,1.0
b_cudnn_bf16,15950,0.003000428434461355,0.10497201234102249,1.0
b_cudnn_bf16,16000,0.0030383625999093056,0.029970677569508553,1.0
b_cudnn_bf16,16050,0.0034671342000365257,0.028952229768037796,1.0
b_cudnn_bf16,16100,0.002166124526411295,0.027292082086205482,1.0
b_cudnn_bf16,16150,0.0030470280908048153,0.06930733472108841,1.0
b_cudnn_bf16,16200,0.002277394523844123,0.04107346758246422,1.0
b_cudnn_bf16,16250,0.0036295827012509108,0.05582248419523239,1.0
b_cudnn_bf16,16300,0.0022669145837426186,0.05500219762325287,1.0
b_cudnn_bf16,16350,0.0017841809894889593,0.05100646987557411,1.0
b_cudnn_bf16,16400,0.0023737414740025997,0.050264399498701096,1.0
b_cudnn_bf16,16450,0.018972285091876984,4.7814621925354,1.0
b_cudnn_bf16,16500,0.003940345719456673,0.05712069198489189,1.0
b_cudnn_bf16,16550,0.003541363403201103,0.04691128060221672,1.0
b_cudnn_bf16,16600,0.0031629130244255066,0.03276609256863594,1.0
b_cudnn_bf16,16650,0.002195887267589569,0.03523369878530502,1.0
b_cudnn_bf16,16700,0.002770698396489024,0.04501400887966156,1.0
b_cudnn_bf16,16750,0.0034578307531774044,0.05594010278582573,1.0
b_cudnn_bf16,16800,0.001784524298273027,0.04868010804057121,1.0
b_cudnn_bf16,16850,0.0031957440078258514,0.03868890553712845,1.0
b_cudnn_bf16,16900,0.0025851810351014137,0.047807931900024414,1.0
b_cudnn_bf16,16950,0.002515867119655013,0.0569949746131897,1.0
b_cudnn_bf16,17000,0.0030343434773385525,0.04459865763783455,1.0
b_cudnn_bf16,17050,0.0021124589256942272,0.0358976386487484,1.0
b_cudnn_bf16,17100,0.001265893573872745,0.041775841265916824,1.0
b_cudnn_bf16,17150,0.0022238995879888535,0.045773401856422424,1.0
b_cudnn_bf16,17200,0.002955434378236532,0.05413137376308441,1.0
b_cudnn_bf16,17250,0.0025087459944188595,0.04073936119675636,1.0
b_cudnn_bf16,17300,0.0025424323976039886,0.05525023490190506,1.0
b_cudnn_bf16,17350,0.002335277386009693,0.03836138918995857,1.0
b_cudnn_bf16,17400,0.0028679710812866688,0.08047432452440262,1.0
b_cudnn_bf16,17450,0.0030351891182363033,0.03945508971810341,1.0
b_cudnn_bf16,17500,0.0020371382124722004,0.03824121505022049,1.0
b_cudnn_bf16,17550,0.0029120869003236294,0.058833878487348557,1.0
b_cudnn_bf16,17600,0.0031214351765811443,0.053526006639003754,1.0
b_cudnn_bf16,17650,0.0024243772495537996,0.04371802136301994,1.0
b_cudnn_bf16,17700,0.0027555066626518965,0.05944100394845009,1.0
b_cudnn_bf16,17750,0.0025788950733840466,0.025522079318761826,1.0
b_cudnn_bf16,17800,0.0029190201312303543,0.05541735514998436,1.0
b_cudnn_bf16,17850,0.0018665710231289268,0.030601901933550835,1.0
b_cudnn_bf16,17900,0.0018847159808501601,0.026615219190716743,1.0
b_cudnn_bf16,17950,0.0026251692324876785,0.019167622551321983,1.0
b_cudnn_bf16,18000,0.002484546508640051,0.04060277342796326,1.0
b_cudnn_bf16,18050,0.004242210648953915,0.11946535110473633,1.0
b_cudnn_bf16,18100,0.002120562829077244,0.028349952772259712,1.0
b_cudnn_bf16,18150,0.0028029601089656353,0.026158606633543968,1.0
b_cudnn_bf16,18200,0.0022668158635497093,0.029155602678656578,1.0
b_cudnn_bf16,18250,0.0021595172584056854,0.04062225669622421,1.0
b_cudnn_bf16,18300,0.0027145957574248314,0.0280171986669302,1.0
b_cudnn_bf16,18350,0.0023946803994476795,0.03113204427063465,1.0
b_cudnn_bf16,18400,0.001743353670462966,0.0738639160990715,1.0
b_cudnn_bf16,18450,0.0033835377544164658,0.027800874784588814,1.0
b_cudnn_bf16,18500,0.0018985774368047714,0.039835814386606216,1.0
b_cudnn_bf16,18550,0.0021278425119817257,0.02469978667795658,1.0
b_cudnn_bf16,18600,0.003240570891648531,0.029110657051205635,1.0
b_cudnn_bf16,18650,0.0018644416704773903,0.03623166307806969,1.0
b_cudnn_bf16,18700,0.002530205762013793,0.04135052114725113,1.0
b_cudnn_bf16,18750,0.002129452768713236,0.027081940323114395,1.0
b_cudnn_bf16,18800,0.002241105306893587,0.04059239849448204,1.0
b_cudnn_bf16,18850,0.0017277766019105911,0.029158880934119225,1.0
b_cudnn_bf16,18900,0.001847593579441309,0.0382235124707222,1.0
b_cudnn_bf16,18950,0.0018599008908495307,0.027312804013490677,1.0
b_cudnn_bf16,19000,0.0032533458434045315,0.05214701592922211,1.0
b_cudnn_bf16,19050,0.002047126181423664,0.031709153205156326,1.0
b_cudnn_bf16,19100,0.002571769757196307,0.06297650933265686,1.0
b_cudnn_bf16,19150,0.0020709503442049026,0.027037885040044785,1.0
b_cudnn_bf16,19200,0.0025853270199149847,0.025837449356913567,1.0
b_cudnn_bf16,19250,0.0022331010550260544,0.0312519408762455,1.0
b_cudnn_bf16,19300,0.0016833161935210228,0.018649183213710785,1.0
b_cudnn_bf16,19350,0.002432501409202814,0.023667635396122932,1.0
b_cudnn_bf16,19400,0.0024990628007799387,0.03271797299385071,1.0
b_cudnn_bf16,19450,0.0016300849383696914,0.020304275676608086,1.0
b_cudnn_bf16,19500,0.0020724432542920113,0.04481091350317001,1.0
b_cudnn_bf16,19550,0.0018380474066361785,0.0342174656689167,1.0
b_cudnn_bf16,19600,0.0027488856576383114,0.10122449696063995,1.0
b_cudnn_bf16,19650,0.0025387154892086983,0.02151184342801571,1.0
b_cudnn_bf16,19700,0.002591537544503808,0.02700924687087536,1.0
b_cudnn_bf16,19750,0.0017880608793348074,0.05116252601146698,1.0
b_cudnn_bf16,19800,0.002261081477627158,0.032191503793001175,1.0
b_cudnn_bf16,19850,0.0019454400753602386,0.024568380787968636,1.0
b_cudnn_bf16,19900,0.0022611955646425486,0.03379538282752037,1.0
b_cudnn_bf16,19950,0.0018200654303655028,0.025680050253868103,1.0
b_cudnn_bf16,20000,0.0020558489486575127,0.041380371898412704,1.0
b_cudnn_fp16,50,1.5522513389587402,1.0049657821655273,65536.0
b_cudnn_fp16,100,0.767133891582489,0.5943020582199097,65536.0
b_cudnn_fp16,150,0.421549528837204,0.31283923983573914,65536.0
b_cudnn_fp16,200,0.391352117061615,8.04060173034668,32768.0
b_cudnn_fp16,250,0.2891003489494324,0.2429218590259552,32768.0
b_cudnn_fp16,300,0.24526366591453552,0.27404919266700745,32768.0
b_cudnn_fp16,350,0.20518088340759277,0.3849874436855316,32768.0
b_cudnn_fp16,400,0.1316102147102356,1.0346001386642456,32768.0
b_cudnn_fp16,450,0.1338011473417282,0.6657797694206238,32768.0
b_cudnn_fp16,500,0.11433485150337219,0.7493647336959839,32768.0
b_cudnn_fp16,550,0.14878441393375397,0.47032347321510315,32768.0
b_cudnn_fp16,600,0.10448958724737167,0.2223888337612152,32768.0
b_cudnn_fp16,650,0.09907131642103195,0.5108715295791626,32768.0
b_cudnn_fp16,700,0.0887678861618042,0.18442393839359283,32768.0
b_cudnn_fp16,750,0.06176412105560303,0.5494818687438965,32768.0
b_cudnn_fp16,800,0.05463448166847229,0.3403059244155884,32768.0
b_cudnn_fp16,850,0.07616335898637772,0.15991657972335815,32768.0
b_cudnn_fp16,900,0.06567774713039398,0.6238614320755005,32768.0
b_cudnn_fp16,950,0.06884445250034332,0.1950523406267166,32768.0
b_cudnn_fp16,1000,0.05853012204170227,0.590899646282196,32768.0
b_cudnn_fp16,1050,0.05972517654299736,0.3186415433883667,32768.0
b_cudnn_fp16,1100,0.05147272348403931,0.2831917107105255,32768.0
b_cudnn_fp16,1150,0.0565185509622097,0.579559326171875,32768.0
b_cudnn_fp16,1200,0.04427030682563782,0.26235291361808777,32768.0
b_cudnn_fp16,1250,0.044860731810331345,0.20371699333190918,32768.0
b_cudnn_fp16,1300,0.043487221002578735,0.3439595401287079,32768.0
b_cudnn_fp16,1350,0.046991001814603806,0.43328410387039185,32768.0
b_cudnn_fp16,1400,0.029326755553483963,0.1638668030500412,32768.0
b_cudnn_fp16,1450,0.03343460336327553,0.3989088535308838,32768.0
b_cudnn_fp16,1500,0.039424508810043335,0.1767175942659378,32768.0
b_cudnn_fp16,1550,0.04551922529935837,0.18157486617565155,32768.0
b_cudnn_fp16,1600,0.03887704387307167,0.6639005541801453,32768.0
b_cudnn_fp16,1650,0.018688492476940155,0.16151376068592072,32768.0
b_cudnn_fp16,1700,0.031004469841718674,0.22514770925045013,32768.0
b_cudnn_fp16,1750,0.02865731716156006,0.4998803436756134,32768.0
b_cudnn_fp16,1800,0.015030866488814354,0.17013610899448395,32768.0
b_cudnn_fp16,1850,0.03436463698744774,0.47050198912620544,32768.0
b_cudnn_fp16,1900,0.021531259641051292,0.18077664077281952,32768.0
b_cudnn_fp16,1950,0.020102249458432198,0.34906959533691406,32768.0
b_cudnn_fp16,2000,0.02701861783862114,0.2074621021747589,32768.0
b_cudnn_fp16,2050,0.028877323493361473,0.1689903736114502,32768.0
b_cudnn_fp16,2100,0.020116673782467842,0.14663441479206085,32768.0
b_cudnn_fp16,2150,0.024646252393722534,0.4210848808288574,32768.0
b_cudnn_fp16,2200,0.026539847254753113,0.18930816650390625,65536.0
b_cudnn_fp16,2250,0.016039561480283737,0.23211172223091125,65536.0
b_cudnn_fp16,2300,0.018608316779136658,0.18409936130046844,65536.0
b_cudnn_fp16,2350,0.02000935934484005,0.2654537558555603,65536.0
b_cudnn_fp16,2400,0.01674034260213375,0.24438844621181488,65536.0
b_cudnn_fp16,2450,0.024821577593684196,0.13707555830478668,65536.0
b_cudnn_fp16,2500,0.017409004271030426,0.2889561653137207,65536.0
b_cudnn_fp16,2550,0.02075744792819023,0.1840706318616867,65536.0
b_cudnn_fp16,2600,0.0164981447160244,0.16270603239536285,65536.0
b_cudnn_fp16,2650,0.013893823139369488,0.19819803535938263,65536.0
b_cudnn_fp16,2700,0.012591428123414516,0.14528979361057281,65536.0
b_cudnn_fp16,2750,0.014826798811554909,0.14397145807743073,65536.0
b_cudnn_fp16,2800,0.015548750758171082,0.12354081124067307,65536.0
b_cudnn_fp16,2850,0.013777694664895535,0.1556207835674286,65536.0
b_cudnn_fp16,2900,0.021358326077461243,0.22119076550006866,65536.0
b_cudnn_fp16,2950,0.015394593589007854,0.2892421782016754,65536.0
b_cudnn_fp16,3000,0.009377104230225086,0.13183020055294037,65536.0
b_cudnn_fp16,3050,0.015319623053073883,0.12362994998693466,65536.0
b_cudnn_fp16,3100,0.01385284960269928,0.16266809403896332,65536.0
b_cudnn_fp16,3150,0.012310790829360485,0.09087993204593658,65536.0
b_cudnn_fp16,3200,0.01580285280942917,0.1518440842628479,65536.0
b_cudnn_fp16,3250,0.00891871377825737,0.18027126789093018,65536.0
b_cudnn_fp16,3300,0.009442172013223171,0.1081731915473938,65536.0
b_cudnn_fp16,3350,0.00931902602314949,0.13329870998859406,65536.0
b_cudnn_fp16,3400,0.012804231606423855,0.1375526785850525,65536.0
b_cudnn_fp16,3450,0.007517156656831503,0.14215955138206482,65536.0
b_cudnn_fp16,3500,0.011015407741069794,0.1459367424249649,65536.0
b_cudnn_fp16,3550,0.01585404761135578,0.3136683404445648,65536.0
b_cudnn_fp16,3600,0.011285613290965557,0.1278112679719925,65536.0
b_cudnn_fp16,3650,0.01358890812844038,0.1399763822555542,65536.0
b_cudnn_fp16,3700,0.006232564803212881,0.10624224692583084,65536.0
b_cudnn_fp16,3750,0.00862412340939045,0.189498633146286,65536.0
b_cudnn_fp16,3800,0.013735078275203705,0.16157317161560059,65536.0
b_cudnn_fp16,3850,0.01480018999427557,0.1793697625398636,65536.0
b_cudnn_fp16,3900,0.010989770293235779,0.17827066779136658,65536.0
b_cudnn_fp16,3950,0.006619595922529697,0.10808615386486053,65536.0
b_cudnn_fp16,4000,0.010661905631422997,0.11370459944009781,65536.0
b_cudnn_fp16,4050,0.00770694762468338,0.17261794209480286,65536.0
b_cudnn_fp16,4100,0.014223001897335052,0.17501211166381836,65536.0
b_cudnn_fp16,4150,0.013295124284923077,0.2159053534269333,65536.0
b_cudnn_fp16,4200,0.009799174033105373,0.2411651909351349,131072.0
b_cudnn_fp16,4250,0.00768781965598464,0.10443886369466782,131072.0
b_cudnn_fp16,4300,0.00847663264721632,0.13116325438022614,131072.0
b_cudnn_fp16,4350,0.009329001419246197,0.19443157315254211,131072.0
b_cudnn_fp16,4400,0.0068963682278990746,0.14776930212974548,131072.0
b_cudnn_fp16,4450,0.009010597132146358,0.09001477062702179,131072.0
b_cudnn_fp16,4500,0.00785275362432003,0.10965338349342346,131072.0
b_cudnn_fp16,4550,0.014928571879863739,0.10742824524641037,131072.0
b_cudnn_fp16,4600,0.005909144878387451,0.08021271228790283,131072.0
b_cudnn_fp16,4650,0.008929690346121788,0.08552581816911697,131072.0
b_cudnn_fp16,4700,0.012387859635055065,0.13799183070659637,131072.0
b_cudnn_fp16,4750,0.00920336227864027,0.12807807326316833,131072.0
b_cudnn_fp16,4800,0.015216156840324402,0.21031080186367035,131072.0
b_cudnn_fp16,4850,0.010240321978926659,0.07588890194892883,131072.0
b_cudnn_fp16,4900,0.008005663752555847,0.10854868590831757,131072.0
b_cudnn_fp16,4950,0.007414475083351135,0.09210424870252609,131072.0
b_cudnn_fp16,5000,0.00816415436565876,0.12745939195156097,131072.0
b_cudnn_fp16,5050,0.00452103465795517,0.12430234998464584,131072.0
b_cudnn_fp16,5100,0.012498103082180023,0.07802392542362213,131072.0
b_cudnn_fp16,5150,0.007384844124317169,0.10555993765592575,131072.0
b_cudnn_fp16,5200,0.006683800369501114,0.11027833074331284,131072.0
b_cudnn_fp16,5250,0.012419939041137695,0.2783091068267822,131072.0
b_cudnn_fp16,5300,0.00831794086843729,0.0782635509967804,131072.0
b_cudnn_fp16,5350,0.005566199775785208,0.0746820867061615,131072.0
b_cudnn_fp16,5400,0.007747428026050329,0.07478402554988861,131072.0
b_cudnn_fp16,5450,0.00877431035041809,0.09248573333024979,131072.0
b_cudnn_fp16,5500,0.006499275099486113,0.11228113621473312,131072.0
b_cudnn_fp16,5550,0.006387903355062008,0.07128577679395676,131072.0
b_cudnn_fp16,5600,0.006806907709687948,0.11689174175262451,131072.0
b_cudnn_fp16,5650,0.007322981022298336,0.10176997631788254,131072.0
b_cudnn_fp16,5700,0.006389634683728218,0.08347620815038681,131072.0
b_cudnn_fp16,5750,0.006012551486492157,0.10956518352031708,131072.0
b_cudnn_fp16,5800,0.007422839757055044,0.09260369092226028,131072.0
b_cudnn_fp16,5850,0.006209860555827618,0.07868050783872604,131072.0
b_cudnn_fp16,5900,0.006851362995803356,0.18955868482589722,131072.0
b_cudnn_fp16,5950,0.00672557158395648,0.07653941214084625,131072.0
b_cudnn_fp16,6000,0.0055504655465483665,0.2166563719511032,131072.0
b_cudnn_fp16,6050,0.006181526929140091,0.08077847212553024,131072.0
b_cudnn_fp16,6100,0.00748866330832243,0.08699766546487808,131072.0
b_cudnn_fp16,6150,0.008831765502691269,0.14776133000850677,131072.0
b_cudnn_fp16,6200,0.010664854198694229,0.09731651097536087,32768.0
b_cudnn_fp16,6250,0.008183259516954422,0.08022144436836243,32768.0
b_cudnn_fp16,6300,0.006844403222203255,0.08236894756555557,32768.0
b_cudnn_fp16,6350,0.005936103872954845,0.09321410953998566,32768.0
b_cudnn_fp16,6400,0.00641633290797472,0.07596531510353088,32768.0
b_cudnn_fp16,6450,0.007646466605365276,0.15066437423229218,32768.0
b_cudnn_fp16,6500,0.009078441187739372,0.14284753799438477,32768.0
b_cudnn_fp16,6550,0.004562560468912125,0.08329398930072784,32768.0
b_cudnn_fp16,6600,0.005151339806616306,0.10887143015861511,32768.0
b_cudnn_fp16,6650,0.004756842739880085,0.09566732496023178,32768.0
b_cudnn_fp16,6700,0.0068261101841926575,0.08551295846700668,32768.0
b_cudnn_fp16,6750,0.006588287651538849,0.1268695890903473,32768.0
b_cudnn_fp16,6800,0.006960208527743816,0.09469020366668701,32768.0
b_cudnn_fp16,6850,0.008663522079586983,0.09858380258083344,32768.0
b_cudnn_fp16,6900,0.0054358746856451035,0.10707418620586395,32768.0
b_cudnn_fp16,6950,0.005594703368842602,0.0991787239909172,32768.0
b_cudnn_fp16,7000,0.005177982151508331,0.16707168519496918,32768.0
b_cudnn_fp16,7050,0.006844975054264069,0.11668960005044937,32768.0
b_cudnn_fp16,7100,0.006907344795763493,0.08312526345252991,32768.0
b_cudnn_fp16,7150,0.0049950964748859406,0.06480027735233307,32768.0
b_cudnn_fp16,7200,0.005779538303613663,0.06845171004533768,32768.0
b_cudnn_fp16,7250,0.0055221207439899445,0.11640112102031708,32768.0
b_cudnn_fp16,7300,0.004850283265113831,0.07459505647420883,32768.0
b_cudnn_fp16,7350,0.00912182405591011,0.09472598880529404,32768.0
b_cudnn_fp16,7400,0.007018414791673422,0.08338958770036697,32768.0
b_cudnn_fp16,7450,0.005626052618026733,0.058957528322935104,32768.0
b_cudnn_fp16,7500,0.0032762810587882996,0.07526256889104843,32768.0
b_cudnn_fp16,7550,0.00679019745439291,0.047899480909109116,32768.0
b_cudnn_fp16,7600,0.004488789476454258,0.08308868110179901,32768.0
b_cudnn_fp16,7650,0.005572040565311909,0.09168095886707306,32768.0
b_cudnn_fp16,7700,0.0060331556014716625,0.06787876784801483,32768.0
b_cudnn_fp16,7750,0.005850243382155895,0.07431554049253464,32768.0
b_cudnn_fp16,7800,0.005345446057617664,0.1160329058766365,32768.0
b_cudnn_fp16,7850,0.007785941939800978,0.08450517803430557,32768.0
b_cudnn_fp16,7900,0.006811986677348614,0.181919127702713,32768.0
b_cudnn_fp16,7950,0.00562801118940115,0.052991922944784164,32768.0
b_cudnn_fp16,8000,0.002626154338940978,0.09819932281970978,32768.0
b_cudnn_fp16,8050,0.004751982633024454,0.1112656369805336,32768.0
b_cudnn_fp16,8100,0.004638010635972023,0.05938006192445755,32768.0
b_cudnn_fp16,8150,0.004902200307697058,0.10117635130882263,32768.0
b_cudnn_fp16,8200,0.005247350316494703,0.07195942103862762,65536.0
b_cudnn_fp16,8250,0.006116928067058325,0.07653149962425232,65536.0
b_cudnn_fp16,8300,0.005066339857876301,0.057381756603717804,65536.0
b_cudnn_fp16,8350,0.004590730648487806,0.06928566098213196,65536.0
b_cudnn_fp16,8400,0.006438588257879019,0.07306788116693497,65536.0
b_cudnn_fp16,8450,0.0042808037251234055,0.06010666489601135,65536.0
b_cudnn_fp16,8500,0.007142460905015469,0.08328913897275925,65536.0
b_cudnn_fp16,8550,0.004097789525985718,0.1277429461479187,65536.0
b_cudnn_fp16,8600,0.005584727972745895,0.04881366342306137,65536.0
b_cudnn_fp16,8650,0.005083445459604263,0.12885764241218567,65536.0
b_cudnn_fp16,8700,0.007936651818454266,0.05596787855029106,65536.0
b_cudnn_fp16,8750,0.007420582231134176,0.07760115712881088,65536.0
b_cudnn_fp16,8800,0.004735996946692467,0.0820605531334877,65536.0
b_cudnn_fp16,8850,0.004823304712772369,0.05185837298631668,65536.0
b_cudnn_fp16,8900,0.0033747765701264143,0.06635725498199463,65536.0
b_cudnn_fp16,8950,0.004083240404725075,0.07007116824388504,65536.0
b_cudnn_fp16,9000,0.005752444267272949,0.09357088804244995,65536.0
b_cudnn_fp16,9050,0.005298369564116001,0.05651406943798065,65536.0
b_cudnn_fp16,9100,0.00645475834608078,0.0666540339589119,65536.0
b_cudnn_fp16,9150,0.006021763198077679,0.06903919577598572,65536.0
b_cudnn_fp16,9200,0.007562433369457722,0.06960577517747879,65536.0
b_cudnn_fp16,9250,0.0036562103778123856,0.11565147340297699,65536.0
b_cudnn_fp16,9300,0.00486232154071331,0.06398389488458633,65536.0
b_cudnn_fp16,9350,0.0051193563267588615,0.06891511380672455,65536.0
b_cudnn_fp16,9400,0.004660320468246937,0.05988641455769539,65536.0
b_cudnn_fp16,9450,0.004465837497264147,0.07537835091352463,65536.0
b_cudnn_fp16,9500,0.00590658001601696,0.1276048868894577,65536.0
b_cudnn_fp16,9550,0.005120108835399151,0.05031568184494972,65536.0
b_cudnn_fp16,9600,0.005046838894486427,0.055146776139736176,65536.0
b_cudnn_fp16,9650,0.002626326633617282,0.03987230360507965,65536.0
b_cudnn_fp16,9700,0.004427762236446142,0.06036123260855675,65536.0
b_cudnn_fp16,9750,0.00560509180650115,0.06288731098175049,65536.0
b_cudnn_fp16,9800,0.003256499767303467,0.07606212049722672,65536.0
b_cudnn_fp16,9850,0.004985799081623554,0.06025028973817825,65536.0
b_cudnn_fp16,9900,0.003617116017267108,0.07278292626142502,65536.0
b_cudnn_fp16,9950,0.0042319586500525475,0.07407687604427338,65536.0
b_cudnn_fp16,10000,0.005829495377838612,0.0595565140247345,65536.0
b_cudnn_fp16,10050,0.00255689793266356,0.0446535162627697,65536.0
b_cudnn_fp16,10100,0.004500368610024452,0.07589512318372726,65536.0
b_cudnn_fp16,10150,0.004538289271295071,0.05740879476070404,65536.0
b_cudnn_fp16,10200,0.005277360789477825,0.06484038382768631,131072.0
b_cudnn_fp16,10250,0.004571001976728439,0.07055457681417465,131072.0
b_cudnn_fp16,10300,0.006672373972833157,0.06948485225439072,131072.0
b_cudnn_fp16,10350,0.005958769470453262,0.07870418578386307,131072.0
b_cudnn_fp16,10400,0.0065759532153606415,0.05499714985489845,131072.0
b_cudnn_fp16,10450,0.00452841492369771,0.04471893608570099,131072.0
b_cudnn_fp16,10500,0.0028336751274764538,0.04207997769117355,131072.0
b_cudnn_fp16,10550,0.0034839992877095938,0.06565122306346893,131072.0
b_cudnn_fp16,10600,0.004656569100916386,0.07077698409557343,131072.0
b_cudnn_fp16,10650,0.0030265976674854755,0.036754488945007324,131072.0
b_cudnn_fp16,10700,0.003909594379365444,0.0556405633687973,131072.0
b_cudnn_fp16,10750,0.0038005723617970943,0.05009017884731293,131072.0
b_cudnn_fp16,10800,0.004835221450775862,0.07205525040626526,131072.0
b_cudnn_fp16,10850,0.004907388240098953,0.09999068826436996,131072.0
b_cudnn_fp16,10900,0.0037825433537364006,0.04808041453361511,131072.0
b_cudnn_fp16,10950,0.0025063632056117058,0.04296053200960159,131072.0
b_cudnn_fp16,11000,0.004341691732406616,0.03829094395041466,131072.0
b_cudnn_fp16,11050,0.0053522540256381035,0.09735696762800217,131072.0
b_cudnn_fp16,11100,0.002758721588179469,0.11537045985460281,131072.0
b_cudnn_fp16,11150,0.0032965585123747587,0.05294705927371979,131072.0
b_cudnn_fp16,11200,0.002996478695422411,0.054831363260746,131072.0
b_cudnn_fp16,11250,0.0029174189548939466,0.05128347873687744,131072.0
b_cudnn_fp16,11300,0.0034583022352308035,0.060351818799972534,131072.0
b_cudnn_fp16,11350,0.0049830214120447636,0.03711904212832451,131072.0
b_cudnn_fp16,11400,0.002952706767246127,0.03511285409331322,131072.0
b_cudnn_fp16,11450,0.004656887613236904,0.06309648603200912,131072.0
b_cudnn_fp16,11500,0.004866608418524265,0.05335262417793274,131072.0
b_cudnn_fp16,11550,0.0045449454337358475,0.0540347583591938,131072.0
b_cudnn_fp16,11600,0.002567967399954796,0.031127672642469406,131072.0
b_cudnn_fp16,11650,0.0030606877990067005,0.09382470697164536,131072.0
b_cudnn_fp16,11700,0.003982909489423037,0.044268254190683365,131072.0
b_cudnn_fp16,11750,0.00318897794932127,0.06936240196228027,131072.0
b_cudnn_fp16,11800,0.003617487382143736,0.05235440656542778,131072.0
b_cudnn_fp16,11850,0.004554368555545807,0.09293583035469055,131072.0
b_cudnn_fp16,11900,0.005162290297448635,0.07064756751060486,131072.0
b_cudnn_fp16,11950,0.003205545712262392,0.06196220591664314,131072.0
b_cudnn_fp16,12000,0.002292209304869175,0.03726718947291374,131072.0
b_cudnn_fp16,12050,0.003605170175433159,0.060334213078022,131072.0
b_cudnn_fp16,12100,0.002369591500610113,0.05936513841152191,131072.0
b_cudnn_fp16,12150,0.004716059193015099,0.05346616357564926,131072.0
b_cudnn_fp16,12200,0.005425659008324146,0.055404193699359894,262144.0
b_cudnn_fp16,12250,0.0026595578528940678,0.04164811968803406,262144.0
b_cudnn_fp16,12300,0.003476424841210246,0.044734012335538864,262144.0
b_cudnn_fp16,12350,0.0018830234184861183,0.04308187589049339,262144.0
b_cudnn_fp16,12400,0.00417321128770709,0.0723496675491333,262144.0
b_cudnn_fp16,12450,0.004382775630801916,0.07214615494012833,262144.0
b_cudnn_fp16,12500,0.002329176524654031,0.061327625066041946,262144.0
b_cudnn_fp16,12550,0.004876639228314161,0.043425723910331726,262144.0
b_cudnn_fp16,12600,0.0026860691141337156,0.03654884546995163,262144.0
b_cudnn_fp16,12650,0.0027164495550096035,0.041640862822532654,262144.0
b_cudnn_fp16,12700,0.0036675347946584225,0.051814865320920944,262144.0
b_cudnn_fp16,12750,0.0034595616161823273,0.05103475600481033,262144.0
b_cudnn_fp16,12800,0.003459400963038206,0.06539549678564072,262144.0
b_cudnn_fp16,12850,0.0024716814514249563,0.03102882392704487,262144.0
b_cudnn_fp16,12900,0.00456370459869504,0.06558234989643097,262144.0
b_cudnn_fp16,12950,0.004641479346901178,0.041992850601673126,262144.0
b_cudnn_fp16,13000,0.0037513510324060917,0.06144824996590614,262144.0
b_cudnn_fp16,13050,0.0038122949190437794,0.030836112797260284,262144.0
b_cudnn_fp16,13100,0.003694345708936453,0.047942064702510834,262144.0
b_cudnn_fp16,13150,0.0031731463968753815,0.05836031213402748,262144.0
b_cudnn_fp16,13200,0.002155739814043045,0.03672274947166443,262144.0
b_cudnn_fp16,13250,0.0022183952387422323,0.033961568027734756,262144.0
b_cudnn_fp16,13300,0.0031313151121139526,0.09337706863880157,262144.0
b_cudnn_fp16,13350,0.0033176839351654053,0.04512961953878403,262144.0
b_cudnn_fp16,13400,0.003562395228073001,0.03128156065940857,262144.0
b_cudnn_fp16,13450,0.0028542091604322195,0.06985833495855331,262144.0
b_cudnn_fp16,13500,0.006001122295856476,0.04981331527233124,32768.0
b_cudnn_fp16,13550,0.003323411103338003,0.05245385691523552,32768.0
b_cudnn_fp16,13600,0.002719493117183447,0.041184935718774796,32768.0
b_cudnn_fp16,13650,0.004583451896905899,0.06908706575632095,32768.0
b_cudnn_fp16,13700,0.003055435372516513,0.04031766578555107,32768.0
b_cudnn_fp16,13750,0.0035400502383708954,0.05827576667070389,32768.0
b_cudnn_fp16,13800,0.0021138961892575026,0.05441998317837715,32768.0
b_cudnn_fp16,13850,0.002309227827936411,0.04530741274356842,32768.0
b_cudnn_fp16,13900,0.0028828110080212355,0.048556577414274216,32768.0
b_cudnn_fp16,13950,0.0026066647842526436,0.04091082140803337,32768.0
b_cudnn_fp16,14000,0.002920599188655615,0.04081650823354721,32768.0
b_cudnn_fp16,14050,0.0032771348487585783,0.036437418311834335,32768.0
b_cudnn_fp16,14100,0.0026742047630250454,0.05067635327577591,32768.0
b_cudnn_fp16,14150,0.0035516205243766308,0.04896964132785797,32768.0
b_cudnn_fp16,14200,0.0031316603999584913,0.04118642583489418,32768.0
b_cudnn_fp16,14250,0.0032933643087744713,0.05575837194919586,32768.0
b_cudnn_fp16,14300,0.003954234533011913,0.10275766998529434,32768.0
b_cudnn_fp16,14350,0.0034768949262797832,0.03752449154853821,32768.0
b_cudnn_fp16,14400,0.0037165824323892593,0.04177215322852135,32768.0
b_cudnn_fp16,14450,0.0026113889180123806,0.0294543094933033,32768.0
b_cudnn_fp16,14500,0.005038033705204725,0.0756916031241417,32768.0
b_cudnn_fp16,14550,0.004521060734987259,0.05214659869670868,32768.0
b_cudnn_fp16,14600,0.0024941277224570513,0.04104821756482124,32768.0
b_cudnn_fp16,14650,0.004715558607131243,0.037868279963731766,32768.0
b_cudnn_fp16,14700,0.0014943158021196723,0.030361289158463478,32768.0
b_cudnn_fp16,14750,0.004019030835479498,0.04119277372956276,32768.0
b_cudnn_fp16,14800,0.0030885860323905945,0.07405965030193329,32768.0
b_cudnn_fp16,14850,0.0027561523020267487,0.04767852649092674,32768.0
b_cudnn_fp16,14900,0.0029652193188667297,0.07516567409038544,32768.0
b_cudnn_fp16,14950,0.0020180372521281242,0.05088590830564499,32768.0
b_cudnn_fp16,15000,0.0020460865925997496,0.058177970349788666,32768.0
b_cudnn_fp16,15050,0.003078229259699583,0.04137815907597542,32768.0
b_cudnn_fp16,15100,0.0036379247903823853,0.031203005462884903,32768.0
b_cudnn_fp16,15150,0.0025122163351625204,0.03579973429441452,32768.0
b_cudnn_fp16,15200,0.002226312644779682,0.0424090214073658,32768.0
b_cudnn_fp16,15250,0.0022195670753717422,0.04440591484308243,32768.0
b_cudnn_fp16,15300,0.0022187174763530493,0.04895174503326416,32768.0
b_cudnn_fp16,15350,0.00324920192360878,0.06250277906656265,32768.0
b_cudnn_fp16,15400,0.0025156806223094463,0.05341269075870514,32768.0
b_cudnn_fp16,15450,0.003115479601547122,0.03185107186436653,32768.0
b_cudnn_fp16,15500,0.002344270469620824,0.05202144756913185,65536.0
b_cudnn_fp16,15550,0.0028142896480858326,0.037417419254779816,65536.0
b_cudnn_fp16,15600,0.003235423471778631,0.042380500584840775,65536.0
b_cudnn_fp16,15650,0.0037217147182673216,0.051423296332359314,65536.0
b_cudnn_fp16,15700,0.0018109794473275542,0.03447999805212021,65536.0
b_cudnn_fp16,15750,0.0028069615364074707,0.06311220675706863,65536.0
b_cudnn_fp16,15800,0.0025551458820700645,0.05587758123874664,65536.0
b_cudnn_fp16,15850,0.0017325974768027663,0.03963780403137207,65536.0
b_cudnn_fp16,15900,0.003132987767457962,0.04835294187068939,65536.0
b_cudnn_fp16,15950,0.0019918582402169704,0.035209354013204575,65536.0
b_cudnn_fp16,16000,0.003064836375415325,0.037318155169487,65536.0
b_cudnn_fp16,16050,0.003589148400351405,0.05860862135887146,65536.0
b_cudnn_fp16,16100,0.0022386705968528986,0.043355561792850494,65536.0
b_cudnn_fp16,16150,0.002809392288327217,0.03855564817786217,65536.0
b_cudnn_fp16,16200,0.0023838698398321867,0.05091468244791031,65536.0
b_cudnn_fp16,16250,0.0034697195515036583,0.042141392827034,65536.0
b_cudnn_fp16,16300,0.0022044663783162832,0.07399515062570572,65536.0
b_cudnn_fp16,16350,0.001737244427204132,0.04915561527013779,65536.0
b_cudnn_fp16,16400,0.002512173494324088,0.06785552203655243,65536.0
b_cudnn_fp16,16450,0.0014654153492301702,0.028942348435521126,65536.0
b_cudnn_fp16,16500,0.0015491889789700508,0.031089670956134796,65536.0
b_cudnn_fp16,16550,0.002503718249499798,0.03353137895464897,65536.0
b_cudnn_fp16,16600,0.0027494532987475395,0.03870074450969696,65536.0
b_cudnn_fp16,16650,0.00188030197750777,0.032018862664699554,65536.0
b_cudnn_fp16,16700,0.002641192404553294,0.04671422764658928,65536.0
b_cudnn_fp16,16750,0.003301647026091814,0.05598827451467514,65536.0
b_cudnn_fp16,16800,0.0015425083693116903,0.026704739779233932,65536.0
b_cudnn_fp16,16850,0.002937804441899061,0.028668370097875595,65536.0
b_cudnn_fp16,16900,0.00243501178920269,0.042897723615169525,65536.0
b_cudnn_fp16,16950,0.0023612056393176317,0.06623350083827972,65536.0
b_cudnn_fp16,17000,0.0029497346840798855,0.04684244841337204,65536.0
b_cudnn_fp16,17050,0.0020713654812425375,0.04466404393315315,65536.0
b_cudnn_fp16,17100,0.0012513167457655072,0.052666664123535156,65536.0
b_cudnn_fp16,17150,0.0020430185832083225,0.042991455644369125,65536.0
b_cudnn_fp16,17200,0.002786139724776149,0.04711831361055374,65536.0
b_cudnn_fp16,17250,0.002437298186123371,0.040784481912851334,65536.0
b_cudnn_fp16,17300,0.002339417114853859,0.04057525843381882,65536.0
b_cudnn_fp16,17350,0.002258449327200651,0.041800931096076965,65536.0
b_cudnn_fp16,17400,0.0026302931364625692,0.08052927255630493,65536.0
b_cudnn_fp16,17450,0.0029269997030496597,0.032522015273571014,65536.0
b_cudnn_fp16,17500,0.0018845082959160209,0.03671645373106003,131072.0
b_cudnn_fp16,17550,0.002640986815094948,0.03764340281486511,131072.0
b_cudnn_fp16,17600,0.0030858139507472515,0.052101392298936844,131072.0
b_cudnn_fp16,17650,0.002495510969310999,0.07460829615592957,131072.0
b_cudnn_fp16,17700,0.0023166616447269917,0.029136205092072487,131072.0
b_cudnn_fp16,17750,0.002454670611768961,0.030267629772424698,131072.0
b_cudnn_fp16,17800,0.002822278067469597,0.06925097852945328,131072.0
b_cudnn_fp16,17850,0.0017193618696182966,0.031554192304611206,131072.0
b_cudnn_fp16,17900,0.0018449341878294945,0.03598010167479515,131072.0
b_cudnn_fp16,17950,0.0024842796847224236,0.028056543320417404,131072.0
b_cudnn_fp16,18000,0.0023328771349042654,0.049569934606552124,131072.0
b_cudnn_fp16,18050,0.0033560385927557945,0.05535713955760002,131072.0
b_cudnn_fp16,18100,0.0020441783126443624,0.02956944890320301,131072.0
b_cudnn_fp16,18150,0.0026223144959658384,0.029067834839224815,131072.0
b_cudnn_fp16,18200,0.0023731610272079706,0.06323302537202835,131072.0
b_cudnn_fp16,18250,0.001973142381757498,0.03294593095779419,131072.0
b_cudnn_fp16,18300,0.0025790005456656218,0.03774602338671684,131072.0
b_cudnn_fp16,18350,0.002244208473712206,0.03826136142015457,131072.0
b_cudnn_fp16,18400,0.0015129342209547758,0.06601785123348236,131072.0
b_cudnn_fp16,18450,0.0031592436134815216,0.033052779734134674,131072.0
b_cudnn_fp16,18500,0.001818681019358337,0.03867814689874649,131072.0
b_cudnn_fp16,18550,0.001968556083738804,0.02797349914908409,131072.0
b_cudnn_fp16,18600,0.0030239401385188103,0.03764304146170616,131072.0
b_cudnn_fp16,18650,0.0016698490362614393,0.034656379371881485,131072.0
b_cudnn_fp16,18700,0.0022272118367254734,0.03502870723605156,131072.0
b_cudnn_fp16,18750,0.0019954564049839973,0.03326762095093727,131072.0
b_cudnn_fp16,18800,0.0019780194852501154,0.0269352775067091,131072.0
b_cudnn_fp16,18850,0.0015112084802240133,0.03238626942038536,131072.0
b_cudnn_fp16,18900,0.0017345412634313107,0.04368795081973076,131072.0
b_cudnn_fp16,18950,0.00178425048943609,0.04042079299688339,131072.0
b_cudnn_fp16,19000,0.0029756841249763966,0.03918147087097168,131072.0
b_cudnn_fp16,19050,0.0019687963649630547,0.041401296854019165,131072.0
b_cudnn_fp16,19100,0.0024790572933852673,0.07909505069255829,131072.0
b_cudnn_fp16,19150,0.001735167927108705,0.02386348322033882,131072.0
b_cudnn_fp16,19200,0.0023607653565704823,0.022645805031061172,131072.0
b_cudnn_fp16,19250,0.002183616394177079,0.042133644223213196,131072.0
b_cudnn_fp16,19300,0.0015936264535412192,0.025214388966560364,131072.0
b_cudnn_fp16,19350,0.002309398725628853,0.0433364100754261,131072.0
b_cudnn_fp16,19400,0.0021593652199953794,0.02189650386571884,131072.0
b_cudnn_fp16,19450,0.0014781306963413954,0.02033873274922371,131072.0
b_cudnn_fp16,19500,0.0018269731663167477,0.033279407769441605,262144.0
b_cudnn_fp16,19550,0.001705770380795002,0.04152370244264603,262144.0
b_cudnn_fp16,19600,0.0020893176551908255,0.04976877197623253,262144.0
b_cudnn_fp16,19650,0.002286684699356556,0.02285228669643402,262144.0
b_cudnn_fp16,19700,0.002508843317627907,0.04115528240799904,262144.0
b_cudnn_fp16,19750,0.0011826029513031244,0.03192339465022087,262144.0
b_cudnn_fp16,19800,0.002223420888185501,0.060641199350357056,262144.0
b_cudnn_fp16,19850,0.0017650313675403595,0.03590456768870354,262144.0
b_cudnn_fp16,19900,0.002063292544335127,0.02371634915471077,262144.0
b_cudnn_fp16,19950,0.0017154737142845988,0.04802684485912323,262144.0
b_cudnn_fp16,20000,0.001853171270340681,0.03091995045542717,262144.0
b_fa4_bf16,50,1.5546283721923828,0.6304394602775574,1.0
b_fa4_bf16,100,0.7902019023895264,0.5800833106040955,1.0
b_fa4_bf16,150,0.42364344000816345,0.3545301854610443,1.0
b_fa4_bf16,200,0.35105252265930176,0.521093487739563,1.0
b_fa4_bf16,250,0.28183698654174805,0.43104517459869385,1.0
b_fa4_bf16,300,0.24234454333782196,1.0345932245254517,1.0
b_fa4_bf16,350,0.20009730756282806,1.0990803241729736,1.0
b_fa4_bf16,400,0.1232219934463501,0.31269821524620056,1.0
b_fa4_bf16,450,0.12940213084220886,0.34612080454826355,1.0
b_fa4_bf16,500,0.1124318391084671,0.5812124609947205,1.0
b_fa4_bf16,550,0.1486090123653412,0.42383524775505066,1.0
b_fa4_bf16,600,0.10894656181335449,0.5361688733100891,1.0
b_fa4_bf16,650,0.09690098464488983,0.2157374620437622,1.0
b_fa4_bf16,700,0.08888812363147736,0.2558744251728058,1.0
b_fa4_bf16,750,0.05856921523809433,0.2846948206424713,1.0
b_fa4_bf16,800,0.054367899894714355,0.24460843205451965,1.0
b_fa4_bf16,850,0.07514217495918274,0.17208372056484222,1.0
b_fa4_bf16,900,0.06507252156734467,0.4793102741241455,1.0
b_fa4_bf16,950,0.06786826252937317,0.16795460879802704,1.0
b_fa4_bf16,1000,0.06088890880346298,0.718665599822998,1.0
b_fa4_bf16,1050,0.05776291713118553,0.27151909470558167,1.0
b_fa4_bf16,1100,0.050273023545742035,0.2678249478340149,1.0
b_fa4_bf16,1150,0.053506456315517426,0.2406727820634842,1.0
b_fa4_bf16,1200,0.04400070756673813,0.20257772505283356,1.0
b_fa4_bf16,1250,0.04428228363394737,0.1327415555715561,1.0
b_fa4_bf16,1300,0.04246179014444351,0.28050461411476135,1.0
b_fa4_bf16,1350,0.045010022819042206,0.22744497656822205,1.0
b_fa4_bf16,1400,0.02964317798614502,0.16521506011486053,1.0
b_fa4_bf16,1450,0.03177148848772049,0.30272430181503296,1.0
b_fa4_bf16,1500,0.04166485369205475,0.2604072391986847,1.0
b_fa4_bf16,1550,0.046343445777893066,0.21068501472473145,1.0
b_fa4_bf16,1600,0.033343080431222916,0.1896732598543167,1.0
b_fa4_bf16,1650,0.019884847104549408,0.3139623701572418,1.0
b_fa4_bf16,1700,0.03340380638837814,0.430614709854126,1.0
b_fa4_bf16,1750,0.02582216076552868,0.20007799565792084,1.0
b_fa4_bf16,1800,0.016471488401293755,0.27982383966445923,1.0
b_fa4_bf16,1850,0.036118991672992706,0.5745617747306824,1.0
b_fa4_bf16,1900,0.021322574466466904,0.1807982176542282,1.0
b_fa4_bf16,1950,0.01891595497727394,0.2760644555091858,1.0
b_fa4_bf16,2000,0.027109181508421898,0.2063489854335785,1.0
b_fa4_bf16,2050,0.028753865510225296,0.19714990258216858,1.0
b_fa4_bf16,2100,0.020213620737195015,0.1824038028717041,1.0
b_fa4_bf16,2150,0.02393266372382641,0.3556262254714966,1.0
b_fa4_bf16,2200,0.030083145946264267,0.4819731116294861,1.0
b_fa4_bf16,2250,0.015099359676241875,0.1493465155363083,1.0
b_fa4_bf16,2300,0.01872354745864868,0.16861744225025177,1.0
b_fa4_bf16,2350,0.019347719848155975,0.16720187664031982,1.0
b_fa4_bf16,2400,0.01588236354291439,0.11418800055980682,1.0
b_fa4_bf16,2450,0.025818049907684326,0.2572520077228546,1.0
b_fa4_bf16,2500,0.016138650476932526,0.17665980756282806,1.0
b_fa4_bf16,2550,0.021230071783065796,0.24135266244411469,1.0
b_fa4_bf16,2600,0.016603983938694,0.20670853555202484,1.0
b_fa4_bf16,2650,0.01338626816868782,0.18799389898777008,1.0
b_fa4_bf16,2700,0.012351462617516518,0.09542779624462128,1.0
b_fa4_bf16,2750,0.015086492523550987,0.17792421579360962,1.0
b_fa4_bf16,2800,0.015566658228635788,0.13498982787132263,1.0
b_fa4_bf16,2850,0.013889694586396217,0.19825465977191925,1.0
b_fa4_bf16,2900,0.02170058712363243,0.21685008704662323,1.0
b_fa4_bf16,2950,0.013965929858386517,0.11488567292690277,1.0
b_fa4_bf16,3000,0.009812712669372559,0.15137653052806854,1.0
b_fa4_bf16,3050,0.016184698790311813,0.17166480422019958,1.0
b_fa4_bf16,3100,0.013502981513738632,0.14185570180416107,1.0
b_fa4_bf16,3150,0.012938592582941055,0.1428654044866562,1.0
b_fa4_bf16,3200,0.01619197428226471,0.13402552902698517,1.0
b_fa4_bf16,3250,0.008250530809164047,0.09363685548305511,1.0
b_fa4_bf16,3300,0.00981309823691845,0.15599699318408966,1.0
b_fa4_bf16,3350,0.009693458676338196,0.13662493228912354,1.0
b_fa4_bf16,3400,0.01345880702137947,0.1448393613100052,1.0
b_fa4_bf16,3450,0.007594436407089233,0.1239294782280922,1.0
b_fa4_bf16,3500,0.011571308597922325,0.18763110041618347,1.0
b_fa4_bf16,3550,0.014466069638729095,0.16828158497810364,1.0
b_fa4_bf16,3600,0.01349745225161314,0.30738842487335205,1.0
b_fa4_bf16,3650,0.013706367462873459,0.12033891677856445,1.0
b_fa4_bf16,3700,0.006465792190283537,0.11444755643606186,1.0
b_fa4_bf16,3750,0.007617447525262833,0.10652720928192139,1.0
b_fa4_bf16,3800,0.014171473681926727,0.15592442452907562,1.0
b_fa4_bf16,3850,0.015179406851530075,0.19575852155685425,1.0
b_fa4_bf16,3900,0.011383662931621075,0.18604587018489838,1.0
b_fa4_bf16,3950,0.006939873099327087,0.15313701331615448,1.0
b_fa4_bf16,4000,0.01101900078356266,0.1234724223613739,1.0
b_fa4_bf16,4050,0.007595587056130171,0.12446948140859604,1.0
b_fa4_bf16,4100,0.014953071251511574,0.13597413897514343,1.0
b_fa4_bf16,4150,0.012720189988613129,0.08684112876653671,1.0
b_fa4_bf16,4200,0.008780951611697674,0.11270485818386078,1.0
b_fa4_bf16,4250,0.008289983496069908,0.15772861242294312,1.0
b_fa4_bf16,4300,0.008487056940793991,0.11096769571304321,1.0
b_fa4_bf16,4350,0.00916223507374525,0.09805421531200409,1.0
b_fa4_bf16,4400,0.006861475296318531,0.11366564780473709,1.0
b_fa4_bf16,4450,0.00955672562122345,0.1226269006729126,1.0
b_fa4_bf16,4500,0.008328893221914768,0.11616525053977966,1.0
b_fa4_bf16,4550,0.015541809611022472,0.09537231177091599,1.0
b_fa4_bf16,4600,0.0059951371513307095,0.06717804074287415,1.0
b_fa4_bf16,4650,0.009523235261440277,0.07676727324724197,1.0
b_fa4_bf16,4700,0.012517936527729034,0.10451682657003403,1.0
b_fa4_bf16,4750,0.009172627702355385,0.11857209354639053,1.0
b_fa4_bf16,4800,0.015295987948775291,0.20059089362621307,1.0
b_fa4_bf16,4850,0.010997509583830833,0.125991553068161,1.0
b_fa4_bf16,4900,0.007987860590219498,0.06585940718650818,1.0
b_fa4_bf16,4950,0.007857589051127434,0.1275281310081482,1.0
b_fa4_bf16,5000,0.008230984210968018,0.09628934413194656,1.0
b_fa4_bf16,5050,0.004808603785932064,0.14876341819763184,1.0
b_fa4_bf16,5100,0.012748943641781807,0.0819026306271553,1.0
b_fa4_bf16,5150,0.00749953230842948,0.09679515659809113,1.0
b_fa4_bf16,5200,0.00672077015042305,0.0674668475985527,1.0
b_fa4_bf16,5250,0.010985962115228176,0.12659437954425812,1.0
b_fa4_bf16,5300,0.008663897402584553,0.08127760142087936,1.0
b_fa4_bf16,5350,0.0059264712035655975,0.06858719140291214,1.0
b_fa4_bf16,5400,0.007890108972787857,0.07707086950540543,1.0
b_fa4_bf16,5450,0.01006617397069931,0.17959795892238617,1.0
b_fa4_bf16,5500,0.006435175891965628,0.09047308564186096,1.0
b_fa4_bf16,5550,0.006886122282594442,0.09016454219818115,1.0
b_fa4_bf16,5600,0.007588421460241079,0.12066330760717392,1.0
b_fa4_bf16,5650,0.007538483943790197,0.10072929412126541,1.0
b_fa4_bf16,5700,0.006484977900981903,0.0813017413020134,1.0
b_fa4_bf16,5750,0.00588113721460104,0.08163512498140335,1.0
b_fa4_bf16,5800,0.0076301209628582,0.10227593034505844,1.0
b_fa4_bf16,5850,0.007042179815471172,0.12676472961902618,1.0
b_fa4_bf16,5900,0.0058359201066195965,0.0570322647690773,1.0
b_fa4_bf16,5950,0.007257556077092886,0.10180237144231796,1.0
b_fa4_bf16,6000,0.004898842424154282,0.1264936774969101,1.0
b_fa4_bf16,6050,0.006233051419258118,0.06262878328561783,1.0
b_fa4_bf16,6100,0.007591902278363705,0.08224360644817352,1.0
b_fa4_bf16,6150,0.008730664849281311,0.11385609209537506,1.0
b_fa4_bf16,6200,0.005816040560603142,0.0840882882475853,1.0
b_fa4_bf16,6250,0.006670491769909859,0.04762638360261917,1.0
b_fa4_bf16,6300,0.006500834133476019,0.09801352769136429,1.0
b_fa4_bf16,6350,0.005268332548439503,0.06746470928192139,1.0
b_fa4_bf16,6400,0.006639720872044563,0.10271968692541122,1.0
b_fa4_bf16,6450,0.007122586481273174,0.09762611240148544,1.0
b_fa4_bf16,6500,0.009243149310350418,0.1978660225868225,1.0
b_fa4_bf16,6550,0.004361370578408241,0.08006695657968521,1.0
b_fa4_bf16,6600,0.004828114993870258,0.07697279751300812,1.0
b_fa4_bf16,6650,0.004563952796161175,0.07851994782686234,1.0
b_fa4_bf16,6700,0.006857934407889843,0.09525500982999802,1.0
b_fa4_bf16,6750,0.006194363348186016,0.0685882493853569,1.0
b_fa4_bf16,6800,0.006685720290988684,0.07843627780675888,1.0
b_fa4_bf16,6850,0.008725946769118309,0.11630012840032578,1.0
b_fa4_bf16,6900,0.005407811142504215,0.08697710931301117,1.0
b_fa4_bf16,6950,0.005721238441765308,0.07506782561540604,1.0
b_fa4_bf16,7000,0.0035893216263502836,0.047117237001657486,1.0
b_fa4_bf16,7050,0.006812646985054016,0.08862770348787308,1.0
b_fa4_bf16,7100,0.006695597432553768,0.07053450495004654,1.0
b_fa4_bf16,7150,0.005207390524446964,0.09673643112182617,1.0
b_fa4_bf16,7200,0.005558968987315893,0.04579424113035202,1.0
b_fa4_bf16,7250,0.005053856410086155,0.0578077994287014,1.0
b_fa4_bf16,7300,0.004620836582034826,0.045692138373851776,1.0
b_fa4_bf16,7350,0.008871632628142834,0.10600170493125916,1.0
b_fa4_bf16,7400,0.006765054073184729,0.04907181113958359,1.0
b_fa4_bf16,7450,0.005521126091480255,0.07064272463321686,1.0
b_fa4_bf16,7500,0.0033347043208777905,0.08751723170280457,1.0
b_fa4_bf16,7550,0.006688396446406841,0.05853545665740967,1.0
b_fa4_bf16,7600,0.004283633083105087,0.05982441455125809,1.0
b_fa4_bf16,7650,0.00536225875839591,0.09205754101276398,1.0
b_fa4_bf16,7700,0.005728093441575766,0.042306527495384216,1.0
b_fa4_bf16,7750,0.005953287240117788,0.1095033660531044,1.0
b_fa4_bf16,7800,0.005468703806400299,0.12898194789886475,1.0
b_fa4_bf16,7850,0.007539793383330107,0.06432851403951645,1.0
b_fa4_bf16,7900,0.006530446466058493,0.1558637022972107,1.0
b_fa4_bf16,7950,0.005389075260609388,0.037109799683094025,1.0
b_fa4_bf16,8000,0.002441948279738426,0.09003710001707077,1.0
b_fa4_bf16,8050,0.00416572205722332,0.06584518402814865,1.0
b_fa4_bf16,8100,0.004577835090458393,0.052348051220178604,1.0
b_fa4_bf16,8150,0.005704647861421108,0.17202234268188477,1.0
b_fa4_bf16,8200,0.005035219248384237,0.06897434592247009,1.0
b_fa4_bf16,8250,0.005929842591285706,0.07698164135217667,1.0
b_fa4_bf16,8300,0.005259120371192694,0.09930121153593063,1.0
b_fa4_bf16,8350,0.004674674943089485,0.053633928298950195,1.0
b_fa4_bf16,8400,0.006350995507091284,0.08667250722646713,1.0
b_fa4_bf16,8450,0.00451962323859334,0.08140751719474792,1.0
b_fa4_bf16,8500,0.007042383309453726,0.07497015595436096,1.0
b_fa4_bf16,8550,0.0037227401044219732,0.08051696419715881,1.0
b_fa4_bf16,8600,0.005713671445846558,0.07145654410123825,1.0
b_fa4_bf16,8650,0.004784418269991875,0.10007118433713913,1.0
b_fa4_bf16,8700,0.008092277683317661,0.07064627856016159,1.0
b_fa4_bf16,8750,0.0070984698832035065,0.050051264464855194,1.0
b_fa4_bf16,8800,0.004781043156981468,0.09625644981861115,1.0
b_fa4_bf16,8850,0.004893516190350056,0.07377621531486511,1.0
b_fa4_bf16,8900,0.0033019601833075285,0.05018472298979759,1.0
b_fa4_bf16,8950,0.003989493008702993,0.06491898745298386,1.0
b_fa4_bf16,9000,0.005407864227890968,0.06670454144477844,1.0
b_fa4_bf16,9050,0.00514546874910593,0.04101311415433884,1.0
b_fa4_bf16,9100,0.00644176360219717,0.08850409835577011,1.0
b_fa4_bf16,9150,0.005865452345460653,0.06131482496857643,1.0
b_fa4_bf16,9200,0.007461683824658394,0.06078449264168739,1.0
b_fa4_bf16,9250,0.0032426933757960796,0.06748708337545395,1.0
b_fa4_bf16,9300,0.004952759947627783,0.07946906238794327,1.0
b_fa4_bf16,9350,0.004988399334251881,0.04767337441444397,1.0
b_fa4_bf16,9400,0.004504297859966755,0.04878763109445572,1.0
b_fa4_bf16,9450,0.004254540428519249,0.05930641293525696,1.0
b_fa4_bf16,9500,0.006296828389167786,0.11366667598485947,1.0
b_fa4_bf16,9550,0.004964692052453756,0.03805562108755112,1.0
b_fa4_bf16,9600,0.005056357942521572,0.0544351264834404,1.0
b_fa4_bf16,9650,0.0026542777195572853,0.043268609791994095,1.0
b_fa4_bf16,9700,0.004067608620971441,0.04589483141899109,1.0
b_fa4_bf16,9750,0.005898991134017706,0.08391021937131882,1.0
b_fa4_bf16,9800,0.003095753490924835,0.042732808738946915,1.0
b_fa4_bf16,9850,0.005064860917627811,0.06260309368371964,1.0
b_fa4_bf16,9900,0.0033526893239468336,0.04236970469355583,1.0
b_fa4_bf16,9950,0.004072548355907202,0.05251067876815796,1.0
b_fa4_bf16,10000,0.005779882427304983,0.04111761599779129,1.0
b_fa4_bf16,10050,0.0027805909048765898,0.06698817014694214,1.0
b_fa4_bf16,10100,0.004278939682990313,0.04697343707084656,1.0
b_fa4_bf16,10150,0.004472063388675451,0.05346722528338432,1.0
b_fa4_bf16,10200,0.005375695414841175,0.06215330585837364,1.0
b_fa4_bf16,10250,0.004602950531989336,0.055378612130880356,1.0
b_fa4_bf16,10300,0.006808290258049965,0.07635365426540375,1.0
b_fa4_bf16,10350,0.005833997391164303,0.05792160704731941,1.0
b_fa4_bf16,10400,0.006636898498982191,0.050600066781044006,1.0
b_fa4_bf16,10450,0.004670880269259214,0.050840090960264206,1.0
b_fa4_bf16,10500,0.0028917226009070873,0.044823408126831055,1.0
b_fa4_bf16,10550,0.0035524098202586174,0.07790979743003845,1.0
b_fa4_bf16,10600,0.004614965058863163,0.061558715999126434,1.0
b_fa4_bf16,10650,0.0032653813250362873,0.05203830450773239,1.0
b_fa4_bf16,10700,0.0038354936987161636,0.039244502782821655,1.0
b_fa4_bf16,10750,0.004013083875179291,0.05997147783637047,1.0
b_fa4_bf16,10800,0.005088489037007093,0.08692837506532669,1.0
b_fa4_bf16,10850,0.004711076617240906,0.059139542281627655,1.0
b_fa4_bf16,10900,0.0037809032946825027,0.03575814887881279,1.0
b_fa4_bf16,10950,0.002654552925378084,0.057867810130119324,1.0
b_fa4_bf16,11000,0.004410914611071348,0.03823218494653702,1.0
b_fa4_bf16,11050,0.0054339449852705,0.09246014058589935,1.0
b_fa4_bf16,11100,0.0024568308144807816,0.05124933272600174,1.0
b_fa4_bf16,11150,0.0034656317438930273,0.09555156528949738,1.0
b_fa4_bf16,11200,0.0029356449376791716,0.02631857804954052,1.0
b_fa4_bf16,11250,0.00291322055272758,0.03887050226330757,1.0
b_fa4_bf16,11300,0.0034333248622715473,0.04819948226213455,1.0
b_fa4_bf16,11350,0.0052213589660823345,0.05401851609349251,1.0
b_fa4_bf16,11400,0.0030070708598941565,0.02921271324157715,1.0
b_fa4_bf16,11450,0.004462080076336861,0.042227089405059814,1.0
b_fa4_bf16,11500,0.004924281500279903,0.05153825879096985,1.0
b_fa4_bf16,11550,0.004600537940859795,0.04610874876379967,1.0
b_fa4_bf16,11600,0.0028561807703226805,0.0500742606818676,1.0
b_fa4_bf16,11650,0.002925486769527197,0.052153244614601135,1.0
b_fa4_bf16,11700,0.004229589831084013,0.06328404694795609,1.0
b_fa4_bf16,11750,0.0036643128842115402,0.08425267040729523,1.0
b_fa4_bf16,11800,0.0036024507135152817,0.045052751898765564,1.0
b_fa4_bf16,11850,0.004270391538739204,0.04583442583680153,1.0
b_fa4_bf16,11900,0.0054941605776548386,0.07779893279075623,1.0
b_fa4_bf16,11950,0.003300098702311516,0.05460262671113014,1.0
b_fa4_bf16,12000,0.002398622455075383,0.04762507975101471,1.0
b_fa4_bf16,12050,0.0036814785562455654,0.06872126460075378,1.0
b_fa4_bf16,12100,0.00226531270891428,0.04378057271242142,1.0
b_fa4_bf16,12150,0.004768228158354759,0.04028850048780441,1.0
b_fa4_bf16,12200,0.005524957086890936,0.05406072735786438,1.0
b_fa4_bf16,12250,0.00287236156873405,0.05493238940834999,1.0
b_fa4_bf16,12300,0.003874272108078003,0.059165190905332565,1.0
b_fa4_bf16,12350,0.001846644445322454,0.030843084678053856,1.0
b_fa4_bf16,12400,0.004082481376826763,0.05556613206863403,1.0
b_fa4_bf16,12450,0.0046945903450250626,0.06623277068138123,1.0
b_fa4_bf16,12500,0.002391468733549118,0.05199836567044258,1.0
b_fa4_bf16,12550,0.005037919618189335,0.040397532284259796,1.0
b_fa4_bf16,12600,0.0028222238179296255,0.036829158663749695,1.0
b_fa4_bf16,12650,0.0028076355811208487,0.03657339885830879,1.0
b_fa4_bf16,12700,0.0037201528903096914,0.04298469424247742,1.0
b_fa4_bf16,12750,0.0035758602898567915,0.04332714155316353,1.0
b_fa4_bf16,12800,0.0037846118211746216,0.09277750551700592,1.0
b_fa4_bf16,12850,0.0025358516722917557,0.029299601912498474,1.0
b_fa4_bf16,12900,0.00474639143794775,0.0552266426384449,1.0
b_fa4_bf16,12950,0.004759423900395632,0.036499347537755966,1.0
b_fa4_bf16,13000,0.003981756046414375,0.06955982744693756,1.0
b_fa4_bf16,13050,0.004157098941504955,0.049751996994018555,1.0
b_fa4_bf16,13100,0.004046652000397444,0.06821122765541077,1.0
b_fa4_bf16,13150,0.0030193987768143415,0.04637069255113602,1.0
b_fa4_bf16,13200,0.0022542038932442665,0.03038632497191429,1.0
b_fa4_bf16,13250,0.002269123448058963,0.024578720331192017,1.0
b_fa4_bf16,13300,0.002981938188895583,0.04173111915588379,1.0
b_fa4_bf16,13350,0.0033230725675821304,0.03632250055670738,1.0
b_fa4_bf16,13400,0.0037813414819538593,0.03755824267864227,1.0
b_fa4_bf16,13450,0.0028363317251205444,0.07101443409919739,1.0
b_fa4_bf16,13500,0.0033987630158662796,0.027142688632011414,1.0
b_fa4_bf16,13550,0.002621397376060486,0.03439001739025116,1.0
b_fa4_bf16,13600,0.0036092749796807766,0.10424739867448807,1.0
b_fa4_bf16,13650,0.004283620044589043,0.058165520429611206,1.0
b_fa4_bf16,13700,0.0029182543512433767,0.044345673173666,1.0
b_fa4_bf16,13750,0.0035492531023919582,0.0558815561234951,1.0
b_fa4_bf16,13800,0.0018869921332225204,0.02599700167775154,1.0
b_fa4_bf16,13850,0.0023234831169247627,0.05543964356184006,1.0
b_fa4_bf16,13900,0.0029932386241853237,0.052773669362068176,1.0
b_fa4_bf16,13950,0.0025354111567139626,0.02642933465540409,1.0
b_fa4_bf16,14000,0.0028805951587855816,0.02756340242922306,1.0
b_fa4_bf16,14050,0.0032889905851334333,0.03084787167608738,1.0
b_fa4_bf16,14100,0.0027338440995663404,0.06082630157470703,1.0
b_fa4_bf16,14150,0.003617173060774803,0.03806659206748009,1.0
b_fa4_bf16,14200,0.0031997859477996826,0.04645180329680443,1.0
b_fa4_bf16,14250,0.00325199356302619,0.03618884086608887,1.0
b_fa4_bf16,14300,0.003929109312593937,0.06118199974298477,1.0
b_fa4_bf16,14350,0.003594706766307354,0.04676399007439613,1.0
b_fa4_bf16,14400,0.003912543412297964,0.05314432829618454,1.0
b_fa4_bf16,14450,0.0027525878977030516,0.05302826687693596,1.0
b_fa4_bf16,14500,0.005072612315416336,0.0735546126961708,1.0
b_fa4_bf16,14550,0.004577317740768194,0.047442980110645294,1.0
b_fa4_bf16,14600,0.0026625143364071846,0.04737616330385208,1.0
b_fa4_bf16,14650,0.004750071093440056,0.029799578711390495,1.0
b_fa4_bf16,14700,0.0016378866275772452,0.03367992118000984,1.0
b_fa4_bf16,14750,0.003998621366918087,0.028418108820915222,1.0
b_fa4_bf16,14800,0.002814497798681259,0.04254598543047905,1.0
b_fa4_bf16,14850,0.002915316028520465,0.04261156916618347,1.0
b_fa4_bf16,14900,0.002667071297764778,0.03444867581129074,1.0
b_fa4_bf16,14950,0.0019495496526360512,0.029865076765418053,1.0
b_fa4_bf16,15000,0.0018023594748228788,0.037680551409721375,1.0
b_fa4_bf16,15050,0.003135617822408676,0.03296756371855736,1.0
b_fa4_bf16,15100,0.0038152835331857204,0.037877101451158524,1.0
b_fa4_bf16,15150,0.00248747318983078,0.03038076125085354,1.0
b_fa4_bf16,15200,0.0022134496830403805,0.02521667443215847,1.0
b_fa4_bf16,15250,0.0026427905540913343,0.059314049780368805,1.0
b_fa4_bf16,15300,0.0020878284703940153,0.027059396728873253,1.0
b_fa4_bf16,15350,0.0029626144096255302,0.030115611851215363,1.0
b_fa4_bf16,15400,0.0025457257870584726,0.03700176253914833,1.0
b_fa4_bf16,15450,0.003388024400919676,0.04364201799035072,1.0
b_fa4_bf16,15500,0.002325837966054678,0.03578392416238785,1.0
b_fa4_bf16,15550,0.0031585318502038717,0.06660608947277069,1.0
b_fa4_bf16,15600,0.0033652482088655233,0.044740550220012665,1.0
b_fa4_bf16,15650,0.003630836261436343,0.030026599764823914,1.0
b_fa4_bf16,15700,0.0018414377700537443,0.03031991794705391,1.0
b_fa4_bf16,15750,0.0026261992752552032,0.03972236067056656,1.0
b_fa4_bf16,15800,0.002820197492837906,0.05554456263780594,1.0
b_fa4_bf16,15850,0.0017834240570664406,0.037267886102199554,1.0
b_fa4_bf16,15900,0.0030794739723205566,0.034826818853616714,1.0
b_fa4_bf16,15950,0.002060857368633151,0.030726328492164612,1.0
b_fa4_bf16,16000,0.003177425591275096,0.046945326030254364,1.0
b_fa4_bf16,16050,0.003520198166370392,0.025430435314774513,1.0
b_fa4_bf16,16100,0.002248376375064254,0.0389900840818882,1.0
b_fa4_bf16,16150,0.002878970932215452,0.03347371891140938,1.0
b_fa4_bf16,16200,0.0026146662421524525,0.056745994836091995,1.0
b_fa4_bf16,16250,0.0038631928618997335,0.050323665142059326,1.0
b_fa4_bf16,16300,0.0022176015190780163,0.03550584986805916,1.0
b_fa4_bf16,16350,0.0017479521920904517,0.03776644542813301,1.0
b_fa4_bf16,16400,0.0023799564223736525,0.04465271905064583,1.0
b_fa4_bf16,16450,0.0016711405478417873,0.043249744921922684,1.0
b_fa4_bf16,16500,0.001783655839972198,0.05745226889848709,1.0
b_fa4_bf16,16550,0.0025572367012500763,0.03933502733707428,1.0
b_fa4_bf16,16600,0.0027246992103755474,0.03656962886452675,1.0
b_fa4_bf16,16650,0.0019261213019490242,0.030844304710626602,1.0
b_fa4_bf16,16700,0.0025395811535418034,0.029996197670698166,1.0
b_fa4_bf16,16750,0.003317700233310461,0.05767487734556198,1.0
b_fa4_bf16,16800,0.0016404874622821808,0.031088044866919518,1.0
b_fa4_bf16,16850,0.0030811752658337355,0.03453696146607399,1.0
b_fa4_bf16,16900,0.002515209373086691,0.049225807189941406,1.0
b_fa4_bf16,16950,0.002673226175829768,0.11296915262937546,1.0
b_fa4_bf16,17000,0.002975040813907981,0.03837422654032707,1.0
b_fa4_bf16,17050,0.0020653053652495146,0.03475058823823929,1.0
b_fa4_bf16,17100,0.0014479621313512325,0.0570799894630909,1.0
b_fa4_bf16,17150,0.0020641740411520004,0.03021932765841484,1.0
b_fa4_bf16,17200,0.0029651883523911238,0.052922286093235016,1.0
b_fa4_bf16,17250,0.002527514472603798,0.04733564704656601,1.0
b_fa4_bf16,17300,0.0025017843581736088,0.05227106064558029,1.0
b_fa4_bf16,17350,0.002350815571844578,0.04001903906464577,1.0
b_fa4_bf16,17400,0.003014078363776207,0.07727949321269989,1.0
b_fa4_bf16,17450,0.0029803025536239147,0.028844552114605904,1.0
b_fa4_bf16,17500,0.001986734103411436,0.03815377876162529,1.0
b_fa4_bf16,17550,0.0027271020226180553,0.03308748081326485,1.0
b_fa4_bf16,17600,0.0032347957603633404,0.06265004724264145,1.0
b_fa4_bf16,17650,0.0023382874205708504,0.03372780233621597,1.0
b_fa4_bf16,17700,0.0023287206422537565,0.03166339918971062,1.0
b_fa4_bf16,17750,0.002620990388095379,0.03400805592536926,1.0
b_fa4_bf16,17800,0.002667201217263937,0.041587043553590775,1.0
b_fa4_bf16,17850,0.0019848481751978397,0.057329900562763214,1.0
b_fa4_bf16,17900,0.0018934928812086582,0.03669964522123337,1.0
b_fa4_bf16,17950,0.002667282475158572,0.037263453006744385,1.0
b_fa4_bf16,18000,0.0023233401589095592,0.035550594329833984,1.0
b_fa4_bf16,18050,0.0036698076874017715,0.08634796738624573,1.0
b_fa4_bf16,18100,0.0022762808948755264,0.053211554884910583,1.0
b_fa4_bf16,18150,0.0027496644761413336,0.02708655782043934,1.0
b_fa4_bf16,18200,0.0022155032493174076,0.028954962268471718,1.0
b_fa4_bf16,18250,0.002009844407439232,0.02298516407608986,1.0
b_fa4_bf16,18300,0.002624884946271777,0.023091895505785942,1.0
b_fa4_bf16,18350,0.002343773376196623,0.032668109983205795,1.0
b_fa4_bf16,18400,0.002023975132033229,0.08314132690429688,1.0
b_fa4_bf16,18450,0.0032875603064894676,0.025950923562049866,1.0
b_fa4_bf16,18500,0.002037367783486843,0.06729516386985779,1.0
b_fa4_bf16,18550,0.002009596908465028,0.022831937298178673,1.0
b_fa4_bf16,18600,0.0031403061002492905,0.025706587359309196,1.0
b_fa4_bf16,18650,0.001784797990694642,0.02931227721273899,1.0
b_fa4_bf16,18700,0.002712549641728401,0.08183528482913971,1.0
b_fa4_bf16,18750,0.0021572127006947994,0.03725680336356163,1.0
b_fa4_bf16,18800,0.002085170242935419,0.02962498366832733,1.0
b_fa4_bf16,18850,0.0029359329491853714,0.06196998059749603,1.0
b_fa4_bf16,18900,0.0019169923616573215,0.03097457066178322,1.0
b_fa4_bf16,18950,0.0017815525643527508,0.02189975418150425,1.0
b_fa4_bf16,19000,0.0030937285628169775,0.0342196486890316,1.0
b_fa4_bf16,19050,0.0020540235564112663,0.03720635175704956,1.0
b_fa4_bf16,19100,0.0025861416943371296,0.053292736411094666,1.0
b_fa4_bf16,19150,0.002042602514848113,0.030924363061785698,1.0
b_fa4_bf16,19200,0.0025687459856271744,0.028152180835604668,1.0
b_fa4_bf16,19250,0.0021425620652735233,0.02662103995680809,1.0
b_fa4_bf16,19300,0.0017874522600322962,0.03128691390156746,1.0
b_fa4_bf16,19350,0.002510489197447896,0.03151191771030426,1.0
b_fa4_bf16,19400,0.0023337763268500566,0.020155727863311768,1.0
b_fa4_bf16,19450,0.0016125747933983803,0.021710744127631187,1.0
b_fa4_bf16,19500,0.0019529106793925166,0.026076480746269226,1.0
b_fa4_bf16,19550,0.0018750133458524942,0.04381372407078743,1.0
b_fa4_bf16,19600,0.0023609527852386236,0.05445636063814163,1.0
b_fa4_bf16,19650,0.002547869458794594,0.02933768555521965,1.0
b_fa4_bf16,19700,0.0026478650979697704,0.04160284623503685,1.0
b_fa4_bf16,19750,0.0016840252792462707,0.05680830404162407,1.0
b_fa4_bf16,19800,0.0022953911684453487,0.04214168339967728,1.0
b_fa4_bf16,19850,0.001875137910246849,0.024324627593159676,1.0
b_fa4_bf16,19900,0.0022074379958212376,0.024239230901002884,1.0
b_fa4_bf16,19950,0.0019190774764865637,0.0416901595890522,1.0
b_fa4_bf16,20000,0.0019147454295307398,0.019314240664243698,1.0
b_fa4_fp16,50,1.5523011684417725,2.722900629043579,65536.0
b_fa4_fp16,100,0.8017522096633911,0.6072221994400024,65536.0
b_fa4_fp16,150,0.425813764333725,0.5348356366157532,65536.0
b_fa4_fp16,200,0.3520650267601013,0.30602023005485535,65536.0
b_fa4_fp16,250,0.2892345190048218,0.8053228855133057,65536.0
b_fa4_fp16,300,0.2362079620361328,0.5586885213851929,65536.0
b_fa4_fp16,350,0.19463400542736053,0.74258953332901,65536.0
b_fa4_fp16,400,0.12134235352277756,0.47850894927978516,65536.0
b_fa4_fp16,450,0.13030290603637695,0.5357615947723389,65536.0
b_fa4_fp16,500,0.10789959132671356,0.2606488764286041,65536.0
b_fa4_fp16,550,0.14712446928024292,0.4082903563976288,65536.0
b_fa4_fp16,600,0.1044459342956543,0.3542671203613281,65536.0
b_fa4_fp16,650,0.09767694771289825,0.30595821142196655,65536.0
b_fa4_fp16,700,0.09455575793981552,0.8374567031860352,65536.0
b_fa4_fp16,750,0.06257876008749008,0.6149095296859741,65536.0
b_fa4_fp16,800,0.056021057069301605,0.44864097237586975,65536.0
b_fa4_fp16,850,0.07477694004774094,0.23721787333488464,65536.0
b_fa4_fp16,900,0.06290330737829208,0.46777021884918213,65536.0
b_fa4_fp16,950,0.0689220055937767,0.27724429965019226,65536.0
b_fa4_fp16,1000,0.05350223183631897,0.2269379198551178,65536.0
b_fa4_fp16,1050,0.06006085127592087,0.527167797088623,65536.0
b_fa4_fp16,1100,0.0504814013838768,0.3683907389640808,65536.0
b_fa4_fp16,1150,0.051979146897792816,0.31086787581443787,65536.0
b_fa4_fp16,1200,0.04286058992147446,0.14386053383350372,65536.0
b_fa4_fp16,1250,0.04288725182414055,0.18775522708892822,65536.0
b_fa4_fp16,1300,0.041207097470760345,0.20325472950935364,65536.0
b_fa4_fp16,1350,0.04592859745025635,0.3959372639656067,65536.0
b_fa4_fp16,1400,0.02946334145963192,0.2578607499599457,65536.0
b_fa4_fp16,1450,0.03014550730586052,0.20958517491817474,65536.0
b_fa4_fp16,1500,0.040231846272945404,0.2761542499065399,65536.0
b_fa4_fp16,1550,0.04395259544253349,0.1882990300655365,65536.0
b_fa4_fp16,1600,0.03267084062099457,0.29450270533561707,65536.0
b_fa4_fp16,1650,0.019300689920783043,0.28778189420700073,65536.0
b_fa4_fp16,1700,0.030469298362731934,0.24596157670021057,65536.0
b_fa4_fp16,1750,0.024974120780825615,0.19221989810466766,65536.0
b_fa4_fp16,1800,0.014556489884853363,0.15601716935634613,65536.0
b_fa4_fp16,1850,0.03166469186544418,0.17517341673374176,65536.0
b_fa4_fp16,1900,0.022241538390517235,0.37603825330734253,65536.0
b_fa4_fp16,1950,0.0180127564817667,0.24537475407123566,65536.0
b_fa4_fp16,2000,0.02511056885123253,0.1808040589094162,131072.0
b_fa4_fp16,2050,0.028704553842544556,0.27623602747917175,131072.0
b_fa4_fp16,2100,0.019459377974271774,0.17285597324371338,131072.0
b_fa4_fp16,2150,0.023189572617411613,0.351389616727829,131072.0
b_fa4_fp16,2200,0.02477848157286644,0.10917776077985764,131072.0
b_fa4_fp16,2250,0.014565660618245602,0.1782233715057373,131072.0
b_fa4_fp16,2300,0.018753867596387863,0.17861956357955933,131072.0
b_fa4_fp16,2350,0.018703140318393707,0.17588737607002258,131072.0
b_fa4_fp16,2400,0.015051721595227718,0.12626148760318756,131072.0
b_fa4_fp16,2450,0.024953138083219528,0.19206231832504272,131072.0
b_fa4_fp16,2500,0.015332864597439766,0.12288082391023636,131072.0
b_fa4_fp16,2550,0.019959039986133575,0.1729976385831833,131072.0
b_fa4_fp16,2600,0.015730401501059532,0.13257244229316711,131072.0
b_fa4_fp16,2650,0.012358956038951874,0.13083389401435852,131072.0
b_fa4_fp16,2700,0.012444144114851952,0.1294039636850357,131072.0
b_fa4_fp16,2750,0.01615668088197708,0.2970903217792511,131072.0
b_fa4_fp16,2800,0.0152047798037529,0.15020769834518433,131072.0
b_fa4_fp16,2850,0.014520721510052681,0.27349013090133667,131072.0
b_fa4_fp16,2900,0.02114824764430523,0.18640045821666718,131072.0
b_fa4_fp16,2950,0.013637648895382881,0.14141902327537537,131072.0
b_fa4_fp16,3000,0.009142892435193062,0.10480855405330658,131072.0
b_fa4_fp16,3050,0.0163155198097229,0.2524845004081726,131072.0
b_fa4_fp16,3100,0.01361573301255703,0.18701684474945068,131072.0
b_fa4_fp16,3150,0.01212292816489935,0.10152250528335571,131072.0
b_fa4_fp16,3200,0.015597721561789513,0.13749250769615173,131072.0
b_fa4_fp16,3250,0.008024566806852818,0.07415182143449783,131072.0
b_fa4_fp16,3300,0.009755188599228859,0.19485445320606232,131072.0
b_fa4_fp16,3350,0.008923928253352642,0.10704758763313293,131072.0
b_fa4_fp16,3400,0.012357453815639019,0.11284564435482025,131072.0
b_fa4_fp16,3450,0.007024682126939297,0.099314384162426,131072.0
b_fa4_fp16,3500,0.01038890890777111,0.09582964330911636,131072.0
b_fa4_fp16,3550,0.013668178580701351,0.1575630158185959,131072.0
b_fa4_fp16,3600,0.01283322460949421,0.2308092564344406,131072.0
b_fa4_fp16,3650,0.013450687751173973,0.15199591219425201,131072.0
b_fa4_fp16,3700,0.005738379433751106,0.07811075448989868,131072.0
b_fa4_fp16,3750,0.007946163415908813,0.1577918976545334,131072.0
b_fa4_fp16,3800,0.013263791799545288,0.13922299444675446,131072.0
b_fa4_fp16,3850,0.01567213237285614,0.22724778950214386,131072.0
b_fa4_fp16,3900,0.012169741094112396,0.1150767132639885,131072.0
b_fa4_fp16,3950,0.00651604775339365,0.05422360450029373,131072.0
b_fa4_fp16,4000,0.011145739816129208,0.11222629249095917,262144.0
b_fa4_fp16,4050,0.007844964042305946,0.18195413053035736,262144.0
b_fa4_fp16,4100,0.014226315543055534,0.1168057769536972,262144.0
b_fa4_fp16,4150,0.013374999165534973,0.14932844042778015,262144.0
b_fa4_fp16,4200,0.00887601263821125,0.13174965977668762,262144.0
b_fa4_fp16,4250,0.008514940738677979,0.16753335297107697,262144.0
b_fa4_fp16,4300,0.008434997871518135,0.08713773638010025,262144.0
b_fa4_fp16,4350,0.009578726254403591,0.1651734560728073,262144.0
b_fa4_fp16,4400,0.007065036334097385,0.10369609296321869,262144.0
b_fa4_fp16,4450,0.009508862160146236,0.09465331584215164,262144.0
b_fa4_fp16,4500,0.007882077246904373,0.11401259154081345,262144.0
b_fa4_fp16,4550,0.01696711592376232,0.24931037425994873,262144.0
b_fa4_fp16,4600,0.006218606140464544,0.08607546240091324,262144.0
b_fa4_fp16,4650,0.010151354596018791,0.17557984590530396,262144.0
b_fa4_fp16,4700,0.012750419788062572,0.10706589370965958,262144.0
b_fa4_fp16,4750,0.009873075410723686,0.125373974442482,262144.0
b_fa4_fp16,4800,0.015266798436641693,0.2035464644432068,262144.0
b_fa4_fp16,4850,0.010924793779850006,0.11191834509372711,262144.0
b_fa4_fp16,4900,0.00850958563387394,0.127053365111351,262144.0
b_fa4_fp16,4950,0.007693776395171881,0.08822288364171982,262144.0
b_fa4_fp16,5000,0.008336251601576805,0.08117838203907013,262144.0
b_fa4_fp16,5050,0.004254549276083708,0.07584291696548462,262144.0
b_fa4_fp16,5100,0.012673256918787956,0.09798736870288849,262144.0
b_fa4_fp16,5150,0.007630347274243832,0.0902823880314827,262144.0
b_fa4_fp16,5200,0.007018448784947395,0.11276081949472427,262144.0
b_fa4_fp16,5250,0.012548769824206829,0.21037057042121887,262144.0
b_fa4_fp16,5300,0.00866737775504589,0.0703016147017479,262144.0
b_fa4_fp16,5350,0.005813772790133953,0.06137887015938759,262144.0
b_fa4_fp16,5400,0.007988810539245605,0.08085044473409653,262144.0
b_fa4_fp16,5450,0.009363098070025444,0.09699223190546036,262144.0
b_fa4_fp16,5500,0.00666364561766386,0.09869933873414993,262144.0
b_fa4_fp16,5550,0.006722529884427786,0.05718541517853737,262144.0
b_fa4_fp16,5600,0.0077062128111720085,0.21553851664066315,262144.0
b_fa4_fp16,5650,0.007753260433673859,0.11871615052223206,262144.0
b_fa4_fp16,5700,0.006627938710153103,0.07947635650634766,262144.0
b_fa4_fp16,5750,0.006053176708519459,0.07645569741725922,262144.0
b_fa4_fp16,5800,0.007688361220061779,0.08986140042543411,262144.0
b_fa4_fp16,5850,0.006663382053375244,0.08659395575523376,262144.0
b_fa4_fp16,5900,0.00626097247004509,0.09326095879077911,262144.0
b_fa4_fp16,5950,0.007483725436031818,0.1213860809803009,262144.0
b_fa4_fp16,6000,0.005032263696193695,0.12682320177555084,524288.0
b_fa4_fp16,6050,0.006333324126899242,0.06753198057413101,524288.0
b_fa4_fp16,6100,0.008301949128508568,0.1277015209197998,524288.0
b_fa4_fp16,6150,0.00871882401406765,0.11658710241317749,524288.0
b_fa4_fp16,6200,0.005839169956743717,0.08178695291280746,524288.0
b_fa4_fp16,6250,0.0070114945992827415,0.09015008807182312,524288.0
b_fa4_fp16,6300,0.006963092368096113,0.13631771504878998,524288.0
b_fa4_fp16,6350,0.005187209229916334,0.05604719743132591,524288.0
b_fa4_fp16,6400,0.006489315535873175,0.0993664488196373,524288.0
b_fa4_fp16,6450,0.006971662864089012,0.09431979805231094,524288.0
b_fa4_fp16,6500,0.00921032577753067,0.15880471467971802,524288.0
b_fa4_fp16,6550,0.004235953092575073,0.06442748755216599,524288.0
b_fa4_fp16,6600,0.004895520396530628,0.07346981763839722,524288.0
b_fa4_fp16,6650,0.004662012681365013,0.09145702421665192,524288.0
b_fa4_fp16,6700,0.006542399059981108,0.06403416395187378,524288.0
b_fa4_fp16,6750,0.006185129284858704,0.07522034645080566,524288.0
b_fa4_fp16,6800,0.007028176449239254,0.08666033297777176,524288.0
b_fa4_fp16,6850,0.0091701103374362,0.16034597158432007,524288.0
b_fa4_fp16,6900,0.00510443514212966,0.07553507387638092,524288.0
b_fa4_fp16,6950,0.005280445329844952,0.05240875482559204,524288.0
b_fa4_fp16,7000,0.003789439331740141,0.07163702696561813,524288.0
b_fa4_fp16,7050,0.006423323415219784,0.05943063646554947,524288.0
b_fa4_fp16,7100,0.00693779531866312,0.09570557624101639,524288.0
b_fa4_fp16,7150,0.005219942890107632,0.10340353846549988,524288.0
b_fa4_fp16,7200,0.005560038145631552,0.048633474856615067,524288.0
b_fa4_fp16,7250,0.005276914685964584,0.06932391971349716,524288.0
b_fa4_fp16,7300,0.004745469894260168,0.08649168163537979,524288.0
b_fa4_fp16,7350,0.008861557580530643,0.1071215271949768,524288.0
b_fa4_fp16,7400,0.006992236711084843,0.0908745601773262,524288.0
b_fa4_fp16,7450,0.005723768379539251,0.07428649812936783,524288.0
b_fa4_fp16,7500,0.003142520785331726,0.05953259766101837,524288.0
b_fa4_fp16,7550,0.006691731046885252,0.05764543265104294,524288.0
b_fa4_fp16,7600,0.004175566136837006,0.055469926446676254,524288.0
b_fa4_fp16,7650,0.005477733910083771,0.07470782846212387,524288.0
b_fa4_fp16,7700,0.00588294118642807,0.07693403959274292,524288.0
b_fa4_fp16,7750,0.005850206594914198,0.09407735615968704,524288.0
b_fa4_fp16,7800,0.0050546880811452866,0.08601434528827667,524288.0
b_fa4_fp16,7850,0.007829500362277031,0.0989559218287468,524288.0
b_fa4_fp16,7900,0.006166569422930479,0.16842077672481537,524288.0
b_fa4_fp16,7950,0.005463802255690098,0.04632508382201195,524288.0
b_fa4_fp16,8000,0.002587039489299059,0.09441262483596802,1048576.0
b_fa4_fp16,8050,0.0042641558684408665,0.08516917377710342,1048576.0
b_fa4_fp16,8100,0.005115421488881111,0.09319566190242767,1048576.0
b_fa4_fp16,8150,0.0045512523502111435,0.07335949689149857,1048576.0
b_fa4_fp16,8200,0.004935445263981819,0.05153130367398262,1048576.0
b_fa4_fp16,8250,0.0059434822760522366,0.07100867480039597,1048576.0
b_fa4_fp16,8300,0.004929600283503532,0.05837966501712799,1048576.0
b_fa4_fp16,8350,0.004412997514009476,0.04761024937033653,1048576.0
b_fa4_fp16,8400,0.006210798397660255,0.05498814955353737,1048576.0
b_fa4_fp16,8450,0.004209471400827169,0.05248014256358147,1048576.0
b_fa4_fp16,8500,0.00755661353468895,0.15852519869804382,1048576.0
b_fa4_fp16,8550,0.00343399029225111,0.069587342441082,1048576.0
b_fa4_fp16,8600,0.005651495419442654,0.07267169654369354,1048576.0
b_fa4_fp16,8650,0.004606632515788078,0.08063210546970367,1048576.0
b_fa4_fp16,8700,0.0077537428587675095,0.061195775866508484,1048576.0
b_fa4_fp16,8750,0.007429779507219791,0.08062031865119934,1048576.0
b_fa4_fp16,8800,0.0044847577810287476,0.05826426297426224,1048576.0
b_fa4_fp16,8850,0.004878412466496229,0.06473931670188904,1048576.0
b_fa4_fp16,8900,0.0033529966603964567,0.06226664409041405,1048576.0
b_fa4_fp16,8950,0.003815327538177371,0.043442804366350174,1048576.0
b_fa4_fp16,9000,0.005310478620231152,0.0570279061794281,1048576.0
b_fa4_fp16,9050,0.005215527024120092,0.06207132339477539,1048576.0
b_fa4_fp16,9100,0.006138850003480911,0.056391578167676926,1048576.0
b_fa4_fp16,9150,0.00650377944111824,0.08560848236083984,1048576.0
b_fa4_fp16,9200,0.007244016043841839,0.048050642013549805,1048576.0
b_fa4_fp16,9250,0.0030236723832786083,0.05196467041969299,1048576.0
b_fa4_fp16,9300,0.004704111255705357,0.061420995742082596,1048576.0
b_fa4_fp16,9350,0.005053074099123478,0.07456175982952118,1048576.0
b_fa4_fp16,9400,0.004750990308821201,0.07769603282213211,1048576.0
b_fa4_fp16,9450,0.004247021861374378,0.06163070723414421,1048576.0
b_fa4_fp16,9500,0.0058961971662938595,0.10654175281524658,1048576.0
b_fa4_fp16,9550,0.004857372492551804,0.035317521542310715,1048576.0
b_fa4_fp16,9600,0.004959996324032545,0.05125872790813446,1048576.0
b_fa4_fp16,9650,0.002999270800501108,0.0656401664018631,1048576.0
b_fa4_fp16,9700,0.004070572089403868,0.0528489425778389,1048576.0
b_fa4_fp16,9750,0.006035072263330221,0.09409965574741364,1048576.0
b_fa4_fp16,9800,0.003045041812583804,0.04389575496315956,1048576.0
b_fa4_fp16,9850,0.0047750044614076614,0.056575872004032135,1048576.0
b_fa4_fp16,9900,0.003305824939161539,0.04039289429783821,1048576.0
b_fa4_fp16,9950,0.004037223290652037,0.05699077621102333,1048576.0
b_fa4_fp16,10000,0.00583431264385581,0.0635659322142601,2097152.0
b_fa4_fp16,10050,0.0026351679116487503,0.05724930763244629,2097152.0
b_fa4_fp16,10100,0.004839334171265364,0.10559432953596115,2097152.0
b_fa4_fp16,10150,0.004946393426507711,0.06184708699584007,1048576.0
b_fa4_fp16,10200,0.0050479695200920105,0.05032647028565407,1048576.0
b_fa4_fp16,10250,0.004420540761202574,0.058165404945611954,1048576.0
b_fa4_fp16,10300,0.006759395357221365,0.08992292732000351,1048576.0
b_fa4_fp16,10350,0.00581244146451354,0.06268516182899475,1048576.0
b_fa4_fp16,10400,0.007215527351945639,0.11070744693279266,1048576.0
b_fa4_fp16,10450,0.004516839515417814,0.040016572922468185,1048576.0
b_fa4_fp16,10500,0.002812958788126707,0.05023748427629471,1048576.0
b_fa4_fp16,10550,0.0034236982464790344,0.0580853708088398,1048576.0
b_fa4_fp16,10600,0.004557427950203419,0.060367461293935776,1048576.0
b_fa4_fp16,10650,0.0031722309067845345,0.0674724206328392,1048576.0
b_fa4_fp16,10700,0.0038503389805555344,0.057927507907152176,1048576.0
b_fa4_fp16,10750,0.0039713941514492035,0.059905800968408585,1048576.0
b_fa4_fp16,10800,0.005035105627030134,0.08675110340118408,1048576.0
b_fa4_fp16,10850,0.004926496185362339,0.08146864175796509,1048576.0
b_fa4_fp16,10900,0.003956057131290436,0.062470827251672745,1048576.0
b_fa4_fp16,10950,0.002421008190140128,0.029317446053028107,1048576.0
b_fa4_fp16,11000,0.004352828487753868,0.05187716707587242,1048576.0
b_fa4_fp16,11050,0.005332655273377895,0.0746316909790039,1048576.0
b_fa4_fp16,11100,0.002738754963502288,0.10693634301424026,1048576.0
b_fa4_fp16,11150,0.003139002015814185,0.04897942394018173,1048576.0
b_fa4_fp16,11200,0.0029067310970276594,0.03464420139789581,1048576.0
b_fa4_fp16,11250,0.0028888117522001266,0.04357421398162842,1048576.0
b_fa4_fp16,11300,0.0033976794220507145,0.06462385505437851,1048576.0
b_fa4_fp16,11350,0.005051067098975182,0.045549485832452774,1048576.0
b_fa4_fp16,11400,0.003091201651841402,0.04689881205558777,1048576.0
b_fa4_fp16,11450,0.004553902428597212,0.06450226902961731,1048576.0
b_fa4_fp16,11500,0.004851626232266426,0.058189619332551956,1048576.0
b_fa4_fp16,11550,0.0045476132072508335,0.05895386263728142,1048576.0
b_fa4_fp16,11600,0.0027114665135741234,0.04625982046127319,1048576.0
b_fa4_fp16,11650,0.003350040642544627,0.12326040118932724,1048576.0
b_fa4_fp16,11700,0.004127301275730133,0.06832572817802429,1048576.0
b_fa4_fp16,11750,0.003250209614634514,0.06087421625852585,1048576.0
b_fa4_fp16,11800,0.003621506504714489,0.04737398773431778,1048576.0
b_fa4_fp16,11850,0.004461738280951977,0.07446498423814774,1048576.0
b_fa4_fp16,11900,0.005190826021134853,0.05348401516675949,1048576.0
b_fa4_fp16,11950,0.003289827611297369,0.06045720353722572,1048576.0
b_fa4_fp16,12000,0.002305196365341544,0.03191113844513893,1048576.0
b_fa4_fp16,12050,0.003380363807082176,0.03915446996688843,1048576.0
b_fa4_fp16,12100,0.0022655280772596598,0.03788071125745773,1048576.0
b_fa4_fp16,12150,0.0045818155631423,0.03981656953692436,2097152.0
b_fa4_fp16,12200,0.005442933179438114,0.045569781213998795,2097152.0
b_fa4_fp16,12250,0.0026766681112349033,0.04106628894805908,2097152.0
b_fa4_fp16,12300,0.0036747423000633717,0.0580529123544693,2097152.0
b_fa4_fp16,12350,0.0018918331479653716,0.04831261932849884,2097152.0
b_fa4_fp16,12400,0.004148511681705713,0.0661996379494667,2097152.0
b_fa4_fp16,12450,0.0045673176646232605,0.09027978777885437,2097152.0
b_fa4_fp16,12500,0.002337966114282608,0.061844851821660995,2097152.0
b_fa4_fp16,12550,0.00494176521897316,0.046403925865888596,2097152.0
b_fa4_fp16,12600,0.002889086026698351,0.036492183804512024,2097152.0
b_fa4_fp16,12650,0.0026710748206824064,0.02479524351656437,2097152.0
b_fa4_fp16,12700,0.0035884124226868153,0.03597124665975571,2097152.0
b_fa4_fp16,12750,0.003427624236792326,0.041193436831235886,2097152.0
b_fa4_fp16,12800,0.004169943742454052,0.14019756019115448,2097152.0
b_fa4_fp16,12850,0.0025143329985439777,0.04830604046583176,2097152.0
b_fa4_fp16,12900,0.004471797030419111,0.0424344427883625,2097152.0
b_fa4_fp16,12950,0.004677637945860624,0.03731169551610947,2097152.0
b_fa4_fp16,13000,0.0035865558311343193,0.04962381720542908,2097152.0
b_fa4_fp16,13050,0.003974558785557747,0.04470201954245567,2097152.0
b_fa4_fp16,13100,0.003906507510691881,0.061706580221652985,2097152.0
b_fa4_fp16,13150,0.002727318089455366,0.026708094403147697,2097152.0
b_fa4_fp16,13200,0.0021660439670085907,0.035116780549287796,2097152.0
b_fa4_fp16,13250,0.0022023869678378105,0.03631678223609924,2097152.0
b_fa4_fp16,13300,0.002866046968847513,0.052669767290353775,2097152.0
b_fa4_fp16,13350,0.0031896792352199554,0.04648745059967041,2097152.0
b_fa4_fp16,13400,0.0038152821362018585,0.06738946586847305,2097152.0
b_fa4_fp16,13450,0.0025880136527121067,0.04595666751265526,2097152.0
b_fa4_fp16,13500,0.003287771251052618,0.033508528023958206,2097152.0
b_fa4_fp16,13550,0.0026704948395490646,0.07470548897981644,2097152.0
b_fa4_fp16,13600,0.0025426791980862617,0.04842282831668854,2097152.0
b_fa4_fp16,13650,0.004053931683301926,0.044603943824768066,2097152.0
b_fa4_fp16,13700,0.0027548628859221935,0.033914268016815186,2097152.0
b_fa4_fp16,13750,0.003391711739823222,0.06291934847831726,2097152.0
b_fa4_fp16,13800,0.0019412873080000281,0.05475775524973869,2097152.0
b_fa4_fp16,13850,0.0021185018122196198,0.025473322719335556,2097152.0
b_fa4_fp16,13900,0.0026434517931193113,0.028502682223916054,2097152.0
b_fa4_fp16,13950,0.0023288594093173742,0.02933376654982567,2097152.0
b_fa4_fp16,14000,0.0033606584183871746,0.09552134573459625,2097152.0
b_fa4_fp16,14050,0.003218177706003189,0.03729237616062164,2097152.0
b_fa4_fp16,14100,0.0026309757959097624,0.05954114347696304,2097152.0
b_fa4_fp16,14150,0.0033235035371035337,0.03083316795527935,4194304.0
b_fa4_fp16,14200,0.0030461964197456837,0.03524788096547127,4194304.0
b_fa4_fp16,14250,0.003173506585881114,0.039409637451171875,4194304.0
b_fa4_fp16,14300,0.003974375315010548,0.08309079706668854,4194304.0
b_fa4_fp16,14350,0.0034846521448343992,0.05552690848708153,4194304.0
b_fa4_fp16,14400,0.0035691221710294485,0.032187119126319885,4194304.0
b_fa4_fp16,14450,0.0025344048626720905,0.03420040011405945,4194304.0
b_fa4_fp16,14500,0.004705621860921383,0.03678850829601288,4194304.0
b_fa4_fp16,14550,0.004477092530578375,0.056674759835004807,4194304.0
b_fa4_fp16,14600,0.002378086093813181,0.037582673132419586,4194304.0
b_fa4_fp16,14650,0.004586745519191027,0.04518687352538109,4194304.0
b_fa4_fp16,14700,0.0015552854165434837,0.05711802467703819,4194304.0
b_fa4_fp16,14750,0.003774091601371765,0.02409166842699051,4194304.0
b_fa4_fp16,14800,0.0027855783700942993,0.05912899598479271,4194304.0
b_fa4_fp16,14850,0.002744884928688407,0.036886099725961685,4194304.0
b_fa4_fp16,14900,0.0025845516938716173,0.04368602856993675,4194304.0
b_fa4_fp16,14950,0.00188435276504606,0.04895290732383728,4194304.0
b_fa4_fp16,15000,0.0018343674018979073,0.03918122500181198,4194304.0
b_fa4_fp16,15050,0.00298120710067451,0.038399238139390945,4194304.0
b_fa4_fp16,15100,0.003742400323972106,0.06240605190396309,4194304.0
b_fa4_fp16,15150,0.0023817517794668674,0.030198106542229652,4194304.0
b_fa4_fp16,15200,0.002201780676841736,0.03514090180397034,4194304.0
b_fa4_fp16,15250,0.002123442478477955,0.05923411622643471,4194304.0
b_fa4_fp16,15300,0.002022180240601301,0.04312433302402496,4194304.0
b_fa4_fp16,15350,0.0029197006952017546,0.030814124271273613,4194304.0
b_fa4_fp16,15400,0.0024454884696751833,0.03919845446944237,4194304.0
b_fa4_fp16,15450,0.003119363449513912,0.0354476124048233,4194304.0
b_fa4_fp16,15500,0.002248500008136034,0.04748069494962692,4194304.0
b_fa4_fp16,15550,0.0026815119199454784,0.03435472398996353,4194304.0
b_fa4_fp16,15600,0.003091599326580763,0.027348201721906662,4194304.0
b_fa4_fp16,15650,0.003506370587274432,0.03868633881211281,4194304.0
b_fa4_fp16,15700,0.0018082696478813887,0.047382231801748276,4194304.0
b_fa4_fp16,15750,0.0024499453138560057,0.029545608907938004,4194304.0
b_fa4_fp16,15800,0.0025545903481543064,0.04406452551484108,4194304.0
b_fa4_fp16,15850,0.0016088610282167792,0.023850979283452034,4194304.0
b_fa4_fp16,15900,0.0031306222081184387,0.05238543078303337,4194304.0
b_fa4_fp16,15950,0.00221046875230968,0.06801093369722366,4194304.0
b_fa4_fp16,16000,0.0032643238082528114,0.0877181887626648,4194304.0
b_fa4_fp16,16050,0.0033349297009408474,0.03372833505272865,4194304.0
b_fa4_fp16,16100,0.0020820987410843372,0.028784871101379395,4194304.0
b_fa4_fp16,16150,0.002983842045068741,0.06110266223549843,8388608.0
b_fa4_fp16,16200,0.00214350875467062,0.036378756165504456,8388608.0
b_fa4_fp16,16250,0.003404621034860611,0.04105650261044502,8388608.0
b_fa4_fp16,16300,0.002051138086244464,0.04332985728979111,8388608.0
b_fa4_fp16,16350,0.0016123572131618857,0.031922828406095505,8388608.0
b_fa4_fp16,16400,0.0023570996709167957,0.054361168295145035,8388608.0
b_fa4_fp16,16450,0.0014714961871504784,0.04687296971678734,8388608.0
b_fa4_fp16,16500,0.001594877801835537,0.04621882736682892,8388608.0
b_fa4_fp16,16550,0.00232366262935102,0.026482870802283287,8388608.0
b_fa4_fp16,16600,0.0028457846492528915,0.06477145850658417,8388608.0
b_fa4_fp16,16650,0.0017289554234594107,0.025580327957868576,8388608.0
b_fa4_fp16,16700,0.00249495985917747,0.03782571852207184,8388608.0
b_fa4_fp16,16750,0.003132421523332596,0.056034475564956665,8388608.0
b_fa4_fp16,16800,0.0014932703925296664,0.021002469584345818,8388608.0
b_fa4_fp16,16850,0.0031822118908166885,0.056471340358257294,8388608.0
b_fa4_fp16,16900,0.002407841384410858,0.04430762678384781,8388608.0
b_fa4_fp16,16950,0.0023324396461248398,0.07000640779733658,8388608.0
b_fa4_fp16,17000,0.002811230719089508,0.04104220122098923,8388608.0
b_fa4_fp16,17050,0.0026539266109466553,0.050712354481220245,8388608.0
b_fa4_fp16,17100,0.0010761921294033527,0.029706258326768875,8388608.0
b_fa4_fp16,17150,0.002016354352235794,0.04566442593932152,8388608.0
b_fa4_fp16,17200,0.0026106606237590313,0.030675357207655907,8388608.0
b_fa4_fp16,17250,0.0023275152780115604,0.032809093594551086,8388608.0
b_fa4_fp16,17300,0.00246367696672678,0.055072419345378876,8388608.0
b_fa4_fp16,17350,0.0021162317134439945,0.028949275612831116,8388608.0
b_fa4_fp16,17400,0.002493266947567463,0.049109868705272675,8388608.0
b_fa4_fp16,17450,0.0029492597095668316,0.056700531393289566,8388608.0
b_fa4_fp16,17500,0.001820477657020092,0.024260373786091805,8388608.0
b_fa4_fp16,17550,0.002598052378743887,0.029259057715535164,8388608.0
b_fa4_fp16,17600,0.0027698539197444916,0.03238317370414734,8388608.0
b_fa4_fp16,17650,0.0020724362693727016,0.02530026249587536,8388608.0
b_fa4_fp16,17700,0.002307562157511711,0.04664957523345947,8388608.0
b_fa4_fp16,17750,0.0023819315247237682,0.02208607643842697,8388608.0
b_fa4_fp16,17800,0.002414275426417589,0.03075557015836239,8388608.0
b_fa4_fp16,17850,0.0016496877651661634,0.024121221154928207,8388608.0
b_fa4_fp16,17900,0.001689491211436689,0.021146364510059357,8388608.0
b_fa4_fp16,17950,0.0024022150319069624,0.019945308566093445,8388608.0
b_fa4_fp16,18000,0.002205505035817623,0.03337054327130318,8388608.0
b_fa4_fp16,18050,0.0031002797186374664,0.04086502268910408,8388608.0
b_fa4_fp16,18100,0.0019758674316108227,0.02330663986504078,8388608.0
b_fa4_fp16,18150,0.0025667515583336353,0.028783785179257393,16777216.0
b_fa4_fp16,18200,0.002115221694111824,0.03695011883974075,16777216.0
b_fa4_fp16,18250,0.0019554668106138706,0.03724011778831482,16777216.0
b_fa4_fp16,18300,0.0024815683718770742,0.02820373699069023,16777216.0
b_fa4_fp16,18350,0.002206518081948161,0.02798643708229065,16777216.0
b_fa4_fp16,18400,0.001193016185425222,0.03446321561932564,16777216.0
b_fa4_fp16,18450,0.003096394008025527,0.037921223789453506,16777216.0
b_fa4_fp16,18500,0.0018986256327480078,0.0436059832572937,16777216.0
b_fa4_fp16,18550,0.001909476239234209,0.0332673005759716,16777216.0
b_fa4_fp16,18600,0.003100599627941847,0.03081502951681614,4194304.0
b_fa4_fp16,18650,0.0015981299802660942,0.026762381196022034,4194304.0
b_fa4_fp16,18700,0.002149793552234769,0.024103958159685135,4194304.0
b_fa4_fp16,18750,0.0019885923247784376,0.052325066179037094,4194304.0
b_fa4_fp16,18800,0.0019498461624607444,0.037113256752491,4194304.0
b_fa4_fp16,18850,0.0014798503834754229,0.02250022627413273,4194304.0
b_fa4_fp16,18900,0.0017780149355530739,0.03944116085767746,4194304.0
b_fa4_fp16,18950,0.0016388766234740615,0.01614001765847206,4194304.0
b_fa4_fp16,19000,0.0028693722561001778,0.03039357252418995,4194304.0
b_fa4_fp16,19050,0.0020542049314826727,0.042460840195417404,4194304.0
b_fa4_fp16,19100,0.002322250511497259,0.05511327087879181,4194304.0
b_fa4_fp16,19150,0.0017749436665326357,0.021938510239124298,4194304.0
b_fa4_fp16,19200,0.0023353667929768562,0.024793634191155434,4194304.0
b_fa4_fp16,19250,0.0019565336406230927,0.02218601480126381,4194304.0
b_fa4_fp16,19300,0.0015480315778404474,0.02879325859248638,4194304.0
b_fa4_fp16,19350,0.00216224929317832,0.020887618884444237,4194304.0
b_fa4_fp16,19400,0.0024629614781588316,0.07241091132164001,4194304.0
b_fa4_fp16,19450,0.0014753441791981459,0.021712729707360268,4194304.0
b_fa4_fp16,19500,0.0017843388486653566,0.025303909555077553,4194304.0
b_fa4_fp16,19550,0.001610232051461935,0.04115975275635719,4194304.0
b_fa4_fp16,19600,0.0020118453539907932,0.024113208055496216,4194304.0
b_fa4_fp16,19650,0.002397380769252777,0.039738673716783524,4194304.0
b_fa4_fp16,19700,0.0024113869294524193,0.028235221281647682,4194304.0
b_fa4_fp16,19750,0.0011838010977953672,0.027001652866601944,4194304.0
b_fa4_fp16,19800,0.001995203085243702,0.031069323420524597,4194304.0
b_fa4_fp16,19850,0.0019525738898664713,0.04948977008461952,4194304.0
b_fa4_fp16,19900,0.002021885011345148,0.031372059136629105,4194304.0
b_fa4_fp16,19950,0.002024591900408268,0.08185124397277832,4194304.0
b_fa4_fp16,20000,0.0017703669145703316,0.024128282442688942,4194304.0
b_kohakufa_bf16,50,1.554248571395874,0.9403517246246338,1.0
b_kohakufa_bf16,100,0.8178247809410095,0.6094491481781006,1.0
b_kohakufa_bf16,150,0.4270188808441162,0.5474997162818909,1.0
b_kohakufa_bf16,200,0.3599397540092468,0.5319303274154663,1.0
b_kohakufa_bf16,250,0.2895070016384125,0.9553203582763672,1.0
b_kohakufa_bf16,300,0.23784005641937256,0.2823822796344757,1.0
b_kohakufa_bf16,350,0.20319658517837524,0.6079133749008179,1.0
b_kohakufa_bf16,400,0.12646256387233734,0.6948356032371521,1.0
b_kohakufa_bf16,450,0.12934625148773193,0.341243714094162,1.0
b_kohakufa_bf16,500,0.12107761949300766,0.967786967754364,1.0
b_kohakufa_bf16,550,0.14881542325019836,0.24075596034526825,1.0
b_kohakufa_bf16,600,0.10645164549350739,0.1556490659713745,1.0
b_kohakufa_bf16,650,0.10321937501430511,0.7517633438110352,1.0
b_kohakufa_bf16,700,0.09332044422626495,0.3042888343334198,1.0
b_kohakufa_bf16,750,0.061592839658260345,0.3558047115802765,1.0
b_kohakufa_bf16,800,0.05606284737586975,0.296001672744751,1.0
b_kohakufa_bf16,850,0.07965800166130066,0.3457023501396179,1.0
b_kohakufa_bf16,900,0.06307904422283173,0.2850637137889862,1.0
b_kohakufa_bf16,950,0.06923159211874008,0.24714766442775726,1.0
b_kohakufa_bf16,1000,0.05572822690010071,0.33856430649757385,1.0
b_kohakufa_bf16,1050,0.06360134482383728,0.5801227688789368,1.0
b_kohakufa_bf16,1100,0.049917083233594894,0.19221967458724976,1.0
b_kohakufa_bf16,1150,0.05385285243391991,0.3663789629936218,1.0
b_kohakufa_bf16,1200,0.04383067041635513,0.2006503790616989,1.0
b_kohakufa_bf16,1250,0.045189425349235535,0.29362860321998596,1.0
b_kohakufa_bf16,1300,0.04227771610021591,0.3168391287326813,1.0
b_kohakufa_bf16,1350,0.04498317092657089,0.2871958911418915,1.0
b_kohakufa_bf16,1400,0.02949058637022972,0.18741290271282196,1.0
b_kohakufa_bf16,1450,0.03095659427344799,0.2728461027145386,1.0
b_kohakufa_bf16,1500,0.04051262140274048,0.25280362367630005,1.0
b_kohakufa_bf16,1550,0.04507822543382645,0.18126888573169708,1.0
b_kohakufa_bf16,1600,0.033747509121894836,0.35044243931770325,1.0
b_kohakufa_bf16,1650,0.020301293581724167,0.365009605884552,1.0
b_kohakufa_bf16,1700,0.030599383637309074,0.17743103206157684,1.0
b_kohakufa_bf16,1750,0.025940779596567154,0.22085468471050262,1.0
b_kohakufa_bf16,1800,0.01516597531735897,0.22013647854328156,1.0
b_kohakufa_bf16,1850,0.032603517174720764,0.25388234853744507,1.0
b_kohakufa_bf16,1900,0.022060826420783997,0.3569141924381256,1.0
b_kohakufa_bf16,1950,0.01866402104496956,0.26676714420318604,1.0
b_kohakufa_bf16,2000,0.026303362101316452,0.25037017464637756,1.0
b_kohakufa_bf16,2050,0.028527967631816864,0.19229300320148468,1.0
b_kohakufa_bf16,2100,0.020121080800890923,0.20847269892692566,1.0
b_kohakufa_bf16,2150,0.021544724702835083,0.1801341325044632,1.0
b_kohakufa_bf16,2200,0.027612430974841118,0.3563297688961029,1.0
b_kohakufa_bf16,2250,0.014600791037082672,0.20318247377872467,1.0
b_kohakufa_bf16,2300,0.018584318459033966,0.16967695951461792,1.0
b_kohakufa_bf16,2350,0.018829023465514183,0.17197395861148834,1.0
b_kohakufa_bf16,2400,0.01625601015985012,0.17693063616752625,1.0
b_kohakufa_bf16,2450,0.02426614984869957,0.11712557077407837,1.0
b_kohakufa_bf16,2500,0.016812484711408615,0.23547983169555664,1.0
b_kohakufa_bf16,2550,0.020061753690242767,0.15023721754550934,1.0
b_kohakufa_bf16,2600,0.016468597576022148,0.1758679896593094,1.0
b_kohakufa_bf16,2650,0.013113083317875862,0.20252294838428497,1.0
b_kohakufa_bf16,2700,0.012460975907742977,0.15467429161071777,1.0
b_kohakufa_bf16,2750,0.014938443899154663,0.2269754707813263,1.0
b_kohakufa_bf16,2800,0.0166269950568676,0.18203189969062805,1.0
b_kohakufa_bf16,2850,0.016355834901332855,0.37946805357933044,1.0
b_kohakufa_bf16,2900,0.02066976949572563,0.13107004761695862,1.0
b_kohakufa_bf16,2950,0.01392433326691389,0.11820074915885925,1.0
b_kohakufa_bf16,3000,0.01023903302848339,0.20888090133666992,1.0
b_kohakufa_bf16,3050,0.01574571244418621,0.18613703548908234,1.0
b_kohakufa_bf16,3100,0.014399223029613495,0.23041243851184845,1.0
b_kohakufa_bf16,3150,0.012200642377138138,0.09905695915222168,1.0
b_kohakufa_bf16,3200,0.01623873971402645,0.21216566860675812,1.0
b_kohakufa_bf16,3250,0.008605027571320534,0.1614372283220291,1.0
b_kohakufa_bf16,3300,0.010111050680279732,0.16428859531879425,1.0
b_kohakufa_bf16,3350,0.009307801723480225,0.13176441192626953,1.0
b_kohakufa_bf16,3400,0.012551943771541119,0.10571618378162384,1.0
b_kohakufa_bf16,3450,0.008096223697066307,0.21636971831321716,1.0
b_kohakufa_bf16,3500,0.01077735424041748,0.12386612594127655,1.0
b_kohakufa_bf16,3550,0.01472692470997572,0.2146300971508026,1.0
b_kohakufa_bf16,3600,0.012321221642196178,0.2311449646949768,1.0
b_kohakufa_bf16,3650,0.013834219425916672,0.1706548035144806,1.0
b_kohakufa_bf16,3700,0.006518758367747068,0.1655472069978714,1.0
b_kohakufa_bf16,3750,0.008300680667161942,0.19600507616996765,1.0
b_kohakufa_bf16,3800,0.013903779909014702,0.16014260053634644,1.0
b_kohakufa_bf16,3850,0.014952108263969421,0.19535435736179352,1.0
b_kohakufa_bf16,3900,0.010329209268093109,0.13790066540241241,1.0
b_kohakufa_bf16,3950,0.0065955123864114285,0.09728182852268219,1.0
b_kohakufa_bf16,4000,0.010900100693106651,0.14167413115501404,1.0
b_kohakufa_bf16,4050,0.0074744015000760555,0.12352477014064789,1.0
b_kohakufa_bf16,4100,0.014815217815339565,0.14765426516532898,1.0
b_kohakufa_bf16,4150,0.012557710520923138,0.09699831902980804,1.0
b_kohakufa_bf16,4200,0.008956611156463623,0.15411408245563507,1.0
b_kohakufa_bf16,4250,0.007603971287608147,0.09974929690361023,1.0
b_kohakufa_bf16,4300,0.008015576750040054,0.07643411308526993,1.0
b_kohakufa_bf16,4350,0.008832874707877636,0.1029869019985199,1.0
b_kohakufa_bf16,4400,0.007335186004638672,0.16525238752365112,1.0
b_kohakufa_bf16,4450,0.009087747894227505,0.08978697657585144,1.0
b_kohakufa_bf16,4500,0.008303089067339897,0.1177302896976471,1.0
b_kohakufa_bf16,4550,0.015164976939558983,0.08260338008403778,1.0
b_kohakufa_bf16,4600,0.006505873054265976,0.1650458127260208,1.0
b_kohakufa_bf16,4650,0.009212538599967957,0.07324637472629547,1.0
b_kohakufa_bf16,4700,0.012288009747862816,0.10891536623239517,1.0
b_kohakufa_bf16,4750,0.008811878971755505,0.06604953855276108,1.0
b_kohakufa_bf16,4800,0.01612284407019615,0.2487378567457199,1.0
b_kohakufa_bf16,4850,0.010349011979997158,0.08003722876310349,1.0
b_kohakufa_bf16,4900,0.007964154705405235,0.09464248269796371,1.0
b_kohakufa_bf16,4950,0.00740708177909255,0.09035617113113403,1.0
b_kohakufa_bf16,5000,0.008273611776530743,0.10988061130046844,1.0
b_kohakufa_bf16,5050,0.00423370860517025,0.06575170904397964,1.0
b_kohakufa_bf16,5100,0.012391500174999237,0.09427780658006668,1.0
b_kohakufa_bf16,5150,0.007413822691887617,0.10221081227064133,1.0
b_kohakufa_bf16,5200,0.006688918452709913,0.09431029856204987,1.0
b_kohakufa_bf16,5250,0.011500284075737,0.2077692598104477,1.0
b_kohakufa_bf16,5300,0.008529065176844597,0.07210621237754822,1.0
b_kohakufa_bf16,5350,0.005857761949300766,0.07887031137943268,1.0
b_kohakufa_bf16,5400,0.0078101917169988155,0.08529241383075714,1.0
b_kohakufa_bf16,5450,0.009011874906718731,0.09489493072032928,1.0
b_kohakufa_bf16,5500,0.006317455321550369,0.08094395697116852,1.0
b_kohakufa_bf16,5550,0.006728809326887131,0.09719306230545044,1.0
b_kohakufa_bf16,5600,0.006690080277621746,0.11345724761486053,1.0
b_kohakufa_bf16,5650,0.007469560019671917,0.10235892981290817,1.0
b_kohakufa_bf16,5700,0.006501823663711548,0.07912436872720718,1.0
b_kohakufa_bf16,5750,0.005722925066947937,0.08128496259450912,1.0
b_kohakufa_bf16,5800,0.007430585101246834,0.11611626297235489,1.0
b_kohakufa_bf16,5850,0.006702400743961334,0.10459405928850174,1.0
b_kohakufa_bf16,5900,0.005809986498206854,0.07032995671033859,1.0
b_kohakufa_bf16,5950,0.006948110647499561,0.09904497116804123,1.0
b_kohakufa_bf16,6000,0.004602732136845589,0.11482322961091995,1.0
b_kohakufa_bf16,6050,0.006183910649269819,0.07487617433071136,1.0
b_kohakufa_bf16,6100,0.007702599745243788,0.12264849990606308,1.0
b_kohakufa_bf16,6150,0.00819641724228859,0.08888797461986542,1.0
b_kohakufa_bf16,6200,0.0056943511590361595,0.09534786641597748,1.0
b_kohakufa_bf16,6250,0.007074886001646519,0.11298134177923203,1.0
b_kohakufa_bf16,6300,0.006067606620490551,0.0645756796002388,1.0
b_kohakufa_bf16,6350,0.00531262531876564,0.08048395067453384,1.0
b_kohakufa_bf16,6400,0.006215415894985199,0.09046807885169983,1.0
b_kohakufa_bf16,6450,0.0068991477601230145,0.09276930242776871,1.0
b_kohakufa_bf16,6500,0.008328119292855263,0.08596133440732956,1.0
b_kohakufa_bf16,6550,0.0041470276191830635,0.059942737221717834,1.0
b_kohakufa_bf16,6600,0.004747473634779453,0.07382800430059433,1.0
b_kohakufa_bf16,6650,0.0049721114337444305,0.126081645488739,1.0
b_kohakufa_bf16,6700,0.006330215837806463,0.0641111209988594,1.0
b_kohakufa_bf16,6750,0.006093150936067104,0.09812577068805695,1.0
b_kohakufa_bf16,6800,0.0065096779726445675,0.070376917719841,1.0
b_kohakufa_bf16,6850,0.008068914525210857,0.07741115987300873,1.0
b_kohakufa_bf16,6900,0.005267248954623938,0.10226253420114517,1.0
b_kohakufa_bf16,6950,0.0053081936202943325,0.08707001060247421,1.0
b_kohakufa_bf16,7000,0.0037809526547789574,0.08363459259271622,1.0
b_kohakufa_bf16,7050,0.006258427165448666,0.08199454843997955,1.0
b_kohakufa_bf16,7100,0.006679184269160032,0.07536977529525757,1.0
b_kohakufa_bf16,7150,0.005401659291237593,0.1538296788930893,1.0
b_kohakufa_bf16,7200,0.0054504163563251495,0.08020942658185959,1.0
b_kohakufa_bf16,7250,0.005315215792506933,0.10089230537414551,1.0
b_kohakufa_bf16,7300,0.004417437594383955,0.03480798751115799,1.0
b_kohakufa_bf16,7350,0.0086032310500741,0.10824272781610489,1.0
b_kohakufa_bf16,7400,0.006841675844043493,0.0752495750784874,1.0
b_kohakufa_bf16,7450,0.005381226539611816,0.07438475638628006,1.0
b_kohakufa_bf16,7500,0.003082655370235443,0.0721140205860138,1.0
b_kohakufa_bf16,7550,0.006515695713460445,0.0567648820579052,1.0
b_kohakufa_bf16,7600,0.004124069586396217,0.05973389372229576,1.0
b_kohakufa_bf16,7650,0.0050755878910422325,0.045183032751083374,1.0
b_kohakufa_bf16,7700,0.0057265921495854855,0.08161384612321854,1.0
b_kohakufa_bf16,7750,0.006170134991407394,0.10533260554075241,1.0
b_kohakufa_bf16,7800,0.004695537034422159,0.09302916377782822,1.0
b_kohakufa_bf16,7850,0.007283949293196201,0.04912713170051575,1.0
b_kohakufa_bf16,7900,0.005728402640670538,0.11999469995498657,1.0
b_kohakufa_bf16,7950,0.005490221083164215,0.06400402635335922,1.0
b_kohakufa_bf16,8000,0.002369799418374896,0.08929546922445297,1.0
b_kohakufa_bf16,8050,0.004034523852169514,0.07784528285264969,1.0
b_kohakufa_bf16,8100,0.004777258262038231,0.10549216717481613,1.0
b_kohakufa_bf16,8150,0.004419718869030476,0.05541735514998436,1.0
b_kohakufa_bf16,8200,0.004858853295445442,0.06282670050859451,1.0
b_kohakufa_bf16,8250,0.005905352532863617,0.06886588782072067,1.0
b_kohakufa_bf16,8300,0.004919304978102446,0.08684355765581131,1.0
b_kohakufa_bf16,8350,0.004383872263133526,0.06866300106048584,1.0
b_kohakufa_bf16,8400,0.005893212743103504,0.06401832401752472,1.0
b_kohakufa_bf16,8450,0.004132343456149101,0.06207951903343201,1.0
b_kohakufa_bf16,8500,0.0065609849989414215,0.060957662761211395,1.0
b_kohakufa_bf16,8550,0.004104970023036003,0.15121549367904663,1.0
b_kohakufa_bf16,8600,0.005569384433329105,0.07612314820289612,1.0
b_kohakufa_bf16,8650,0.004603679291903973,0.11927530169487,1.0
b_kohakufa_bf16,8700,0.0075675188563764095,0.05706988647580147,1.0
b_kohakufa_bf16,8750,0.007132295519113541,0.09193829447031021,1.0
b_kohakufa_bf16,8800,0.004202242475003004,0.04723716527223587,1.0
b_kohakufa_bf16,8850,0.004697137977927923,0.06431195884943008,1.0
b_kohakufa_bf16,8900,0.0031540701165795326,0.07216870784759521,1.0
b_kohakufa_bf16,8950,0.0037885159254074097,0.048967789858579636,1.0
b_kohakufa_bf16,9000,0.00537495082244277,0.08478188514709473,1.0
b_kohakufa_bf16,9050,0.005030374974012375,0.05814194306731224,1.0
b_kohakufa_bf16,9100,0.005968728568404913,0.06447385251522064,1.0
b_kohakufa_bf16,9150,0.005621199496090412,0.05178353562951088,1.0
b_kohakufa_bf16,9200,0.007172874175012112,0.07633648067712784,1.0
b_kohakufa_bf16,9250,0.002906288718804717,0.03831235691905022,1.0
b_kohakufa_bf16,9300,0.004735923372209072,0.07276862859725952,1.0
b_kohakufa_bf16,9350,0.004843011032789946,0.06396086513996124,1.0
b_kohakufa_bf16,9400,0.00434801634401083,0.060056012123823166,1.0
b_kohakufa_bf16,9450,0.004183733370155096,0.06371516734361649,1.0
b_kohakufa_bf16,9500,0.005312170833349228,0.11266450583934784,1.0
b_kohakufa_bf16,9550,0.004765463527292013,0.03594248369336128,1.0
b_kohakufa_bf16,9600,0.00473394338041544,0.04176999256014824,1.0
b_kohakufa_bf16,9650,0.0026494539342820644,0.04777361825108528,1.0
b_kohakufa_bf16,9700,0.004254979081451893,0.09979072958230972,1.0
b_kohakufa_bf16,9750,0.0057437787763774395,0.08662045747041702,1.0
b_kohakufa_bf16,9800,0.00325009785592556,0.07624530047178268,1.0
b_kohakufa_bf16,9850,0.004709433764219284,0.06405001133680344,1.0
b_kohakufa_bf16,9900,0.003265287261456251,0.06404940783977509,1.0
b_kohakufa_bf16,9950,0.003981022164225578,0.06362532079219818,1.0
b_kohakufa_bf16,10000,0.005519985221326351,0.044689130038022995,1.0
b_kohakufa_bf16,10050,0.002470511244609952,0.044685494154691696,1.0
b_kohakufa_bf16,10100,0.004491746425628662,0.09681610763072968,1.0
b_kohakufa_bf16,10150,0.0042874692007899284,0.05102068930864334,1.0
b_kohakufa_bf16,10200,0.005052625667303801,0.06641514599323273,1.0
b_kohakufa_bf16,10250,0.004252925515174866,0.052324600517749786,1.0
b_kohakufa_bf16,10300,0.0065031228587031364,0.06678234785795212,1.0
b_kohakufa_bf16,10350,0.005944281816482544,0.12222124636173248,1.0
b_kohakufa_bf16,10400,0.006502146832644939,0.08201736956834793,1.0
b_kohakufa_bf16,10450,0.004461536183953285,0.045193593949079514,1.0
b_kohakufa_bf16,10500,0.002765799406915903,0.05245320498943329,1.0
b_kohakufa_bf16,10550,0.0035016885958611965,0.07906074821949005,1.0
b_kohakufa_bf16,10600,0.004453510046005249,0.07999221980571747,1.0
b_kohakufa_bf16,10650,0.0030717940535396338,0.06055774539709091,1.0
b_kohakufa_bf16,10700,0.003737297374755144,0.05395723506808281,1.0
b_kohakufa_bf16,10750,0.0037354256492108107,0.05246347934007645,1.0
b_kohakufa_bf16,10800,0.005299549549818039,0.11612673848867416,1.0
b_kohakufa_bf16,10850,0.0045055183582007885,0.06562165170907974,1.0
b_kohakufa_bf16,10900,0.0038142255507409573,0.06460939347743988,1.0
b_kohakufa_bf16,10950,0.0024642942007631063,0.05631566420197487,1.0
b_kohakufa_bf16,11000,0.00422858539968729,0.04668554291129112,1.0
b_kohakufa_bf16,11050,0.0055768536403775215,0.11894439905881882,1.0
b_kohakufa_bf16,11100,0.002399470191448927,0.061149414628744125,1.0
b_kohakufa_bf16,11150,0.0031113377772271633,0.055050984025001526,1.0
b_kohakufa_bf16,11200,0.002944381907582283,0.05735759437084198,1.0
b_kohakufa_bf16,11250,0.0028303710278123617,0.04381514713168144,1.0
b_kohakufa_bf16,11300,0.0032617668621242046,0.05701932683587074,1.0
b_kohakufa_bf16,11350,0.004850238095968962,0.03630195930600166,1.0
b_kohakufa_bf16,11400,0.003006473183631897,0.04140591248869896,1.0
b_kohakufa_bf16,11450,0.004276717081665993,0.04156279191374779,1.0
b_kohakufa_bf16,11500,0.004770162981003523,0.07006024569272995,1.0
b_kohakufa_bf16,11550,0.004490775987505913,0.06388665735721588,1.0
b_kohakufa_bf16,11600,0.0026137109380215406,0.040997203439474106,1.0
b_kohakufa_bf16,11650,0.003482714993879199,0.14381767809391022,1.0
b_kohakufa_bf16,11700,0.004052800126373768,0.08382631093263626,1.0
b_kohakufa_bf16,11750,0.0033861114643514156,0.08097603172063828,1.0
b_kohakufa_bf16,11800,0.003484293818473816,0.05033756420016289,1.0
b_kohakufa_bf16,11850,0.004424223676323891,0.08259785920381546,1.0
b_kohakufa_bf16,11900,0.004928862676024437,0.04345714673399925,1.0
b_kohakufa_bf16,11950,0.003066686447709799,0.045510727912187576,1.0
b_kohakufa_bf16,12000,0.002430551452562213,0.037070684134960175,1.0
b_kohakufa_bf16,12050,0.003518845420330763,0.065221406519413,1.0
b_kohakufa_bf16,12100,0.002157205482944846,0.03897848352789879,1.0
b_kohakufa_bf16,12150,0.0045659542083740234,0.04015878587961197,1.0
b_kohakufa_bf16,12200,0.005411001853644848,0.05718842148780823,1.0
b_kohakufa_bf16,12250,0.002664717612788081,0.04306430742144585,1.0
b_kohakufa_bf16,12300,0.0034562349319458008,0.041101302951574326,1.0
b_kohakufa_bf16,12350,0.0019475079607218504,0.051498256623744965,1.0
b_kohakufa_bf16,12400,0.004157147370278835,0.06817580759525299,1.0
b_kohakufa_bf16,12450,0.004273232072591782,0.04847817122936249,1.0
b_kohakufa_bf16,12500,0.0024593134876340628,0.09150615334510803,1.0
b_kohakufa_bf16,12550,0.004786512814462185,0.03774894401431084,1.0
b_kohakufa_bf16,12600,0.0026360645424574614,0.03826383501291275,1.0
b_kohakufa_bf16,12650,0.0027634527068585157,0.03903121128678322,1.0
b_kohakufa_bf16,12700,0.0035506058484315872,0.03382008150219917,1.0
b_kohakufa_bf16,12750,0.0034827771596610546,0.054659973829984665,1.0
b_kohakufa_bf16,12800,0.0034763612784445286,0.05829267203807831,1.0
b_kohakufa_bf16,12850,0.0028008832596242428,0.061015017330646515,1.0
b_kohakufa_bf16,12900,0.004479477182030678,0.052854400128126144,1.0
b_kohakufa_bf16,12950,0.004646595101803541,0.040430061519145966,1.0
b_kohakufa_bf16,13000,0.003669586731120944,0.05923250690102577,1.0
b_kohakufa_bf16,13050,0.0038846409879624844,0.041337333619594574,1.0
b_kohakufa_bf16,13100,0.0037222052924335003,0.05966414138674736,1.0
b_kohakufa_bf16,13150,0.0030961944721639156,0.055185239762067795,1.0
b_kohakufa_bf16,13200,0.002140379510819912,0.027585765346884727,1.0
b_kohakufa_bf16,13250,0.002140307566151023,0.02159777283668518,1.0
b_kohakufa_bf16,13300,0.002865612506866455,0.06517530232667923,1.0
b_kohakufa_bf16,13350,0.003242514096200466,0.05470401421189308,1.0
b_kohakufa_bf16,13400,0.003631007857620716,0.044406089931726456,1.0
b_kohakufa_bf16,13450,0.002542311092838645,0.04579402878880501,1.0
b_kohakufa_bf16,13500,0.003247444285079837,0.029994091019034386,1.0
b_kohakufa_bf16,13550,0.002515937201678753,0.04908404499292374,1.0
b_kohakufa_bf16,13600,0.003136957064270973,0.10214780271053314,1.0
b_kohakufa_bf16,13650,0.004099451005458832,0.05921729654073715,1.0
b_kohakufa_bf16,13700,0.0027258105110377073,0.035139087587594986,1.0
b_kohakufa_bf16,13750,0.0037138748448342085,0.09781341999769211,1.0
b_kohakufa_bf16,13800,0.0017905909335240722,0.027048956602811813,1.0
b_kohakufa_bf16,13850,0.002153521403670311,0.04178999736905098,1.0
b_kohakufa_bf16,13900,0.002717777155339718,0.03031749837100506,1.0
b_kohakufa_bf16,13950,0.0022669516038149595,0.028777042403817177,1.0
b_kohakufa_bf16,14000,0.002792666433379054,0.040966302156448364,1.0
b_kohakufa_bf16,14050,0.0031464220955967903,0.035715363919734955,1.0
b_kohakufa_bf16,14100,0.0025517884641885757,0.04314805939793587,1.0
b_kohakufa_bf16,14150,0.0033182650804519653,0.039162471890449524,1.0
b_kohakufa_bf16,14200,0.00303908484056592,0.03860202431678772,1.0
b_kohakufa_bf16,14250,0.0029952037148177624,0.03137475624680519,1.0
b_kohakufa_bf16,14300,0.003910180181264877,0.09386157244443893,1.0
b_kohakufa_bf16,14350,0.0034203785471618176,0.04929704964160919,1.0
b_kohakufa_bf16,14400,0.0034808579366654158,0.02275041490793228,1.0
b_kohakufa_bf16,14450,0.0027016904205083847,0.05728752911090851,1.0
b_kohakufa_bf16,14500,0.004679238423705101,0.05410730466246605,1.0
b_kohakufa_bf16,14550,0.004121697973459959,0.03651929646730423,1.0
b_kohakufa_bf16,14600,0.002509212587028742,0.05455690994858742,1.0
b_kohakufa_bf16,14650,0.00438262615352869,0.029933901503682137,1.0
b_kohakufa_bf16,14700,0.0015244297683238983,0.039317019283771515,1.0
b_kohakufa_bf16,14750,0.0037859203293919563,0.04056592285633087,1.0
b_kohakufa_bf16,14800,0.0027339300140738487,0.06992793083190918,1.0
b_kohakufa_bf16,14850,0.002638676669448614,0.05131404846906662,1.0
b_kohakufa_bf16,14900,0.0027696385513991117,0.055610064417123795,1.0
b_kohakufa_bf16,14950,0.0018502859165892005,0.03919694200158119,1.0
b_kohakufa_bf16,15000,0.0019075883319601417,0.05667557939887047,1.0
b_kohakufa_bf16,15050,0.0028809397481381893,0.03265152871608734,1.0
b_kohakufa_bf16,15100,0.003748048795387149,0.06270596385002136,1.0
b_kohakufa_bf16,15150,0.002333299722522497,0.0275031179189682,1.0
b_kohakufa_bf16,15200,0.0020995354279875755,0.03633994981646538,1.0
b_kohakufa_bf16,15250,0.0022086428944021463,0.06506378948688507,1.0
b_kohakufa_bf16,15300,0.0019651881884783506,0.02671053260564804,1.0
b_kohakufa_bf16,15350,0.0028424724005162716,0.042156290262937546,1.0
b_kohakufa_bf16,15400,0.0024123070761561394,0.04801122099161148,1.0
b_kohakufa_bf16,15450,0.0030370978638529778,0.03448835760354996,1.0
b_kohakufa_bf16,15500,0.002420647069811821,0.08332984149456024,1.0
b_kohakufa_bf16,15550,0.0026730033569037914,0.03245988115668297,1.0
b_kohakufa_bf16,15600,0.0030933290254324675,0.037099920213222504,1.0
b_kohakufa_bf16,15650,0.0033623853232711554,0.03561149165034294,1.0
b_kohakufa_bf16,15700,0.0018518029246479273,0.05507668852806091,1.0
b_kohakufa_bf16,15750,0.0024615067522972822,0.03880670294165611,1.0
b_kohakufa_bf16,15800,0.002487208228558302,0.05619079992175102,1.0
b_kohakufa_bf16,15850,0.001588552026078105,0.026517538353800774,1.0
b_kohakufa_bf16,15900,0.0030250586569309235,0.05598870664834976,1.0
b_kohakufa_bf16,15950,0.0018351324833929539,0.0237147007137537,1.0
b_kohakufa_bf16,16000,0.002995344577357173,0.053930964320898056,1.0
b_kohakufa_bf16,16050,0.003324006451293826,0.032590728253126144,1.0
b_kohakufa_bf16,16100,0.0020567234605550766,0.02728182263672352,1.0
b_kohakufa_bf16,16150,0.002680925652384758,0.031523317098617554,1.0
b_kohakufa_bf16,16200,0.0020284499041736126,0.026509642601013184,1.0
b_kohakufa_bf16,16250,0.0034699533134698868,0.05899115651845932,1.0
b_kohakufa_bf16,16300,0.0022514730226248503,0.0553499311208725,1.0
b_kohakufa_bf16,16350,0.00184378563426435,0.06020062789320946,1.0
b_kohakufa_bf16,16400,0.002164283534511924,0.04045066237449646,1.0
b_kohakufa_bf16,16450,0.0013545717811211944,0.020635513588786125,1.0
b_kohakufa_bf16,16500,0.0016117006307467818,0.040794819593429565,1.0
b_kohakufa_bf16,16550,0.002387851942330599,0.036796651780605316,1.0
b_kohakufa_bf16,16600,0.002582149114459753,0.04433872550725937,1.0
b_kohakufa_bf16,16650,0.0017979973927140236,0.025080114603042603,1.0
b_kohakufa_bf16,16700,0.0025137029588222504,0.03841593861579895,1.0
b_kohakufa_bf16,16750,0.002962577622383833,0.03741789236664772,1.0
b_kohakufa_bf16,16800,0.0014542214339599013,0.019741959869861603,1.0
b_kohakufa_bf16,16850,0.0028477441519498825,0.030828962102532387,1.0
b_kohakufa_bf16,16900,0.002375648822635412,0.041913602501153946,1.0
b_kohakufa_bf16,16950,0.00211305171251297,0.04488935321569443,1.0
b_kohakufa_bf16,17000,0.002726285718381405,0.029152296483516693,1.0
b_kohakufa_bf16,17050,0.001977154752239585,0.03825424984097481,1.0
b_kohakufa_bf16,17100,0.0012933629332110286,0.06456136703491211,1.0
b_kohakufa_bf16,17150,0.0020270291715860367,0.04125635698437691,1.0
b_kohakufa_bf16,17200,0.0025158501230180264,0.02619636431336403,1.0
b_kohakufa_bf16,17250,0.002232471713796258,0.026418214663863182,1.0
b_kohakufa_bf16,17300,0.002445814199745655,0.07044902443885803,1.0
b_kohakufa_bf16,17350,0.0022564977407455444,0.04688619077205658,1.0
b_kohakufa_bf16,17400,0.002393842674791813,0.04375612735748291,1.0
b_kohakufa_bf16,17450,0.003030861495062709,0.0628410130739212,1.0
b_kohakufa_bf16,17500,0.001842089812271297,0.0484640933573246,1.0
b_kohakufa_bf16,17550,0.0025399518199265003,0.04221159964799881,1.0
b_kohakufa_bf16,17600,0.0028425301425158978,0.04652825742959976,1.0
b_kohakufa_bf16,17650,0.0020257344003766775,0.029341548681259155,1.0
b_kohakufa_bf16,17700,0.0022066705860197544,0.031632181257009506,1.0
b_kohakufa_bf16,17750,0.0023736003786325455,0.03175387158989906,1.0
b_kohakufa_bf16,17800,0.002376512624323368,0.03412552550435066,1.0
b_kohakufa_bf16,17850,0.0017179760616272688,0.04636828973889351,1.0
b_kohakufa_bf16,17900,0.0016984617104753852,0.033462997525930405,1.0
b_kohakufa_bf16,17950,0.0024217558093369007,0.029004959389567375,1.0
b_kohakufa_bf16,18000,0.002081994665786624,0.02647583745419979,1.0
b_kohakufa_bf16,18050,0.0030244486406445503,0.03876439854502678,1.0
b_kohakufa_bf16,18100,0.0018963997717946768,0.02274404838681221,1.0
b_kohakufa_bf16,18150,0.0024964807089418173,0.023702582344412804,1.0
b_kohakufa_bf16,18200,0.0022598912473767996,0.04331589862704277,1.0
b_kohakufa_bf16,18250,0.0018541321624070406,0.033393047749996185,1.0
b_kohakufa_bf16,18300,0.0023970785550773144,0.027110813185572624,1.0
b_kohakufa_bf16,18350,0.002087261527776718,0.028939737007021904,1.0
b_kohakufa_bf16,18400,0.0013146603014320135,0.04856966435909271,1.0
b_kohakufa_bf16,18450,0.003070975188165903,0.05520587041974068,1.0
b_kohakufa_bf16,18500,0.001779068261384964,0.041182585060596466,1.0
b_kohakufa_bf16,18550,0.0018393059726804495,0.025136014446616173,1.0
b_kohakufa_bf16,18600,0.00287131080403924,0.026808733120560646,1.0
b_kohakufa_bf16,18650,0.00172963528893888,0.04341357201337814,1.0
b_kohakufa_bf16,18700,0.0021491895895451307,0.030587974935770035,1.0
b_kohakufa_bf16,18750,0.001864773454144597,0.025246215984225273,1.0
b_kohakufa_bf16,18800,0.0019302440341562033,0.03327944129705429,1.0
b_kohakufa_bf16,18850,0.0015164477517828345,0.030716288834810257,1.0
b_kohakufa_bf16,18900,0.00165168649982661,0.05879266560077667,1.0
b_kohakufa_bf16,18950,0.0016138720093294978,0.02665574662387371,1.0
b_kohakufa_bf16,19000,0.0029430638533085585,0.04595787823200226,1.0
b_kohakufa_bf16,19050,0.0017227621283382177,0.026944899931550026,1.0
b_kohakufa_bf16,19100,0.001993240788578987,0.0326620377600193,1.0
b_kohakufa_bf16,19150,0.001842370256781578,0.02452412061393261,1.0
b_kohakufa_bf16,19200,0.0022393474355340004,0.03041897900402546,1.0
b_kohakufa_bf16,19250,0.0019258989486843348,0.022773362696170807,1.0
b_kohakufa_bf16,19300,0.0014936511870473623,0.02023046277463436,1.0
b_kohakufa_bf16,19350,0.0022574239410459995,0.03837459161877632,1.0
b_kohakufa_bf16,19400,0.0021432964131236076,0.02586938440799713,1.0
b_kohakufa_bf16,19450,0.001545824808999896,0.04918433353304863,1.0
b_kohakufa_bf16,19500,0.0017443791730329394,0.02307227998971939,1.0
b_kohakufa_bf16,19550,0.0015601477352902293,0.030454963445663452,1.0
b_kohakufa_bf16,19600,0.0021607130765914917,0.036961834877729416,1.0
b_kohakufa_bf16,19650,0.0022196683567017317,0.024274328723549843,1.0
b_kohakufa_bf16,19700,0.0024261511862277985,0.03236517310142517,1.0
b_kohakufa_bf16,19750,0.0012104087509214878,0.028584454208612442,1.0
b_kohakufa_bf16,19800,0.0019818292930722237,0.0377860851585865,1.0
b_kohakufa_bf16,19850,0.00184175546746701,0.04077380523085594,1.0
b_kohakufa_bf16,19900,0.001995689934119582,0.023710574954748154,1.0
b_kohakufa_bf16,19950,0.0017086801817640662,0.043385908007621765,1.0
b_kohakufa_bf16,20000,0.0017216609558090568,0.02134285867214203,1.0
b_kohakufa_fp16,50,1.5555739402770996,0.8120688796043396,65536.0
b_kohakufa_fp16,100,0.8077327609062195,0.6032092571258545,65536.0
b_kohakufa_fp16,150,0.4260997474193573,0.3619343042373657,65536.0
b_kohakufa_fp16,200,0.3529352843761444,0.35423463582992554,65536.0
b_kohakufa_fp16,250,0.2812516391277313,0.25985100865364075,65536.0
b_kohakufa_fp16,300,0.25065040588378906,0.4695586860179901,32768.0
b_kohakufa_fp16,350,0.20887061953544617,0.37079253792762756,32768.0
b_kohakufa_fp16,400,0.1328098028898239,0.5271339416503906,32768.0
b_kohakufa_fp16,450,0.13286691904067993,0.41481995582580566,32768.0
b_kohakufa_fp16,500,0.11124610900878906,0.2015857845544815,32768.0
b_kohakufa_fp16,550,0.153312087059021,0.43874263763427734,32768.0
b_kohakufa_fp16,600,0.11193995177745819,0.37002286314964294,32768.0
b_kohakufa_fp16,650,0.1001662015914917,0.2078247368335724,32768.0
b_kohakufa_fp16,700,0.09797154366970062,0.5628891587257385,32768.0
b_kohakufa_fp16,750,0.06229454278945923,0.3420001268386841,32768.0
b_kohakufa_fp16,800,0.0562247708439827,0.18592064082622528,32768.0
b_kohakufa_fp16,850,0.08210635185241699,0.25023144483566284,32768.0
b_kohakufa_fp16,900,0.06847938895225525,0.5223673582077026,32768.0
b_kohakufa_fp16,950,0.07269622385501862,0.24839740991592407,32768.0
b_kohakufa_fp16,1000,0.05655299872159958,0.23117509484291077,32768.0
b_kohakufa_fp16,1050,0.06470814347267151,0.5887334942817688,32768.0
b_kohakufa_fp16,1100,0.052573174238204956,0.19684050977230072,32768.0
b_kohakufa_fp16,1150,0.05499116703867912,0.25084954500198364,32768.0
b_kohakufa_fp16,1200,0.045110076665878296,0.15591326355934143,32768.0
b_kohakufa_fp16,1250,0.046624138951301575,0.26147109270095825,32768.0
b_kohakufa_fp16,1300,0.04399321228265762,0.3177882730960846,32768.0
b_kohakufa_fp16,1350,0.04866868257522583,0.5386725068092346,32768.0
b_kohakufa_fp16,1400,0.030396994203329086,0.2473616898059845,32768.0
b_kohakufa_fp16,1450,0.03228740394115448,0.2886880338191986,32768.0
b_kohakufa_fp16,1500,0.04401850327849388,0.43391934037208557,32768.0
b_kohakufa_fp16,1550,0.045860644429922104,0.20554956793785095,32768.0
b_kohakufa_fp16,1600,0.03842160850763321,0.5953243374824524,32768.0
b_kohakufa_fp16,1650,0.018881460651755333,0.15596015751361847,32768.0
b_kohakufa_fp16,1700,0.03304688632488251,0.35549110174179077,32768.0
b_kohakufa_fp16,1750,0.027079634368419647,0.30743634700775146,32768.0
b_kohakufa_fp16,1800,0.015128621831536293,0.1396740823984146,32768.0
b_kohakufa_fp16,1850,0.033071860671043396,0.15898655354976654,32768.0
b_kohakufa_fp16,1900,0.022884955629706383,0.24105051159858704,32768.0
b_kohakufa_fp16,1950,0.019146772101521492,0.2754351496696472,32768.0
b_kohakufa_fp16,2000,0.02707412838935852,0.24984726309776306,32768.0
b_kohakufa_fp16,2050,0.029140476137399673,0.200452983379364,32768.0
b_kohakufa_fp16,2100,0.02036791667342186,0.19454753398895264,32768.0
b_kohakufa_fp16,2150,0.02202104590833187,0.22701314091682434,32768.0
b_kohakufa_fp16,2200,0.02578428015112877,0.15233370661735535,32768.0
b_kohakufa_fp16,2250,0.014412089250981808,0.15760008990764618,32768.0
b_kohakufa_fp16,2300,0.020082004368305206,0.28753960132598877,65536.0
b_kohakufa_fp16,2350,0.019855935126543045,0.2570457458496094,65536.0
b_kohakufa_fp16,2400,0.016194092109799385,0.22063815593719482,65536.0
b_kohakufa_fp16,2450,0.025003667920827866,0.20067143440246582,65536.0
b_kohakufa_fp16,2500,0.016517337411642075,0.18719959259033203,65536.0
b_kohakufa_fp16,2550,0.01987677998840809,0.1414174884557724,65536.0
b_kohakufa_fp16,2600,0.017859075218439102,0.32410508394241333,65536.0
b_kohakufa_fp16,2650,0.012397918850183487,0.10884564369916916,65536.0
b_kohakufa_fp16,2700,0.013507714495062828,0.22832557559013367,65536.0
b_kohakufa_fp16,2750,0.014714366756379604,0.1878420114517212,65536.0
b_kohakufa_fp16,2800,0.01545354537665844,0.12530922889709473,65536.0
b_kohakufa_fp16,2850,0.013976353220641613,0.18166100978851318,65536.0
b_kohakufa_fp16,2900,0.021364226937294006,0.15845105051994324,65536.0
b_kohakufa_fp16,2950,0.013952353969216347,0.11729688942432404,65536.0
b_kohakufa_fp16,3000,0.009463916532695293,0.1426948755979538,65536.0
b_kohakufa_fp16,3050,0.015492993406951427,0.14772316813468933,65536.0
b_kohakufa_fp16,3100,0.013403896242380142,0.13964533805847168,65536.0
b_kohakufa_fp16,3150,0.01212259940803051,0.08247774839401245,65536.0
b_kohakufa_fp16,3200,0.015694908797740936,0.09740961343050003,65536.0
b_kohakufa_fp16,3250,0.008274087682366371,0.11497045308351517,65536.0
b_kohakufa_fp16,3300,0.009398899041116238,0.138736754655838,65536.0
b_kohakufa_fp16,3350,0.009016593918204308,0.10593245178461075,65536.0
b_kohakufa_fp16,3400,0.012679213657975197,0.12847793102264404,65536.0
b_kohakufa_fp16,3450,0.007107528857886791,0.08027767390012741,65536.0
b_kohakufa_fp16,3500,0.010787430219352245,0.11704741418361664,65536.0
b_kohakufa_fp16,3550,0.01480436697602272,0.21541714668273926,65536.0
b_kohakufa_fp16,3600,0.011068914085626602,0.09838733822107315,65536.0
b_kohakufa_fp16,3650,0.013384535908699036,0.10700429230928421,65536.0
b_kohakufa_fp16,3700,0.005950207822024822,0.09191977977752686,65536.0
b_kohakufa_fp16,3750,0.0076544201001524925,0.10868310928344727,65536.0
b_kohakufa_fp16,3800,0.013401105999946594,0.12403825670480728,65536.0
b_kohakufa_fp16,3850,0.014623879455029964,0.16291381418704987,65536.0
b_kohakufa_fp16,3900,0.011385437101125717,0.2607385516166687,65536.0
b_kohakufa_fp16,3950,0.007265277206897736,0.1602470576763153,65536.0
b_kohakufa_fp16,4000,0.01107370387762785,0.1445436030626297,65536.0
b_kohakufa_fp16,4050,0.007804663386195898,0.17258185148239136,65536.0
b_kohakufa_fp16,4100,0.015302054584026337,0.16107049584388733,65536.0
b_kohakufa_fp16,4150,0.012630997225642204,0.0902743861079216,65536.0
b_kohakufa_fp16,4200,0.008750341832637787,0.12146174907684326,65536.0
b_kohakufa_fp16,4250,0.007775274105370045,0.12192633748054504,65536.0
b_kohakufa_fp16,4300,0.00820980966091156,0.08186521381139755,131072.0
b_kohakufa_fp16,4350,0.009540400467813015,0.1585054248571396,131072.0
b_kohakufa_fp16,4400,0.006820563226938248,0.12454184889793396,131072.0
b_kohakufa_fp16,4450,0.009301903657615185,0.11460758745670319,131072.0
b_kohakufa_fp16,4500,0.007848738692700863,0.0893525779247284,131072.0
b_kohakufa_fp16,4550,0.015702972188591957,0.13485752046108246,131072.0
b_kohakufa_fp16,4600,0.006446737330406904,0.12807951867580414,131072.0
b_kohakufa_fp16,4650,0.009722720831632614,0.1898244023323059,131072.0
b_kohakufa_fp16,4700,0.012111539021134377,0.10254780948162079,131072.0
b_kohakufa_fp16,4750,0.009286902844905853,0.14025311172008514,131072.0
b_kohakufa_fp16,4800,0.01480067428201437,0.16705232858657837,131072.0
b_kohakufa_fp16,4850,0.01050633192062378,0.10851297527551651,131072.0
b_kohakufa_fp16,4900,0.007725317031145096,0.06773789972066879,131072.0
b_kohakufa_fp16,4950,0.007193043828010559,0.056388311088085175,131072.0
b_kohakufa_fp16,5000,0.00785982795059681,0.068385548889637,131072.0
b_kohakufa_fp16,5050,0.0042289202101528645,0.07846853882074356,131072.0
b_kohakufa_fp16,5100,0.01282508485019207,0.1330818086862564,131072.0
b_kohakufa_fp16,5150,0.0074956840835511684,0.11038903146982193,131072.0
b_kohakufa_fp16,5200,0.006611263379454613,0.09478330612182617,131072.0
b_kohakufa_fp16,5250,0.012836857698857784,0.30811944603919983,131072.0
b_kohakufa_fp16,5300,0.008385134860873222,0.06372679769992828,131072.0
b_kohakufa_fp16,5350,0.005840425379574299,0.07976756989955902,131072.0
b_kohakufa_fp16,5400,0.007730943150818348,0.08094464987516403,131072.0
b_kohakufa_fp16,5450,0.00880879070609808,0.08411998301744461,131072.0
b_kohakufa_fp16,5500,0.00642407825216651,0.09440971165895462,131072.0
b_kohakufa_fp16,5550,0.0065291812643408775,0.08032678812742233,131072.0
b_kohakufa_fp16,5600,0.006835390813648701,0.16106034815311432,131072.0
b_kohakufa_fp16,5650,0.007460795342922211,0.11053549498319626,131072.0
b_kohakufa_fp16,5700,0.006481268908828497,0.07615331560373306,131072.0
b_kohakufa_fp16,5750,0.005555985029786825,0.06724658608436584,131072.0
b_kohakufa_fp16,5800,0.007349161431193352,0.09925965219736099,131072.0
b_kohakufa_fp16,5850,0.006352165248245001,0.07752998173236847,131072.0
b_kohakufa_fp16,5900,0.0061623225919902325,0.14260020852088928,131072.0
b_kohakufa_fp16,5950,0.006730094086378813,0.06621283292770386,131072.0
b_kohakufa_fp16,6000,0.004723622929304838,0.10218014568090439,131072.0
b_kohakufa_fp16,6050,0.006139359436929226,0.08791739493608475,131072.0
b_kohakufa_fp16,6100,0.007391615770757198,0.08053900301456451,131072.0
b_kohakufa_fp16,6150,0.008380148559808731,0.10062642395496368,131072.0
b_kohakufa_fp16,6200,0.005950596183538437,0.13147340714931488,131072.0
b_kohakufa_fp16,6250,0.007088229060173035,0.10137071460485458,131072.0
b_kohakufa_fp16,6300,0.0069666653871536255,0.15235960483551025,262144.0
b_kohakufa_fp16,6350,0.005022268742322922,0.05650359019637108,262144.0
b_kohakufa_fp16,6400,0.005979778245091438,0.06476949900388718,262144.0
b_kohakufa_fp16,6450,0.006610552780330181,0.06482212990522385,262144.0
b_kohakufa_fp16,6500,0.008104562759399414,0.09206224977970123,262144.0
b_kohakufa_fp16,6550,0.004151334520429373,0.0890180841088295,262144.0
b_kohakufa_fp16,6600,0.004690827336162329,0.06996673345565796,262144.0
b_kohakufa_fp16,6650,0.004483462311327457,0.07676353305578232,262144.0
b_kohakufa_fp16,6700,0.0066330209374427795,0.10919440537691116,262144.0
b_kohakufa_fp16,6750,0.00621639471501112,0.10199879854917526,262144.0
b_kohakufa_fp16,6800,0.006744289770722389,0.11065414547920227,262144.0
b_kohakufa_fp16,6850,0.009002991020679474,0.17585188150405884,262144.0
b_kohakufa_fp16,6900,0.004887470975518227,0.06901891529560089,262144.0
b_kohakufa_fp16,6950,0.005388021003454924,0.06455586105585098,262144.0
b_kohakufa_fp16,7000,0.0034440020099282265,0.05665409564971924,262144.0
b_kohakufa_fp16,7050,0.00627248827368021,0.05742626637220383,262144.0
b_kohakufa_fp16,7100,0.006501495838165283,0.07105524092912674,262144.0
b_kohakufa_fp16,7150,0.005064798519015312,0.10145102441310883,262144.0
b_kohakufa_fp16,7200,0.005307249259203672,0.05746742710471153,262144.0
b_kohakufa_fp16,7250,0.006062120199203491,0.14312396943569183,262144.0
b_kohakufa_fp16,7300,0.004432162269949913,0.045116763561964035,262144.0
b_kohakufa_fp16,7350,0.008861294016242027,0.14674228429794312,262144.0
b_kohakufa_fp16,7400,0.00665129441767931,0.09056300669908524,262144.0
b_kohakufa_fp16,7450,0.005524158012121916,0.09208168089389801,262144.0
b_kohakufa_fp16,7500,0.0036548308562487364,0.14633722603321075,262144.0
b_kohakufa_fp16,7550,0.006388198584318161,0.06860312819480896,262144.0
b_kohakufa_fp16,7600,0.004132233094424009,0.0661618560552597,262144.0
b_kohakufa_fp16,7650,0.005193199031054974,0.07988512516021729,262144.0
b_kohakufa_fp16,7700,0.005494702607393265,0.040392983704805374,262144.0
b_kohakufa_fp16,7750,0.00538487546145916,0.060833632946014404,262144.0
b_kohakufa_fp16,7800,0.00472894124686718,0.08278446644544601,262144.0
b_kohakufa_fp16,7850,0.007198260631412268,0.06111341714859009,262144.0
b_kohakufa_fp16,7900,0.0052744802087545395,0.12751874327659607,262144.0
b_kohakufa_fp16,7950,0.005208566319197416,0.04924784600734711,262144.0
b_kohakufa_fp16,8000,0.0021963969338685274,0.08390430361032486,262144.0
b_kohakufa_fp16,8050,0.004037320148199797,0.07291341572999954,262144.0
b_kohakufa_fp16,8100,0.0050393398851156235,0.11171247065067291,262144.0
b_kohakufa_fp16,8150,0.004509097896516323,0.10568804293870926,262144.0
b_kohakufa_fp16,8200,0.004819975234568119,0.06189865618944168,262144.0
b_kohakufa_fp16,8250,0.005902912467718124,0.08558765053749084,262144.0
b_kohakufa_fp16,8300,0.005198284517973661,0.11278196424245834,524288.0
b_kohakufa_fp16,8350,0.004149224143475294,0.0431072935461998,524288.0
b_kohakufa_fp16,8400,0.005719040520489216,0.057488810271024704,524288.0
b_kohakufa_fp16,8450,0.004203968681395054,0.0849166065454483,524288.0
b_kohakufa_fp16,8500,0.006778363138437271,0.09947490692138672,524288.0
b_kohakufa_fp16,8550,0.003597717732191086,0.09491398930549622,524288.0
b_kohakufa_fp16,8600,0.005349733866751194,0.05745665356516838,524288.0
b_kohakufa_fp16,8650,0.004241944290697575,0.08282984793186188,524288.0
b_kohakufa_fp16,8700,0.007502948399633169,0.060095932334661484,524288.0
b_kohakufa_fp16,8750,0.006881949491798878,0.07387258112430573,524288.0
b_kohakufa_fp16,8800,0.004724382888525724,0.13383127748966217,524288.0
b_kohakufa_fp16,8850,0.004666435997933149,0.0740213394165039,524288.0
b_kohakufa_fp16,8900,0.0032954893540591,0.057622674852609634,524288.0
b_kohakufa_fp16,8950,0.003868733299896121,0.06723694503307343,524288.0
b_kohakufa_fp16,9000,0.005161540117114782,0.1000317856669426,524288.0
b_kohakufa_fp16,9050,0.004901005420833826,0.05196765065193176,524288.0
b_kohakufa_fp16,9100,0.005959436297416687,0.062208786606788635,524288.0
b_kohakufa_fp16,9150,0.005724571645259857,0.062447190284729004,524288.0
b_kohakufa_fp16,9200,0.007328338921070099,0.11024539917707443,524288.0
b_kohakufa_fp16,9250,0.002879448002204299,0.048222463577985764,524288.0
b_kohakufa_fp16,9300,0.004916718229651451,0.11007242649793625,524288.0
b_kohakufa_fp16,9350,0.004841518588364124,0.06672722846269608,524288.0
b_kohakufa_fp16,9400,0.00425716070458293,0.05135778710246086,524288.0
b_kohakufa_fp16,9450,0.004121231846511364,0.06734166294336319,524288.0
b_kohakufa_fp16,9500,0.005282934755086899,0.10036872327327728,524288.0
b_kohakufa_fp16,9550,0.004834431689232588,0.048049233853816986,524288.0
b_kohakufa_fp16,9600,0.004700792487710714,0.046947628259658813,524288.0
b_kohakufa_fp16,9650,0.0025183630641549826,0.04806109145283699,524288.0
b_kohakufa_fp16,9700,0.003840535646304488,0.04199327155947685,524288.0
b_kohakufa_fp16,9750,0.005785566754639149,0.08186443895101547,524288.0
b_kohakufa_fp16,9800,0.0030378466472029686,0.05548151955008507,524288.0
b_kohakufa_fp16,9850,0.005185126326978207,0.09957060217857361,524288.0
b_kohakufa_fp16,9900,0.003319201525300741,0.057376839220523834,524288.0
b_kohakufa_fp16,9950,0.003981803543865681,0.07190057635307312,524288.0
b_kohakufa_fp16,10000,0.005465556867420673,0.05798294022679329,524288.0
b_kohakufa_fp16,10050,0.0024467376060783863,0.038013458251953125,524288.0
b_kohakufa_fp16,10100,0.00429461058229208,0.07969141006469727,524288.0
b_kohakufa_fp16,10150,0.004256120417267084,0.0515131801366806,524288.0
b_kohakufa_fp16,10200,0.004998940508812666,0.0669683888554573,524288.0
b_kohakufa_fp16,10250,0.004523517098277807,0.10266110301017761,524288.0
b_kohakufa_fp16,10300,0.006395753473043442,0.07029731571674347,1048576.0
b_kohakufa_fp16,10350,0.005524519830942154,0.06240998953580856,1048576.0
b_kohakufa_fp16,10400,0.006600408814847469,0.08051147311925888,1048576.0
b_kohakufa_fp16,10450,0.00435289554297924,0.04201347753405571,1048576.0
b_kohakufa_fp16,10500,0.0026838681660592556,0.035726673901081085,1048576.0
b_kohakufa_fp16,10550,0.003305426798760891,0.07262645661830902,1048576.0
b_kohakufa_fp16,10600,0.0044602626003324986,0.05388409271836281,1048576.0
b_kohakufa_fp16,10650,0.0029134205542504787,0.04150114208459854,1048576.0
b_kohakufa_fp16,10700,0.0037159454077482224,0.05010095611214638,1048576.0
b_kohakufa_fp16,10750,0.003654812229797244,0.05828532576560974,1048576.0
b_kohakufa_fp16,10800,0.004529779311269522,0.05585969612002373,1048576.0
b_kohakufa_fp16,10850,0.004803880117833614,0.10081574320793152,1048576.0
b_kohakufa_fp16,10900,0.0036838888190686703,0.04974692314863205,1048576.0
b_kohakufa_fp16,10950,0.0023406106047332287,0.03980397433042526,1048576.0
b_kohakufa_fp16,11000,0.004154953174293041,0.05072803795337677,1048576.0
b_kohakufa_fp16,11050,0.005631234496831894,0.1130068451166153,1048576.0
b_kohakufa_fp16,11100,0.002274255733937025,0.03803765028715134,1048576.0
b_kohakufa_fp16,11150,0.003085091710090637,0.062455471605062485,1048576.0
b_kohakufa_fp16,11200,0.002825298113748431,0.040676265954971313,1048576.0
b_kohakufa_fp16,11250,0.0027609001845121384,0.04258692264556885,1048576.0
b_kohakufa_fp16,11300,0.003324272111058235,0.06247255578637123,1048576.0
b_kohakufa_fp16,11350,0.004996698349714279,0.05037540942430496,1048576.0
b_kohakufa_fp16,11400,0.0028121075592935085,0.0305388942360878,1048576.0
b_kohakufa_fp16,11450,0.004223561845719814,0.04578675329685211,1048576.0
b_kohakufa_fp16,11500,0.004558100830763578,0.04768708720803261,1048576.0
b_kohakufa_fp16,11550,0.004304771777242422,0.04284678399562836,1048576.0
b_kohakufa_fp16,11600,0.0025877277366816998,0.04470028728246689,1048576.0
b_kohakufa_fp16,11650,0.0028502473141998053,0.1006368100643158,1048576.0
b_kohakufa_fp16,11700,0.0039080409333109856,0.06316450983285904,1048576.0
b_kohakufa_fp16,11750,0.0036193798296153545,0.11168509721755981,1048576.0
b_kohakufa_fp16,11800,0.003446099115535617,0.055923860520124435,1048576.0
b_kohakufa_fp16,11850,0.004428461659699678,0.07884756475687027,1048576.0
b_kohakufa_fp16,11900,0.0052881017327308655,0.08361471444368362,1048576.0
b_kohakufa_fp16,11950,0.0031162116210907698,0.06595621258020401,1048576.0
b_kohakufa_fp16,12000,0.0023251520469784737,0.042537640780210495,1048576.0
b_kohakufa_fp16,12050,0.0033192671835422516,0.0447608083486557,1048576.0
b_kohakufa_fp16,12100,0.0021547803189605474,0.04222681745886803,1048576.0
b_kohakufa_fp16,12150,0.0045815929770469666,0.06021623685956001,1048576.0
b_kohakufa_fp16,12200,0.005348223261535168,0.06437626481056213,1048576.0
b_kohakufa_fp16,12250,0.0025331289507448673,0.03877950832247734,1048576.0
b_kohakufa_fp16,12300,0.0034071169793605804,0.04058021679520607,2097152.0
b_kohakufa_fp16,12350,0.002284500515088439,0.11211203038692474,2097152.0
b_kohakufa_fp16,12400,0.004035294987261295,0.07258938997983932,2097152.0
b_kohakufa_fp16,12450,0.004285656847059727,0.04949663579463959,2097152.0
b_kohakufa_fp16,12500,0.0022550076246261597,0.06688828021287918,2097152.0
b_kohakufa_fp16,12550,0.004842291120439768,0.054757263511419296,2097152.0
b_kohakufa_fp16,12600,0.0026445197872817516,0.05026999115943909,2097152.0
b_kohakufa_fp16,12650,0.002618611790239811,0.029438186436891556,2097152.0
b_kohakufa_fp16,12700,0.0034217683132737875,0.029334036633372307,2097152.0
b_kohakufa_fp16,12750,0.0034985821694135666,0.07450871914625168,2097152.0
b_kohakufa_fp16,12800,0.0035161501727998257,0.09980572760105133,2097152.0
b_kohakufa_fp16,12850,0.0024016331881284714,0.03695156052708626,2097152.0
b_kohakufa_fp16,12900,0.004431065171957016,0.057329755276441574,2097152.0
b_kohakufa_fp16,12950,0.004614570178091526,0.04553800821304321,2097152.0
b_kohakufa_fp16,13000,0.003740390297025442,0.07225093245506287,2097152.0
b_kohakufa_fp16,13050,0.0037856344133615494,0.03257737308740616,2097152.0
b_kohakufa_fp16,13100,0.003825704101473093,0.08758071064949036,2097152.0
b_kohakufa_fp16,13150,0.002821682719513774,0.04121106490492821,2097152.0
b_kohakufa_fp16,13200,0.002153481123968959,0.05080727860331535,2097152.0
b_kohakufa_fp16,13250,0.002178225666284561,0.04786326736211777,2097152.0
b_kohakufa_fp16,13300,0.003017449751496315,0.0899905189871788,2097152.0
b_kohakufa_fp16,13350,0.0030299692880362272,0.02499421499669552,2097152.0
b_kohakufa_fp16,13400,0.003532018279656768,0.03778979182243347,2097152.0
b_kohakufa_fp16,13450,0.002600783482193947,0.057551104575395584,2097152.0
b_kohakufa_fp16,13500,0.003199156140908599,0.03449975326657295,2097152.0
b_kohakufa_fp16,13550,0.0025046374648809433,0.054114408791065216,2097152.0
b_kohakufa_fp16,13600,0.00276733934879303,0.06381221115589142,2097152.0
b_kohakufa_fp16,13650,0.0039824675768613815,0.058881424367427826,2097152.0
b_kohakufa_fp16,13700,0.002687694039195776,0.04279179871082306,2097152.0
b_kohakufa_fp16,13750,0.0033066298346966505,0.052862998098134995,2097152.0
b_kohakufa_fp16,13800,0.0018115590792149305,0.04302772134542465,2097152.0
b_kohakufa_fp16,13850,0.002168161328881979,0.045658547431230545,2097152.0
b_kohakufa_fp16,13900,0.002573197241872549,0.0275798998773098,2097152.0
b_kohakufa_fp16,13950,0.002257934771478176,0.038257747888565063,2097152.0
b_kohakufa_fp16,14000,0.0030785619746893644,0.07685775309801102,2097152.0
b_kohakufa_fp16,14050,0.003064713440835476,0.0322234183549881,2097152.0
b_kohakufa_fp16,14100,0.002345927292481065,0.02969430945813656,2097152.0
b_kohakufa_fp16,14150,0.0032850196585059166,0.04684413596987724,2097152.0
b_kohakufa_fp16,14200,0.0029677036218345165,0.04191003739833832,2097152.0
b_kohakufa_fp16,14250,0.003122163936495781,0.049181390553712845,2097152.0
b_kohakufa_fp16,14300,0.0037450450472533703,0.08533569425344467,4194304.0
b_kohakufa_fp16,14350,0.0031948289833962917,0.029398765414953232,4194304.0
b_kohakufa_fp16,14400,0.0035302462056279182,0.032923631370067596,4194304.0
b_kohakufa_fp16,14450,0.0026064214762300253,0.05374191328883171,4194304.0
b_kohakufa_fp16,14500,0.0044227903708815575,0.03616638481616974,4194304.0
b_kohakufa_fp16,14550,0.004251832142472267,0.06060568988323212,4194304.0
b_kohakufa_fp16,14600,0.002333154436200857,0.042799532413482666,4194304.0
b_kohakufa_fp16,14650,0.004364853259176016,0.028331829234957695,4194304.0
b_kohakufa_fp16,14700,0.0015280060470104218,0.045430414378643036,4194304.0
b_kohakufa_fp16,14750,0.003730832366272807,0.03095090389251709,4194304.0
b_kohakufa_fp16,14800,0.003144399030134082,0.08320161700248718,4194304.0
b_kohakufa_fp16,14850,0.002552888821810484,0.038355790078639984,4194304.0
b_kohakufa_fp16,14900,0.0025474538560956717,0.052007775753736496,4194304.0
b_kohakufa_fp16,14950,0.0018222000217065215,0.03949109837412834,4194304.0
b_kohakufa_fp16,15000,0.001613892032764852,0.03380300849676132,4194304.0
b_kohakufa_fp16,15050,0.0028466961812227964,0.03307598456740379,4194304.0
b_kohakufa_fp16,15100,0.0035576194059103727,0.0395180881023407,4194304.0
b_kohakufa_fp16,15150,0.0023789936676621437,0.04165997728705406,4194304.0
b_kohakufa_fp16,15200,0.002013672608882189,0.023495590314269066,4194304.0
b_kohakufa_fp16,15250,0.0021528347861021757,0.056336045265197754,4194304.0
b_kohakufa_fp16,15300,0.0019420640310272574,0.03922395780682564,4194304.0
b_kohakufa_fp16,15350,0.002804811578243971,0.0348481684923172,4194304.0
b_kohakufa_fp16,15400,0.0023163179866969585,0.030709054321050644,4194304.0
b_kohakufa_fp16,15450,0.0030462294816970825,0.05110134929418564,4194304.0
b_kohakufa_fp16,15500,0.002094920724630356,0.030396953225135803,4194304.0
b_kohakufa_fp16,15550,0.0026942710392177105,0.05791803076863289,4194304.0
b_kohakufa_fp16,15600,0.0029826804529875517,0.027574220672249794,4194304.0
b_kohakufa_fp16,15650,0.0033479020930826664,0.03638463094830513,4194304.0
b_kohakufa_fp16,15700,0.0016632946208119392,0.029527440667152405,4194304.0
b_kohakufa_fp16,15750,0.002569616539403796,0.061142951250076294,4194304.0
b_kohakufa_fp16,15800,0.0026454885955899954,0.08158212155103683,4194304.0
b_kohakufa_fp16,15850,0.001554117538034916,0.03685234487056732,4194304.0
b_kohakufa_fp16,15900,0.002981720957905054,0.05558490380644798,4194304.0
b_kohakufa_fp16,15950,0.0018345395801588893,0.028454432263970375,4194304.0
b_kohakufa_fp16,16000,0.002917060162872076,0.05212884768843651,4194304.0
b_kohakufa_fp16,16050,0.0034198123030364513,0.0687919482588768,4194304.0
b_kohakufa_fp16,16100,0.001984927337616682,0.027198459953069687,4194304.0
b_kohakufa_fp16,16150,0.002557264408096671,0.025904685258865356,4194304.0
b_kohakufa_fp16,16200,0.002061532810330391,0.042527176439762115,4194304.0
b_kohakufa_fp16,16250,0.0034583918750286102,0.06352584064006805,4194304.0
b_kohakufa_fp16,16300,0.00203680619597435,0.0457409992814064,8388608.0
b_kohakufa_fp16,16350,0.0016949929995462298,0.04761753976345062,8388608.0
b_kohakufa_fp16,16400,0.002291184850037098,0.04678322747349739,8388608.0
b_kohakufa_fp16,16450,0.0013222390552982688,0.025423197075724602,8388608.0
b_kohakufa_fp16,16500,0.0015785505529493093,0.052962567657232285,8388608.0
b_kohakufa_fp16,16550,0.0023048126604408026,0.030277734622359276,8388608.0
b_kohakufa_fp16,16600,0.0027486346662044525,0.06179540604352951,8388608.0
b_kohakufa_fp16,16650,0.0017554571386426687,0.02523297816514969,8388608.0
b_kohakufa_fp16,16700,0.0023521173279732466,0.027839278802275658,8388608.0
b_kohakufa_fp16,16750,0.0029104133136570454,0.037971194833517075,8388608.0
b_kohakufa_fp16,16800,0.0016075614839792252,0.055707886815071106,8388608.0
b_kohakufa_fp16,16850,0.0027253562584519386,0.02622073143720627,8388608.0
b_kohakufa_fp16,16900,0.0023260831367224455,0.05183737725019455,8388608.0
b_kohakufa_fp16,16950,0.0025844196788966656,0.12169536203145981,8388608.0
b_kohakufa_fp16,17000,0.0026505065616220236,0.02985992655158043,8388608.0
b_kohakufa_fp16,17050,0.0019926675595343113,0.051099468022584915,8388608.0
b_kohakufa_fp16,17100,0.001111991936340928,0.03705369681119919,8388608.0
b_kohakufa_fp16,17150,0.002607255009934306,0.09564922004938126,8388608.0
b_kohakufa_fp16,17200,0.002512754639610648,0.029463836923241615,8388608.0
b_kohakufa_fp16,17250,0.002096201293170452,0.020638762041926384,8388608.0
b_kohakufa_fp16,17300,0.002374830888584256,0.054872237145900726,8388608.0
b_kohakufa_fp16,17350,0.0021022791042923927,0.046857476234436035,8388608.0
b_kohakufa_fp16,17400,0.0022347532212734222,0.044195692986249924,8388608.0
b_kohakufa_fp16,17450,0.0027571418322622776,0.032754164189100266,8388608.0
b_kohakufa_fp16,17500,0.0018943017348647118,0.038444504141807556,8388608.0
b_kohakufa_fp16,17550,0.0024574496783316135,0.03605204448103905,8388608.0
b_kohakufa_fp16,17600,0.0027383221313357353,0.03753698617219925,8388608.0
b_kohakufa_fp16,17650,0.002087695524096489,0.050437040627002716,8388608.0
b_kohakufa_fp16,17700,0.0021379883401095867,0.029625462368130684,8388608.0
b_kohakufa_fp16,17750,0.00231849099509418,0.02884502522647381,8388608.0
b_kohakufa_fp16,17800,0.002387135988101363,0.039559099823236465,8388608.0
b_kohakufa_fp16,17850,0.0016488110413774848,0.03010842576622963,8388608.0
b_kohakufa_fp16,17900,0.0016272499924525619,0.028867026790976524,8388608.0
b_kohakufa_fp16,17950,0.002538846805691719,0.029491672292351723,8388608.0
b_kohakufa_fp16,18000,0.0019905362278223038,0.022716421633958817,8388608.0
b_kohakufa_fp16,18050,0.0030436597298830748,0.06340096145868301,8388608.0
b_kohakufa_fp16,18100,0.0018581736367195845,0.0365445502102375,8388608.0
b_kohakufa_fp16,18150,0.002429912332445383,0.028752654790878296,8388608.0
b_kohakufa_fp16,18200,0.002054127398878336,0.032021813094615936,8388608.0
b_kohakufa_fp16,18250,0.0019202501280233264,0.041751421988010406,8388608.0
b_kohakufa_fp16,18300,0.0023291734978556633,0.02291722595691681,16777216.0
b_kohakufa_fp16,18350,0.002257183426991105,0.05701866000890732,8388608.0
b_kohakufa_fp16,18400,0.0015404054429382086,0.05424344167113304,8388608.0
b_kohakufa_fp16,18450,0.002987523330375552,0.039351727813482285,8388608.0
b_kohakufa_fp16,18500,0.0015901061706244946,0.029438041150569916,8388608.0
b_kohakufa_fp16,18550,0.0018583103083074093,0.02854023687541485,8388608.0
b_kohakufa_fp16,18600,0.0029139115940779448,0.030274398624897003,8388608.0
b_kohakufa_fp16,18650,0.0015967001672834158,0.028935903683304787,8388608.0
b_kohakufa_fp16,18700,0.002094270195811987,0.027008583769202232,8388608.0
b_kohakufa_fp16,18750,0.001935921492986381,0.03782520070672035,8388608.0
b_kohakufa_fp16,18800,0.001889585517346859,0.028020642697811127,8388608.0
b_kohakufa_fp16,18850,0.0014512821799144149,0.028426222503185272,8388608.0
b_kohakufa_fp16,18900,0.0015498921275138855,0.022422917187213898,8388608.0
b_kohakufa_fp16,18950,0.0016445424407720566,0.03127188980579376,8388608.0
b_kohakufa_fp16,19000,0.00275215320289135,0.028114307671785355,8388608.0
b_kohakufa_fp16,19050,0.0018066694028675556,0.030964083969593048,8388608.0
b_kohakufa_fp16,19100,0.001983202528208494,0.038069043308496475,8388608.0
b_kohakufa_fp16,19150,0.0017776325112208724,0.02590412087738514,8388608.0
b_kohakufa_fp16,19200,0.0022398007567971945,0.023541856557130814,8388608.0
b_kohakufa_fp16,19250,0.0019140675431117415,0.02675170823931694,8388608.0
b_kohakufa_fp16,19300,0.0014978095423430204,0.026155680418014526,8388608.0
b_kohakufa_fp16,19350,0.0021748458966612816,0.030605297535657883,8388608.0
b_kohakufa_fp16,19400,0.0020670858211815357,0.022262200713157654,8388608.0
b_kohakufa_fp16,19450,0.0014909310266375542,0.039543718099594116,8388608.0
b_kohakufa_fp16,19500,0.0016996059566736221,0.0218400526791811,8388608.0
b_kohakufa_fp16,19550,0.0016801613382995129,0.058730654418468475,8388608.0
b_kohakufa_fp16,19600,0.002083148341625929,0.04931734874844551,8388608.0
b_kohakufa_fp16,19650,0.0021982709877192974,0.021745551377534866,8388608.0
b_kohakufa_fp16,19700,0.0023089218884706497,0.027811778709292412,8388608.0
b_kohakufa_fp16,19750,0.0012558744056150317,0.0632566586136818,8388608.0
b_kohakufa_fp16,19800,0.002043212531134486,0.033725570887327194,8388608.0
b_kohakufa_fp16,19850,0.0016965919639915228,0.0267195962369442,8388608.0
b_kohakufa_fp16,19900,0.001942717470228672,0.021120747551321983,8388608.0
b_kohakufa_fp16,19950,0.0016273901565000415,0.036143116652965546,8388608.0
b_kohakufa_fp16,20000,0.0016758714336901903,0.016441969200968742,8388608.0
l_cudnn_bf16,50,1.4920575618743896,0.2001754492521286,1.0
l_cudnn_bf16,100,0.7308197021484375,0.5017082691192627,1.0
l_cudnn_bf16,150,0.37183865904808044,0.17785656452178955,1.0
l_cudnn_bf16,200,0.30819499492645264,0.2889705002307892,1.0
l_cudnn_bf16,250,0.24118071794509888,0.5093831419944763,1.0
l_cudnn_bf16,300,0.17004868388175964,0.4604294002056122,1.0
l_cudnn_bf16,350,0.15030471980571747,0.2863902747631073,1.0
l_cudnn_bf16,400,0.10922863334417343,0.25972938537597656,1.0
l_cudnn_bf16,450,0.11295422166585922,0.2145794928073883,1.0
l_cudnn_bf16,500,0.08953776210546494,0.19039106369018555,1.0
l_cudnn_bf16,550,0.11903371661901474,0.4019169509410858,1.0
l_cudnn_bf16,600,0.08762296289205551,0.21827594935894012,1.0
l_cudnn_bf16,650,0.08688096702098846,0.4872756004333496,1.0
l_cudnn_bf16,700,0.07831625640392303,0.17382149398326874,1.0
l_cudnn_bf16,750,0.05151187628507614,0.16316913068294525,1.0
l_cudnn_bf16,800,0.04789429157972336,0.19638536870479584,1.0
l_cudnn_bf16,850,0.06825447082519531,0.23553737998008728,1.0
l_cudnn_bf16,900,0.05732216686010361,0.15981489419937134,1.0
l_cudnn_bf16,950,0.06370341777801514,0.09488385915756226,1.0
l_cudnn_bf16,1000,0.05592866986989975,0.27204272150993347,1.0
l_cudnn_bf16,1050,0.05591517686843872,0.1397472620010376,1.0
l_cudnn_bf16,1100,0.05007391422986984,0.19660988450050354,1.0
l_cudnn_bf16,1150,0.05228760093450546,0.18841540813446045,1.0
l_cudnn_bf16,1200,0.04292666167020798,0.13058853149414062,1.0
l_cudnn_bf16,1250,0.04421506077051163,0.12205979228019714,1.0
l_cudnn_bf16,1300,0.04211049526929855,0.1390683352947235,1.0
l_cudnn_bf16,1350,0.04544341564178467,0.1479591280221939,1.0
l_cudnn_bf16,1400,0.029933756217360497,0.1542062610387802,1.0
l_cudnn_bf16,1450,0.02833215519785881,0.0835360735654831,1.0
l_cudnn_bf16,1500,0.03962143510580063,0.1378600299358368,1.0
l_cudnn_bf16,1550,0.04511304944753647,0.13376273214817047,1.0
l_cudnn_bf16,1600,0.032385680824518204,0.18173591792583466,1.0
l_cudnn_bf16,1650,0.021156977862119675,0.23440714180469513,1.0
l_cudnn_bf16,1700,0.031408555805683136,0.17574365437030792,1.0
l_cudnn_bf16,1750,0.025080740451812744,0.19756172597408295,1.0
l_cudnn_bf16,1800,0.014596494846045971,0.14078882336616516,1.0
l_cudnn_bf16,1850,0.033146314322948456,0.3028317093849182,1.0
l_cudnn_bf16,1900,0.01956881955265999,0.08768417686223984,1.0
l_cudnn_bf16,1950,0.017298169434070587,0.1706143617630005,1.0
l_cudnn_bf16,2000,0.023994198068976402,0.06371879577636719,1.0
l_cudnn_bf16,2050,0.030528193339705467,0.29397648572921753,1.0
l_cudnn_bf16,2100,0.017984766513109207,0.09401669353246689,1.0
l_cudnn_bf16,2150,0.02005133405327797,0.10916421562433243,1.0
l_cudnn_bf16,2200,0.02450682781636715,0.168777734041214,1.0
l_cudnn_bf16,2250,0.014516560360789299,0.209005668759346,1.0
l_cudnn_bf16,2300,0.017552413046360016,0.1224401518702507,1.0
l_cudnn_bf16,2350,0.017809122800827026,0.12269219756126404,1.0
l_cudnn_bf16,2400,0.014939917251467705,0.13244757056236267,1.0
l_cudnn_bf16,2450,0.022626375779509544,0.11598694324493408,1.0
l_cudnn_bf16,2500,0.01563170924782753,0.17586907744407654,1.0
l_cudnn_bf16,2550,0.019105587154626846,0.11811825633049011,1.0
l_cudnn_bf16,2600,0.015225149691104889,0.14513204991817474,1.0
l_cudnn_bf16,2650,0.011755023151636124,0.1184418573975563,1.0
l_cudnn_bf16,2700,0.011588608846068382,0.12488866597414017,1.0
l_cudnn_bf16,2750,0.012553375214338303,0.06594695895910263,1.0
l_cudnn_bf16,2800,0.013683728873729706,0.08031386882066727,1.0
l_cudnn_bf16,2850,0.013790960423648357,0.23024214804172516,1.0
l_cudnn_bf16,2900,0.018479324877262115,0.10070827603340149,1.0
l_cudnn_bf16,2950,0.012454060837626457,0.11175679415464401,1.0
l_cudnn_bf16,3000,0.00912884809076786,0.1342175155878067,1.0
l_cudnn_bf16,3050,0.012905131094157696,0.09268888086080551,1.0
l_cudnn_bf16,3100,0.012263212352991104,0.11745713651180267,1.0
l_cudnn_bf16,3150,0.010267030447721481,0.061897750943899155,1.0
l_cudnn_bf16,3200,0.013564623892307281,0.08220358192920685,1.0
l_cudnn_bf16,3250,0.00775394169613719,0.119294673204422,1.0
l_cudnn_bf16,3300,0.00827767699956894,0.09928137809038162,1.0
l_cudnn_bf16,3350,0.0074801379814744,0.06021038070321083,1.0
l_cudnn_bf16,3400,0.011501334607601166,0.12111784517765045,1.0
l_cudnn_bf16,3450,0.006053733639419079,0.05845092982053757,1.0
l_cudnn_bf16,3500,0.009010790847241879,0.0801277756690979,1.0
l_cudnn_bf16,3550,0.012703612446784973,0.14874042570590973,1.0
l_cudnn_bf16,3600,0.010030088946223259,0.10955480486154556,1.0
l_cudnn_bf16,3650,0.011052864603698254,0.08731457591056824,1.0
l_cudnn_bf16,3700,0.00496326619759202,0.05916563421487808,1.0
l_cudnn_bf16,3750,0.007558994926512241,0.15409506857395172,1.0
l_cudnn_bf16,3800,0.011528107337653637,0.10258521139621735,1.0
l_cudnn_bf16,3850,0.012126020155847073,0.12827913463115692,1.0
l_cudnn_bf16,3900,0.008773565292358398,0.127727672457695,1.0
l_cudnn_bf16,3950,0.0054330285638570786,0.07622971385717392,1.0
l_cudnn_bf16,4000,0.008858021348714828,0.09206125140190125,1.0
l_cudnn_bf16,4050,0.006032225675880909,0.059294361621141434,1.0
l_cudnn_bf16,4100,0.012751519680023193,0.12961778044700623,1.0
l_cudnn_bf16,4150,0.010580934584140778,0.08136270195245743,1.0
l_cudnn_bf16,4200,0.007005005143582821,0.060311976820230484,1.0
l_cudnn_bf16,4250,0.00632816506549716,0.053290512412786484,1.0
l_cudnn_bf16,4300,0.006810296326875687,0.07963376492261887,1.0
l_cudnn_bf16,4350,0.008182546123862267,0.0998937338590622,1.0
l_cudnn_bf16,4400,0.005401734262704849,0.02741267718374729,1.0
l_cudnn_bf16,4450,0.007338940165936947,0.050249602645635605,1.0
l_cudnn_bf16,4500,0.006830928381532431,0.05122923478484154,1.0
l_cudnn_bf16,4550,0.012375963851809502,0.06070993095636368,1.0
l_cudnn_bf16,4600,0.005056537222117186,0.06347329169511795,1.0
l_cudnn_bf16,4650,0.007157366722822189,0.05230020731687546,1.0
l_cudnn_bf16,4700,0.010193269699811935,0.06929557770490646,1.0
l_cudnn_bf16,4750,0.007421210408210754,0.06703861802816391,1.0
l_cudnn_bf16,4800,0.011257445439696312,0.06248162314295769,1.0
l_cudnn_bf16,4850,0.008344994857907295,0.049726493656635284,1.0
l_cudnn_bf16,4900,0.006384030915796757,0.05304840952157974,1.0
l_cudnn_bf16,4950,0.0060715144500136375,0.05024499446153641,1.0
l_cudnn_bf16,5000,0.00660836324095726,0.0749133825302124,1.0
l_cudnn_bf16,5050,0.003523814957588911,0.07834422588348389,1.0
l_cudnn_bf16,5100,0.010074310004711151,0.054296378046274185,1.0
l_cudnn_bf16,5150,0.005902342032641172,0.0641687661409378,1.0
l_cudnn_bf16,5200,0.005457030143588781,0.054898951202631,1.0
l_cudnn_bf16,5250,0.009853417053818703,0.14305274188518524,1.0
l_cudnn_bf16,5300,0.006393364630639553,0.03923015296459198,1.0
l_cudnn_bf16,5350,0.004438293166458607,0.02659965306520462,1.0
l_cudnn_bf16,5400,0.006359013728797436,0.054186854511499405,1.0
l_cudnn_bf16,5450,0.007152236066758633,0.06594779342412949,1.0
l_cudnn_bf16,5500,0.004967018961906433,0.055527377873659134,1.0
l_cudnn_bf16,5550,0.004970800131559372,0.04617251455783844,1.0
l_cudnn_bf16,5600,0.005972811486572027,0.09405665844678879,1.0
l_cudnn_bf16,5650,0.005494866520166397,0.04705888405442238,1.0
l_cudnn_bf16,5700,0.0049998085014522076,0.03718630596995354,1.0
l_cudnn_bf16,5750,0.004389408975839615,0.052784837782382965,1.0
l_cudnn_bf16,5800,0.005417750217020512,0.06287357956171036,1.0
l_cudnn_bf16,5850,0.004759062081575394,0.04916105791926384,1.0
l_cudnn_bf16,5900,0.005224278196692467,0.06755462288856506,1.0
l_cudnn_bf16,5950,0.005613887216895819,0.08200588822364807,1.0
l_cudnn_bf16,6000,0.0037103816866874695,0.10308481752872467,1.0
l_cudnn_bf16,6050,0.004609204363077879,0.03848830610513687,1.0
l_cudnn_bf16,6100,0.005819921847432852,0.07754092663526535,1.0
l_cudnn_bf16,6150,0.006275170482695103,0.06380398571491241,1.0
l_cudnn_bf16,6200,0.0038734390400350094,0.04448898881673813,1.0
l_cudnn_bf16,6250,0.0049321032129228115,0.0444100983440876,1.0
l_cudnn_bf16,6300,0.0043833935633301735,0.051082711666822433,1.0
l_cudnn_bf16,6350,0.004545507021248341,0.08824833482503891,1.0
l_cudnn_bf16,6400,0.004530653357505798,0.055393435060977936,1.0
l_cudnn_bf16,6450,0.0052145905792713165,0.08242558687925339,1.0
l_cudnn_bf16,6500,0.00600992888212204,0.054090484976768494,1.0
l_cudnn_bf16,6550,0.0029726780485361814,0.042950261384248734,1.0
l_cudnn_bf16,6600,0.0033791426103562117,0.035235967487096786,1.0
l_cudnn_bf16,6650,0.0034612505696713924,0.0763680562376976,1.0
l_cudnn_bf16,6700,0.004582330118864775,0.061868444085121155,1.0
l_cudnn_bf16,6750,0.005025508813560009,0.12432347238063812,1.0
l_cudnn_bf16,6800,0.004662787541747093,0.03727098926901817,1.0
l_cudnn_bf16,6850,0.006109375506639481,0.08001305162906647,1.0
l_cudnn_bf16,6900,0.003941436763852835,0.0808412954211235,1.0
l_cudnn_bf16,6950,0.0038833394646644592,0.047272566705942154,1.0
l_cudnn_bf16,7000,0.0025347319897264242,0.03692799434065819,1.0
l_cudnn_bf16,7050,0.004495276138186455,0.046605441719293594,1.0
l_cudnn_bf16,7100,0.004538357723504305,0.04864226281642914,1.0
l_cudnn_bf16,7150,0.003562952158972621,0.057967398315668106,1.0
l_cudnn_bf16,7200,0.0037324277218431234,0.0239728931337595,1.0
l_cudnn_bf16,7250,0.0037985406816005707,0.06255804747343063,1.0
l_cudnn_bf16,7300,0.0032228808850049973,0.043465547263622284,1.0
l_cudnn_bf16,7350,0.005832708440721035,0.05679354444146156,1.0
l_cudnn_bf16,7400,0.004810084588825703,0.05388905853033066,1.0
l_cudnn_bf16,7450,0.0037218851502984762,0.03905032202601433,1.0
l_cudnn_bf16,7500,0.0023755854927003384,0.05926664173603058,1.0
l_cudnn_bf16,7550,0.0045390138402581215,0.04469960182905197,1.0
l_cudnn_bf16,7600,0.0029850443825125694,0.043249472975730896,1.0
l_cudnn_bf16,7650,0.003528983099386096,0.059129826724529266,1.0
l_cudnn_bf16,7700,0.003932606428861618,0.041605349630117416,1.0
l_cudnn_bf16,7750,0.003792558563873172,0.03532714769244194,1.0
l_cudnn_bf16,7800,0.003529804525896907,0.06759167462587357,1.0
l_cudnn_bf16,7850,0.00521449139341712,0.04978155717253685,1.0
l_cudnn_bf16,7900,0.004230322781950235,0.09703873842954636,1.0
l_cudnn_bf16,7950,0.00354005116969347,0.028708169236779213,1.0
l_cudnn_bf16,8000,0.0013845268404111266,0.02673654444515705,1.0
l_cudnn_bf16,8050,0.0031948769465088844,0.08423584699630737,1.0
l_cudnn_bf16,8100,0.002878017257899046,0.032226599752902985,1.0
l_cudnn_bf16,8150,0.0036060246638953686,0.09260305762290955,1.0
l_cudnn_bf16,8200,0.003357598092406988,0.03253379091620445,1.0
l_cudnn_bf16,8250,0.0042058746330440044,0.05621529743075371,1.0
l_cudnn_bf16,8300,0.0033335480839014053,0.04761851951479912,1.0
l_cudnn_bf16,8350,0.003029370680451393,0.05592645704746246,1.0
l_cudnn_bf16,8400,0.003879354801028967,0.031006239354610443,1.0
l_cudnn_bf16,8450,0.0027900103013962507,0.03423019126057625,1.0
l_cudnn_bf16,8500,0.004659735597670078,0.0506812147796154,1.0
l_cudnn_bf16,8550,0.0026062484830617905,0.054488565772771835,1.0
l_cudnn_bf16,8600,0.00377478776499629,0.02762695588171482,1.0
l_cudnn_bf16,8650,0.00342869246378541,0.0686950534582138,1.0
l_cudnn_bf16,8700,0.005369143560528755,0.05809321627020836,1.0
l_cudnn_bf16,8750,0.004703417420387268,0.06993094086647034,1.0
l_cudnn_bf16,8800,0.0028771068900823593,0.051288530230522156,1.0
l_cudnn_bf16,8850,0.003269398584961891,0.05686591938138008,1.0
l_cudnn_bf16,8900,0.002249489538371563,0.027849730104207993,1.0
l_cudnn_bf16,8950,0.0024826107546687126,0.03882531821727753,1.0
l_cudnn_bf16,9000,0.0036709154956042767,0.05390893667936325,1.0
l_cudnn_bf16,9050,0.00334458751603961,0.028942566365003586,1.0
l_cudnn_bf16,9100,0.003967111464589834,0.02782285027205944,1.0
l_cudnn_bf16,9150,0.004070371389389038,0.03938814997673035,1.0
l_cudnn_bf16,9200,0.004651626106351614,0.03835195675492287,1.0
l_cudnn_bf16,9250,0.0022812052629888058,0.04398731514811516,1.0
l_cudnn_bf16,9300,0.003342862706631422,0.054137736558914185,1.0
l_cudnn_bf16,9350,0.0033085073810070753,0.033257536590099335,1.0
l_cudnn_bf16,9400,0.0030431943014264107,0.04471497982740402,1.0
l_cudnn_bf16,9450,0.0027440539561212063,0.033791106194257736,1.0
l_cudnn_bf16,9500,0.004438760224729776,0.1062975823879242,1.0
l_cudnn_bf16,9550,0.0033914754167199135,0.021557122468948364,1.0
l_cudnn_bf16,9600,0.0030576009303331375,0.02357582002878189,1.0
l_cudnn_bf16,9650,0.0017599044367671013,0.030035557225346565,1.0
l_cudnn_bf16,9700,0.002829974517226219,0.05287350341677666,1.0
l_cudnn_bf16,9750,0.004053681623190641,0.05636646971106529,1.0
l_cudnn_bf16,9800,0.002223067916929722,0.04980139061808586,1.0
l_cudnn_bf16,9850,0.0032131890766322613,0.052445147186517715,1.0
l_cudnn_bf16,9900,0.002244248753413558,0.044001899659633636,1.0
l_cudnn_bf16,9950,0.0025788743514567614,0.030594050884246826,1.0
l_cudnn_bf16,10000,0.003740096464753151,0.05319998785853386,1.0
l_cudnn_bf16,10050,0.0017210313817486167,0.033517178148031235,1.0
l_cudnn_bf16,10100,0.0026619562413543463,0.034795235842466354,1.0
l_cudnn_bf16,10150,0.003170214593410492,0.06913383305072784,1.0
l_cudnn_bf16,10200,0.0032334481365978718,0.03319992125034332,1.0
l_cudnn_bf16,10250,0.0029328397940844297,0.03609767556190491,1.0
l_cudnn_bf16,10300,0.0046030436642467976,0.09319709986448288,1.0
l_cudnn_bf16,10350,0.003699903842061758,0.0454888753592968,1.0
l_cudnn_bf16,10400,0.004462498240172863,0.054337553679943085,1.0
l_cudnn_bf16,10450,0.002861965214833617,0.028713328763842583,1.0
l_cudnn_bf16,10500,0.001694049104116857,0.02191157266497612,1.0
l_cudnn_bf16,10550,0.0022337003611028194,0.0339680053293705,1.0
l_cudnn_bf16,10600,0.0028030388057231903,0.029427312314510345,1.0
l_cudnn_bf16,10650,0.001930168829858303,0.03566136956214905,1.0
l_cudnn_bf16,10700,0.0023240044247359037,0.029498647898435593,1.0
l_cudnn_bf16,10750,0.002360271755605936,0.033707503229379654,1.0
l_cudnn_bf16,10800,0.0032080363016575575,0.0628124475479126,1.0
l_cudnn_bf16,10850,0.0029676619451493025,0.059174150228500366,1.0
l_cudnn_bf16,10900,0.0023241438902914524,0.026077691465616226,1.0
l_cudnn_bf16,10950,0.001462174579501152,0.02540043741464615,1.0
l_cudnn_bf16,11000,0.0026149973273277283,0.025804366916418076,1.0
l_cudnn_bf16,11050,0.0030595529824495316,0.033541467040777206,1.0
l_cudnn_bf16,11100,0.002186289057135582,0.09708694368600845,1.0
l_cudnn_bf16,11150,0.0019038452301174402,0.02161741629242897,1.0
l_cudnn_bf16,11200,0.0017342185601592064,0.02770576998591423,1.0
l_cudnn_bf16,11250,0.001746639609336853,0.023689068853855133,1.0
l_cudnn_bf16,11300,0.0020798053592443466,0.040942251682281494,1.0
l_cudnn_bf16,11350,0.0035359058529138565,0.05345486104488373,1.0
l_cudnn_bf16,11400,0.0017065921565517783,0.017515728250145912,1.0
l_cudnn_bf16,11450,0.0026655616238713264,0.020738355815410614,1.0
l_cudnn_bf16,11500,0.00311394315212965,0.05060999467968941,1.0
l_cudnn_bf16,11550,0.0029804324731230736,0.07306937128305435,1.0
l_cudnn_bf16,11600,0.0015146683435887098,0.027982601895928383,1.0
l_cudnn_bf16,11650,0.0018858553376048803,0.04288015514612198,1.0
l_cudnn_bf16,11700,0.002415773458778858,0.0292341485619545,1.0
l_cudnn_bf16,11750,0.0021788340527564287,0.058230288326740265,1.0
l_cudnn_bf16,11800,0.002108614658936858,0.032433636486530304,1.0
l_cudnn_bf16,11850,0.0024683980736881495,0.029358267784118652,1.0
l_cudnn_bf16,11900,0.003218110417947173,0.03637375310063362,1.0
l_cudnn_bf16,11950,0.0018255750183016062,0.03679760545492172,1.0
l_cudnn_bf16,12000,0.001445435336790979,0.04422767460346222,1.0
l_cudnn_bf16,12050,0.0026495736092329025,0.06429388374090195,1.0
l_cudnn_bf16,12100,0.0013665513833984733,0.03849969059228897,1.0
l_cudnn_bf16,12150,0.0027716332115232944,0.029100345447659492,1.0
l_cudnn_bf16,12200,0.0031748018227517605,0.03646909072995186,1.0
l_cudnn_bf16,12250,0.0016336062690243125,0.038151346147060394,1.0
l_cudnn_bf16,12300,0.0025608851574361324,0.06592456996440887,1.0
l_cudnn_bf16,12350,0.0013071305584162474,0.046419937163591385,1.0
l_cudnn_bf16,12400,0.0024133564438670874,0.040480226278305054,1.0
l_cudnn_bf16,12450,0.0026750070974230766,0.03265802562236786,1.0
l_cudnn_bf16,12500,0.00146259437315166,0.033720165491104126,1.0
l_cudnn_bf16,12550,0.0028582816012203693,0.024549836292862892,1.0
l_cudnn_bf16,12600,0.001712597906589508,0.0302920900285244,1.0
l_cudnn_bf16,12650,0.0014858553186058998,0.017574971541762352,1.0
l_cudnn_bf16,12700,0.0021058907732367516,0.02186441980302334,1.0
l_cudnn_bf16,12750,0.002058597980067134,0.0415361188352108,1.0
l_cudnn_bf16,12800,0.002070076297968626,0.03796474263072014,1.0
l_cudnn_bf16,12850,0.001472771167755127,0.031718868762254715,1.0
l_cudnn_bf16,12900,0.0025035447906702757,0.02301616035401821,1.0
l_cudnn_bf16,12950,0.0029476075433194637,0.05638812482357025,1.0
l_cudnn_bf16,13000,0.002328421687707305,0.03561408817768097,1.0
l_cudnn_bf16,13050,0.0023618913255631924,0.018855808302760124,1.0
l_cudnn_bf16,13100,0.002354726195335388,0.05045999586582184,1.0
l_cudnn_bf16,13150,0.001717883162200451,0.026054389774799347,1.0
l_cudnn_bf16,13200,0.0012103102635592222,0.01424931176006794,1.0
l_cudnn_bf16,13250,0.0013062730431556702,0.03654078021645546,1.0
l_cudnn_bf16,13300,0.0015405415324494243,0.021166663616895676,1.0
l_cudnn_bf16,13350,0.0019601432140916586,0.030921703204512596,1.0
l_cudnn_bf16,13400,0.002377706114202738,0.04311401769518852,1.0
l_cudnn_bf16,13450,0.0015581543557345867,0.039340924471616745,1.0
l_cudnn_bf16,13500,0.0018462248845025897,0.023605985566973686,1.0
l_cudnn_bf16,13550,0.0016242725541815162,0.04888555780053139,1.0
l_cudnn_bf16,13600,0.0020867157727479935,0.08166175335645676,1.0
l_cudnn_bf16,13650,0.0023448229767382145,0.027571851387619972,1.0
l_cudnn_bf16,13700,0.001496958895586431,0.0206766314804554,1.0
l_cudnn_bf16,13750,0.002156562637537718,0.043141283094882965,1.0
l_cudnn_bf16,13800,0.0010691032512113452,0.02257373183965683,1.0
l_cudnn_bf16,13850,0.0013447541277855635,0.02200540155172348,1.0
l_cudnn_bf16,13900,0.0015615392476320267,0.015790842473506927,1.0
l_cudnn_bf16,13950,0.0012746462598443031,0.02340678684413433,1.0
l_cudnn_bf16,14000,0.001633715583011508,0.036813728511333466,1.0
l_cudnn_bf16,14050,0.002121577737852931,0.04486885666847229,1.0
l_cudnn_bf16,14100,0.0016851774416863918,0.05304405093193054,1.0
l_cudnn_bf16,14150,0.0018844509031623602,0.016706043854355812,1.0
l_cudnn_bf16,14200,0.0018311131279915571,0.029435977339744568,1.0
l_cudnn_bf16,14250,0.001727467286400497,0.02726800926029682,1.0
l_cudnn_bf16,14300,0.0026760301552712917,0.040102310478687286,1.0
l_cudnn_bf16,14350,0.0019248826429247856,0.03319059684872627,1.0
l_cudnn_bf16,14400,0.0021781804971396923,0.022862551733851433,1.0
l_cudnn_bf16,14450,0.0014112208737060428,0.025441287085413933,1.0
l_cudnn_bf16,14500,0.002895609475672245,0.0435534343123436,1.0
l_cudnn_bf16,14550,0.0023866682313382626,0.0301784910261631,1.0
l_cudnn_bf16,14600,0.0014294758439064026,0.031143533065915108,1.0
l_cudnn_bf16,14650,0.0024581272155046463,0.016603879630565643,1.0
l_cudnn_bf16,14700,0.0009482914465479553,0.040431175380945206,1.0
l_cudnn_bf16,14750,0.002242190297693014,0.021167682483792305,1.0
l_cudnn_bf16,14800,0.0017057613003998995,0.03705073893070221,1.0
l_cudnn_bf16,14850,0.0017078024102374911,0.04911242052912712,1.0
l_cudnn_bf16,14900,0.001393853104673326,0.023861216381192207,1.0
l_cudnn_bf16,14950,0.00100674235727638,0.016934527084231377,1.0
l_cudnn_bf16,15000,0.001406311523169279,0.030287643894553185,1.0
l_cudnn_bf16,15050,0.0017953692004084587,0.03358693793416023,1.0
l_cudnn_bf16,15100,0.001941231545060873,0.02146788500249386,1.0
l_cudnn_bf16,15150,0.0013156123459339142,0.015177196823060513,1.0
l_cudnn_bf16,15200,0.0011959453113377094,0.013413254171609879,1.0
l_cudnn_bf16,15250,0.0014173269737511873,0.03291415423154831,1.0
l_cudnn_bf16,15300,0.0012550646206364036,0.030831027776002884,1.0
l_cudnn_bf16,15350,0.0016203904524445534,0.01952272839844227,1.0
l_cudnn_bf16,15400,0.001313499640673399,0.014052043668925762,1.0
l_cudnn_bf16,15450,0.0017057543154805899,0.02130400761961937,1.0
l_cudnn_bf16,15500,0.0016038434114307165,0.06496656686067581,1.0
l_cudnn_bf16,15550,0.001538195414468646,0.022757109254598618,1.0
l_cudnn_bf16,15600,0.001754913479089737,0.02094871737062931,1.0
l_cudnn_bf16,15650,0.001982638146728277,0.02044176682829857,1.0
l_cudnn_bf16,15700,0.0011175306281074882,0.03062758594751358,1.0
l_cudnn_bf16,15750,0.0013715135864913464,0.024462897330522537,1.0
l_cudnn_bf16,15800,0.0015831420896574855,0.053749144077301025,1.0
l_cudnn_bf16,15850,0.0008851978927850723,0.016203822568058968,1.0
l_cudnn_bf16,15900,0.0016818296862766147,0.02641138806939125,1.0
l_cudnn_bf16,15950,0.0014184558531269431,0.05257842317223549,1.0
l_cudnn_bf16,16000,0.001629222184419632,0.023515885695815086,1.0
l_cudnn_bf16,16050,0.0019459020113572478,0.023239586502313614,1.0
l_cudnn_bf16,16100,0.0011418357025831938,0.022493671625852585,1.0
l_cudnn_bf16,16150,0.00145615020301193,0.016561925411224365,1.0
l_cudnn_bf16,16200,0.0014073329512029886,0.047726936638355255,1.0
l_cudnn_bf16,16250,0.001943635055795312,0.031785864382982254,1.0
l_cudnn_bf16,16300,0.001178682199679315,0.017038216814398766,1.0
l_cudnn_bf16,16350,0.0010033408179879189,0.030834583565592766,1.0
l_cudnn_bf16,16400,0.0013955426402390003,0.032175462692976,1.0
l_cudnn_bf16,16450,0.000758808571845293,0.012998990714550018,1.0
l_cudnn_bf16,16500,0.0009120732429437339,0.02182110771536827,1.0
l_cudnn_bf16,16550,0.0013767051277682185,0.027483919635415077,1.0
l_cudnn_bf16,16600,0.0014930780744180083,0.021655967459082603,1.0
l_cudnn_bf16,16650,0.0010198426898568869,0.017167506739497185,1.0
l_cudnn_bf16,16700,0.0016242596320807934,0.026039857417345047,1.0
l_cudnn_bf16,16750,0.0016966238617897034,0.02174965851008892,1.0
l_cudnn_bf16,16800,0.0008327896939590573,0.01129218004643917,1.0
l_cudnn_bf16,16850,0.0016216787043958902,0.026204602792859077,1.0
l_cudnn_bf16,16900,0.0015746594872325659,0.05030155926942825,1.0
l_cudnn_bf16,16950,0.0013041900238022208,0.03188115730881691,1.0
l_cudnn_bf16,17000,0.0015877827536314726,0.019949259236454964,1.0
l_cudnn_bf16,17050,0.0011846283450722694,0.02402915619313717,1.0
l_cudnn_bf16,17100,0.0006303603877313435,0.024165941402316093,1.0
l_cudnn_bf16,17150,0.0018348991870880127,0.08006207644939423,1.0
l_cudnn_bf16,17200,0.0013824354391545057,0.016804181039333344,1.0
l_cudnn_bf16,17250,0.0013241649139672518,0.027536116540431976,1.0
l_cudnn_bf16,17300,0.0014728454407304525,0.0364648699760437,1.0
l_cudnn_bf16,17350,0.0012622151989489794,0.02528325654566288,1.0
l_cudnn_bf16,17400,0.0014903179835528135,0.028930995613336563,1.0
l_cudnn_bf16,17450,0.0015668527921661735,0.015662439167499542,1.0
l_cudnn_bf16,17500,0.0010179129894822836,0.027000954374670982,1.0
l_cudnn_bf16,17550,0.001451633288525045,0.021256394684314728,1.0
l_cudnn_bf16,17600,0.0015917167766019702,0.029511280357837677,1.0
l_cudnn_bf16,17650,0.0012352126650512218,0.028562147170305252,1.0
l_cudnn_bf16,17700,0.0012498219730332494,0.015955494716763496,1.0
l_cudnn_bf16,17750,0.0012698377249762416,0.018566396087408066,1.0
l_cudnn_bf16,17800,0.001245191553607583,0.013885472901165485,1.0
l_cudnn_bf16,17850,0.0009589616092853248,0.018487565219402313,1.0
l_cudnn_bf16,17900,0.0009965081699192524,0.031825169920921326,1.0
l_cudnn_bf16,17950,0.0013890470145270228,0.01567830890417099,1.0
l_cudnn_bf16,18000,0.0012157715391367674,0.015279590152204037,1.0
l_cudnn_bf16,18050,0.001849218038842082,0.03121284767985344,1.0
l_cudnn_bf16,18100,0.0011451280442997813,0.019070927053689957,1.0
l_cudnn_bf16,18150,0.001376371132209897,0.014874243177473545,1.0
l_cudnn_bf16,18200,0.0012391896452754736,0.029021350666880608,1.0
l_cudnn_bf16,18250,0.0010390420211479068,0.015684572979807854,1.0
l_cudnn_bf16,18300,0.001295443857088685,0.015128446742892265,1.0
l_cudnn_bf16,18350,0.0011874354677274823,0.016421088948845863,1.0
l_cudnn_bf16,18400,0.0007942260126583278,0.02527155913412571,1.0
l_cudnn_bf16,18450,0.0016173850744962692,0.013380037620663643,1.0
l_cudnn_bf16,18500,0.0011138151166960597,0.03827836737036705,1.0
l_cudnn_bf16,18550,0.0010654246434569359,0.01901337504386902,1.0
l_cudnn_bf16,18600,0.0020009689033031464,0.045724522322416306,1.0
l_cudnn_bf16,18650,0.0008342870860360563,0.016459332779049873,1.0
l_cudnn_bf16,18700,0.001223227009177208,0.016548946499824524,1.0
l_cudnn_bf16,18750,0.001015011454001069,0.013662400655448437,1.0
l_cudnn_bf16,18800,0.001069652265869081,0.014567013829946518,1.0
l_cudnn_bf16,18850,0.0008028182201087475,0.01011403277516365,1.0
l_cudnn_bf16,18900,0.0011038249358534813,0.02501664310693741,1.0
l_cudnn_bf16,18950,0.0008852747268974781,0.013394846580922604,1.0
l_cudnn_bf16,19000,0.001652211183682084,0.02052236534655094,1.0
l_cudnn_bf16,19050,0.0010115774348378181,0.01918734237551689,1.0
l_cudnn_bf16,19100,0.0012762757251039147,0.03024876117706299,1.0
l_cudnn_bf16,19150,0.0009307076106779277,0.012062499299645424,1.0
l_cudnn_bf16,19200,0.0012340585235506296,0.012968168593943119,1.0
l_cudnn_bf16,19250,0.0011161599541082978,0.019108500331640244,1.0
l_cudnn_bf16,19300,0.0009604014339856803,0.0244376752525568,1.0
l_cudnn_bf16,19350,0.0013301344588398933,0.015989521518349648,1.0
l_cudnn_bf16,19400,0.001180879189632833,0.009873494505882263,1.0
l_cudnn_bf16,19450,0.0008397906785830855,0.01803446002304554,1.0
l_cudnn_bf16,19500,0.0010269240010529757,0.021704474464058876,1.0
l_cudnn_bf16,19550,0.0009361166739836335,0.01767786033451557,1.0
l_cudnn_bf16,19600,0.001252282876521349,0.03598082810640335,1.0
l_cudnn_bf16,19650,0.0012593809515237808,0.016620313748717308,1.0
l_cudnn_bf16,19700,0.0014077163068577647,0.022790826857089996,1.0
l_cudnn_bf16,19750,0.001235826755873859,0.04755834862589836,1.0
l_cudnn_bf16,19800,0.0010207539889961481,0.015435480512678623,1.0
l_cudnn_bf16,19850,0.0009446364711038768,0.020606698468327522,1.0
l_cudnn_bf16,19900,0.00107752182520926,0.015224384143948555,1.0
l_cudnn_bf16,19950,0.0009657462942413986,0.01957535371184349,1.0
l_cudnn_bf16,20000,0.0009727698634378612,0.019643131643533707,1.0
l_cudnn_fp16,50,1.4920547008514404,0.20228825509548187,65536.0
l_cudnn_fp16,100,0.73043292760849,0.516656756401062,65536.0
l_cudnn_fp16,150,0.3729028105735779,0.26087820529937744,65536.0
l_cudnn_fp16,200,0.30767685174942017,0.2738267481327057,65536.0
l_cudnn_fp16,250,0.24232691526412964,0.43191421031951904,65536.0
l_cudnn_fp16,300,0.16454964876174927,0.6270206570625305,65536.0
l_cudnn_fp16,350,0.1494983285665512,0.28226134181022644,65536.0
l_cudnn_fp16,400,0.1067415326833725,0.20728683471679688,65536.0
l_cudnn_fp16,450,0.11332317441701889,0.25392067432403564,65536.0
l_cudnn_fp16,500,0.088968925178051,0.1949339658021927,65536.0
l_cudnn_fp16,550,0.11815120279788971,0.41418617963790894,65536.0
l_cudnn_fp16,600,0.08835834264755249,0.21575959026813507,65536.0
l_cudnn_fp16,650,0.08544167131185532,0.3072355389595032,65536.0
l_cudnn_fp16,700,0.08405941724777222,0.4619271159172058,65536.0
l_cudnn_fp16,750,0.05293693393468857,0.16576984524726868,65536.0
l_cudnn_fp16,800,0.04988446831703186,0.2419823557138443,65536.0
l_cudnn_fp16,850,0.06863611936569214,0.16919571161270142,65536.0
l_cudnn_fp16,900,0.059456199407577515,0.3127409815788269,65536.0
l_cudnn_fp16,950,0.06666873395442963,0.2805957794189453,65536.0
l_cudnn_fp16,1000,0.056482475250959396,0.31099775433540344,65536.0
l_cudnn_fp16,1050,0.059237878769636154,0.2334894835948944,65536.0
l_cudnn_fp16,1100,0.05200716108083725,0.16830888390541077,65536.0
l_cudnn_fp16,1150,0.05410256236791611,0.24464114010334015,65536.0
l_cudnn_fp16,1200,0.04384852200746536,0.14932844042778015,65536.0
l_cudnn_fp16,1250,0.045154914259910583,0.15904979407787323,65536.0
l_cudnn_fp16,1300,0.046936772763729095,0.3982619345188141,65536.0
l_cudnn_fp16,1350,0.04769587516784668,0.2583976089954376,65536.0
l_cudnn_fp16,1400,0.029973408207297325,0.12573707103729248,65536.0
l_cudnn_fp16,1450,0.029868386685848236,0.12857618927955627,65536.0
l_cudnn_fp16,1500,0.0404924713075161,0.1924901008605957,65536.0
l_cudnn_fp16,1550,0.045297931879758835,0.10744684189558029,65536.0
l_cudnn_fp16,1600,0.03264084458351135,0.16383036971092224,65536.0
l_cudnn_fp16,1650,0.01959737204015255,0.1610201597213745,65536.0
l_cudnn_fp16,1700,0.03060808777809143,0.1143980622291565,65536.0
l_cudnn_fp16,1750,0.026513945311307907,0.24876995384693146,65536.0
l_cudnn_fp16,1800,0.015209019184112549,0.15789173543453217,65536.0
l_cudnn_fp16,1850,0.030877357348799706,0.10871478170156479,65536.0
l_cudnn_fp16,1900,0.020034167915582657,0.1583927422761917,65536.0
l_cudnn_fp16,1950,0.0175509974360466,0.15888847410678864,65536.0
l_cudnn_fp16,2000,0.024689774960279465,0.13271383941173553,131072.0
l_cudnn_fp16,2050,0.026322832331061363,0.12110868841409683,131072.0
l_cudnn_fp16,2100,0.019304215908050537,0.2221280336380005,131072.0
l_cudnn_fp16,2150,0.020790666341781616,0.16990633308887482,131072.0
l_cudnn_fp16,2200,0.023816829547286034,0.10872167348861694,131072.0
l_cudnn_fp16,2250,0.013737994246184826,0.16929323971271515,131072.0
l_cudnn_fp16,2300,0.01727992668747902,0.1150764524936676,131072.0
l_cudnn_fp16,2350,0.018735183402895927,0.130574032664299,131072.0
l_cudnn_fp16,2400,0.013877714052796364,0.07768262922763824,131072.0
l_cudnn_fp16,2450,0.021787745878100395,0.08229772746562958,131072.0
l_cudnn_fp16,2500,0.015592346899211407,0.20219866931438446,131072.0
l_cudnn_fp16,2550,0.018652966246008873,0.1351265162229538,131072.0
l_cudnn_fp16,2600,0.015829697251319885,0.1827029138803482,131072.0
l_cudnn_fp16,2650,0.01171383447945118,0.13118547201156616,131072.0
l_cudnn_fp16,2700,0.011295223608613014,0.13260942697525024,131072.0
l_cudnn_fp16,2750,0.013035237789154053,0.15245988965034485,131072.0
l_cudnn_fp16,2800,0.013415513560175896,0.08178017288446426,131072.0
l_cudnn_fp16,2850,0.013256723061203957,0.22111734747886658,131072.0
l_cudnn_fp16,2900,0.01810353249311447,0.09349376708269119,131072.0
l_cudnn_fp16,2950,0.01258217915892601,0.0992487445473671,131072.0
l_cudnn_fp16,3000,0.007887276820838451,0.08070163428783417,131072.0
l_cudnn_fp16,3050,0.013434084132313728,0.1398228257894516,131072.0
l_cudnn_fp16,3100,0.011656398884952068,0.09254360944032669,131072.0
l_cudnn_fp16,3150,0.010463748127222061,0.08730175346136093,131072.0
l_cudnn_fp16,3200,0.013643831014633179,0.1124858483672142,131072.0
l_cudnn_fp16,3250,0.007113530300557613,0.07883812487125397,131072.0
l_cudnn_fp16,3300,0.007926320657134056,0.06756746023893356,131072.0
l_cudnn_fp16,3350,0.007535558193922043,0.08806419372558594,131072.0
l_cudnn_fp16,3400,0.010555102489888668,0.10280812531709671,131072.0
l_cudnn_fp16,3450,0.00611185422167182,0.08221656829118729,131072.0
l_cudnn_fp16,3500,0.008866536431014538,0.11180770397186279,131072.0
l_cudnn_fp16,3550,0.01621720939874649,0.35889536142349243,131072.0
l_cudnn_fp16,3600,0.009849983267486095,0.09813691675662994,131072.0
l_cudnn_fp16,3650,0.010814964771270752,0.07931140810251236,131072.0
l_cudnn_fp16,3700,0.004829921759665012,0.07150131464004517,131072.0
l_cudnn_fp16,3750,0.006627911236137152,0.09114579111337662,131072.0
l_cudnn_fp16,3800,0.010971426963806152,0.10127778351306915,131072.0
l_cudnn_fp16,3850,0.011643169447779655,0.13254588842391968,131072.0
l_cudnn_fp16,3900,0.008793596178293228,0.13667771220207214,131072.0
l_cudnn_fp16,3950,0.004961024038493633,0.04470862075686455,131072.0
l_cudnn_fp16,4000,0.00800875760614872,0.061945248395204544,262144.0
l_cudnn_fp16,4050,0.006113567855209112,0.08031091839075089,262144.0
l_cudnn_fp16,4100,0.011096104979515076,0.07550814002752304,262144.0
l_cudnn_fp16,4150,0.011079266667366028,0.10797005891799927,262144.0
l_cudnn_fp16,4200,0.006422204896807671,0.05591928958892822,262144.0
l_cudnn_fp16,4250,0.0067759063094854355,0.0940278172492981,262144.0
l_cudnn_fp16,4300,0.006862386129796505,0.08982159197330475,262144.0
l_cudnn_fp16,4350,0.007938515394926071,0.07274877279996872,262144.0
l_cudnn_fp16,4400,0.005374570842832327,0.037294644862413406,262144.0
l_cudnn_fp16,4450,0.007081400137394667,0.05044911801815033,262144.0
l_cudnn_fp16,4500,0.007165500428527594,0.11356482654809952,262144.0
l_cudnn_fp16,4550,0.011991250328719616,0.06976411491632462,262144.0
l_cudnn_fp16,4600,0.004755297210067511,0.06616953760385513,262144.0
l_cudnn_fp16,4650,0.007019534707069397,0.05858122184872627,262144.0
l_cudnn_fp16,4700,0.010004382580518723,0.082724928855896,262144.0
l_cudnn_fp16,4750,0.006920948158949614,0.039777643978595734,262144.0
l_cudnn_fp16,4800,0.011137856170535088,0.08560553193092346,262144.0
l_cudnn_fp16,4850,0.008176509290933609,0.05708540976047516,262144.0
l_cudnn_fp16,4900,0.006101503036916256,0.05744173005223274,262144.0
l_cudnn_fp16,4950,0.0058400072157382965,0.05263955891132355,262144.0
l_cudnn_fp16,5000,0.007202415727078915,0.10565658658742905,262144.0
l_cudnn_fp16,5050,0.0034185403492301702,0.06982188671827316,262144.0
l_cudnn_fp16,5100,0.009909472428262234,0.0691702738404274,262144.0
l_cudnn_fp16,5150,0.0055823433212935925,0.05394060164690018,262144.0
l_cudnn_fp16,5200,0.005254855379462242,0.06697258353233337,262144.0
l_cudnn_fp16,5250,0.010231997817754745,0.17725135385990143,262144.0
l_cudnn_fp16,5300,0.006539623253047466,0.05475236847996712,262144.0
l_cudnn_fp16,5350,0.004489347338676453,0.05057629942893982,262144.0
l_cudnn_fp16,5400,0.006091780494898558,0.0577487014234066,262144.0
l_cudnn_fp16,5450,0.007077490445226431,0.06900715082883835,262144.0
l_cudnn_fp16,5500,0.004974470939487219,0.06086301803588867,262144.0
l_cudnn_fp16,5550,0.004699099808931351,0.03306004777550697,262144.0
l_cudnn_fp16,5600,0.006345055531710386,0.10125850141048431,262144.0
l_cudnn_fp16,5650,0.005214979872107506,0.05742529407143593,262144.0
l_cudnn_fp16,5700,0.004803718999028206,0.058503832668066025,262144.0
l_cudnn_fp16,5750,0.004415246658027172,0.06248375028371811,262144.0
l_cudnn_fp16,5800,0.00538003770634532,0.06198353320360184,262144.0
l_cudnn_fp16,5850,0.004617673810571432,0.04377959668636322,262144.0
l_cudnn_fp16,5900,0.004676336422562599,0.055745258927345276,262144.0
l_cudnn_fp16,5950,0.00531507283449173,0.07547968626022339,262144.0
l_cudnn_fp16,6000,0.0035068872384727,0.09259745478630066,524288.0
l_cudnn_fp16,6050,0.004666471853852272,0.07786119729280472,524288.0
l_cudnn_fp16,6100,0.005404078867286444,0.05541033670306206,524288.0
l_cudnn_fp16,6150,0.006066519767045975,0.04665885120630264,524288.0
l_cudnn_fp16,6200,0.0037933047860860825,0.04641604796051979,524288.0
l_cudnn_fp16,6250,0.004693920724093914,0.047214772552251816,524288.0
l_cudnn_fp16,6300,0.0042150611989200115,0.048889949917793274,524288.0
l_cudnn_fp16,6350,0.003846714971587062,0.04079386219382286,524288.0
l_cudnn_fp16,6400,0.0053580827079713345,0.12745879590511322,524288.0
l_cudnn_fp16,6450,0.004879375919699669,0.05126124247908592,524288.0
l_cudnn_fp16,6500,0.005998784676194191,0.06660701334476471,524288.0
l_cudnn_fp16,6550,0.0029572227504104376,0.04527458921074867,524288.0
l_cudnn_fp16,6600,0.0034148278646171093,0.047478798776865005,524288.0
l_cudnn_fp16,6650,0.003156995866447687,0.05085155740380287,524288.0
l_cudnn_fp16,6700,0.004541755188256502,0.05427227169275284,524288.0
l_cudnn_fp16,6750,0.004174383357167244,0.05809906870126724,524288.0
l_cudnn_fp16,6800,0.004785621073096991,0.051047664135694504,524288.0
l_cudnn_fp16,6850,0.005936499685049057,0.06382667273283005,524288.0
l_cudnn_fp16,6900,0.003420289373025298,0.05178167298436165,524288.0
l_cudnn_fp16,6950,0.003642968600615859,0.03717280179262161,524288.0
l_cudnn_fp16,7000,0.002578651998192072,0.06137946620583534,524288.0
l_cudnn_fp16,7050,0.0044425479136407375,0.053415413945913315,524288.0
l_cudnn_fp16,7100,0.004774580709636211,0.07614210247993469,524288.0
l_cudnn_fp16,7150,0.0037227869033813477,0.06904376298189163,524288.0
l_cudnn_fp16,7200,0.003622650168836117,0.030512914061546326,524288.0
l_cudnn_fp16,7250,0.003418436273932457,0.03587636724114418,524288.0
l_cudnn_fp16,7300,0.0030860609840601683,0.03262507542967796,524288.0
l_cudnn_fp16,7350,0.005673824809491634,0.05412217974662781,524288.0
l_cudnn_fp16,7400,0.00468651344999671,0.042836517095565796,524288.0
l_cudnn_fp16,7450,0.0036484103184193373,0.049028344452381134,524288.0
l_cudnn_fp16,7500,0.002163511235266924,0.037421997636556625,524288.0
l_cudnn_fp16,7550,0.004445355851203203,0.044856101274490356,524288.0
l_cudnn_fp16,7600,0.0026680375449359417,0.03221608325839043,524288.0
l_cudnn_fp16,7650,0.003382875118404627,0.03216421231627464,524288.0
l_cudnn_fp16,7700,0.003969201818108559,0.057393163442611694,524288.0
l_cudnn_fp16,7750,0.0035518943332135677,0.02773703634738922,524288.0
l_cudnn_fp16,7800,0.003143200185149908,0.0432194285094738,524288.0
l_cudnn_fp16,7850,0.0051683299243450165,0.05131940916180611,524288.0
l_cudnn_fp16,7900,0.004585831891745329,0.08219753205776215,524288.0
l_cudnn_fp16,7950,0.003441584762185812,0.031234264373779297,524288.0
l_cudnn_fp16,8000,0.0013457107124850154,0.032302647829055786,1048576.0
l_cudnn_fp16,8050,0.0035671722143888474,0.11218640953302383,1048576.0
l_cudnn_fp16,8100,0.0030467649921774864,0.04393230378627777,1048576.0
l_cudnn_fp16,8150,0.002968242159113288,0.04082537442445755,1048576.0
l_cudnn_fp16,8200,0.003233228577300906,0.040823131799697876,1048576.0
l_cudnn_fp16,8250,0.004035696387290955,0.046321749687194824,1048576.0
l_cudnn_fp16,8300,0.00340423546731472,0.06836897134780884,1048576.0
l_cudnn_fp16,8350,0.002844403963536024,0.025201035663485527,1048576.0
l_cudnn_fp16,8400,0.003919607028365135,0.03246746584773064,1048576.0
l_cudnn_fp16,8450,0.002820456400513649,0.044442303478717804,1048576.0
l_cudnn_fp16,8500,0.004500705283135176,0.042031530290842056,1048576.0
l_cudnn_fp16,8550,0.002562637208029628,0.06470814347267151,1048576.0
l_cudnn_fp16,8600,0.0038293879479169846,0.036956217139959335,1048576.0
l_cudnn_fp16,8650,0.003295070957392454,0.058103740215301514,1048576.0
l_cudnn_fp16,8700,0.004966656677424908,0.04046395421028137,1048576.0
l_cudnn_fp16,8750,0.004632113501429558,0.04065519571304321,1048576.0
l_cudnn_fp16,8800,0.0027200565673410892,0.02181711234152317,1048576.0
l_cudnn_fp16,8850,0.003045911667868495,0.037303194403648376,1048576.0
l_cudnn_fp16,8900,0.0023433200549334288,0.03734781593084335,1048576.0
l_cudnn_fp16,8950,0.00254746968857944,0.03746983781456947,1048576.0
l_cudnn_fp16,9000,0.003324803663417697,0.029787607491016388,1048576.0
l_cudnn_fp16,9050,0.003268900793045759,0.03594084456562996,1048576.0
l_cudnn_fp16,9100,0.004097772762179375,0.03601549193263054,1048576.0
l_cudnn_fp16,9150,0.0040217177011072636,0.05576946213841438,1048576.0
l_cudnn_fp16,9200,0.004589657299220562,0.04471224546432495,1048576.0
l_cudnn_fp16,9250,0.002071449300274253,0.043176718056201935,1048576.0
l_cudnn_fp16,9300,0.0028228997252881527,0.021318593993782997,1048576.0
l_cudnn_fp16,9350,0.0032546413131058216,0.03199920058250427,1048576.0
l_cudnn_fp16,9400,0.0030204541981220245,0.041780129075050354,1048576.0
l_cudnn_fp16,9450,0.002667428459972143,0.03247547894716263,1048576.0
l_cudnn_fp16,9500,0.003974009305238724,0.0698607787489891,1048576.0
l_cudnn_fp16,9550,0.003371428232640028,0.03323941305279732,1048576.0
l_cudnn_fp16,9600,0.0031340117566287518,0.03033948875963688,1048576.0
l_cudnn_fp16,9650,0.001640703296288848,0.018920931965112686,1048576.0
l_cudnn_fp16,9700,0.0027073356322944164,0.03813043609261513,1048576.0
l_cudnn_fp16,9750,0.003838109550997615,0.047891851514577866,1048576.0
l_cudnn_fp16,9800,0.00201927637681365,0.036165300756692886,1048576.0
l_cudnn_fp16,9850,0.0033583592157810926,0.0430203340947628,1048576.0
l_cudnn_fp16,9900,0.002137118484824896,0.03309738263487816,1048576.0
l_cudnn_fp16,9950,0.002823926042765379,0.06964315474033356,1048576.0
l_cudnn_fp16,10000,0.003478621132671833,0.023370111361145973,2097152.0
l_cudnn_fp16,10050,0.0018209093250334263,0.05266093835234642,2097152.0
l_cudnn_fp16,10100,0.002892437856644392,0.03449958562850952,2097152.0
l_cudnn_fp16,10150,0.002662957413122058,0.02814354933798313,2097152.0
l_cudnn_fp16,10200,0.003471820382401347,0.06321899592876434,2097152.0
l_cudnn_fp16,10250,0.002928980393335223,0.03397415205836296,2097152.0
l_cudnn_fp16,10300,0.0041534933261573315,0.05848291516304016,2097152.0
l_cudnn_fp16,10350,0.0034072191920131445,0.02565344236791134,2097152.0
l_cudnn_fp16,10400,0.004141907673329115,0.029308056458830833,2097152.0
l_cudnn_fp16,10450,0.0028748929034918547,0.032155606895685196,2097152.0
l_cudnn_fp16,10500,0.001842528348788619,0.045569196343421936,2097152.0
l_cudnn_fp16,10550,0.002311081625521183,0.0540434829890728,2097152.0
l_cudnn_fp16,10600,0.0027091200463473797,0.02943049557507038,2097152.0
l_cudnn_fp16,10650,0.0018855759408324957,0.03179578110575676,2097152.0
l_cudnn_fp16,10700,0.0023360324557870626,0.029439253732562065,2097152.0
l_cudnn_fp16,10750,0.0022950435522943735,0.03410490229725838,2097152.0
l_cudnn_fp16,10800,0.0026606253813952208,0.0236615389585495,2097152.0
l_cudnn_fp16,10850,0.0027112923562526703,0.03745817393064499,2097152.0
l_cudnn_fp16,10900,0.0025401152670383453,0.032206542789936066,2097152.0
l_cudnn_fp16,10950,0.001432255725376308,0.01969044841825962,2097152.0
l_cudnn_fp16,11000,0.002492267405614257,0.018265869468450546,2097152.0
l_cudnn_fp16,11050,0.0031022182665765285,0.04191294685006142,2097152.0
l_cudnn_fp16,11100,0.0014211413217708468,0.030407002195715904,2097152.0
l_cudnn_fp16,11150,0.00206483481451869,0.023936215788125992,2097152.0
l_cudnn_fp16,11200,0.0016729532508179545,0.018785670399665833,2097152.0
l_cudnn_fp16,11250,0.001689851633273065,0.025421740487217903,2097152.0
l_cudnn_fp16,11300,0.002214666921645403,0.024834448471665382,2097152.0
l_cudnn_fp16,11350,0.0033482336439192295,0.06809354573488235,2097152.0
l_cudnn_fp16,11400,0.0017687727231532335,0.018772166222333908,2097152.0
l_cudnn_fp16,11450,0.002657742938026786,0.020610110834240913,2097152.0
l_cudnn_fp16,11500,0.0029054731130599976,0.03643644228577614,2097152.0
l_cudnn_fp16,11550,0.002825945382937789,0.05041602626442909,2097152.0
l_cudnn_fp16,11600,0.0015709795989096165,0.03142942115664482,2097152.0
l_cudnn_fp16,11650,0.0018400703556835651,0.040629997849464417,2097152.0
l_cudnn_fp16,11700,0.002597537124529481,0.051608722656965256,2097152.0
l_cudnn_fp16,11750,0.0019744604360312223,0.03284437581896782,2097152.0
l_cudnn_fp16,11800,0.0020664355251938105,0.03287482634186745,2097152.0
l_cudnn_fp16,11850,0.002478871261700988,0.03560357913374901,2097152.0
l_cudnn_fp16,11900,0.003121370216831565,0.03285500779747963,2097152.0
l_cudnn_fp16,11950,0.0017204394098371267,0.022103281691670418,2097152.0
l_cudnn_fp16,12000,0.001337289111688733,0.019766023382544518,4194304.0
l_cudnn_fp16,12050,0.0020650960505008698,0.024859940633177757,4194304.0
l_cudnn_fp16,12100,0.001256363932043314,0.017762115225195885,4194304.0
l_cudnn_fp16,12150,0.00263672461733222,0.018670886754989624,4194304.0
l_cudnn_fp16,12200,0.003185694571584463,0.04773455113172531,4194304.0
l_cudnn_fp16,12250,0.0015434295637533069,0.019711975008249283,4194304.0
l_cudnn_fp16,12300,0.0020461499225348234,0.030389908701181412,4194304.0
l_cudnn_fp16,12350,0.0011811683652922511,0.02704624831676483,4194304.0
l_cudnn_fp16,12400,0.002375377342104912,0.041848018765449524,4194304.0
l_cudnn_fp16,12450,0.002662490587681532,0.04574206843972206,4194304.0
l_cudnn_fp16,12500,0.0014380337670445442,0.038465093821287155,4194304.0
l_cudnn_fp16,12550,0.0028406470082700253,0.025645913556218147,4194304.0
l_cudnn_fp16,12600,0.0015646301908418536,0.01959337666630745,4194304.0
l_cudnn_fp16,12650,0.0015083294128999114,0.01975838467478752,4194304.0
l_cudnn_fp16,12700,0.0020216857083141804,0.016387170180678368,4194304.0
l_cudnn_fp16,12750,0.001983040478080511,0.024738868698477745,4194304.0
l_cudnn_fp16,12800,0.002046125940978527,0.04991278797388077,4194304.0
l_cudnn_fp16,12850,0.0013874133583158255,0.02128445915877819,4194304.0
l_cudnn_fp16,12900,0.0024295661132782698,0.030367735773324966,4194304.0
l_cudnn_fp16,12950,0.0027440888807177544,0.03911896049976349,4194304.0
l_cudnn_fp16,13000,0.002278292551636696,0.03636764734983444,4194304.0
l_cudnn_fp16,13050,0.002373296767473221,0.02752385288476944,4194304.0
l_cudnn_fp16,13100,0.00209485343657434,0.03195328637957573,4194304.0
l_cudnn_fp16,13150,0.001704380614683032,0.022626696154475212,4194304.0
l_cudnn_fp16,13200,0.001245007966645062,0.021423714235424995,4194304.0
l_cudnn_fp16,13250,0.0011825703550130129,0.013297158293426037,4194304.0
l_cudnn_fp16,13300,0.0015276158228516579,0.027079416438937187,4194304.0
l_cudnn_fp16,13350,0.0019963206723332405,0.03474550321698189,4194304.0
l_cudnn_fp16,13400,0.0022486504167318344,0.02101387456059456,4194304.0
l_cudnn_fp16,13450,0.0013610245659947395,0.016758475452661514,4194304.0
l_cudnn_fp16,13500,0.001798250712454319,0.022896816954016685,4194304.0
l_cudnn_fp16,13550,0.001379602588713169,0.017930027097463608,4194304.0
l_cudnn_fp16,13600,0.0027568303048610687,0.12208697199821472,4194304.0
l_cudnn_fp16,13650,0.002272226382046938,0.026520993560552597,4194304.0
l_cudnn_fp16,13700,0.0015076231211423874,0.030906856060028076,4194304.0
l_cudnn_fp16,13750,0.0018822625279426575,0.032660216093063354,4194304.0
l_cudnn_fp16,13800,0.0010466859675943851,0.029364297166466713,4194304.0
l_cudnn_fp16,13850,0.001266615348868072,0.028396418318152428,4194304.0
l_cudnn_fp16,13900,0.0015473475214093924,0.02621748484671116,4194304.0
l_cudnn_fp16,13950,0.0011985439341515303,0.016882969066500664,4194304.0
l_cudnn_fp16,14000,0.0016881227493286133,0.0388069711625576,8388608.0
l_cudnn_fp16,14050,0.0022354787215590477,0.054879896342754364,8388608.0
l_cudnn_fp16,14100,0.001377021661028266,0.02191297523677349,8388608.0
l_cudnn_fp16,14150,0.0018346046563237906,0.019127383828163147,8388608.0
l_cudnn_fp16,14200,0.0016826263163238764,0.01524231769144535,8388608.0
l_cudnn_fp16,14250,0.0018530620727688074,0.04655887931585312,8388608.0
l_cudnn_fp16,14300,0.0020808682311326265,0.03226713463664055,8388608.0
l_cudnn_fp16,14350,0.002022100379690528,0.04518967494368553,8388608.0
l_cudnn_fp16,14400,0.0020726604852825403,0.01871117204427719,8388608.0
l_cudnn_fp16,14450,0.001418457250110805,0.03688178211450577,8388608.0
l_cudnn_fp16,14500,0.0027125105261802673,0.039220042526721954,8388608.0
l_cudnn_fp16,14550,0.0021983482874929905,0.02039092779159546,8388608.0
l_cudnn_fp16,14600,0.0014082075795158744,0.024720273911952972,8388608.0
l_cudnn_fp16,14650,0.0024813609197735786,0.030364008620381355,8388608.0
l_cudnn_fp16,14700,0.0007790172239765525,0.02776913531124592,8388608.0
l_cudnn_fp16,14750,0.002171479631215334,0.018850281834602356,8388608.0
l_cudnn_fp16,14800,0.0017559609841555357,0.04361189529299736,8388608.0
l_cudnn_fp16,14850,0.0015725847333669662,0.025892065837979317,8388608.0
l_cudnn_fp16,14900,0.001473875716328621,0.03114643506705761,8388608.0
l_cudnn_fp16,14950,0.0009829241316765547,0.019990427419543266,8388608.0
l_cudnn_fp16,15000,0.0012335180072113872,0.03815716132521629,8388608.0
l_cudnn_fp16,15050,0.001611002953723073,0.015425287187099457,8388608.0
l_cudnn_fp16,15100,0.0017936084186658263,0.018229227513074875,8388608.0
l_cudnn_fp16,15150,0.0012559088645502925,0.01412712037563324,8388608.0
l_cudnn_fp16,15200,0.0014141385909169912,0.044182199984788895,8388608.0
l_cudnn_fp16,15250,0.0014033442130312324,0.0399794802069664,8388608.0
l_cudnn_fp16,15300,0.0011529007460922003,0.022490322589874268,8388608.0
l_cudnn_fp16,15350,0.001510928152129054,0.016776807606220245,8388608.0
l_cudnn_fp16,15400,0.0013033797731623054,0.024837741628289223,8388608.0
l_cudnn_fp16,15450,0.0016365810297429562,0.02536575123667717,8388608.0
l_cudnn_fp16,15500,0.0012211375869810581,0.017200561240315437,8388608.0
l_cudnn_fp16,15550,0.0014736098237335682,0.01911008358001709,8388608.0
l_cudnn_fp16,15600,0.0017743193311616778,0.0263476874679327,8388608.0
l_cudnn_fp16,15650,0.0018991322722285986,0.022275296971201897,8388608.0
l_cudnn_fp16,15700,0.0010974360629916191,0.030852673575282097,8388608.0
l_cudnn_fp16,15750,0.0013127190759405494,0.02039029262959957,8388608.0
l_cudnn_fp16,15800,0.0015753412153571844,0.060957394540309906,8388608.0
l_cudnn_fp16,15850,0.0008862507529556751,0.0205386970192194,8388608.0
l_cudnn_fp16,15900,0.0016239662654697895,0.025215961039066315,8388608.0
l_cudnn_fp16,15950,0.0010041245259344578,0.01715710572898388,8388608.0
l_cudnn_fp16,16000,0.0015778479864820838,0.022159671410918236,16777216.0
l_cudnn_fp16,16050,0.0017772854771465063,0.020004594698548317,8388608.0
l_cudnn_fp16,16100,0.001188237452879548,0.023426465690135956,8388608.0
l_cudnn_fp16,16150,0.0018487818306311965,0.06484726071357727,8388608.0
l_cudnn_fp16,16200,0.00131663354113698,0.0378841906785965,8388608.0
l_cudnn_fp16,16250,0.0018747368594631553,0.03740561380982399,8388608.0
l_cudnn_fp16,16300,0.001178978942334652,0.02250373363494873,8388608.0
l_cudnn_fp16,16350,0.0009914797265082598,0.036339372396469116,8388608.0
l_cudnn_fp16,16400,0.001460482133552432,0.04011748358607292,8388608.0
l_cudnn_fp16,16450,0.0007681166753172874,0.017105529084801674,8388608.0
l_cudnn_fp16,16500,0.0009181062923744321,0.02719302847981453,8388608.0
l_cudnn_fp16,16550,0.0012497308198362589,0.019519837573170662,8388608.0
l_cudnn_fp16,16600,0.0017784571973606944,0.04187094047665596,8388608.0
l_cudnn_fp16,16650,0.0010331239318475127,0.02317037805914879,8388608.0
l_cudnn_fp16,16700,0.001311092870309949,0.013530127704143524,8388608.0
l_cudnn_fp16,16750,0.0018633713480085135,0.04448327049612999,8388608.0
l_cudnn_fp16,16800,0.0008527736063115299,0.012846295721828938,8388608.0
l_cudnn_fp16,16850,0.0015401439741253853,0.016339994966983795,8388608.0
l_cudnn_fp16,16900,0.0012637813342735171,0.02693336084485054,8388608.0
l_cudnn_fp16,16950,0.0012597371824085712,0.02872481197118759,8388608.0
l_cudnn_fp16,17000,0.0015595698496326804,0.026018032804131508,8388608.0
l_cudnn_fp16,17050,0.0010567548451945186,0.018663836643099785,8388608.0
l_cudnn_fp16,17100,0.0005503031425178051,0.014514935202896595,8388608.0
l_cudnn_fp16,17150,0.0013713089283555746,0.02567204460501671,8388608.0
l_cudnn_fp16,17200,0.0013435762375593185,0.016356326639652252,8388608.0
l_cudnn_fp16,17250,0.0012182150967419147,0.02553640492260456,8388608.0
l_cudnn_fp16,17300,0.001581172225996852,0.040990572422742844,8388608.0
l_cudnn_fp16,17350,0.0012329618912190199,0.024697942659258842,8388608.0
l_cudnn_fp16,17400,0.0015548111405223608,0.030193744227290154,8388608.0
l_cudnn_fp16,17450,0.0016511412104591727,0.018473559990525246,8388608.0
l_cudnn_fp16,17500,0.0009744732524268329,0.022982757538557053,8388608.0
l_cudnn_fp16,17550,0.0013572575990110636,0.018827028572559357,8388608.0
l_cudnn_fp16,17600,0.0015596919693052769,0.032820284366607666,8388608.0
l_cudnn_fp16,17650,0.001251970767043531,0.04432830214500427,8388608.0
l_cudnn_fp16,17700,0.0012046595802530646,0.017003832384943962,8388608.0
l_cudnn_fp16,17750,0.0012481202138587832,0.024789759889245033,8388608.0
l_cudnn_fp16,17800,0.0012122971238568425,0.01625426858663559,8388608.0
l_cudnn_fp16,17850,0.0009338065865449607,0.02386428974568844,8388608.0
l_cudnn_fp16,17900,0.0009396341629326344,0.02523903176188469,8388608.0
l_cudnn_fp16,17950,0.0012979600578546524,0.012298203073441982,8388608.0
l_cudnn_fp16,18000,0.0012376861413940787,0.02254689484834671,8388608.0
l_cudnn_fp16,18050,0.002130556618794799,0.07668486982584,8388608.0
l_cudnn_fp16,18100,0.0010507362894713879,0.014224927872419357,8388608.0
l_cudnn_fp16,18150,0.0012740311212837696,0.013462396338582039,8388608.0
l_cudnn_fp16,18200,0.0011084422003477812,0.019385920837521553,8388608.0
l_cudnn_fp16,18250,0.0009868325432762504,0.012934621423482895,8388608.0
l_cudnn_fp16,18300,0.0012370452750474215,0.015519984066486359,8388608.0
l_cudnn_fp16,18350,0.0012395960511639714,0.028538329526782036,8388608.0
l_cudnn_fp16,18400,0.0007120197406038642,0.024044882506132126,8388608.0
l_cudnn_fp16,18450,0.0016569861909374595,0.03900904208421707,8388608.0
l_cudnn_fp16,18500,0.0009611697751097381,0.02548214979469776,8388608.0
l_cudnn_fp16,18550,0.0010549938306212425,0.02530314400792122,8388608.0
l_cudnn_fp16,18600,0.001808774657547474,0.02936173789203167,8388608.0
l_cudnn_fp16,18650,0.000777597539126873,0.008645197376608849,8388608.0
l_cudnn_fp16,18700,0.0011868990259245038,0.014881541021168232,8388608.0
l_cudnn_fp16,18750,0.0009654790046624839,0.011890123598277569,8388608.0
l_cudnn_fp16,18800,0.001106250798329711,0.025279609486460686,8388608.0
l_cudnn_fp16,18850,0.0008547910256311297,0.017282424494624138,8388608.0
l_cudnn_fp16,18900,0.0008621321758255363,0.019328908994793892,8388608.0
l_cudnn_fp16,18950,0.0008919138927012682,0.012230061925947666,8388608.0
l_cudnn_fp16,19000,0.0016147084534168243,0.021590109914541245,8388608.0
l_cudnn_fp16,19050,0.0009439957211725414,0.018078437075018883,8388608.0
l_cudnn_fp16,19100,0.0012271159794181585,0.031826332211494446,8388608.0
l_cudnn_fp16,19150,0.0008659088052809238,0.01115625910460949,8388608.0
l_cudnn_fp16,19200,0.0011924400459975004,0.02524164505302906,8388608.0
l_cudnn_fp16,19250,0.0010184574639424682,0.011048151180148125,8388608.0
l_cudnn_fp16,19300,0.0008327118121087551,0.014430022798478603,8388608.0
l_cudnn_fp16,19350,0.0012388951145112514,0.01659442111849785,8388608.0
l_cudnn_fp16,19400,0.0011333022266626358,0.013094261288642883,8388608.0
l_cudnn_fp16,19450,0.000818103551864624,0.024146486073732376,8388608.0
l_cudnn_fp16,19500,0.0010474890004843473,0.0374327227473259,8388608.0
l_cudnn_fp16,19550,0.0009101923787966371,0.029244408011436462,8388608.0
l_cudnn_fp16,19600,0.0011017955839633942,0.027043595910072327,8388608.0
l_cudnn_fp16,19650,0.00117478147149086,0.012236704118549824,8388608.0
l_cudnn_fp16,19700,0.0013086406979709864,0.017837150022387505,8388608.0
l_cudnn_fp16,19750,0.0008722033235244453,0.05147267132997513,8388608.0
l_cudnn_fp16,19800,0.0009492460521869361,0.014216373674571514,8388608.0
l_cudnn_fp16,19850,0.0008470187894999981,0.012225690297782421,8388608.0
l_cudnn_fp16,19900,0.0010223218705505133,0.012899406254291534,8388608.0
l_cudnn_fp16,19950,0.0011534736258909106,0.04720776900649071,8388608.0
l_cudnn_fp16,20000,0.0008786431280896068,0.009893509559333324,8388608.0
l_fa4_bf16,50,1.4920377731323242,0.20115377008914948,1.0
l_fa4_bf16,100,0.7304447889328003,0.5092905759811401,1.0
l_fa4_bf16,150,0.37293827533721924,0.3142271935939789,1.0
l_fa4_bf16,200,0.30902034044265747,0.2459966242313385,1.0
l_fa4_bf16,250,0.2402052879333496,0.4150301516056061,1.0
l_fa4_bf16,300,0.16972139477729797,0.6171367764472961,1.0
l_fa4_bf16,350,0.14830362796783447,0.34391093254089355,1.0
l_fa4_bf16,400,0.11006911098957062,0.4280203878879547,1.0
l_fa4_bf16,450,0.11465409398078918,0.15062016248703003,1.0
l_fa4_bf16,500,0.08953014016151428,0.1391880363225937,1.0
l_fa4_bf16,550,0.12447981536388397,0.2947067320346832,1.0
l_fa4_bf16,600,0.08755453675985336,0.08032353222370148,1.0
l_fa4_bf16,650,0.08431088924407959,0.16950823366641998,1.0
l_fa4_bf16,700,0.08383788168430328,0.3130137026309967,1.0
l_fa4_bf16,750,0.05559620261192322,0.22653275728225708,1.0
l_fa4_bf16,800,0.05113659426569939,0.16089871525764465,1.0
l_fa4_bf16,850,0.07050177454948425,0.17547215521335602,1.0
l_fa4_bf16,900,0.058409497141838074,0.14014607667922974,1.0
l_fa4_bf16,950,0.07020857185125351,0.1831321269273758,1.0
l_fa4_bf16,1000,0.05441395565867424,0.2049538940191269,1.0
l_fa4_bf16,1050,0.05903024598956108,0.12578146159648895,1.0
l_fa4_bf16,1100,0.056112419813871384,0.3294202983379364,1.0
l_fa4_bf16,1150,0.05453595519065857,0.1717412918806076,1.0
l_fa4_bf16,1200,0.04554739221930504,0.14851222932338715,1.0
l_fa4_bf16,1250,0.046616047620773315,0.11509954184293747,1.0
l_fa4_bf16,1300,0.04573225975036621,0.28640273213386536,1.0
l_fa4_bf16,1350,0.04895712435245514,0.1159951239824295,1.0
l_fa4_bf16,1400,0.03133281320333481,0.12190090864896774,1.0
l_fa4_bf16,1450,0.03152927756309509,0.17265264689922333,1.0
l_fa4_bf16,1500,0.04101301729679108,0.16834326088428497,1.0
l_fa4_bf16,1550,0.0472056120634079,0.16655351221561432,1.0
l_fa4_bf16,1600,0.03439243882894516,0.16277295351028442,1.0
l_fa4_bf16,1650,0.020485594868659973,0.1659502387046814,1.0
l_fa4_bf16,1700,0.03220461308956146,0.18569327890872955,1.0
l_fa4_bf16,1750,0.026778370141983032,0.18086369335651398,1.0
l_fa4_bf16,1800,0.015414985828101635,0.1252625286579132,1.0
l_fa4_bf16,1850,0.03273624926805496,0.14137011766433716,1.0
l_fa4_bf16,1900,0.020743772387504578,0.08482696861028671,1.0
l_fa4_bf16,1950,0.017889847978949547,0.15784655511379242,1.0
l_fa4_bf16,2000,0.025781001895666122,0.10409526526927948,1.0
l_fa4_bf16,2050,0.028417587280273438,0.11964649707078934,1.0
l_fa4_bf16,2100,0.018912458792328835,0.0802694708108902,1.0
l_fa4_bf16,2150,0.020924009382724762,0.10696063935756683,1.0
l_fa4_bf16,2200,0.02574668452143669,0.15558497607707977,1.0
l_fa4_bf16,2250,0.014737896621227264,0.15571357309818268,1.0
l_fa4_bf16,2300,0.01912655495107174,0.15339070558547974,1.0
l_fa4_bf16,2350,0.01850425824522972,0.12740746140480042,1.0
l_fa4_bf16,2400,0.015132531523704529,0.092009037733078,1.0
l_fa4_bf16,2450,0.023400157690048218,0.1346341073513031,1.0
l_fa4_bf16,2500,0.015275112353265285,0.1350141018629074,1.0
l_fa4_bf16,2550,0.02220752462744713,0.21049310266971588,1.0
l_fa4_bf16,2600,0.015276698395609856,0.11070700734853745,1.0
l_fa4_bf16,2650,0.011975827626883984,0.12113381922245026,1.0
l_fa4_bf16,2700,0.011345965787768364,0.07406424731016159,1.0
l_fa4_bf16,2750,0.014970077201724052,0.2321929633617401,1.0
l_fa4_bf16,2800,0.014835227280855179,0.12293554097414017,1.0
l_fa4_bf16,2850,0.012618418782949448,0.11067497730255127,1.0
l_fa4_bf16,2900,0.018892593681812286,0.08970868587493896,1.0
l_fa4_bf16,2950,0.012842281721532345,0.11089138686656952,1.0
l_fa4_bf16,3000,0.0092003233730793,0.15669341385364532,1.0
l_fa4_bf16,3050,0.013367298990488052,0.09060679376125336,1.0
l_fa4_bf16,3100,0.013353176414966583,0.18059709668159485,1.0
l_fa4_bf16,3150,0.01062272023409605,0.06107885763049126,1.0
l_fa4_bf16,3200,0.013455415144562721,0.06731420010328293,1.0
l_fa4_bf16,3250,0.00834299623966217,0.14746196568012238,1.0
l_fa4_bf16,3300,0.008103734813630581,0.07254210859537125,1.0
l_fa4_bf16,3350,0.008138198405504227,0.08280637115240097,1.0
l_fa4_bf16,3400,0.011189515702426434,0.13139332830905914,1.0
l_fa4_bf16,3450,0.006098344922065735,0.0651978999376297,1.0
l_fa4_bf16,3500,0.008865468204021454,0.052527014166116714,1.0
l_fa4_bf16,3550,0.011326647363603115,0.06631003320217133,1.0
l_fa4_bf16,3600,0.010285254567861557,0.09710952639579773,1.0
l_fa4_bf16,3650,0.011640660464763641,0.14617140591144562,1.0
l_fa4_bf16,3700,0.005048318766057491,0.07528165727853775,1.0
l_fa4_bf16,3750,0.006548802834004164,0.07983005791902542,1.0
l_fa4_bf16,3800,0.011509865522384644,0.10434535890817642,1.0
l_fa4_bf16,3850,0.011497686617076397,0.09511371701955795,1.0
l_fa4_bf16,3900,0.008855628781020641,0.09516583383083344,1.0
l_fa4_bf16,3950,0.005118604749441147,0.052660755813121796,1.0
l_fa4_bf16,4000,0.008615488186478615,0.08400831371545792,1.0
l_fa4_bf16,4050,0.00595343392342329,0.06350809335708618,1.0
l_fa4_bf16,4100,0.012984229251742363,0.12451276183128357,1.0
l_fa4_bf16,4150,0.009888744913041592,0.052430640906095505,1.0
l_fa4_bf16,4200,0.007037199568003416,0.07224970310926437,1.0
l_fa4_bf16,4250,0.006326783448457718,0.0616040900349617,1.0
l_fa4_bf16,4300,0.006994093768298626,0.07721555978059769,1.0
l_fa4_bf16,4350,0.007823659107089043,0.10135407745838165,1.0
l_fa4_bf16,4400,0.005713324528187513,0.08732347190380096,1.0
l_fa4_bf16,4450,0.007865037769079208,0.07215125858783722,1.0
l_fa4_bf16,4500,0.006174994166940451,0.06886015087366104,1.0
l_fa4_bf16,4550,0.013135167770087719,0.09696587920188904,1.0
l_fa4_bf16,4600,0.005410429090261459,0.09671144932508469,1.0
l_fa4_bf16,4650,0.007662618067115545,0.07451838254928589,1.0
l_fa4_bf16,4700,0.01017565093934536,0.08981405943632126,1.0
l_fa4_bf16,4750,0.007198562379926443,0.05825865641236305,1.0
l_fa4_bf16,4800,0.010962693020701408,0.06393007934093475,1.0
l_fa4_bf16,4850,0.008650435134768486,0.06806772202253342,1.0
l_fa4_bf16,4900,0.0063574775122106075,0.06377052515745163,1.0
l_fa4_bf16,4950,0.006008121185004711,0.05002231523394585,1.0
l_fa4_bf16,5000,0.007167825009673834,0.08875569701194763,1.0
l_fa4_bf16,5050,0.003406289964914322,0.05913958325982094,1.0
l_fa4_bf16,5100,0.010096624493598938,0.04942011460661888,1.0
l_fa4_bf16,5150,0.005805027671158314,0.0555485375225544,1.0
l_fa4_bf16,5200,0.0054521686397492886,0.07566332072019577,1.0
l_fa4_bf16,5250,0.013795132748782635,0.2725200653076172,1.0
l_fa4_bf16,5300,0.006673651747405529,0.04995293542742729,1.0
l_fa4_bf16,5350,0.004417839460074902,0.04156168922781944,1.0
l_fa4_bf16,5400,0.005976477172225714,0.04575886204838753,1.0
l_fa4_bf16,5450,0.006906245835125446,0.06056823581457138,1.0
l_fa4_bf16,5500,0.0049246689304709435,0.047038618475198746,1.0
l_fa4_bf16,5550,0.005215190351009369,0.07670620083808899,1.0
l_fa4_bf16,5600,0.0055729979649186134,0.0833427906036377,1.0
l_fa4_bf16,5650,0.0057376837357878685,0.05971614643931389,1.0
l_fa4_bf16,5700,0.004824546165764332,0.034084804356098175,1.0
l_fa4_bf16,5750,0.004557396285235882,0.07785208523273468,1.0
l_fa4_bf16,5800,0.006497918628156185,0.1263306736946106,1.0
l_fa4_bf16,5850,0.004664160311222076,0.04489300772547722,1.0
l_fa4_bf16,5900,0.004449086729437113,0.04752570018172264,1.0
l_fa4_bf16,5950,0.0054597873240709305,0.06614328920841217,1.0
l_fa4_bf16,6000,0.004712273366749287,0.15082255005836487,1.0
l_fa4_bf16,6050,0.004706571809947491,0.06127820163965225,1.0
l_fa4_bf16,6100,0.005626434460282326,0.0641615241765976,1.0
l_fa4_bf16,6150,0.006108840461820364,0.05580339580774307,1.0
l_fa4_bf16,6200,0.004354315809905529,0.07864551991224289,1.0
l_fa4_bf16,6250,0.005019578617066145,0.04601120203733444,1.0
l_fa4_bf16,6300,0.004489622078835964,0.06671435385942459,1.0
l_fa4_bf16,6350,0.004144288599491119,0.05420207604765892,1.0
l_fa4_bf16,6400,0.0046325731091201305,0.07126473635435104,1.0
l_fa4_bf16,6450,0.0052145421504974365,0.06333339214324951,1.0
l_fa4_bf16,6500,0.005926869809627533,0.04472365230321884,1.0
l_fa4_bf16,6550,0.0029585938900709152,0.0399591438472271,1.0
l_fa4_bf16,6600,0.003345199627801776,0.02936425991356373,1.0
l_fa4_bf16,6650,0.0032178666442632675,0.044534698128700256,1.0
l_fa4_bf16,6700,0.004995718132704496,0.07377558201551437,1.0
l_fa4_bf16,6750,0.004170575179159641,0.033537376672029495,1.0
l_fa4_bf16,6800,0.004754320718348026,0.04103332757949829,1.0
l_fa4_bf16,6850,0.006301503628492355,0.0855901837348938,1.0
l_fa4_bf16,6900,0.003401903435587883,0.04047699272632599,1.0
l_fa4_bf16,6950,0.003853603033348918,0.038171034306287766,1.0
l_fa4_bf16,7000,0.0024599400348961353,0.04303457587957382,1.0
l_fa4_bf16,7050,0.004663023166358471,0.056126032024621964,1.0
l_fa4_bf16,7100,0.0054451292380690575,0.10190166532993317,1.0
l_fa4_bf16,7150,0.0033867484889924526,0.04250538721680641,1.0
l_fa4_bf16,7200,0.003712079022079706,0.030493920668959618,1.0
l_fa4_bf16,7250,0.0035550042521208525,0.04486651346087456,1.0
l_fa4_bf16,7300,0.00312996469438076,0.02975515089929104,1.0
l_fa4_bf16,7350,0.006062712054699659,0.07903902977705002,1.0
l_fa4_bf16,7400,0.004673588089644909,0.032679080963134766,1.0
l_fa4_bf16,7450,0.0037235040217638016,0.043169375509023666,1.0
l_fa4_bf16,7500,0.002314427401870489,0.034803468734025955,1.0
l_fa4_bf16,7550,0.0046479166485369205,0.056763481348752975,1.0
l_fa4_bf16,7600,0.0027268666308373213,0.02628544718027115,1.0
l_fa4_bf16,7650,0.0038660913705825806,0.07946199923753738,1.0
l_fa4_bf16,7700,0.0038595423102378845,0.03687003254890442,1.0
l_fa4_bf16,7750,0.003930223640054464,0.04464258626103401,1.0
l_fa4_bf16,7800,0.0038396581076085567,0.08163938671350479,1.0
l_fa4_bf16,7850,0.005204919259995222,0.0335635244846344,1.0
l_fa4_bf16,7900,0.0038028578273952007,0.0780874639749527,1.0
l_fa4_bf16,7950,0.003509573172777891,0.024631090462207794,1.0
l_fa4_bf16,8000,0.001581718446686864,0.03844459727406502,1.0
l_fa4_bf16,8050,0.0028107434045523405,0.031154416501522064,1.0
l_fa4_bf16,8100,0.0033891338389366865,0.05405211076140404,1.0
l_fa4_bf16,8150,0.0032199458219110966,0.05228709056973457,1.0
l_fa4_bf16,8200,0.003456698264926672,0.03958544880151749,1.0
l_fa4_bf16,8250,0.004273340106010437,0.0506553016602993,1.0
l_fa4_bf16,8300,0.003276079660281539,0.04156201332807541,1.0
l_fa4_bf16,8350,0.002901740837842226,0.041855357587337494,1.0
l_fa4_bf16,8400,0.004183189943432808,0.04917795956134796,1.0
l_fa4_bf16,8450,0.002892953809350729,0.04462853819131851,1.0
l_fa4_bf16,8500,0.004655956756323576,0.039191436022520065,1.0
l_fa4_bf16,8550,0.003043991280719638,0.0872388482093811,1.0
l_fa4_bf16,8600,0.0038169880863279104,0.029090965166687965,1.0
l_fa4_bf16,8650,0.0036251365672796965,0.08001310378313065,1.0
l_fa4_bf16,8700,0.00511487340554595,0.034208834171295166,1.0
l_fa4_bf16,8750,0.004955785349011421,0.07332535833120346,1.0
l_fa4_bf16,8800,0.002793464343994856,0.02569010853767395,1.0
l_fa4_bf16,8850,0.0031424108892679214,0.030174121260643005,1.0
l_fa4_bf16,8900,0.0024350399617105722,0.0298406183719635,1.0
l_fa4_bf16,8950,0.002747545950114727,0.06524825841188431,1.0
l_fa4_bf16,9000,0.0035067815333604813,0.03384842723608017,1.0
l_fa4_bf16,9050,0.003392776008695364,0.034195344895124435,1.0
l_fa4_bf16,9100,0.004139048513025045,0.042401257902383804,1.0
l_fa4_bf16,9150,0.004444049671292305,0.051331862807273865,1.0
l_fa4_bf16,9200,0.004700881894677877,0.03549232333898544,1.0
l_fa4_bf16,9250,0.0024847807362675667,0.0715005174279213,1.0
l_fa4_bf16,9300,0.003692347090691328,0.05362601578235626,1.0
l_fa4_bf16,9350,0.003306054277345538,0.03121998719871044,1.0
l_fa4_bf16,9400,0.0031632231548428535,0.044049378484487534,1.0
l_fa4_bf16,9450,0.002739704679697752,0.022805096581578255,1.0
l_fa4_bf16,9500,0.004262865986675024,0.06892557442188263,1.0
l_fa4_bf16,9550,0.0033829975873231888,0.017181847244501114,1.0
l_fa4_bf16,9600,0.0032405140809714794,0.03348900005221367,1.0
l_fa4_bf16,9650,0.0016901422059163451,0.027791431173682213,1.0
l_fa4_bf16,9700,0.002819477114826441,0.02823900803923607,1.0
l_fa4_bf16,9750,0.004162207245826721,0.03799121454358101,1.0
l_fa4_bf16,9800,0.0023500348906964064,0.0506630577147007,1.0
l_fa4_bf16,9850,0.003260483033955097,0.037644606083631516,1.0
l_fa4_bf16,9900,0.002127652522176504,0.021182134747505188,1.0
l_fa4_bf16,9950,0.0026320505421608686,0.028426434844732285,1.0
l_fa4_bf16,10000,0.003774860640987754,0.043525442481040955,1.0
l_fa4_bf16,10050,0.0017337363678961992,0.03576957806944847,1.0
l_fa4_bf16,10100,0.0026640198193490505,0.024703525006771088,1.0
l_fa4_bf16,10150,0.0036457665264606476,0.09815683960914612,1.0
l_fa4_bf16,10200,0.00320822442881763,0.028174463659524918,1.0
l_fa4_bf16,10250,0.003105639247223735,0.046554289758205414,1.0
l_fa4_bf16,10300,0.004178743809461594,0.030100557953119278,1.0
l_fa4_bf16,10350,0.0037384452298283577,0.039147622883319855,1.0
l_fa4_bf16,10400,0.0042340378277003765,0.032231979072093964,1.0
l_fa4_bf16,10450,0.003039523959159851,0.0341249443590641,1.0
l_fa4_bf16,10500,0.001828399719670415,0.03358576446771622,1.0
l_fa4_bf16,10550,0.0021646833047270775,0.04343869909644127,1.0
l_fa4_bf16,10600,0.0029656002297997475,0.03652152046561241,1.0
l_fa4_bf16,10650,0.0019708650652319193,0.02969290129840374,1.0
l_fa4_bf16,10700,0.002551928861066699,0.03811684623360634,1.0
l_fa4_bf16,10750,0.0023519136011600494,0.03517376258969307,1.0
l_fa4_bf16,10800,0.003052194369956851,0.048032425343990326,1.0
l_fa4_bf16,10850,0.0029703702311962843,0.05430623143911362,1.0
l_fa4_bf16,10900,0.0023543094284832478,0.03931170329451561,1.0
l_fa4_bf16,10950,0.001850896398536861,0.06484805047512054,1.0
l_fa4_bf16,11000,0.0027455235831439495,0.021637437865138054,1.0
l_fa4_bf16,11050,0.0033525056205689907,0.045055270195007324,1.0
l_fa4_bf16,11100,0.001630529179237783,0.05841672047972679,1.0
l_fa4_bf16,11150,0.002035998273640871,0.02317269891500473,1.0
l_fa4_bf16,11200,0.001813364215195179,0.024385929107666016,1.0
l_fa4_bf16,11250,0.0017880527302622795,0.03081761673092842,1.0
l_fa4_bf16,11300,0.002326827496290207,0.03769652172923088,1.0
l_fa4_bf16,11350,0.0031574226450175047,0.040224701166152954,1.0
l_fa4_bf16,11400,0.001877108938060701,0.02223042957484722,1.0
l_fa4_bf16,11450,0.0027741678059101105,0.028294704854488373,1.0
l_fa4_bf16,11500,0.00312505173496902,0.04034039378166199,1.0
l_fa4_bf16,11550,0.0027691179420799017,0.03341279923915863,1.0
l_fa4_bf16,11600,0.001746379304677248,0.044088803231716156,1.0
l_fa4_bf16,11650,0.001817131182178855,0.027931179851293564,1.0
l_fa4_bf16,11700,0.00264235632494092,0.032048434019088745,1.0
l_fa4_bf16,11750,0.0019314689561724663,0.03413941711187363,1.0
l_fa4_bf16,11800,0.0021572725381702185,0.04322153702378273,1.0
l_fa4_bf16,11850,0.002533706370741129,0.026128239929676056,1.0
l_fa4_bf16,11900,0.0031580671202391386,0.02626541070640087,1.0
l_fa4_bf16,11950,0.0018532841932028532,0.024248238652944565,1.0
l_fa4_bf16,12000,0.001564573380164802,0.04879942536354065,1.0
l_fa4_bf16,12050,0.0021582988556474447,0.029586654156446457,1.0
l_fa4_bf16,12100,0.0013824383495375514,0.031535323709249496,1.0
l_fa4_bf16,12150,0.0029030279256403446,0.02907434292137623,1.0
l_fa4_bf16,12200,0.0031828577630221844,0.027650732547044754,1.0
l_fa4_bf16,12250,0.0016254805959761143,0.018865585327148438,1.0
l_fa4_bf16,12300,0.0021393788047134876,0.024370957165956497,1.0
l_fa4_bf16,12350,0.001357576111331582,0.0463959276676178,1.0
l_fa4_bf16,12400,0.0023746814113110304,0.032877035439014435,1.0
l_fa4_bf16,12450,0.002848207950592041,0.0449572391808033,1.0
l_fa4_bf16,12500,0.001456931233406067,0.05237003415822983,1.0
l_fa4_bf16,12550,0.003017331240698695,0.026264598593115807,1.0
l_fa4_bf16,12600,0.0016303224256262183,0.020982852205634117,1.0
l_fa4_bf16,12650,0.0016788191860541701,0.025683773681521416,1.0
l_fa4_bf16,12700,0.0021005463786423206,0.016941368579864502,1.0
l_fa4_bf16,12750,0.001952895661816001,0.029312338680028915,1.0
l_fa4_bf16,12800,0.002531208097934723,0.08570944517850876,1.0
l_fa4_bf16,12850,0.001598516246303916,0.039643920958042145,1.0
l_fa4_bf16,12900,0.0027100322768092155,0.04695960879325867,1.0
l_fa4_bf16,12950,0.0027579390443861485,0.019620517268776894,1.0
l_fa4_bf16,13000,0.0023940305691212416,0.032769545912742615,1.0
l_fa4_bf16,13050,0.002339632250368595,0.016935177147388458,1.0
l_fa4_bf16,13100,0.0021422370336949825,0.023855283856391907,1.0
l_fa4_bf16,13150,0.002007267903536558,0.034679632633924484,1.0
l_fa4_bf16,13200,0.001235790317878127,0.014663109555840492,1.0
l_fa4_bf16,13250,0.0012908802600577474,0.03022591583430767,1.0
l_fa4_bf16,13300,0.0016279801493510604,0.03539758175611496,1.0
l_fa4_bf16,13350,0.0019882130436599255,0.03788955509662628,1.0
l_fa4_bf16,13400,0.0023932447656989098,0.031026825308799744,1.0
l_fa4_bf16,13450,0.0014644672628492117,0.017747003585100174,1.0
l_fa4_bf16,13500,0.0018459208076819777,0.01671266369521618,1.0
l_fa4_bf16,13550,0.001547129824757576,0.02347906492650509,1.0
l_fa4_bf16,13600,0.001594201079569757,0.03154600411653519,1.0
l_fa4_bf16,13650,0.002499091438949108,0.03324802592396736,1.0
l_fa4_bf16,13700,0.0015495362458750606,0.022670049220323563,1.0
l_fa4_bf16,13750,0.0020058732479810715,0.041199784725904465,1.0
l_fa4_bf16,13800,0.0010688614565879107,0.016597647219896317,1.0
l_fa4_bf16,13850,0.0012853089720010757,0.0287280585616827,1.0
l_fa4_bf16,13900,0.0017214878462255,0.026522746309638023,1.0
l_fa4_bf16,13950,0.0012674143072217703,0.018141083419322968,1.0
l_fa4_bf16,14000,0.001589680789038539,0.016527878120541573,1.0
l_fa4_bf16,14050,0.0019576430786401033,0.021205328404903412,1.0
l_fa4_bf16,14100,0.0014922640984877944,0.023666279390454292,1.0
l_fa4_bf16,14150,0.002100179437547922,0.02595086768269539,1.0
l_fa4_bf16,14200,0.0017916293581947684,0.024319056421518326,1.0
l_fa4_bf16,14250,0.0018151532858610153,0.033411528915166855,1.0
l_fa4_bf16,14300,0.0023069423623383045,0.03167145699262619,1.0
l_fa4_bf16,14350,0.0019376844866201282,0.02380264922976494,1.0
l_fa4_bf16,14400,0.002192546147853136,0.018608178943395615,1.0
l_fa4_bf16,14450,0.0016599353402853012,0.034585192799568176,1.0
l_fa4_bf16,14500,0.0027244449593126774,0.025488153100013733,1.0
l_fa4_bf16,14550,0.002379919169470668,0.024850327521562576,1.0
l_fa4_bf16,14600,0.0014759496552869678,0.024234242737293243,1.0
l_fa4_bf16,14650,0.0026098708622157574,0.020052839070558548,1.0
l_fa4_bf16,14700,0.0008162236772477627,0.01973920688033104,1.0
l_fa4_bf16,14750,0.002257760614156723,0.021861329674720764,1.0
l_fa4_bf16,14800,0.0017741741612553596,0.03569197654724121,1.0
l_fa4_bf16,14850,0.0017140822019428015,0.03571295365691185,1.0
l_fa4_bf16,14900,0.00144729926250875,0.020251095294952393,1.0
l_fa4_bf16,14950,0.0010145303094759583,0.020302701741456985,1.0
l_fa4_bf16,15000,0.001346758333966136,0.0408579483628273,1.0
l_fa4_bf16,15050,0.0019110203720629215,0.04086728021502495,1.0
l_fa4_bf16,15100,0.0019424655474722385,0.01734055206179619,1.0
l_fa4_bf16,15150,0.001320976996794343,0.013840653002262115,1.0
l_fa4_bf16,15200,0.0013407061342149973,0.028736423701047897,1.0
l_fa4_bf16,15250,0.0016079697525128722,0.042969267815351486,1.0
l_fa4_bf16,15300,0.0011836393969133496,0.026210252195596695,1.0
l_fa4_bf16,15350,0.0015995181165635586,0.015627320855855942,1.0
l_fa4_bf16,15400,0.0013571856543421745,0.018729347735643387,1.0
l_fa4_bf16,15450,0.0017268748488277197,0.01828690804541111,1.0
l_fa4_bf16,15500,0.0013445890508592129,0.025242367759346962,1.0
l_fa4_bf16,15550,0.0015124580822885036,0.018191518262028694,1.0
l_fa4_bf16,15600,0.001773064723238349,0.020881088450551033,1.0
l_fa4_bf16,15650,0.002084157895296812,0.019886178895831108,1.0
l_fa4_bf16,15700,0.001003326615318656,0.017032647505402565,1.0
l_fa4_bf16,15750,0.0016115056350827217,0.05817464366555214,1.0
l_fa4_bf16,15800,0.0014324546791613102,0.027506859973073006,1.0
l_fa4_bf16,15850,0.0008686071960255504,0.009964697994291782,1.0
l_fa4_bf16,15900,0.0018727630376815796,0.04034387692809105,1.0
l_fa4_bf16,15950,0.0010952574666589499,0.017779795452952385,1.0
l_fa4_bf16,16000,0.00164551823399961,0.02084166556596756,1.0
l_fa4_bf16,16050,0.0021659377962350845,0.025270655751228333,1.0
l_fa4_bf16,16100,0.0011457763612270355,0.01838015392422676,1.0
l_fa4_bf16,16150,0.0014756489545106888,0.01726248301565647,1.0
l_fa4_bf16,16200,0.0012166390661150217,0.021495413035154343,1.0
l_fa4_bf16,16250,0.001824664417654276,0.020214099436998367,1.0
l_fa4_bf16,16300,0.0012527634389698505,0.03168267756700516,1.0
l_fa4_bf16,16350,0.001181859988719225,0.03654155880212784,1.0
l_fa4_bf16,16400,0.004479642491787672,0.12419500201940536,1.0
l_fa4_bf16,16450,0.000914062955416739,0.01466986071318388,1.0
l_fa4_bf16,16500,0.0009319867240265012,0.024222735315561295,1.0
l_fa4_bf16,16550,0.0013077331241220236,0.01754841022193432,1.0
l_fa4_bf16,16600,0.0016718090046197176,0.03163151815533638,1.0
l_fa4_bf16,16650,0.0009889777284115553,0.019858822226524353,1.0
l_fa4_bf16,16700,0.0014189844951033592,0.014754769392311573,1.0
l_fa4_bf16,16750,0.001984250731766224,0.04226703569293022,1.0
l_fa4_bf16,16800,0.0009022778831422329,0.019085070118308067,1.0
l_fa4_bf16,16850,0.0016491340938955545,0.021400857716798782,1.0
l_fa4_bf16,16900,0.0014087334275245667,0.018619783222675323,1.0
l_fa4_bf16,16950,0.001269791042432189,0.02126772701740265,1.0
l_fa4_bf16,17000,0.0015963073819875717,0.01408806536346674,1.0
l_fa4_bf16,17050,0.0014358244370669127,0.05295201390981674,1.0
l_fa4_bf16,17100,0.0006394770462065935,0.023955874145030975,1.0
l_fa4_bf16,17150,0.0011635874398052692,0.024851897731423378,1.0
l_fa4_bf16,17200,0.0014810807770118117,0.02119322121143341,1.0
l_fa4_bf16,17250,0.001262564561329782,0.015474680811166763,1.0
l_fa4_bf16,17300,0.0013766810297966003,0.028918998315930367,1.0
l_fa4_bf16,17350,0.0012746159918606281,0.01701277680695057,1.0
l_fa4_bf16,17400,0.002018518513068557,0.0465092658996582,1.0
l_fa4_bf16,17450,0.0016065475065261126,0.013907033950090408,1.0
l_fa4_bf16,17500,0.001007369952276349,0.016208834946155548,1.0
l_fa4_bf16,17550,0.0015193445142358541,0.022683484479784966,1.0
l_fa4_bf16,17600,0.001748949638567865,0.04207131266593933,1.0
l_fa4_bf16,17650,0.0012096301652491093,0.014622419141232967,1.0
l_fa4_bf16,17700,0.001625883742235601,0.04882683604955673,1.0
l_fa4_bf16,17750,0.0013336361153051257,0.02192159928381443,1.0
l_fa4_bf16,17800,0.0013308865018188953,0.018140876665711403,1.0
l_fa4_bf16,17850,0.0009566677617840469,0.020034005865454674,1.0
l_fa4_bf16,17900,0.0009868358029052615,0.022241663187742233,1.0
l_fa4_bf16,17950,0.0013917225878685713,0.010659193620085716,1.0
l_fa4_bf16,18000,0.00131891795899719,0.024625718593597412,1.0
l_fa4_bf16,18050,0.001974913291633129,0.05081634223461151,1.0
l_fa4_bf16,18100,0.0011601533042266965,0.01683046855032444,1.0
l_fa4_bf16,18150,0.0014318637549877167,0.019915660843253136,1.0
l_fa4_bf16,18200,0.0012196237221360207,0.01498925406485796,1.0
l_fa4_bf16,18250,0.0010710281785577536,0.015432118438184261,1.0
l_fa4_bf16,18300,0.001371576450765133,0.02117244154214859,1.0
l_fa4_bf16,18350,0.0012429708149284124,0.02064603380858898,1.0
l_fa4_bf16,18400,0.0007186917937360704,0.019358092918992043,1.0
l_fa4_bf16,18450,0.0017324904911220074,0.0213148295879364,1.0
l_fa4_bf16,18500,0.0010490091517567635,0.02266416884958744,1.0
l_fa4_bf16,18550,0.0010445499792695045,0.014594952575862408,1.0
l_fa4_bf16,18600,0.0018838723190128803,0.015722431242465973,1.0
l_fa4_bf16,18650,0.0009089029626920819,0.017361115664243698,1.0
l_fa4_bf16,18700,0.001513658557087183,0.03688126057386398,1.0
l_fa4_bf16,18750,0.0010222591226920485,0.010511095635592937,1.0
l_fa4_bf16,18800,0.0011125053279101849,0.01817132532596588,1.0
l_fa4_bf16,18850,0.0008966348832473159,0.012906484305858612,1.0
l_fa4_bf16,18900,0.0009135183645412326,0.01201559416949749,1.0
l_fa4_bf16,18950,0.0010529294377192855,0.03269781917333603,1.0
l_fa4_bf16,19000,0.0016715916572138667,0.019159307703375816,1.0
l_fa4_bf16,19050,0.0011108038015663624,0.02497834898531437,1.0
l_fa4_bf16,19100,0.0013013228308409452,0.02915741130709648,1.0
l_fa4_bf16,19150,0.0010330621153116226,0.01669386215507984,1.0
l_fa4_bf16,19200,0.0013019928010180593,0.012867857702076435,1.0
l_fa4_bf16,19250,0.0011408778373152018,0.01882268860936165,1.0
l_fa4_bf16,19300,0.0009341932600364089,0.013258123770356178,1.0
l_fa4_bf16,19350,0.0012771805049851537,0.012875769287347794,1.0
l_fa4_bf16,19400,0.0012325731804594398,0.012913375161588192,1.0
l_fa4_bf16,19450,0.0008896865183487535,0.0223996639251709,1.0
l_fa4_bf16,19500,0.0011399765498936176,0.037295762449502945,1.0
l_fa4_bf16,19550,0.0009516043937765062,0.01965545304119587,1.0
l_fa4_bf16,19600,0.0011789104901254177,0.021089162677526474,1.0
l_fa4_bf16,19650,0.001292817061766982,0.012932931073009968,1.0
l_fa4_bf16,19700,0.0014139650156721473,0.019086740911006927,1.0
l_fa4_bf16,19750,0.0007711811922490597,0.022485099732875824,1.0
l_fa4_bf16,19800,0.001046813908033073,0.016082091256976128,1.0
l_fa4_bf16,19850,0.0009378775721415877,0.01237463764846325,1.0
l_fa4_bf16,19900,0.0011131996288895607,0.01173290703445673,1.0
l_fa4_bf16,19950,0.001039592083543539,0.02564742974936962,1.0
l_fa4_bf16,20000,0.0010411085095256567,0.02670307084918022,1.0
l_fa4_fp16,50,1.4920451641082764,0.1997896283864975,65536.0
l_fa4_fp16,100,0.7296628952026367,0.5101151466369629,65536.0
l_fa4_fp16,150,0.3732125163078308,0.41958022117614746,65536.0
l_fa4_fp16,200,0.3084561824798584,0.1966893970966339,65536.0
l_fa4_fp16,250,0.24125754833221436,0.2120722532272339,65536.0
l_fa4_fp16,300,0.16637395322322845,0.3848186433315277,65536.0
l_fa4_fp16,350,0.14931140840053558,0.27334868907928467,65536.0
l_fa4_fp16,400,0.10886186361312866,0.40511006116867065,65536.0
l_fa4_fp16,450,0.11469223350286484,0.2102290540933609,65536.0
l_fa4_fp16,500,0.0920453891158104,0.22690550982952118,65536.0
l_fa4_fp16,550,0.1285223662853241,0.34760183095932007,65536.0
l_fa4_fp16,600,0.087979257106781,0.16983160376548767,65536.0
l_fa4_fp16,650,0.08931936323642731,0.4912762939929962,65536.0
l_fa4_fp16,700,0.08009560406208038,0.16620716452598572,65536.0
l_fa4_fp16,750,0.053481511771678925,0.10963187366724014,65536.0
l_fa4_fp16,800,0.05154704302549362,0.17476366460323334,65536.0
l_fa4_fp16,850,0.06979680061340332,0.19370128214359283,65536.0
l_fa4_fp16,900,0.06129559129476547,0.31439101696014404,65536.0
l_fa4_fp16,950,0.06515081226825714,0.1335573047399521,65536.0
l_fa4_fp16,1000,0.05447021871805191,0.18574321269989014,65536.0
l_fa4_fp16,1050,0.05945584177970886,0.24151301383972168,65536.0
l_fa4_fp16,1100,0.0522087924182415,0.15290553867816925,65536.0
l_fa4_fp16,1150,0.052616000175476074,0.1430378258228302,65536.0
l_fa4_fp16,1200,0.046898677945137024,0.2839749753475189,65536.0
l_fa4_fp16,1250,0.045984432101249695,0.12541930377483368,65536.0
l_fa4_fp16,1300,0.04257239028811455,0.1367686241865158,65536.0
l_fa4_fp16,1350,0.04731062799692154,0.19794100522994995,65536.0
l_fa4_fp16,1400,0.030145926401019096,0.10003002732992172,65536.0
l_fa4_fp16,1450,0.0323002003133297,0.2278362512588501,65536.0
l_fa4_fp16,1500,0.04046504944562912,0.1468004286289215,65536.0
l_fa4_fp16,1550,0.04559076577425003,0.11151919513940811,65536.0
l_fa4_fp16,1600,0.03518764674663544,0.3200097978115082,65536.0
l_fa4_fp16,1650,0.020791415125131607,0.23542408645153046,65536.0
l_fa4_fp16,1700,0.03073163330554962,0.10747360438108444,65536.0
l_fa4_fp16,1750,0.025624435395002365,0.19224108755588531,65536.0
l_fa4_fp16,1800,0.014833006076514721,0.12000849843025208,65536.0
l_fa4_fp16,1850,0.03174349665641785,0.12554343044757843,65536.0
l_fa4_fp16,1900,0.021253123879432678,0.14638030529022217,65536.0
l_fa4_fp16,1950,0.017787743359804153,0.12911273539066315,65536.0
l_fa4_fp16,2000,0.024882722645998,0.09255412220954895,131072.0
l_fa4_fp16,2050,0.02778773009777069,0.11969703435897827,131072.0
l_fa4_fp16,2100,0.018568523228168488,0.08956404775381088,131072.0
l_fa4_fp16,2150,0.02025289088487625,0.08491344004869461,131072.0
l_fa4_fp16,2200,0.024523844942450523,0.13396207988262177,131072.0
l_fa4_fp16,2250,0.013520322740077972,0.07527586817741394,131072.0
l_fa4_fp16,2300,0.017703574150800705,0.14599287509918213,131072.0
l_fa4_fp16,2350,0.017101602628827095,0.06249338760972023,131072.0
l_fa4_fp16,2400,0.014950335025787354,0.09762278944253922,131072.0
l_fa4_fp16,2450,0.02403293550014496,0.18996556103229523,131072.0
l_fa4_fp16,2500,0.015218871645629406,0.14796897768974304,131072.0
l_fa4_fp16,2550,0.019830171018838882,0.18494874238967896,131072.0
l_fa4_fp16,2600,0.015793204307556152,0.1480201631784439,131072.0
l_fa4_fp16,2650,0.01109322439879179,0.08545512706041336,131072.0
l_fa4_fp16,2700,0.011710199527442455,0.13148996233940125,131072.0
l_fa4_fp16,2750,0.013661717996001244,0.158808633685112,131072.0
l_fa4_fp16,2800,0.013421658426523209,0.07541165500879288,131072.0
l_fa4_fp16,2850,0.013166515156626701,0.20805901288986206,131072.0
l_fa4_fp16,2900,0.01828373223543167,0.07564111799001694,131072.0
l_fa4_fp16,2950,0.01232135109603405,0.10413525998592377,131072.0
l_fa4_fp16,3000,0.008131067268550396,0.09485301375389099,131072.0
l_fa4_fp16,3050,0.01418132334947586,0.1547728031873703,131072.0
l_fa4_fp16,3100,0.011939826421439648,0.11582055687904358,131072.0
l_fa4_fp16,3150,0.010277530178427696,0.07729052752256393,131072.0
l_fa4_fp16,3200,0.013871880248188972,0.11049512028694153,131072.0
l_fa4_fp16,3250,0.007242798339575529,0.07834688574075699,131072.0
l_fa4_fp16,3300,0.008008251897990704,0.09536875784397125,131072.0
l_fa4_fp16,3350,0.0072373501025140285,0.050286900252103806,131072.0
l_fa4_fp16,3400,0.010999991558492184,0.12205588072538376,131072.0
l_fa4_fp16,3450,0.005657419562339783,0.049926552921533585,131072.0
l_fa4_fp16,3500,0.009343303740024567,0.14559604227542877,131072.0
l_fa4_fp16,3550,0.012299962341785431,0.1512172371149063,131072.0
l_fa4_fp16,3600,0.009449614211916924,0.08722292631864548,131072.0
l_fa4_fp16,3650,0.010708287358283997,0.07841885834932327,131072.0
l_fa4_fp16,3700,0.004911843687295914,0.0658324733376503,131072.0
l_fa4_fp16,3750,0.006109751760959625,0.08130785822868347,131072.0
l_fa4_fp16,3800,0.010855528526008129,0.07740989327430725,131072.0
l_fa4_fp16,3850,0.011664675548672676,0.12158087641000748,131072.0
l_fa4_fp16,3900,0.00838683731853962,0.08615314215421677,131072.0
l_fa4_fp16,3950,0.005540686659514904,0.08696269989013672,131072.0
l_fa4_fp16,4000,0.008277200162410736,0.06729348003864288,262144.0
l_fa4_fp16,4050,0.005828473716974258,0.055759597569704056,262144.0
l_fa4_fp16,4100,0.011317931115627289,0.09217607975006104,262144.0
l_fa4_fp16,4150,0.010976004414260387,0.1561451554298401,262144.0
l_fa4_fp16,4200,0.006956006400287151,0.08572983741760254,262144.0
l_fa4_fp16,4250,0.006077729165554047,0.05924803018569946,262144.0
l_fa4_fp16,4300,0.006521525792777538,0.05754591524600983,262144.0
l_fa4_fp16,4350,0.007294461131095886,0.09231061488389969,262144.0
l_fa4_fp16,4400,0.006201188080012798,0.10101568698883057,262144.0
l_fa4_fp16,4450,0.007658347487449646,0.07418058812618256,262144.0
l_fa4_fp16,4500,0.0062537770718336105,0.07247581332921982,262144.0
l_fa4_fp16,4550,0.013150116428732872,0.16541635990142822,262144.0
l_fa4_fp16,4600,0.005073197185993195,0.08995981514453888,262144.0
l_fa4_fp16,4650,0.0072599416598677635,0.07282878458499908,262144.0
l_fa4_fp16,4700,0.009982215240597725,0.0970071330666542,262144.0
l_fa4_fp16,4750,0.007354219909757376,0.08019663393497467,262144.0
l_fa4_fp16,4800,0.010974161326885223,0.08656232804059982,262144.0
l_fa4_fp16,4850,0.008858875371515751,0.0960271954536438,262144.0
l_fa4_fp16,4900,0.0059479642659425735,0.03892869874835014,262144.0
l_fa4_fp16,4950,0.006209918763488531,0.07203667610883713,262144.0
l_fa4_fp16,5000,0.006272298749536276,0.05074980482459068,262144.0
l_fa4_fp16,5050,0.0032566110603511333,0.050646230578422546,262144.0
l_fa4_fp16,5100,0.010110719129443169,0.05054379999637604,262144.0
l_fa4_fp16,5150,0.005632822867482901,0.0656876340508461,262144.0
l_fa4_fp16,5200,0.005178042687475681,0.056739840656518936,262144.0
l_fa4_fp16,5250,0.011016741394996643,0.21241991221904755,262144.0
l_fa4_fp16,5300,0.006293342914432287,0.04599994048476219,262144.0
l_fa4_fp16,5350,0.004636380355805159,0.05567491054534912,262144.0
l_fa4_fp16,5400,0.005988835822790861,0.054061807692050934,262144.0
l_fa4_fp16,5450,0.006782349199056625,0.05895298719406128,262144.0
l_fa4_fp16,5500,0.004913620185106993,0.060985028743743896,262144.0
l_fa4_fp16,5550,0.004776934161782265,0.040248241275548935,262144.0
l_fa4_fp16,5600,0.005370877683162689,0.0705239549279213,262144.0
l_fa4_fp16,5650,0.0054766773246228695,0.07663550972938538,262144.0
l_fa4_fp16,5700,0.004904281347990036,0.05867230147123337,262144.0
l_fa4_fp16,5750,0.004664320033043623,0.07369664311408997,262144.0
l_fa4_fp16,5800,0.005179387982934713,0.04361815005540848,262144.0
l_fa4_fp16,5850,0.005649358965456486,0.0999726727604866,262144.0
l_fa4_fp16,5900,0.004111593589186668,0.038263946771621704,262144.0
l_fa4_fp16,5950,0.005347804166376591,0.06760911643505096,262144.0
l_fa4_fp16,6000,0.003633542452007532,0.056651100516319275,524288.0
l_fa4_fp16,6050,0.0042804209515452385,0.040463633835315704,524288.0
l_fa4_fp16,6100,0.005500367842614651,0.059823114424943924,524288.0
l_fa4_fp16,6150,0.006428804248571396,0.1028122827410698,524288.0
l_fa4_fp16,6200,0.003880402073264122,0.05355408415198326,524288.0
l_fa4_fp16,6250,0.00514510041102767,0.06823130697011948,524288.0
l_fa4_fp16,6300,0.004148322157561779,0.04325399547815323,524288.0
l_fa4_fp16,6350,0.00417573656886816,0.07216370850801468,524288.0
l_fa4_fp16,6400,0.004343350883573294,0.046038996428251266,524288.0
l_fa4_fp16,6450,0.004687500186264515,0.05062366649508476,524288.0
l_fa4_fp16,6500,0.006298825144767761,0.07817087322473526,524288.0
l_fa4_fp16,6550,0.0029652416706085205,0.0454130582511425,524288.0
l_fa4_fp16,6600,0.0032328693196177483,0.02780657447874546,524288.0
l_fa4_fp16,6650,0.0030787838622927666,0.04492101073265076,524288.0
l_fa4_fp16,6700,0.0048162806779146194,0.06126485392451286,524288.0
l_fa4_fp16,6750,0.004046670626848936,0.03794548660516739,524288.0
l_fa4_fp16,6800,0.004553517326712608,0.04581747204065323,524288.0
l_fa4_fp16,6850,0.0060692643746733665,0.0811467245221138,524288.0
l_fa4_fp16,6900,0.0034550433047115803,0.04382350668311119,524288.0
l_fa4_fp16,6950,0.0037590553984045982,0.05014203116297722,524288.0
l_fa4_fp16,7000,0.0023950268514454365,0.035827167332172394,524288.0
l_fa4_fp16,7050,0.004546163138002157,0.07502524554729462,524288.0
l_fa4_fp16,7100,0.004768490791320801,0.0704069659113884,524288.0
l_fa4_fp16,7150,0.0032270594965666533,0.047081220895051956,524288.0
l_fa4_fp16,7200,0.0035902634263038635,0.025398576632142067,524288.0
l_fa4_fp16,7250,0.0035017530899494886,0.05284285545349121,524288.0
l_fa4_fp16,7300,0.003016538918018341,0.03494921699166298,524288.0
l_fa4_fp16,7350,0.00594699289649725,0.09904710203409195,524288.0
l_fa4_fp16,7400,0.004611931275576353,0.045030541718006134,524288.0
l_fa4_fp16,7450,0.003665725700557232,0.05301631614565849,524288.0
l_fa4_fp16,7500,0.002032818738371134,0.03591601923108101,524288.0
l_fa4_fp16,7550,0.004505080170929432,0.06348323076963425,524288.0
l_fa4_fp16,7600,0.0027617576997727156,0.055201444774866104,524288.0
l_fa4_fp16,7650,0.0035042993258684874,0.05322500318288803,524288.0
l_fa4_fp16,7700,0.003927167970687151,0.060936152935028076,524288.0
l_fa4_fp16,7750,0.0036755651235580444,0.05631556734442711,524288.0
l_fa4_fp16,7800,0.0034627197310328484,0.07702018320560455,524288.0
l_fa4_fp16,7850,0.004977049306035042,0.04305613413453102,524288.0
l_fa4_fp16,7900,0.004512288607656956,0.12717267870903015,524288.0
l_fa4_fp16,7950,0.0033487114124000072,0.028724346309900284,524288.0
l_fa4_fp16,8000,0.001361339120194316,0.041897524148225784,1048576.0
l_fa4_fp16,8050,0.0033104363828897476,0.08637477457523346,1048576.0
l_fa4_fp16,8100,0.0031347032636404037,0.04288380220532417,1048576.0
l_fa4_fp16,8150,0.0031107733957469463,0.05769108235836029,1048576.0
l_fa4_fp16,8200,0.0031549199484288692,0.04633799195289612,1048576.0
l_fa4_fp16,8250,0.004158892668783665,0.04362417012453079,1048576.0
l_fa4_fp16,8300,0.003154485020786524,0.04416700825095177,1048576.0
l_fa4_fp16,8350,0.0028517204336822033,0.04131338745355606,1048576.0
l_fa4_fp16,8400,0.0038621779531240463,0.03315361216664314,1048576.0
l_fa4_fp16,8450,0.0028168316930532455,0.04598474130034447,1048576.0
l_fa4_fp16,8500,0.004401657730340958,0.0425538532435894,1048576.0
l_fa4_fp16,8550,0.0026654303073883057,0.07274989038705826,1048576.0
l_fa4_fp16,8600,0.0036845537833869457,0.033495403826236725,1048576.0
l_fa4_fp16,8650,0.002811265643686056,0.035797081887722015,1048576.0
l_fa4_fp16,8700,0.005246570333838463,0.05853230878710747,1048576.0
l_fa4_fp16,8750,0.004854633938521147,0.06848488003015518,1048576.0
l_fa4_fp16,8800,0.002762725343927741,0.0327489972114563,1048576.0
l_fa4_fp16,8850,0.003139936365187168,0.0397765077650547,1048576.0
l_fa4_fp16,8900,0.0021031913347542286,0.024537166580557823,1048576.0
l_fa4_fp16,8950,0.0024454330559819937,0.028694337233901024,1048576.0
l_fa4_fp16,9000,0.003718834137544036,0.07985688000917435,1048576.0
l_fa4_fp16,9050,0.003243132494390011,0.037587087601423264,1048576.0
l_fa4_fp16,9100,0.003937297500669956,0.028545305132865906,1048576.0
l_fa4_fp16,9150,0.003749670460820198,0.02596956677734852,1048576.0
l_fa4_fp16,9200,0.004530170001089573,0.04188275337219238,1048576.0
l_fa4_fp16,9250,0.0021387210581451654,0.04579533636569977,1048576.0
l_fa4_fp16,9300,0.003134682774543762,0.03899206593632698,1048576.0
l_fa4_fp16,9350,0.0033224194776266813,0.0470832958817482,1048576.0
l_fa4_fp16,9400,0.0028525525704026222,0.031749267131090164,1048576.0
l_fa4_fp16,9450,0.002925177803263068,0.04974935203790665,1048576.0
l_fa4_fp16,9500,0.0035549781750887632,0.05135934427380562,1048576.0
l_fa4_fp16,9550,0.0033840369433164597,0.02053329534828663,1048576.0
l_fa4_fp16,9600,0.0030238055624067783,0.025635821744799614,1048576.0
l_fa4_fp16,9650,0.0017514487262815237,0.04109053313732147,1048576.0
l_fa4_fp16,9700,0.002538881730288267,0.027497736737132072,1048576.0
l_fa4_fp16,9750,0.003866240382194519,0.038453612476587296,1048576.0
l_fa4_fp16,9800,0.0021244408562779427,0.05020909011363983,1048576.0
l_fa4_fp16,9850,0.0030768271535634995,0.03965700790286064,1048576.0
l_fa4_fp16,9900,0.002184934914112091,0.032392002642154694,1048576.0
l_fa4_fp16,9950,0.0024916953407227993,0.02718060463666916,1048576.0
l_fa4_fp16,10000,0.003678468521684408,0.04490779712796211,2097152.0
l_fa4_fp16,10050,0.001596370479092002,0.025499552488327026,2097152.0
l_fa4_fp16,10100,0.0027534491382539272,0.03907919302582741,2097152.0
l_fa4_fp16,10150,0.0026532025076448917,0.03224793076515198,2097152.0
l_fa4_fp16,10200,0.003243502927944064,0.03728879615664482,2097152.0
l_fa4_fp16,10250,0.003133010119199753,0.06927946954965591,2097152.0
l_fa4_fp16,10300,0.003956287633627653,0.02800479345023632,2097152.0
l_fa4_fp16,10350,0.003503244835883379,0.03782516345381737,2097152.0
l_fa4_fp16,10400,0.0043562124483287334,0.05247600004076958,2097152.0
l_fa4_fp16,10450,0.002882931148633361,0.033436425030231476,2097152.0
l_fa4_fp16,10500,0.0016107739647850394,0.017882706597447395,2097152.0
l_fa4_fp16,10550,0.0023792085703462362,0.06061548739671707,2097152.0
l_fa4_fp16,10600,0.002605801448225975,0.020652953535318375,2097152.0
l_fa4_fp16,10650,0.00185955164488405,0.03014364279806614,2097152.0
l_fa4_fp16,10700,0.0022537794429808855,0.03067455068230629,2097152.0
l_fa4_fp16,10750,0.0022359772119671106,0.035191938281059265,2097152.0
l_fa4_fp16,10800,0.0027504856698215008,0.026620665565133095,2097152.0
l_fa4_fp16,10850,0.0029326099902391434,0.05568204075098038,2097152.0
l_fa4_fp16,10900,0.0021097855642437935,0.02415025793015957,2097152.0
l_fa4_fp16,10950,0.0014813977759331465,0.02629067189991474,2097152.0
l_fa4_fp16,11000,0.002541686873883009,0.024969976395368576,2097152.0
l_fa4_fp16,11050,0.003098728833720088,0.043929532170295715,2097152.0
l_fa4_fp16,11100,0.00261634006164968,0.13138321042060852,2097152.0
l_fa4_fp16,11150,0.0018141788896173239,0.021237792447209358,2097152.0
l_fa4_fp16,11200,0.0017761364579200745,0.02687513455748558,2097152.0
l_fa4_fp16,11250,0.0016903256764635444,0.03472837805747986,2097152.0
l_fa4_fp16,11300,0.002327924594283104,0.04499168321490288,2097152.0
l_fa4_fp16,11350,0.002811010926961899,0.025969114154577255,2097152.0
l_fa4_fp16,11400,0.0016858078306540847,0.01998000778257847,2097152.0
l_fa4_fp16,11450,0.0027530137449502945,0.027946170419454575,2097152.0
l_fa4_fp16,11500,0.003002702724188566,0.04938046261668205,2097152.0
l_fa4_fp16,11550,0.002616820391267538,0.029254356399178505,2097152.0
l_fa4_fp16,11600,0.001738577033393085,0.04221836477518082,2097152.0
l_fa4_fp16,11650,0.002014460973441601,0.04160182178020477,2097152.0
l_fa4_fp16,11700,0.002584672998636961,0.062369558960199356,2097152.0
l_fa4_fp16,11750,0.002087557455524802,0.052821602672338486,2097152.0
l_fa4_fp16,11800,0.001926973694935441,0.021764349192380905,2097152.0
l_fa4_fp16,11850,0.0023222658783197403,0.025339648127555847,2097152.0
l_fa4_fp16,11900,0.0030540339648723602,0.030775269493460655,2097152.0
l_fa4_fp16,11950,0.001809945097193122,0.03289104998111725,2097152.0
l_fa4_fp16,12000,0.0013840588508173823,0.028724538162350655,4194304.0
l_fa4_fp16,12050,0.002140372758731246,0.04129999503493309,4194304.0
l_fa4_fp16,12100,0.0014631550293415785,0.04909634217619896,4194304.0
l_fa4_fp16,12150,0.002646426437422633,0.02030658721923828,4194304.0
l_fa4_fp16,12200,0.003249925561249256,0.0368034802377224,4194304.0
l_fa4_fp16,12250,0.0014720833860337734,0.02065776288509369,4194304.0
l_fa4_fp16,12300,0.002303535118699074,0.04552878066897392,4194304.0
l_fa4_fp16,12350,0.0010833414271473885,0.02342524752020836,4194304.0
l_fa4_fp16,12400,0.0022609350271523,0.02950459159910679,4194304.0
l_fa4_fp16,12450,0.0026265005581080914,0.03942369297146797,4194304.0
l_fa4_fp16,12500,0.0015301322564482689,0.06396903842687607,4194304.0
l_fa4_fp16,12550,0.0028217255603522062,0.024964589625597,4194304.0
l_fa4_fp16,12600,0.0016407482326030731,0.025590406730771065,4194304.0
l_fa4_fp16,12650,0.0014465585118159652,0.018363064154982567,4194304.0
l_fa4_fp16,12700,0.0020921071991324425,0.02522575855255127,4194304.0
l_fa4_fp16,12750,0.0018088940996676683,0.021296510472893715,4194304.0
l_fa4_fp16,12800,0.0020115398801863194,0.047648023813962936,4194304.0
l_fa4_fp16,12850,0.0013927449472248554,0.02943386882543564,4194304.0
l_fa4_fp16,12900,0.00246751238591969,0.039308734238147736,4194304.0
l_fa4_fp16,12950,0.003177367150783539,0.06469844281673431,4194304.0
l_fa4_fp16,13000,0.0022857084404677153,0.05723760649561882,4194304.0
l_fa4_fp16,13050,0.002214266685768962,0.013591138646006584,4194304.0
l_fa4_fp16,13100,0.002254075137898326,0.05232314020395279,4194304.0
l_fa4_fp16,13150,0.0028371333610266447,0.04953616484999657,4194304.0
l_fa4_fp16,13200,0.0011949772015213966,0.0180503036826849,4194304.0
l_fa4_fp16,13250,0.001170624978840351,0.0140335438773036,4194304.0
l_fa4_fp16,13300,0.0015754352789372206,0.04054500162601471,4194304.0
l_fa4_fp16,13350,0.0018020368879660964,0.020324567332863808,4194304.0
l_fa4_fp16,13400,0.00235598161816597,0.046217795461416245,4194304.0
l_fa4_fp16,13450,0.0015690415166318417,0.038856860250234604,4194304.0
l_fa4_fp16,13500,0.00173628656193614,0.016431093215942383,4194304.0
l_fa4_fp16,13550,0.0015012978110462427,0.02532963827252388,4194304.0
l_fa4_fp16,13600,0.0014812685549259186,0.031362906098365784,4194304.0
l_fa4_fp16,13650,0.0022780168801546097,0.02321309968829155,4194304.0
l_fa4_fp16,13700,0.00157481012865901,0.045836400240659714,4194304.0
l_fa4_fp16,13750,0.0018918681889772415,0.035919927060604095,4194304.0
l_fa4_fp16,13800,0.0010386421345174313,0.023174380883574486,4194304.0
l_fa4_fp16,13850,0.0012212268775328994,0.024664023891091347,4194304.0
l_fa4_fp16,13900,0.001545978244394064,0.01791948638856411,4194304.0
l_fa4_fp16,13950,0.001183400396257639,0.014141722582280636,4194304.0
l_fa4_fp16,14000,0.001614837790839374,0.03812156617641449,8388608.0
l_fa4_fp16,14050,0.0018920436268672347,0.022367507219314575,8388608.0
l_fa4_fp16,14100,0.0016010997351258993,0.04908614233136177,8388608.0
l_fa4_fp16,14150,0.0017840055515989661,0.02258629910647869,8388608.0
l_fa4_fp16,14200,0.0017604746390134096,0.03284600377082825,8388608.0
l_fa4_fp16,14250,0.0016294058877974749,0.023583941161632538,8388608.0
l_fa4_fp16,14300,0.0026787896640598774,0.04622655734419823,8388608.0
l_fa4_fp16,14350,0.0018151253461837769,0.033342912793159485,8388608.0
l_fa4_fp16,14400,0.002134821144863963,0.02588694915175438,8388608.0
l_fa4_fp16,14450,0.0013500440400093794,0.030718417838215828,8388608.0
l_fa4_fp16,14500,0.0024939298164099455,0.0239406730979681,8388608.0
l_fa4_fp16,14550,0.0022720328997820616,0.021784083917737007,8388608.0
l_fa4_fp16,14600,0.0013602229300886393,0.025273500010371208,8388608.0
l_fa4_fp16,14650,0.0024658851325511932,0.024381695315241814,8388608.0
l_fa4_fp16,14700,0.0007682959549129009,0.030774574726819992,8388608.0
l_fa4_fp16,14750,0.002130205277353525,0.018516024574637413,8388608.0
l_fa4_fp16,14800,0.0014813154703006148,0.02027718909084797,8388608.0
l_fa4_fp16,14850,0.001609288388863206,0.025565309450030327,4194304.0
l_fa4_fp16,14900,0.0013517108745872974,0.021292267367243767,4194304.0
l_fa4_fp16,14950,0.0010051799472421408,0.029917366802692413,4194304.0
l_fa4_fp16,15000,0.0010806850623339415,0.048587292432785034,4194304.0
l_fa4_fp16,15050,0.0016473563155159354,0.01997060887515545,4194304.0
l_fa4_fp16,15100,0.0018642869545146823,0.01896785758435726,4194304.0
l_fa4_fp16,15150,0.0013902713544666767,0.020709775388240814,4194304.0
l_fa4_fp16,15200,0.0012636746978387237,0.02413286827504635,4194304.0
l_fa4_fp16,15250,0.0011212000390514731,0.023998059332370758,4194304.0
l_fa4_fp16,15300,0.0013243292924016714,0.042920805513858795,4194304.0
l_fa4_fp16,15350,0.0016223709098994732,0.027945328503847122,4194304.0
l_fa4_fp16,15400,0.0012918796855956316,0.019390014931559563,4194304.0
l_fa4_fp16,15450,0.0017224678304046392,0.02585785649716854,4194304.0
l_fa4_fp16,15500,0.0012169771362096071,0.021901944652199745,4194304.0
l_fa4_fp16,15550,0.001459748251363635,0.028838636353611946,4194304.0
l_fa4_fp16,15600,0.0018068024655804038,0.02876477688550949,4194304.0
l_fa4_fp16,15650,0.0019934067968279123,0.03554648533463478,4194304.0
l_fa4_fp16,15700,0.0010411386610940099,0.02923148311674595,4194304.0
l_fa4_fp16,15750,0.0013785846531391144,0.02379671297967434,4194304.0
l_fa4_fp16,15800,0.0015678399940952659,0.05653718486428261,4194304.0
l_fa4_fp16,15850,0.0008617624407634139,0.018271850422024727,4194304.0
l_fa4_fp16,15900,0.0016300756251439452,0.02402728982269764,4194304.0
l_fa4_fp16,15950,0.0010889319237321615,0.02671893872320652,4194304.0
l_fa4_fp16,16000,0.0015783630078658462,0.022496910765767097,4194304.0
l_fa4_fp16,16050,0.0017744939541444182,0.0256113912910223,4194304.0
l_fa4_fp16,16100,0.001245566876605153,0.02657371759414673,4194304.0
l_fa4_fp16,16150,0.0014615205582231283,0.02281157672405243,4194304.0
l_fa4_fp16,16200,0.0011432035826146603,0.024313349276781082,4194304.0
l_fa4_fp16,16250,0.0019193720072507858,0.0361957773566246,4194304.0
l_fa4_fp16,16300,0.0011223247274756432,0.0176610816270113,4194304.0
l_fa4_fp16,16350,0.0010486830724403262,0.03414324298501015,4194304.0
l_fa4_fp16,16400,0.0013310534413903952,0.028461262583732605,4194304.0
l_fa4_fp16,16450,0.0006962764891795814,0.009582938626408577,4194304.0
l_fa4_fp16,16500,0.0007798811420798302,0.01760479062795639,4194304.0
l_fa4_fp16,16550,0.0013078832998871803,0.0180060938000679,4194304.0
l_fa4_fp16,16600,0.0014347878750413656,0.022556811571121216,4194304.0
l_fa4_fp16,16650,0.000982453697361052,0.017538484185934067,4194304.0
l_fa4_fp16,16700,0.001611185958608985,0.027788816019892693,4194304.0
l_fa4_fp16,16750,0.0018595511792227626,0.04426805302500725,4194304.0
l_fa4_fp16,16800,0.000860169529914856,0.017822636291384697,4194304.0
l_fa4_fp16,16850,0.0016108984127640724,0.024473773315548897,8388608.0
l_fa4_fp16,16900,0.0013207150623202324,0.027935132384300232,8388608.0
l_fa4_fp16,16950,0.0023167391773313284,inf,4194304.0
l_fa4_fp16,17000,0.0015612123534083366,0.01739681325852871,4194304.0
l_fa4_fp16,17050,0.0009901202283799648,0.016804663464426994,4194304.0
l_fa4_fp16,17100,0.0005206320784054697,0.010979212820529938,4194304.0
l_fa4_fp16,17150,0.001414095051586628,0.05530829727649689,4194304.0
l_fa4_fp16,17200,0.0013535264879465103,0.012396019883453846,4194304.0
l_fa4_fp16,17250,0.001253681257367134,0.0212989654392004,4194304.0
l_fa4_fp16,17300,0.0012982247862964869,0.024279363453388214,4194304.0
l_fa4_fp16,17350,0.0011991732753813267,0.024732859805226326,4194304.0
l_fa4_fp16,17400,0.0012841708958148956,0.03255963698029518,4194304.0
l_fa4_fp16,17450,0.0015872800722718239,0.02032768726348877,4194304.0
l_fa4_fp16,17500,0.00107753265183419,0.031160950660705566,4194304.0
l_fa4_fp16,17550,0.0014385271351784468,0.03546477481722832,4194304.0
l_fa4_fp16,17600,0.001595328445546329,0.03460177779197693,4194304.0
l_fa4_fp16,17650,0.00128852017223835,0.03889966383576393,4194304.0
l_fa4_fp16,17700,0.0013753052335232496,0.031036293134093285,4194304.0
l_fa4_fp16,17750,0.0012276115594431758,0.026750104501843452,4194304.0
l_fa4_fp16,17800,0.0012956198770552874,0.02555818296968937,4194304.0
l_fa4_fp16,17850,0.0008963862783275545,0.023908060044050217,4194304.0
l_fa4_fp16,17900,0.0008641040185466409,0.01849997416138649,4194304.0
l_fa4_fp16,17950,0.0013377958675846457,0.01478649489581585,4194304.0
l_fa4_fp16,18000,0.0013257323298603296,0.027717173099517822,4194304.0
l_fa4_fp16,18050,0.0017762500792741776,0.04354425147175789,4194304.0
l_fa4_fp16,18100,0.0011374482419341803,0.023546844720840454,4194304.0
l_fa4_fp16,18150,0.0012746737338602543,0.012659532949328423,4194304.0
l_fa4_fp16,18200,0.0011573752854019403,0.017559822648763657,4194304.0
l_fa4_fp16,18250,0.0010286597535014153,0.01588023640215397,4194304.0
l_fa4_fp16,18300,0.001278809504583478,0.0186294037848711,4194304.0
l_fa4_fp16,18350,0.0011206618510186672,0.01847340539097786,4194304.0
l_fa4_fp16,18400,0.0007938676280900836,0.03831995651125908,4194304.0
l_fa4_fp16,18450,0.0016063660150393844,0.020656047388911247,4194304.0
l_fa4_fp16,18500,0.001006787526421249,0.031610194593667984,4194304.0
l_fa4_fp16,18550,0.0010683558648452163,0.01942652277648449,4194304.0
l_fa4_fp16,18600,0.00168990483507514,0.016163671389222145,4194304.0
l_fa4_fp16,18650,0.0008133125375024974,0.012525343336164951,4194304.0
l_fa4_fp16,18700,0.0012335081119090319,0.029436776414513588,4194304.0
l_fa4_fp16,18750,0.000987890874966979,0.014370395801961422,4194304.0
l_fa4_fp16,18800,0.0011625958140939474,0.02331496961414814,4194304.0
l_fa4_fp16,18850,0.0008642575703561306,0.02093714289367199,4194304.0
l_fa4_fp16,18900,0.0008662709733471274,0.018008138984441757,4194304.0
l_fa4_fp16,18950,0.0008784520323388278,0.01587303727865219,8388608.0
l_fa4_fp16,19000,0.001604698016308248,0.01826322264969349,8388608.0
l_fa4_fp16,19050,0.0010167531436309218,0.03162822872400284,8388608.0
l_fa4_fp16,19100,0.001098446431569755,0.0236999299377203,8388608.0
l_fa4_fp16,19150,0.0010210128966718912,0.019642986357212067,8388608.0
l_fa4_fp16,19200,0.0011394117027521133,0.0109537523239851,8388608.0
l_fa4_fp16,19250,0.0010078897466883063,0.012105494737625122,8388608.0
l_fa4_fp16,19300,0.0008427551947534084,0.016853243112564087,8388608.0
l_fa4_fp16,19350,0.001203466090373695,0.014234120957553387,8388608.0
l_fa4_fp16,19400,0.0011438028886914253,0.01357800792902708,8388608.0
l_fa4_fp16,19450,0.0007949440623633564,0.011473010294139385,8388608.0
l_fa4_fp16,19500,0.0008807207341305912,0.012975345365703106,8388608.0
l_fa4_fp16,19550,0.0009860314894467592,0.03392518684267998,8388608.0
l_fa4_fp16,19600,0.0014478586381301284,0.04950709640979767,8388608.0
l_fa4_fp16,19650,0.0011749498080462217,0.009573644027113914,8388608.0
l_fa4_fp16,19700,0.0013411234831437469,0.023440463468432426,8388608.0
l_fa4_fp16,19750,0.0006434698589146137,0.022811654955148697,8388608.0
l_fa4_fp16,19800,0.0012052537640556693,0.03930282220244408,8388608.0
l_fa4_fp16,19850,0.0010448961984366179,0.031486447900533676,8388608.0
l_fa4_fp16,19900,0.0010162333492189646,0.010311631485819817,8388608.0
l_fa4_fp16,19950,0.0011676482390612364,0.054562412202358246,8388608.0
l_fa4_fp16,20000,0.0009282001992687583,0.013067555613815784,8388608.0
l_kohakufa_bf16,50,1.4920772314071655,0.20106300711631775,1.0
l_kohakufa_bf16,100,0.730597198009491,0.5138393044471741,1.0
l_kohakufa_bf16,150,0.37410956621170044,0.40543609857559204,1.0
l_kohakufa_bf16,200,0.3106798827648163,0.42076313495635986,1.0
l_kohakufa_bf16,250,0.23937657475471497,0.26693251729011536,1.0
l_kohakufa_bf16,300,0.1649431586265564,0.4721856117248535,1.0
l_kohakufa_bf16,350,0.148920476436615,0.20660999417304993,1.0
l_kohakufa_bf16,400,0.11701847612857819,0.625868558883667,1.0
l_kohakufa_bf16,450,0.11217629909515381,0.14506544172763824,1.0
l_kohakufa_bf16,500,0.09097125381231308,0.2760898172855377,1.0
l_kohakufa_bf16,550,0.11979518830776215,0.42236965894699097,1.0
l_kohakufa_bf16,600,0.08713036775588989,0.15437091886997223,1.0
l_kohakufa_bf16,650,0.08385135978460312,0.20782089233398438,1.0
l_kohakufa_bf16,700,0.0815100148320198,0.3005095422267914,1.0
l_kohakufa_bf16,750,0.05439179390668869,0.31130874156951904,1.0
l_kohakufa_bf16,800,0.04690723866224289,0.09494847059249878,1.0
l_kohakufa_bf16,850,0.06724879890680313,0.16881944239139557,1.0
l_kohakufa_bf16,900,0.05961073935031891,0.3090744614601135,1.0
l_kohakufa_bf16,950,0.06560029834508896,0.14209316670894623,1.0
l_kohakufa_bf16,1000,0.05265147611498833,0.1340309977531433,1.0
l_kohakufa_bf16,1050,0.05808605998754501,0.20290149748325348,1.0
l_kohakufa_bf16,1100,0.050389599055051804,0.25606468319892883,1.0
l_kohakufa_bf16,1150,0.053784310817718506,0.21906566619873047,1.0
l_kohakufa_bf16,1200,0.04370995610952377,0.09727297723293304,1.0
l_kohakufa_bf16,1250,0.04617572948336601,0.28140103816986084,1.0
l_kohakufa_bf16,1300,0.04268525540828705,0.2003406584262848,1.0
l_kohakufa_bf16,1350,0.04899076372385025,0.16757731139659882,1.0
l_kohakufa_bf16,1400,0.03014237806200981,0.13707244396209717,1.0
l_kohakufa_bf16,1450,0.030462641268968582,0.15910516679286957,1.0
l_kohakufa_bf16,1500,0.04100882634520531,0.1819194108247757,1.0
l_kohakufa_bf16,1550,0.04670753329992294,0.1359638273715973,1.0
l_kohakufa_bf16,1600,0.0332464799284935,0.1410251408815384,1.0
l_kohakufa_bf16,1650,0.022367030382156372,0.23171742260456085,1.0
l_kohakufa_bf16,1700,0.03179745003581047,0.10495056957006454,1.0
l_kohakufa_bf16,1750,0.02552524022758007,0.11607733368873596,1.0
l_kohakufa_bf16,1800,0.015190202742815018,0.11917608976364136,1.0
l_kohakufa_bf16,1850,0.03276686742901802,0.15917199850082397,1.0
l_kohakufa_bf16,1900,0.02117813378572464,0.1867699772119522,1.0
l_kohakufa_bf16,1950,0.01858057826757431,0.1894589066505432,1.0
l_kohakufa_bf16,2000,0.025078170001506805,0.10655831545591354,1.0
l_kohakufa_bf16,2050,0.026813030242919922,0.08367986232042313,1.0
l_kohakufa_bf16,2100,0.018866639584302902,0.11320573091506958,1.0
l_kohakufa_bf16,2150,0.02156599424779415,0.11995935440063477,1.0
l_kohakufa_bf16,2200,0.02464873716235161,0.1242060512304306,1.0
l_kohakufa_bf16,2250,0.014008654281497002,0.1265108585357666,1.0
l_kohakufa_bf16,2300,0.020417161285877228,0.24718379974365234,1.0
l_kohakufa_bf16,2350,0.018520090728998184,0.16476988792419434,1.0
l_kohakufa_bf16,2400,0.014782654121518135,0.10389044880867004,1.0
l_kohakufa_bf16,2450,0.02393413707613945,0.20689740777015686,1.0
l_kohakufa_bf16,2500,0.01621401123702526,0.19526025652885437,1.0
l_kohakufa_bf16,2550,0.019115930423140526,0.134887233376503,1.0
l_kohakufa_bf16,2600,0.0160716213285923,0.17636889219284058,1.0
l_kohakufa_bf16,2650,0.011667503975331783,0.089870385825634,1.0
l_kohakufa_bf16,2700,0.012166418135166168,0.18277619779109955,1.0
l_kohakufa_bf16,2750,0.013900751248002052,0.17729033529758453,1.0
l_kohakufa_bf16,2800,0.014027483761310577,0.08631546050310135,1.0
l_kohakufa_bf16,2850,0.012135039083659649,0.098113514482975,1.0
l_kohakufa_bf16,2900,0.01933109760284424,0.10724130272865295,1.0
l_kohakufa_bf16,2950,0.012453100644052029,0.10616523027420044,1.0
l_kohakufa_bf16,3000,0.008164115250110626,0.08933480829000473,1.0
l_kohakufa_bf16,3050,0.013252802193164825,0.08352497220039368,1.0
l_kohakufa_bf16,3100,0.013627447187900543,0.17381839454174042,1.0
l_kohakufa_bf16,3150,0.010697106830775738,0.08072695136070251,1.0
l_kohakufa_bf16,3200,0.013526912778615952,0.08758778870105743,1.0
l_kohakufa_bf16,3250,0.007559526711702347,0.11123665422201157,1.0
l_kohakufa_bf16,3300,0.007753654383122921,0.05565568804740906,1.0
l_kohakufa_bf16,3350,0.008983440697193146,0.13579106330871582,1.0
l_kohakufa_bf16,3400,0.010541497729718685,0.0843513160943985,1.0
l_kohakufa_bf16,3450,0.006091028451919556,0.07352633029222488,1.0
l_kohakufa_bf16,3500,0.009008064866065979,0.07796884328126907,1.0
l_kohakufa_bf16,3550,0.014293181709945202,0.27186036109924316,1.0
l_kohakufa_bf16,3600,0.009478623978793621,0.08062415570020676,1.0
l_kohakufa_bf16,3650,0.011287379078567028,0.0867249146103859,1.0
l_kohakufa_bf16,3700,0.004930183757096529,0.06627272069454193,1.0
l_kohakufa_bf16,3750,0.006418648175895214,0.08910016715526581,1.0
l_kohakufa_bf16,3800,0.011057889088988304,0.09843222051858902,1.0
l_kohakufa_bf16,3850,0.01191900297999382,0.11886205524206161,1.0
l_kohakufa_bf16,3900,0.00856800377368927,0.088930644094944,1.0
l_kohakufa_bf16,3950,0.005075101740658283,0.040671829134225845,1.0
l_kohakufa_bf16,4000,0.00830113049596548,0.05658358708024025,1.0
l_kohakufa_bf16,4050,0.0061132637783885,0.07484480738639832,1.0
l_kohakufa_bf16,4100,0.01235872320830822,0.06973408907651901,1.0
l_kohakufa_bf16,4150,0.009801797568798065,0.046436648815870285,1.0
l_kohakufa_bf16,4200,0.006657577119767666,0.06445562094449997,1.0
l_kohakufa_bf16,4250,0.00638813991099596,0.08077878504991531,1.0
l_kohakufa_bf16,4300,0.007084367331117392,0.08572506904602051,1.0
l_kohakufa_bf16,4350,0.007747035473585129,0.08368651568889618,1.0
l_kohakufa_bf16,4400,0.005416251718997955,0.04395731911063194,1.0
l_kohakufa_bf16,4450,0.007204090710729361,0.053039100021123886,1.0
l_kohakufa_bf16,4500,0.0068159401416778564,0.1072172150015831,1.0
l_kohakufa_bf16,4550,0.01237475872039795,0.06987238675355911,1.0
l_kohakufa_bf16,4600,0.004941978957504034,0.06041937321424484,1.0
l_kohakufa_bf16,4650,0.0071280039846897125,0.05007897689938545,1.0
l_kohakufa_bf16,4700,0.010146276094019413,0.08313452452421188,1.0
l_kohakufa_bf16,4750,0.007766802795231342,0.0969555601477623,1.0
l_kohakufa_bf16,4800,0.011327771469950676,0.08952096104621887,1.0
l_kohakufa_bf16,4850,0.008583445101976395,0.07120423018932343,1.0
l_kohakufa_bf16,4900,0.006382987834513187,0.05755368247628212,1.0
l_kohakufa_bf16,4950,0.00589655851945281,0.05909644812345505,1.0
l_kohakufa_bf16,5000,0.006511058658361435,0.051658518612384796,1.0
l_kohakufa_bf16,5050,0.003717783372849226,0.08486413955688477,1.0
l_kohakufa_bf16,5100,0.010210834443569183,0.05158628150820732,1.0
l_kohakufa_bf16,5150,0.006164373364299536,0.07303805649280548,1.0
l_kohakufa_bf16,5200,0.005244869273155928,0.05100526288151741,1.0
l_kohakufa_bf16,5250,0.008937621489167213,0.08073028177022934,1.0
l_kohakufa_bf16,5300,0.00655215373262763,0.06357157230377197,1.0
l_kohakufa_bf16,5350,0.004644608125090599,0.06033089756965637,1.0
l_kohakufa_bf16,5400,0.006000136490911245,0.0411340594291687,1.0
l_kohakufa_bf16,5450,0.007056177593767643,0.07272471487522125,1.0
l_kohakufa_bf16,5500,0.005301558878272772,0.07720042765140533,1.0
l_kohakufa_bf16,5550,0.004914755001664162,0.053031884133815765,1.0
l_kohakufa_bf16,5600,0.005793962627649307,0.09205777198076248,1.0
l_kohakufa_bf16,5650,0.005348583217710257,0.06253404170274734,1.0
l_kohakufa_bf16,5700,0.0048532248474657536,0.0419715978205204,1.0
l_kohakufa_bf16,5750,0.004281656816601753,0.041706934571266174,1.0
l_kohakufa_bf16,5800,0.0057560745626688,0.08034608513116837,1.0
l_kohakufa_bf16,5850,0.004706761334091425,0.05229567736387253,1.0
l_kohakufa_bf16,5900,0.005025126039981842,0.07011984288692474,1.0
l_kohakufa_bf16,5950,0.0050134966149926186,0.033435408025979996,1.0
l_kohakufa_bf16,6000,0.0031259970273822546,0.0557890310883522,1.0
l_kohakufa_bf16,6050,0.004787053447216749,0.08471125364303589,1.0
l_kohakufa_bf16,6100,0.005414576735347509,0.0410047210752964,1.0
l_kohakufa_bf16,6150,0.006130760069936514,0.06203019246459007,1.0
l_kohakufa_bf16,6200,0.004140955861657858,0.05399511009454727,1.0
l_kohakufa_bf16,6250,0.005337090231478214,0.06789027899503708,1.0
l_kohakufa_bf16,6300,0.0044559817761182785,0.056507136672735214,1.0
l_kohakufa_bf16,6350,0.003947765100747347,0.034813664853572845,1.0
l_kohakufa_bf16,6400,0.005082373972982168,0.09633851796388626,1.0
l_kohakufa_bf16,6450,0.005533161573112011,0.10659266263246536,1.0
l_kohakufa_bf16,6500,0.005824068561196327,0.04859839379787445,1.0
l_kohakufa_bf16,6550,0.003084658645093441,0.04622747004032135,1.0
l_kohakufa_bf16,6600,0.0034635900519788265,0.030907878652215004,1.0
l_kohakufa_bf16,6650,0.0032095022033900023,0.04267805442214012,1.0
l_kohakufa_bf16,6700,0.004487992264330387,0.03808875381946564,1.0
l_kohakufa_bf16,6750,0.004240823909640312,0.05262527987360954,1.0
l_kohakufa_bf16,6800,0.005008333828300238,0.08230027556419373,1.0
l_kohakufa_bf16,6850,0.0060249147936701775,0.07387878000736237,1.0
l_kohakufa_bf16,6900,0.003780122846364975,0.07125692069530487,1.0
l_kohakufa_bf16,6950,0.004461823962628841,0.04792211949825287,1.0
l_kohakufa_bf16,7000,0.0025515889283269644,0.04765431582927704,1.0
l_kohakufa_bf16,7050,0.004562314134091139,0.061999350786209106,1.0
l_kohakufa_bf16,7100,0.005392241757363081,0.10697083920240402,1.0
l_kohakufa_bf16,7150,0.003525293432176113,0.06694460660219193,1.0
l_kohakufa_bf16,7200,0.003802180988714099,0.04156877100467682,1.0
l_kohakufa_bf16,7250,0.0035151983611285686,0.04666741564869881,1.0
l_kohakufa_bf16,7300,0.003094873856753111,0.021998338401317596,1.0
l_kohakufa_bf16,7350,0.005927096586674452,0.06465024501085281,1.0
l_kohakufa_bf16,7400,0.0047486312687397,0.054959043860435486,1.0
l_kohakufa_bf16,7450,0.0036431695334613323,0.04067565128207207,1.0
l_kohakufa_bf16,7500,0.0021554718259721994,0.04512912780046463,1.0
l_kohakufa_bf16,7550,0.005210421048104763,0.10813499242067337,1.0
l_kohakufa_bf16,7600,0.002685826038941741,0.019282063469290733,1.0
l_kohakufa_bf16,7650,0.003777293022722006,0.059999626129865646,1.0
l_kohakufa_bf16,7700,0.0038391510024666786,0.025201400741934776,1.0
l_kohakufa_bf16,7750,0.003821891499683261,0.04968387633562088,1.0
l_kohakufa_bf16,7800,0.0032210471108555794,0.050746724009513855,1.0
l_kohakufa_bf16,7850,0.00514987064525485,0.03311922028660774,1.0
l_kohakufa_bf16,7900,0.004836863838136196,0.08362595736980438,1.0
l_kohakufa_bf16,7950,0.0035348236560821533,0.031927041709423065,1.0
l_kohakufa_bf16,8000,0.0016854054993018508,0.053464375436306,1.0
l_kohakufa_bf16,8050,0.003244916908442974,0.06703553348779678,1.0
l_kohakufa_bf16,8100,0.0032621189020574093,0.053052015602588654,1.0
l_kohakufa_bf16,8150,0.0036448300816118717,0.10007552802562714,1.0
l_kohakufa_bf16,8200,0.0032459842041134834,0.03400323539972305,1.0
l_kohakufa_bf16,8250,0.004148928448557854,0.04396674036979675,1.0
l_kohakufa_bf16,8300,0.0034413663670420647,0.04853220283985138,1.0
l_kohakufa_bf16,8350,0.00286073493771255,0.03744680806994438,1.0
l_kohakufa_bf16,8400,0.0041010500863194466,0.04108833521604538,1.0
l_kohakufa_bf16,8450,0.0029031415469944477,0.050365544855594635,1.0
l_kohakufa_bf16,8500,0.004674186464399099,0.05320226773619652,1.0
l_kohakufa_bf16,8550,0.0032078647054731846,0.09304913878440857,1.0
l_kohakufa_bf16,8600,0.0038257173728197813,0.03143472597002983,1.0
l_kohakufa_bf16,8650,0.0031042490154504776,0.038415875285863876,1.0
l_kohakufa_bf16,8700,0.005232019349932671,0.05007968097925186,1.0
l_kohakufa_bf16,8750,0.004709181375801563,0.04443354532122612,1.0
l_kohakufa_bf16,8800,0.002887217327952385,0.04571675881743431,1.0
l_kohakufa_bf16,8850,0.0032740365713834763,0.047941211611032486,1.0
l_kohakufa_bf16,8900,0.00230903341434896,0.027914471924304962,1.0
l_kohakufa_bf16,8950,0.002441368531435728,0.03094872273504734,1.0
l_kohakufa_bf16,9000,0.003550139255821705,0.035445667803287506,1.0
l_kohakufa_bf16,9050,0.0032760417088866234,0.026552755385637283,1.0
l_kohakufa_bf16,9100,0.004159603267908096,0.04277052357792854,1.0
l_kohakufa_bf16,9150,0.004172629211097956,0.038794487714767456,1.0
l_kohakufa_bf16,9200,0.004650337155908346,0.03420032188296318,1.0
l_kohakufa_bf16,9250,0.001953120343387127,0.03204498440027237,1.0
l_kohakufa_bf16,9300,0.003529191482812166,0.04361812770366669,1.0
l_kohakufa_bf16,9350,0.0033012651838362217,0.033210285007953644,1.0
l_kohakufa_bf16,9400,0.0030053402297198772,0.042336784303188324,1.0
l_kohakufa_bf16,9450,0.002725789789110422,0.023945974186062813,1.0
l_kohakufa_bf16,9500,0.0038926908746361732,0.0489068366587162,1.0
l_kohakufa_bf16,9550,0.003425941802561283,0.030976084992289543,1.0
l_kohakufa_bf16,9600,0.003229440888389945,0.03442272171378136,1.0
l_kohakufa_bf16,9650,0.0016854554414749146,0.027405712753534317,1.0
l_kohakufa_bf16,9700,0.0028648998122662306,0.04859362170100212,1.0
l_kohakufa_bf16,9750,0.003934178501367569,0.046943407505750656,1.0
l_kohakufa_bf16,9800,0.002156942617148161,0.03982984274625778,1.0
l_kohakufa_bf16,9850,0.003189333248883486,0.0393066368997097,1.0
l_kohakufa_bf16,9900,0.0023383316583931446,0.03950396925210953,1.0
l_kohakufa_bf16,9950,0.0026724243070930243,0.0366794727742672,1.0
l_kohakufa_bf16,10000,0.0037939343601465225,0.0300796739757061,1.0
l_kohakufa_bf16,10050,0.0017408713465556502,0.03793982416391373,1.0
l_kohakufa_bf16,10100,0.002630818635225296,0.025443222373723984,1.0
l_kohakufa_bf16,10150,0.002993797417730093,0.05165471136569977,1.0
l_kohakufa_bf16,10200,0.003547267522662878,0.04536733776330948,1.0
l_kohakufa_bf16,10250,0.0031326308380812407,0.04158793389797211,1.0
l_kohakufa_bf16,10300,0.004211371764540672,0.04582560807466507,1.0
l_kohakufa_bf16,10350,0.0037238034419715405,0.043645475059747696,1.0
l_kohakufa_bf16,10400,0.004548592958599329,0.0527314618229866,1.0
l_kohakufa_bf16,10450,0.002999740419909358,0.029135555028915405,1.0
l_kohakufa_bf16,10500,0.0018208632245659828,0.03588919714093208,1.0
l_kohakufa_bf16,10550,0.0025054875295609236,0.07696008682250977,1.0
l_kohakufa_bf16,10600,0.0027487182524055243,0.024093782529234886,1.0
l_kohakufa_bf16,10650,0.0019206672441214323,0.028274618089199066,1.0
l_kohakufa_bf16,10700,0.00230960501357913,0.022361326962709427,1.0
l_kohakufa_bf16,10750,0.002329643350094557,0.025867963209748268,1.0
l_kohakufa_bf16,10800,0.003254898823797703,0.04346020892262459,1.0
l_kohakufa_bf16,10850,0.002811875194311142,0.03819160535931587,1.0
l_kohakufa_bf16,10900,0.002192592713981867,0.02433127909898758,1.0
l_kohakufa_bf16,10950,0.0016090644057840109,0.044597357511520386,1.0
l_kohakufa_bf16,11000,0.002724390011280775,0.026929045096039772,1.0
l_kohakufa_bf16,11050,0.0036064486484974623,0.0860055685043335,1.0
l_kohakufa_bf16,11100,0.0014915590872988105,0.03704651817679405,1.0
l_kohakufa_bf16,11150,0.002059795893728733,0.044229574501514435,1.0
l_kohakufa_bf16,11200,0.0017790384590625763,0.02261124923825264,1.0
l_kohakufa_bf16,11250,0.0017976835370063782,0.027483753859996796,1.0
l_kohakufa_bf16,11300,0.0021343750413507223,0.035950738936662674,1.0
l_kohakufa_bf16,11350,0.003881514072418213,0.09981046617031097,1.0
l_kohakufa_bf16,11400,0.0017795077292248607,0.020607193931937218,1.0
l_kohakufa_bf16,11450,0.002758318092674017,0.031243914738297462,1.0
l_kohakufa_bf16,11500,0.003100753528997302,0.04727109894156456,1.0
l_kohakufa_bf16,11550,0.0029781952034682035,0.07105883210897446,1.0
l_kohakufa_bf16,11600,0.0016008414095267653,0.03393125906586647,1.0
l_kohakufa_bf16,11650,0.0020008559804409742,0.07119280099868774,1.0
l_kohakufa_bf16,11700,0.0025070440024137497,0.033548504114151,1.0
l_kohakufa_bf16,11750,0.002114505274221301,0.052185963839292526,1.0
l_kohakufa_bf16,11800,0.002216497203335166,0.04358313977718353,1.0
l_kohakufa_bf16,11850,0.0025202783290296793,0.03746376559138298,1.0
l_kohakufa_bf16,11900,0.0031764355953782797,0.03189545124769211,1.0
l_kohakufa_bf16,11950,0.0019271763740107417,0.04052451625466347,1.0
l_kohakufa_bf16,12000,0.0013542830711230636,0.014259207993745804,1.0
l_kohakufa_bf16,12050,0.0020881444215774536,0.02230682596564293,1.0
l_kohakufa_bf16,12100,0.0013247242895886302,0.023941507562994957,1.0
l_kohakufa_bf16,12150,0.002809948055073619,0.028191734105348587,1.0
l_kohakufa_bf16,12200,0.0031367912888526917,0.02606918476521969,1.0
l_kohakufa_bf16,12250,0.0015562244225293398,0.018057456240057945,1.0
l_kohakufa_bf16,12300,0.00219447398558259,0.027262654155492783,1.0
l_kohakufa_bf16,12350,0.0010938807390630245,0.019047819077968597,1.0
l_kohakufa_bf16,12400,0.002371590118855238,0.038206201046705246,1.0
l_kohakufa_bf16,12450,0.0026055919006466866,0.031332358717918396,1.0
l_kohakufa_bf16,12500,0.0013141906820237637,0.02908446453511715,1.0
l_kohakufa_bf16,12550,0.003107115626335144,0.04773370176553726,1.0
l_kohakufa_bf16,12600,0.001688817865215242,0.023072870448231697,1.0
l_kohakufa_bf16,12650,0.00148766057100147,0.013772593811154366,1.0
l_kohakufa_bf16,12700,0.0022028214298188686,0.024939820170402527,1.0
l_kohakufa_bf16,12750,0.002191332168877125,0.046390533447265625,1.0
l_kohakufa_bf16,12800,0.0019260983681306243,0.020051918923854828,1.0
l_kohakufa_bf16,12850,0.001411777688190341,0.024667173624038696,1.0
l_kohakufa_bf16,12900,0.00244833598844707,0.027119597420096397,1.0
l_kohakufa_bf16,12950,0.0033612195402383804,0.06690533459186554,1.0
l_kohakufa_bf16,13000,0.0022161067463457584,0.03462858498096466,1.0
l_kohakufa_bf16,13050,0.002371546346694231,0.025786640122532845,1.0
l_kohakufa_bf16,13100,0.002125111874192953,0.027472782880067825,1.0
l_kohakufa_bf16,13150,0.0018342984840273857,0.030286533758044243,1.0
l_kohakufa_bf16,13200,0.0012828316539525986,0.019255464896559715,1.0
l_kohakufa_bf16,13250,0.0013478806940838695,0.04177100583910942,1.0
l_kohakufa_bf16,13300,0.0016773121897131205,0.044493597000837326,1.0
l_kohakufa_bf16,13350,0.001883385586552322,0.025270750746130943,1.0
l_kohakufa_bf16,13400,0.002235984429717064,0.021652113646268845,1.0
l_kohakufa_bf16,13450,0.0015305697452276945,0.03274773433804512,1.0
l_kohakufa_bf16,13500,0.0018345583230257034,0.015582813881337643,1.0
l_kohakufa_bf16,13550,0.001481071813032031,0.0207030288875103,1.0
l_kohakufa_bf16,13600,0.0017358975019305944,0.03391057997941971,1.0
l_kohakufa_bf16,13650,0.0023627660702914,0.022475168108940125,1.0
l_kohakufa_bf16,13700,0.0016069709090515971,0.03740478679537773,1.0
l_kohakufa_bf16,13750,0.002212432213127613,0.04226046800613403,1.0
l_kohakufa_bf16,13800,0.00113601703196764,0.021704498678445816,1.0
l_kohakufa_bf16,13850,0.0012792602647095919,0.03002292290329933,1.0
l_kohakufa_bf16,13900,0.0016628021840006113,0.03063918463885784,1.0
l_kohakufa_bf16,13950,0.0012905087787657976,0.017853744328022003,1.0
l_kohakufa_bf16,14000,0.0016251839697360992,0.02524576522409916,1.0
l_kohakufa_bf16,14050,0.0021988479420542717,0.03990340977907181,1.0
l_kohakufa_bf16,14100,0.0016591197345405817,0.057913247495889664,1.0
l_kohakufa_bf16,14150,0.0018734063487499952,0.017048582434654236,1.0
l_kohakufa_bf16,14200,0.0017434869660064578,0.019836701452732086,1.0
l_kohakufa_bf16,14250,0.0018639182671904564,0.03604467213153839,1.0
l_kohakufa_bf16,14300,0.0025733960792422295,0.04283088445663452,1.0
l_kohakufa_bf16,14350,0.0020527373999357224,0.05252173915505409,1.0
l_kohakufa_bf16,14400,0.002205967903137207,0.0356224849820137,1.0
l_kohakufa_bf16,14450,0.001442157430574298,0.034404341131448746,1.0
l_kohakufa_bf16,14500,0.0027184549253433943,0.02856062538921833,1.0
l_kohakufa_bf16,14550,0.002405307022854686,0.0345890074968338,1.0
l_kohakufa_bf16,14600,0.0014079384272918105,0.0252310149371624,1.0
l_kohakufa_bf16,14650,0.0025728566106408834,0.023317433893680573,1.0
l_kohakufa_bf16,14700,0.0007830384420230985,0.017373230308294296,1.0
l_kohakufa_bf16,14750,0.002259728964418173,0.01683186925947666,1.0
l_kohakufa_bf16,14800,0.001530032604932785,0.02546665444970131,1.0
l_kohakufa_bf16,14850,0.0015902980230748653,0.023994354531168938,1.0
l_kohakufa_bf16,14900,0.0014616958796977997,0.028149092569947243,1.0
l_kohakufa_bf16,14950,0.000985930091701448,0.01888704113662243,1.0
l_kohakufa_bf16,15000,0.0013677915558218956,0.06101105734705925,1.0
l_kohakufa_bf16,15050,0.001683507114648819,0.013080163858830929,1.0
l_kohakufa_bf16,15100,0.0019433096749708056,0.024804500862956047,1.0
l_kohakufa_bf16,15150,0.0013936575269326568,0.022209662944078445,1.0
l_kohakufa_bf16,15200,0.0012939081061631441,0.023729482665657997,1.0
l_kohakufa_bf16,15250,0.0013174691703170538,0.02776115946471691,1.0
l_kohakufa_bf16,15300,0.0011493702186271548,0.012067568488419056,1.0
l_kohakufa_bf16,15350,0.0017498387023806572,0.033231496810913086,1.0
l_kohakufa_bf16,15400,0.0014803296653553843,0.03135019540786743,1.0
l_kohakufa_bf16,15450,0.0017283385386690497,0.029088879004120827,1.0
l_kohakufa_bf16,15500,0.0012712902389466763,0.02293071150779724,1.0
l_kohakufa_bf16,15550,0.0015276949852705002,0.019454432651400566,1.0
l_kohakufa_bf16,15600,0.0018098007421940565,0.021124379709362984,1.0
l_kohakufa_bf16,15650,0.0020549572072923183,0.022866545245051384,1.0
l_kohakufa_bf16,15700,0.0010159574449062347,0.021778181195259094,1.0
l_kohakufa_bf16,15750,0.0013223688583821058,0.015996767207980156,1.0
l_kohakufa_bf16,15800,0.001490284106694162,0.03211307153105736,1.0
l_kohakufa_bf16,15850,0.0008742599748075008,0.010966259986162186,1.0
l_kohakufa_bf16,15900,0.0019713533110916615,0.041594699025154114,1.0
l_kohakufa_bf16,15950,0.0011000906815752387,0.02396824024617672,1.0
l_kohakufa_bf16,16000,0.0015930307563394308,0.014502781443297863,1.0
l_kohakufa_bf16,16050,0.002146933227777481,0.028811702504754066,1.0
l_kohakufa_bf16,16100,0.0011249446542933583,0.012237301096320152,1.0
l_kohakufa_bf16,16150,0.001458661979995668,0.015771836042404175,1.0
l_kohakufa_bf16,16200,0.0012783794663846493,0.0316159762442112,1.0
l_kohakufa_bf16,16250,0.0018590831896290183,0.03175833076238632,1.0
l_kohakufa_bf16,16300,0.0013642681296914816,0.04265906661748886,1.0
l_kohakufa_bf16,16350,0.0008000903762876987,0.01760263554751873,1.0
l_kohakufa_bf16,16400,0.001267559826374054,0.020118527114391327,1.0
l_kohakufa_bf16,16450,0.0012338354717940092,0.0633130744099617,1.0
l_kohakufa_bf16,16500,0.0007815258577466011,0.011785954236984253,1.0
l_kohakufa_bf16,16550,0.0012812106870114803,0.015793809667229652,1.0
l_kohakufa_bf16,16600,0.001719040796160698,0.032843999564647675,1.0
l_kohakufa_bf16,16650,0.0009751133620738983,0.014126884751021862,1.0
l_kohakufa_bf16,16700,0.001478539197705686,0.024963580071926117,1.0
l_kohakufa_bf16,16750,0.001842792029492557,0.03458363935351372,1.0
l_kohakufa_bf16,16800,0.0008614533580839634,0.01094040460884571,1.0
l_kohakufa_bf16,16850,0.00164542137645185,0.017710436135530472,1.0
l_kohakufa_bf16,16900,0.0013616438955068588,0.019203417003154755,1.0
l_kohakufa_bf16,16950,0.002097510499879718,0.10302982479333878,1.0
l_kohakufa_bf16,17000,0.001743697444908321,0.027463078498840332,1.0
l_kohakufa_bf16,17050,0.0011493905913084745,0.028325539082288742,1.0
l_kohakufa_bf16,17100,0.0005797776393592358,0.019240999594330788,1.0
l_kohakufa_bf16,17150,0.0010736666154116392,0.02028881385922432,1.0
l_kohakufa_bf16,17200,0.0014436322962865233,0.023964490741491318,1.0
l_kohakufa_bf16,17250,0.0012615928426384926,0.016017993912100792,1.0
l_kohakufa_bf16,17300,0.00147397187538445,0.030764015391469002,1.0
l_kohakufa_bf16,17350,0.0012212154688313603,0.019707879051566124,1.0
l_kohakufa_bf16,17400,0.0013484781375154853,0.02703254669904709,1.0
l_kohakufa_bf16,17450,0.001844148151576519,0.02665693126618862,1.0
l_kohakufa_bf16,17500,0.0010413647396489978,0.02906710095703602,1.0
l_kohakufa_bf16,17550,0.0014279986498877406,0.01872359961271286,1.0
l_kohakufa_bf16,17600,0.001702464884147048,0.03945808857679367,1.0
l_kohakufa_bf16,17650,0.0011854334734380245,0.01726539060473442,1.0
l_kohakufa_bf16,17700,0.0013557601487264037,0.02448313869535923,1.0
l_kohakufa_bf16,17750,0.0012552980333566666,0.013003302738070488,1.0
l_kohakufa_bf16,17800,0.0013920007040724158,0.02640405297279358,1.0
l_kohakufa_bf16,17850,0.0009810179471969604,0.020399292930960655,1.0
l_kohakufa_bf16,17900,0.0009252757299691439,0.014284011907875538,1.0
l_kohakufa_bf16,17950,0.001418072497472167,0.015513194724917412,1.0
l_kohakufa_bf16,18000,0.001350697479210794,0.029587222263216972,1.0
l_kohakufa_bf16,18050,0.002493808511644602,0.07029278576374054,1.0
l_kohakufa_bf16,18100,0.0010994792683050036,0.016327692195773125,1.0
l_kohakufa_bf16,18150,0.0013510575518012047,0.013149203732609749,1.0
l_kohakufa_bf16,18200,0.0012295804917812347,0.022702522575855255,1.0
l_kohakufa_bf16,18250,0.0010760414879769087,0.01458045281469822,1.0
l_kohakufa_bf16,18300,0.0012634785380214453,0.012725291773676872,1.0
l_kohakufa_bf16,18350,0.0011913767084479332,0.016952864825725555,1.0
l_kohakufa_bf16,18400,0.0006506344652734697,0.018249426037073135,1.0
l_kohakufa_bf16,18450,0.0018793863710016012,0.043307725340127945,1.0
l_kohakufa_bf16,18500,0.0010143222752958536,0.02209237776696682,1.0
l_kohakufa_bf16,18550,0.0009999163448810577,0.01181331742554903,1.0
l_kohakufa_bf16,18600,0.0017892023315653205,0.015185525640845299,1.0
l_kohakufa_bf16,18650,0.0009291128953918815,0.025632889941334724,1.0
l_kohakufa_bf16,18700,0.0014403847744688392,0.029366057366132736,1.0
l_kohakufa_bf16,18750,0.0010884841904044151,0.02456553280353546,1.0
l_kohakufa_bf16,18800,0.001106605282984674,0.023378847166895866,1.0
l_kohakufa_bf16,18850,0.0008368305861949921,0.013313253410160542,1.0
l_kohakufa_bf16,18900,0.0010288059711456299,0.027804914861917496,1.0
l_kohakufa_bf16,18950,0.0009188211406581104,0.015963518992066383,1.0
l_kohakufa_bf16,19000,0.0017965210136026144,0.03664586320519447,1.0
l_kohakufa_bf16,19050,0.001014236593618989,0.0159548819065094,1.0
l_kohakufa_bf16,19100,0.001370117417536676,0.03858599066734314,1.0
l_kohakufa_bf16,19150,0.0010996483033522964,0.02020047791302204,1.0
l_kohakufa_bf16,19200,0.0012096178252249956,0.011396946385502815,1.0
l_kohakufa_bf16,19250,0.0010732628870755434,0.011970669962465763,1.0
l_kohakufa_bf16,19300,0.000997787807136774,0.01880498416721821,1.0
l_kohakufa_bf16,19350,0.0012993968557566404,0.0151457404717803,1.0
l_kohakufa_bf16,19400,0.0013384651392698288,0.022473908960819244,1.0
l_kohakufa_bf16,19450,0.0008015724597498775,0.009791664779186249,1.0
l_kohakufa_bf16,19500,0.0010327110067009926,0.03051706589758396,1.0
l_kohakufa_bf16,19550,0.0009888996137306094,0.03379404917359352,1.0
l_kohakufa_bf16,19600,0.0011201556771993637,0.018516866490244865,1.0
l_kohakufa_bf16,19650,0.0012453426606953144,0.010683858767151833,1.0
l_kohakufa_bf16,19700,0.0013975773472338915,0.020776808261871338,1.0
l_kohakufa_bf16,19750,0.0010946992551907897,0.045530397444963455,1.0
l_kohakufa_bf16,19800,0.000996107468381524,0.013563745655119419,1.0
l_kohakufa_bf16,19850,0.0010323943570256233,0.028382357209920883,1.0
l_kohakufa_bf16,19900,0.0011234718840569258,0.016980178654193878,1.0
l_kohakufa_bf16,19950,0.0010698449332267046,0.02392251417040825,1.0
l_kohakufa_bf16,20000,0.0009820963023230433,0.015402126125991344,1.0
l_kohakufa_fp16,50,1.4920419454574585,0.19976314902305603,65536.0
l_kohakufa_fp16,100,0.7292801141738892,0.5171194672584534,65536.0
l_kohakufa_fp16,150,0.3714909553527832,0.27727487683296204,65536.0
l_kohakufa_fp16,200,0.3078577518463135,0.17218367755413055,65536.0
l_kohakufa_fp16,250,0.24036411941051483,0.21611930429935455,65536.0
l_kohakufa_fp16,300,0.17110401391983032,0.7081369161605835,32768.0
l_kohakufa_fp16,350,0.15058906376361847,0.30935513973236084,16384.0
l_kohakufa_fp16,400,0.10902299731969833,0.3353971838951111,4096.0
l_kohakufa_fp16,450,0.11467435210943222,0.3194081485271454,4096.0
l_kohakufa_fp16,500,0.0932132825255394,0.2507576048374176,4096.0
l_kohakufa_fp16,550,0.12170960754156113,0.2574704885482788,4096.0
l_kohakufa_fp16,600,0.08991098403930664,0.21803823113441467,4096.0
l_kohakufa_fp16,650,0.08570926636457443,0.2443132996559143,4096.0
l_kohakufa_fp16,700,0.08627434819936752,0.30361807346343994,4096.0
l_kohakufa_fp16,750,0.05663641542196274,0.1902080923318863,4096.0
l_kohakufa_fp16,800,0.0538678839802742,0.20713770389556885,4096.0
l_kohakufa_fp16,850,0.07595619559288025,0.19670353829860687,4096.0
l_kohakufa_fp16,900,0.06267201900482178,0.27131059765815735,4096.0
l_kohakufa_fp16,950,0.06922458112239838,0.17696018517017365,4096.0
l_kohakufa_fp16,1000,0.058532457798719406,0.3027578592300415,4096.0
l_kohakufa_fp16,1050,0.06286787986755371,0.27859774231910706,4096.0
l_kohakufa_fp16,1100,0.057778097689151764,0.219199076294899,4096.0
l_kohakufa_fp16,1150,0.057129502296447754,0.1389659196138382,4096.0
l_kohakufa_fp16,1200,0.04829142987728119,0.12486212700605392,4096.0
l_kohakufa_fp16,1250,0.047009341418743134,0.104036845266819,4096.0
l_kohakufa_fp16,1300,0.04663607478141785,0.18657228350639343,4096.0
l_kohakufa_fp16,1350,0.049522481858730316,0.12881530821323395,4096.0
l_kohakufa_fp16,1400,0.03183978423476219,0.07308900356292725,4096.0
l_kohakufa_fp16,1450,0.03279552981257439,0.12468811869621277,4096.0
l_kohakufa_fp16,1500,0.043385397642850876,0.2278112918138504,4096.0
l_kohakufa_fp16,1550,0.04891812801361084,0.12697748839855194,4096.0
l_kohakufa_fp16,1600,0.03477790579199791,0.1470983624458313,4096.0
l_kohakufa_fp16,1650,0.021489253267645836,0.19869881868362427,4096.0
l_kohakufa_fp16,1700,0.03292017802596092,0.12012596428394318,4096.0
l_kohakufa_fp16,1750,0.026163682341575623,0.09350437670946121,4096.0
l_kohakufa_fp16,1800,0.017070218920707703,0.19945010542869568,4096.0
l_kohakufa_fp16,1850,0.03470204770565033,0.1408379226922989,4096.0
l_kohakufa_fp16,1900,0.02120848000049591,0.07624083012342453,4096.0
l_kohakufa_fp16,1950,0.019364910200238228,0.18893660604953766,4096.0
l_kohakufa_fp16,2000,0.02661631628870964,0.14759476482868195,4096.0
l_kohakufa_fp16,2050,0.029034560546278954,0.10901093482971191,4096.0
l_kohakufa_fp16,2100,0.020129958167672157,0.11721047759056091,4096.0
l_kohakufa_fp16,2150,0.021435271948575974,0.11273931711912155,4096.0
l_kohakufa_fp16,2200,0.02765536867082119,0.22800351679325104,4096.0
l_kohakufa_fp16,2250,0.0142857376486063,0.1192636787891388,4096.0
l_kohakufa_fp16,2300,0.01835683360695839,0.12476977705955505,4096.0
l_kohakufa_fp16,2350,0.01860847882926464,0.11462762951850891,4096.0
l_kohakufa_fp16,2400,0.015610224567353725,0.07689563930034637,8192.0
l_kohakufa_fp16,2450,0.02390509471297264,0.14694848656654358,8192.0
l_kohakufa_fp16,2500,0.01562630757689476,0.10651852190494537,8192.0
l_kohakufa_fp16,2550,0.019382042810320854,0.09522954374551773,8192.0
l_kohakufa_fp16,2600,0.015345433726906776,0.1103382408618927,8192.0
l_kohakufa_fp16,2650,0.012069243006408215,0.11440831422805786,8192.0
l_kohakufa_fp16,2700,0.011539953760802746,0.08167384564876556,8192.0
l_kohakufa_fp16,2750,0.013638703152537346,0.14722071588039398,8192.0
l_kohakufa_fp16,2800,0.01483175903558731,0.15773707628250122,8192.0
l_kohakufa_fp16,2850,0.012508319690823555,0.10448744893074036,8192.0
l_kohakufa_fp16,2900,0.019808057695627213,0.1807572990655899,8192.0
l_kohakufa_fp16,2950,0.01269085705280304,0.10068313032388687,8192.0
l_kohakufa_fp16,3000,0.008836712688207626,0.11549835652112961,8192.0
l_kohakufa_fp16,3050,0.013811079785227776,0.1154189482331276,8192.0
l_kohakufa_fp16,3100,0.01167453732341528,0.048542916774749756,8192.0
l_kohakufa_fp16,3150,0.010824914090335369,0.08843407779932022,8192.0
l_kohakufa_fp16,3200,0.013938392512500286,0.08791356533765793,8192.0
l_kohakufa_fp16,3250,0.007918360643088818,0.12006141990423203,8192.0
l_kohakufa_fp16,3300,0.008034656755626202,0.08871583640575409,8192.0
l_kohakufa_fp16,3350,0.007941851392388344,0.10155944526195526,8192.0
l_kohakufa_fp16,3400,0.01051227655261755,0.0864005908370018,8192.0
l_kohakufa_fp16,3450,0.006599295884370804,0.08321736752986908,8192.0
l_kohakufa_fp16,3500,0.009004978463053703,0.08327481895685196,8192.0
l_kohakufa_fp16,3550,0.012291274964809418,0.14246869087219238,8192.0
l_kohakufa_fp16,3600,0.010988393798470497,0.1893491894006729,8192.0
l_kohakufa_fp16,3650,0.011431720107793808,0.0670979842543602,8192.0
l_kohakufa_fp16,3700,0.004677831195294857,0.03747168555855751,8192.0
l_kohakufa_fp16,3750,0.0073602814227342606,0.1367902159690857,8192.0
l_kohakufa_fp16,3800,0.012189477682113647,0.13131485879421234,8192.0
l_kohakufa_fp16,3850,0.011857765726745129,0.11315693706274033,8192.0
l_kohakufa_fp16,3900,0.0090357456356287,0.10127533972263336,8192.0
l_kohakufa_fp16,3950,0.005187418311834335,0.04396199807524681,8192.0
l_kohakufa_fp16,4000,0.008600927889347076,0.06265290081501007,8192.0
l_kohakufa_fp16,4050,0.0058115217834711075,0.04288439825177193,8192.0
l_kohakufa_fp16,4100,0.012078454717993736,0.10771050304174423,8192.0
l_kohakufa_fp16,4150,0.010366120375692844,0.08741819858551025,8192.0
l_kohakufa_fp16,4200,0.007899587973952293,0.10291063785552979,8192.0
l_kohakufa_fp16,4250,0.006462423130869865,0.09440241008996964,8192.0
l_kohakufa_fp16,4300,0.007055014371871948,0.0799899771809578,8192.0
l_kohakufa_fp16,4350,0.007982658222317696,0.08888347446918488,8192.0
l_kohakufa_fp16,4400,0.005746257957071066,0.09446815401315689,16384.0
l_kohakufa_fp16,4450,0.00784395169466734,0.08383096754550934,16384.0
l_kohakufa_fp16,4500,0.006158805452287197,0.05142896994948387,16384.0
l_kohakufa_fp16,4550,0.01218653004616499,0.05909878388047218,16384.0
l_kohakufa_fp16,4600,0.004938592202961445,0.052876926958560944,16384.0
l_kohakufa_fp16,4650,0.007508851587772369,0.05494289845228195,16384.0
l_kohakufa_fp16,4700,0.010006684809923172,0.07930894196033478,16384.0
l_kohakufa_fp16,4750,0.007560156285762787,0.0953233614563942,16384.0
l_kohakufa_fp16,4800,0.012195002287626266,0.12763027846813202,16384.0
l_kohakufa_fp16,4850,0.008366446010768414,0.057298921048641205,16384.0
l_kohakufa_fp16,4900,0.006121419370174408,0.043589767068624496,16384.0
l_kohakufa_fp16,4950,0.006047154776751995,0.05097866803407669,16384.0
l_kohakufa_fp16,5000,0.006668428890407085,0.09018655121326447,16384.0
l_kohakufa_fp16,5050,0.003787070279940963,0.10907483100891113,16384.0
l_kohakufa_fp16,5100,0.010547067038714886,0.07857117801904678,16384.0
l_kohakufa_fp16,5150,0.005722207948565483,0.07141115516424179,16384.0
l_kohakufa_fp16,5200,0.005107423290610313,0.04568212106823921,16384.0
l_kohakufa_fp16,5250,0.00875021144747734,0.08331524580717087,16384.0
l_kohakufa_fp16,5300,0.0065461634658277035,0.04695555940270424,16384.0
l_kohakufa_fp16,5350,0.0047313980758190155,0.042589832097291946,16384.0
l_kohakufa_fp16,5400,0.006401327904313803,0.06124023348093033,16384.0
l_kohakufa_fp16,5450,0.0069486177526414394,0.05968355014920235,16384.0
l_kohakufa_fp16,5500,0.005186145659536123,0.07561574131250381,16384.0
l_kohakufa_fp16,5550,0.005047913640737534,0.05917222425341606,16384.0
l_kohakufa_fp16,5600,0.00510496087372303,0.06616657972335815,16384.0
l_kohakufa_fp16,5650,0.005399530287832022,0.05287286266684532,16384.0
l_kohakufa_fp16,5700,0.0050697727128863335,0.060214076191186905,16384.0
l_kohakufa_fp16,5750,0.004490715451538563,0.08226209878921509,16384.0
l_kohakufa_fp16,5800,0.0058822366409003735,0.09719699621200562,16384.0
l_kohakufa_fp16,5850,0.004662230610847473,0.04266538470983505,16384.0
l_kohakufa_fp16,5900,0.004248731769621372,0.04932607710361481,16384.0
l_kohakufa_fp16,5950,0.005289509892463684,0.06308344006538391,16384.0
l_kohakufa_fp16,6000,0.00329895643517375,0.06043129041790962,16384.0
l_kohakufa_fp16,6050,0.004471674561500549,0.04340677708387375,16384.0
l_kohakufa_fp16,6100,0.0055290753953158855,0.06178918480873108,16384.0
l_kohakufa_fp16,6150,0.00640125572681427,0.09681662917137146,16384.0
l_kohakufa_fp16,6200,0.004675993695855141,0.09557695686817169,16384.0
l_kohakufa_fp16,6250,0.004708191379904747,0.037024322897195816,16384.0
l_kohakufa_fp16,6300,0.004475712310522795,0.06715520471334457,16384.0
l_kohakufa_fp16,6350,0.004179592244327068,0.058371055871248245,16384.0
l_kohakufa_fp16,6400,0.004599874373525381,0.06533586978912354,32768.0
l_kohakufa_fp16,6450,0.0047487677074968815,0.06226888298988342,32768.0
l_kohakufa_fp16,6500,0.005846219137310982,0.048875197768211365,32768.0
l_kohakufa_fp16,6550,0.002908536000177264,0.03340328112244606,32768.0
l_kohakufa_fp16,6600,0.0035105817951261997,0.06495080888271332,32768.0
l_kohakufa_fp16,6650,0.0032701208256185055,0.05279654636979103,32768.0
l_kohakufa_fp16,6700,0.004798391833901405,0.06136569380760193,32768.0
l_kohakufa_fp16,6750,0.004205252043902874,0.05117884650826454,32768.0
l_kohakufa_fp16,6800,0.004799502901732922,0.05373121425509453,32768.0
l_kohakufa_fp16,6850,0.006001594942063093,0.07095117121934891,32768.0
l_kohakufa_fp16,6900,0.00324317067861557,0.03963080421090126,32768.0
l_kohakufa_fp16,6950,0.003780751023441553,0.03711097314953804,32768.0
l_kohakufa_fp16,7000,0.0026311164256185293,0.054880790412425995,32768.0
l_kohakufa_fp16,7050,0.004347863607108593,0.04072389379143715,32768.0
l_kohakufa_fp16,7100,0.004922946915030479,0.07910672575235367,32768.0
l_kohakufa_fp16,7150,0.004030423238873482,0.10720863938331604,32768.0
l_kohakufa_fp16,7200,0.0038348648231476545,0.04843755438923836,32768.0
l_kohakufa_fp16,7250,0.0038880479987710714,0.08473341912031174,32768.0
l_kohakufa_fp16,7300,0.0030713684391230345,0.03215575963258743,32768.0
l_kohakufa_fp16,7350,0.005555528216063976,0.04679322987794876,32768.0
l_kohakufa_fp16,7400,0.004720037803053856,0.052112165838479996,32768.0
l_kohakufa_fp16,7450,0.003917839378118515,0.06790401041507721,32768.0
l_kohakufa_fp16,7500,0.0022139851935207844,0.04563954845070839,32768.0
l_kohakufa_fp16,7550,0.004602865315973759,0.045905809849500656,32768.0
l_kohakufa_fp16,7600,0.002642994746565819,0.0365336649119854,32768.0
l_kohakufa_fp16,7650,0.0036080870777368546,0.051083628088235855,32768.0
l_kohakufa_fp16,7700,0.003982460126280785,0.0541192963719368,32768.0
l_kohakufa_fp16,7750,0.003614962100982666,0.03322819247841835,32768.0
l_kohakufa_fp16,7800,0.0035706895869225264,0.09730275720357895,32768.0
l_kohakufa_fp16,7850,0.004940112121403217,0.033508941531181335,32768.0
l_kohakufa_fp16,7900,0.0041595567017793655,0.08908606320619583,32768.0
l_kohakufa_fp16,7950,0.0035752940457314253,0.037922877818346024,32768.0
l_kohakufa_fp16,8000,0.0013833738630637527,0.025924084708094597,32768.0
l_kohakufa_fp16,8050,0.002851633122190833,0.05837101861834526,32768.0
l_kohakufa_fp16,8100,0.003328117309138179,0.060564037412405014,32768.0
l_kohakufa_fp16,8150,0.0028996828477829695,0.024144330993294716,32768.0
l_kohakufa_fp16,8200,0.003432402154430747,0.05938966944813728,32768.0
l_kohakufa_fp16,8250,0.004283968359231949,0.06114545091986656,32768.0
l_kohakufa_fp16,8300,0.0034819841384887695,0.07987869530916214,32768.0
l_kohakufa_fp16,8350,0.0028056404553353786,0.027798833325505257,32768.0
l_kohakufa_fp16,8400,0.004027639981359243,0.04546906054019928,65536.0
l_kohakufa_fp16,8450,0.002927040681242943,0.05686921626329422,65536.0
l_kohakufa_fp16,8500,0.004702254664152861,0.05402964726090431,65536.0
l_kohakufa_fp16,8550,0.0026733921840786934,0.09398169815540314,65536.0
l_kohakufa_fp16,8600,0.0037874095141887665,0.035099707543849945,65536.0
l_kohakufa_fp16,8650,0.0031116148456931114,0.044667720794677734,65536.0
l_kohakufa_fp16,8700,0.0054160915315151215,0.06029083952307701,65536.0
l_kohakufa_fp16,8750,0.004653386306017637,0.042672235518693924,65536.0
l_kohakufa_fp16,8800,0.0028595211915671825,0.03235450014472008,65536.0
l_kohakufa_fp16,8850,0.0030563133768737316,0.033246126025915146,65536.0
l_kohakufa_fp16,8900,0.0021863491274416447,0.02983504720032215,65536.0
l_kohakufa_fp16,8950,0.0025337308179587126,0.048677269369363785,65536.0
l_kohakufa_fp16,9000,0.003644234500825405,0.0393541119992733,65536.0
l_kohakufa_fp16,9050,0.0032107483129948378,0.03176882117986679,65536.0
l_kohakufa_fp16,9100,0.0040740445256233215,0.034138236194849014,65536.0
l_kohakufa_fp16,9150,0.0038618880789726973,0.025538142770528793,65536.0
l_kohakufa_fp16,9200,0.004792105406522751,0.04621036350727081,65536.0
l_kohakufa_fp16,9250,0.0020717023871839046,0.037389837205410004,65536.0
l_kohakufa_fp16,9300,0.0030319213401526213,0.034786660224199295,65536.0
l_kohakufa_fp16,9350,0.003361741779372096,0.035219620913267136,65536.0
l_kohakufa_fp16,9400,0.002954155206680298,0.04320673272013664,65536.0
l_kohakufa_fp16,9450,0.002671044087037444,0.028432147577404976,65536.0
l_kohakufa_fp16,9500,0.00410610344260931,0.073854960501194,65536.0
l_kohakufa_fp16,9550,0.0035447212867438793,0.04378361999988556,65536.0
l_kohakufa_fp16,9600,0.0030764625407755375,0.035398028790950775,65536.0
l_kohakufa_fp16,9650,0.0020806826651096344,0.06444183737039566,65536.0
l_kohakufa_fp16,9700,0.00265224976465106,0.031076429411768913,65536.0
l_kohakufa_fp16,9750,0.0036854869686067104,0.03219611570239067,65536.0
l_kohakufa_fp16,9800,0.002037581754848361,0.03101743385195732,65536.0
l_kohakufa_fp16,9850,0.0034808299969881773,0.0635119155049324,65536.0
l_kohakufa_fp16,9900,0.002166951075196266,0.031146567314863205,65536.0
l_kohakufa_fp16,9950,0.0025104270316660404,0.029159747064113617,65536.0
l_kohakufa_fp16,10000,0.004051296040415764,0.07450034469366074,65536.0
l_kohakufa_fp16,10050,0.001537259086035192,0.018886156380176544,65536.0
l_kohakufa_fp16,10100,0.002627305220812559,0.027755089104175568,65536.0
l_kohakufa_fp16,10150,0.004157610237598419,0.11494383215904236,65536.0
l_kohakufa_fp16,10200,0.0030989383812993765,0.028066126629710197,65536.0
l_kohakufa_fp16,10250,0.003022635355591774,0.050324149429798126,65536.0
l_kohakufa_fp16,10300,0.004252241924405098,0.06810352951288223,65536.0
l_kohakufa_fp16,10350,0.00368330767378211,0.044479429721832275,65536.0
l_kohakufa_fp16,10400,0.004368261434137821,0.05232751742005348,131072.0
l_kohakufa_fp16,10450,0.0028507388196885586,0.03305962309241295,131072.0
l_kohakufa_fp16,10500,0.0017145476303994656,0.028804318979382515,131072.0
l_kohakufa_fp16,10550,0.002628067508339882,0.09352657198905945,131072.0
l_kohakufa_fp16,10600,0.002803277689963579,0.04475883021950722,131072.0
l_kohakufa_fp16,10650,0.001901513896882534,0.039962466806173325,131072.0
l_kohakufa_fp16,10700,0.0023144474253058434,0.025587264448404312,131072.0
l_kohakufa_fp16,10750,0.0022056656889617443,0.025743020698428154,131072.0
l_kohakufa_fp16,10800,0.0036538410931825638,0.0843721404671669,131072.0
l_kohakufa_fp16,10850,0.0027245483361184597,0.03256571292877197,131072.0
l_kohakufa_fp16,10900,0.0022478923201560974,0.040577732026576996,131072.0
l_kohakufa_fp16,10950,0.0014943204587325454,0.02755940705537796,131072.0
l_kohakufa_fp16,11000,0.0026567585300654173,0.02492477186024189,131072.0
l_kohakufa_fp16,11050,0.003339321119710803,0.06062931939959526,131072.0
l_kohakufa_fp16,11100,0.0018665052484720945,0.07991331815719604,131072.0
l_kohakufa_fp16,11150,0.0019057992612943053,0.023822225630283356,131072.0
l_kohakufa_fp16,11200,0.0017120903357863426,0.023698214441537857,131072.0
l_kohakufa_fp16,11250,0.0017846703995019197,0.023718519136309624,131072.0
l_kohakufa_fp16,11300,0.002088788663968444,0.03215776011347771,131072.0
l_kohakufa_fp16,11350,0.003124810755252838,0.05326705425977707,131072.0
l_kohakufa_fp16,11400,0.0019078576005995274,0.03442471846938133,131072.0
l_kohakufa_fp16,11450,0.0026963278651237488,0.02719518356025219,131072.0
l_kohakufa_fp16,11500,0.002931463997811079,0.033191047608852386,131072.0
l_kohakufa_fp16,11550,0.0025833253748714924,0.02359282225370407,131072.0
l_kohakufa_fp16,11600,0.0016332510858774185,0.03773017227649689,131072.0
l_kohakufa_fp16,11650,0.0027016259264200926,0.07274725288152695,131072.0
l_kohakufa_fp16,11700,0.0023440399672836065,0.03164016827940941,131072.0
l_kohakufa_fp16,11750,0.0019119956996291876,0.032338354736566544,131072.0
l_kohakufa_fp16,11800,0.0019712576176971197,0.022496875375509262,131072.0
l_kohakufa_fp16,11850,0.002580244792625308,0.0467170886695385,131072.0
l_kohakufa_fp16,11900,0.003134628525003791,0.035413410514593124,131072.0
l_kohakufa_fp16,11950,0.0017712422413751483,0.0359412282705307,131072.0
l_kohakufa_fp16,12000,0.0014047136064618826,0.03275972232222557,131072.0
l_kohakufa_fp16,12050,0.001981810200959444,0.029175544157624245,131072.0
l_kohakufa_fp16,12100,0.0012736355420202017,0.02341345138847828,131072.0
l_kohakufa_fp16,12150,0.002752170665189624,0.03247007727622986,131072.0
l_kohakufa_fp16,12200,0.0031049693934619427,0.03806619718670845,131072.0
l_kohakufa_fp16,12250,0.0015158560127019882,0.024190779775381088,131072.0
l_kohakufa_fp16,12300,0.00256904773414135,0.05933272838592529,131072.0
l_kohakufa_fp16,12350,0.00109281693585217,0.02943619340658188,131072.0
l_kohakufa_fp16,12400,0.0024014944210648537,0.043397001922130585,262144.0
l_kohakufa_fp16,12450,0.002857354236766696,0.061450500041246414,262144.0
l_kohakufa_fp16,12500,0.001314962049946189,0.030751554295420647,262144.0
l_kohakufa_fp16,12550,0.0028425203636288643,0.021783538162708282,262144.0
l_kohakufa_fp16,12600,0.001521107740700245,0.017790833488106728,262144.0
l_kohakufa_fp16,12650,0.0014834590256214142,0.024130268022418022,262144.0
l_kohakufa_fp16,12700,0.002182217314839363,0.03080996498465538,262144.0
l_kohakufa_fp16,12750,0.0017655184492468834,0.019433489069342613,262144.0
l_kohakufa_fp16,12800,0.00216099014505744,0.05303580313920975,262144.0
l_kohakufa_fp16,12850,0.0014273261185735464,0.026334494352340698,262144.0
l_kohakufa_fp16,12900,0.0024573914706707,0.024183284491300583,262144.0
l_kohakufa_fp16,12950,0.0028031133115291595,0.048605695366859436,262144.0
l_kohakufa_fp16,13000,0.0028323601000010967,0.0640994980931282,262144.0
l_kohakufa_fp16,13050,0.0023712574038654566,0.020287228748202324,262144.0
l_kohakufa_fp16,13100,0.0023205005563795567,0.05168851837515831,262144.0
l_kohakufa_fp16,13150,0.0016788484062999487,0.0200493186712265,262144.0
l_kohakufa_fp16,13200,0.001237740507349372,0.026845458894968033,262144.0
l_kohakufa_fp16,13250,0.0012170078698545694,0.014909918420016766,262144.0
l_kohakufa_fp16,13300,0.0015830544289201498,0.033564336597919464,262144.0
l_kohakufa_fp16,13350,0.001834445632994175,0.031840961426496506,262144.0
l_kohakufa_fp16,13400,0.0022546150721609592,0.03302804380655289,262144.0
l_kohakufa_fp16,13450,0.0014436128549277782,0.02020602487027645,262144.0
l_kohakufa_fp16,13500,0.0017832638695836067,0.02089904248714447,262144.0
l_kohakufa_fp16,13550,0.001434938982129097,0.020555119961500168,262144.0
l_kohakufa_fp16,13600,0.002086894353851676,0.05617351457476616,262144.0
l_kohakufa_fp16,13650,0.0023438618518412113,0.030986104160547256,262144.0
l_kohakufa_fp16,13700,0.0016422811895608902,0.04478161782026291,262144.0
l_kohakufa_fp16,13750,0.001962678972631693,0.038346853107213974,262144.0
l_kohakufa_fp16,13800,0.0010262728901579976,0.017031695693731308,262144.0
l_kohakufa_fp16,13850,0.0012394285295158625,0.022541938349604607,262144.0
l_kohakufa_fp16,13900,0.0014953402569517493,0.014251320622861385,262144.0
l_kohakufa_fp16,13950,0.0012503000907599926,0.019455231726169586,262144.0
l_kohakufa_fp16,14000,0.0016220816178247333,0.027670592069625854,262144.0
l_kohakufa_fp16,14050,0.001851588487625122,0.020157447084784508,262144.0
l_kohakufa_fp16,14100,0.0014551480999216437,0.02839633822441101,262144.0
l_kohakufa_fp16,14150,0.002002712804824114,0.03190099447965622,262144.0
l_kohakufa_fp16,14200,0.0016653898637741804,0.015485409647226334,262144.0
l_kohakufa_fp16,14250,0.0016361954621970654,0.01694001443684101,262144.0
l_kohakufa_fp16,14300,0.003277157200500369,0.10003907233476639,262144.0
l_kohakufa_fp16,14350,0.0019064173102378845,0.03380744159221649,262144.0
l_kohakufa_fp16,14400,0.0020616822876036167,0.015643829479813576,524288.0
l_kohakufa_fp16,14450,0.0016631174366921186,0.06401284784078598,524288.0
l_kohakufa_fp16,14500,0.0027294631581753492,0.03522789105772972,524288.0
l_kohakufa_fp16,14550,0.002272823126986623,0.021092064678668976,524288.0
l_kohakufa_fp16,14600,0.001490417285822332,0.031332507729530334,524288.0
l_kohakufa_fp16,14650,0.002477935515344143,0.01881883293390274,524288.0
l_kohakufa_fp16,14700,0.0007253148942254484,0.01492876373231411,524288.0
l_kohakufa_fp16,14750,0.002174900844693184,0.01414619293063879,524288.0
l_kohakufa_fp16,14800,0.0019055334851145744,0.040944285690784454,524288.0
l_kohakufa_fp16,14850,0.001407713396474719,0.01589561067521572,524288.0
l_kohakufa_fp16,14900,0.00161834922619164,0.03873112425208092,524288.0
l_kohakufa_fp16,14950,0.0011403074022382498,0.05283915251493454,524288.0
l_kohakufa_fp16,15000,0.0014574904926121235,0.06026795506477356,524288.0
l_kohakufa_fp16,15050,0.0016878866590559483,0.02250426635146141,524288.0
l_kohakufa_fp16,15100,0.0019314740784466267,0.0198574997484684,524288.0
l_kohakufa_fp16,15150,0.0012498230207711458,0.015048563480377197,524288.0
l_kohakufa_fp16,15200,0.0012703852262347937,0.020442558452486992,524288.0
l_kohakufa_fp16,15250,0.00144884770270437,0.045535244047641754,524288.0
l_kohakufa_fp16,15300,0.0011003940599039197,0.015772517770528793,524288.0
l_kohakufa_fp16,15350,0.001600306248292327,0.02665899693965912,524288.0
l_kohakufa_fp16,15400,0.0013586953282356262,0.03650706633925438,524288.0
l_kohakufa_fp16,15450,0.0017486218130216002,0.029143715277314186,524288.0
l_kohakufa_fp16,15500,0.0013097822666168213,0.03551032766699791,524288.0
l_kohakufa_fp16,15550,0.0015009185299277306,0.021873267367482185,524288.0
l_kohakufa_fp16,15600,0.001676756190136075,0.022264905273914337,524288.0
l_kohakufa_fp16,15650,0.00196814420633018,0.029118850827217102,524288.0
l_kohakufa_fp16,15700,0.0009340291144326329,0.018680794164538383,524288.0
l_kohakufa_fp16,15750,0.0015932309906929731,0.04095839709043503,524288.0
l_kohakufa_fp16,15800,0.0014908844605088234,0.04363815858960152,524288.0
l_kohakufa_fp16,15850,0.0008924052817746997,0.016340477392077446,524288.0
l_kohakufa_fp16,15900,0.0016622026450932026,0.029417606070637703,524288.0
l_kohakufa_fp16,15950,0.0014469240559265018,0.05082835257053375,524288.0
l_kohakufa_fp16,16000,0.0015339511446654797,0.017335932701826096,524288.0
l_kohakufa_fp16,16050,0.00175520870834589,0.015771884471178055,524288.0
l_kohakufa_fp16,16100,0.0011590078938752413,0.018154527992010117,524288.0
l_kohakufa_fp16,16150,0.0016164672560989857,0.028887072578072548,524288.0
l_kohakufa_fp16,16200,0.0011379130883142352,0.020638225600123405,524288.0
l_kohakufa_fp16,16250,0.0019288146868348122,0.04324960336089134,524288.0
l_kohakufa_fp16,16300,0.001300922129303217,0.03665401414036751,524288.0
l_kohakufa_fp16,16350,0.0008676437428221107,0.03229517862200737,524288.0
l_kohakufa_fp16,16400,0.0012178238248452544,0.016627967357635498,1048576.0
l_kohakufa_fp16,16450,0.0007596537470817566,0.016477199271321297,1048576.0
l_kohakufa_fp16,16500,0.0009328264277428389,0.03327561542391777,1048576.0
l_kohakufa_fp16,16550,0.0012921583838760853,0.021487917751073837,1048576.0
l_kohakufa_fp16,16600,0.0016396597493439913,0.03710607439279556,1048576.0
l_kohakufa_fp16,16650,0.0010222841519862413,0.01944253034889698,1048576.0
l_kohakufa_fp16,16700,0.0013562224339693785,0.014654433354735374,1048576.0
l_kohakufa_fp16,16750,0.0017007160931825638,0.029755478724837303,1048576.0
l_kohakufa_fp16,16800,0.0008806884288787842,0.024254085496068,1048576.0
l_kohakufa_fp16,16850,0.0016395915299654007,0.03098718263208866,1048576.0
l_kohakufa_fp16,16900,0.0015504031907767057,0.04785965383052826,1048576.0
l_kohakufa_fp16,16950,0.0011680996976792812,0.017596300691366196,1048576.0
l_kohakufa_fp16,17000,0.0015075551345944405,0.01629580184817314,1048576.0
l_kohakufa_fp16,17050,0.0010959849460050464,0.02333221025764942,1048576.0
l_kohakufa_fp16,17100,0.0005981723079457879,0.027203761041164398,1048576.0
l_kohakufa_fp16,17150,0.0011287208180874586,0.02883021906018257,1048576.0
l_kohakufa_fp16,17200,0.0013640712713822722,0.01836133562028408,1048576.0
l_kohakufa_fp16,17250,0.0013256212696433067,0.029861774295568466,1048576.0
l_kohakufa_fp16,17300,0.0015205740928649902,0.036536913365125656,1048576.0
l_kohakufa_fp16,17350,0.001415020553395152,0.03822825476527214,1048576.0
l_kohakufa_fp16,17400,0.0013070087879896164,0.023411111906170845,1048576.0
l_kohakufa_fp16,17450,0.0015259070787578821,0.016158727928996086,1048576.0
l_kohakufa_fp16,17500,0.001077842665836215,0.032701026648283005,1048576.0
l_kohakufa_fp16,17550,0.0013969754800200462,0.01829805038869381,1048576.0
l_kohakufa_fp16,17600,0.00152349635027349,0.027711214497685432,1048576.0
l_kohakufa_fp16,17650,0.0012417829129844904,0.019278835505247116,1048576.0
l_kohakufa_fp16,17700,0.0015165939694270492,0.040830422192811966,1048576.0
l_kohakufa_fp16,17750,0.001154232770204544,0.01148215401917696,1048576.0
l_kohakufa_fp16,17800,0.0012983399210497737,0.025639034807682037,1048576.0
l_kohakufa_fp16,17850,0.0008857576176524162,0.018602900207042694,1048576.0
l_kohakufa_fp16,17900,0.0009066285565495491,0.018993955105543137,1048576.0
l_kohakufa_fp16,17950,0.0013842859771102667,0.028277317062020302,1048576.0
l_kohakufa_fp16,18000,0.0012729365844279528,0.022787118330597878,1048576.0
l_kohakufa_fp16,18050,0.0015109166270121932,0.022795269265770912,1048576.0
l_kohakufa_fp16,18100,0.0011715058935806155,0.021838238462805748,1048576.0
l_kohakufa_fp16,18150,0.0012973911361768842,0.012458578683435917,1048576.0
l_kohakufa_fp16,18200,0.0010958162602037191,0.014906995929777622,1048576.0
l_kohakufa_fp16,18250,0.000996907358057797,0.0232224278151989,1048576.0
l_kohakufa_fp16,18300,0.0012110813986510038,0.014158433303236961,1048576.0
l_kohakufa_fp16,18350,0.0010879430919885635,0.01624264195561409,1048576.0
l_kohakufa_fp16,18400,0.0008401268860325217,0.03760458156466484,2097152.0
l_kohakufa_fp16,18450,0.001632909756153822,0.031077757477760315,2097152.0
l_kohakufa_fp16,18500,0.0010113646276295185,0.026257703080773354,2097152.0
l_kohakufa_fp16,18550,0.0010340202134102583,0.015629788860678673,2097152.0
l_kohakufa_fp16,18600,0.0017838029889389873,0.018071884289383888,2097152.0
l_kohakufa_fp16,18650,0.0007779407314956188,0.010435497388243675,2097152.0
l_kohakufa_fp16,18700,0.0013099298812448978,0.03802888095378876,2097152.0
l_kohakufa_fp16,18750,0.0009394896915182471,0.011794431135058403,2097152.0
l_kohakufa_fp16,18800,0.0010407035006210208,0.02535405568778515,2097152.0
l_kohakufa_fp16,18850,0.0008153134840540588,0.01588497683405876,2097152.0
l_kohakufa_fp16,18900,0.0009058475261554122,0.03900866210460663,2097152.0
l_kohakufa_fp16,18950,0.0008603205787949264,0.014745793305337429,2097152.0
l_kohakufa_fp16,19000,0.0015431842766702175,0.01618913747370243,2097152.0
l_kohakufa_fp16,19050,0.0009461743757128716,0.01733604073524475,2097152.0
l_kohakufa_fp16,19100,0.001284311292693019,0.025087855756282806,2097152.0
l_kohakufa_fp16,19150,0.0008663154440000653,0.01351594552397728,2097152.0
l_kohakufa_fp16,19200,0.001149165676906705,0.015485561452805996,2097152.0
l_kohakufa_fp16,19250,0.0010585760464891791,0.017594167962670326,2097152.0
l_kohakufa_fp16,19300,0.0008950303308665752,0.02500942349433899,2097152.0
l_kohakufa_fp16,19350,0.0011806758120656013,0.011790805496275425,2097152.0
l_kohakufa_fp16,19400,0.001193708274513483,0.01605226844549179,2097152.0
l_kohakufa_fp16,19450,0.0007824303465895355,0.019428595900535583,2097152.0
l_kohakufa_fp16,19500,0.0009619225165806711,0.01768520660698414,2097152.0
l_kohakufa_fp16,19550,0.0009613907895982265,0.032006584107875824,2097152.0
l_kohakufa_fp16,19600,0.001300245989114046,0.04395388439297676,2097152.0
l_kohakufa_fp16,19650,0.0011913016205653548,0.010175151750445366,2097152.0
l_kohakufa_fp16,19700,0.0013110821601003408,0.01589094288647175,2097152.0
l_kohakufa_fp16,19750,0.0005965339951217175,0.017291827127337456,2097152.0
l_kohakufa_fp16,19800,0.0015002500731498003,0.04465070366859436,2097152.0
l_kohakufa_fp16,19850,0.000871026364620775,0.016279593110084534,2097152.0
l_kohakufa_fp16,19900,0.0009959535673260689,0.009533235803246498,2097152.0
l_kohakufa_fp16,19950,0.0008297066087834537,0.01682201214134693,2097152.0
l_kohakufa_fp16,20000,0.0009369781473651528,0.026292720809578896,2097152.0
