step,loss,grad_norm,loss_scale,lr
25,1.292648196220398,52.17801284790039,4096.0,1.25e-06
50,0.8398364186286926,15.346415519714355,4096.0,2.5e-06
75,0.6511135101318359,6.748706817626953,4096.0,3.7499999999999997e-06
100,0.5937234163284302,5.7164764404296875,4096.0,5e-06
125,0.5870780944824219,5.664182662963867,4096.0,6.25e-06
150,0.5523412227630615,6.265794277191162,4096.0,7.499999999999999e-06
175,0.4543600380420685,6.394072532653809,4096.0,8.750000000000001e-06
200,0.4555933475494385,6.18980598449707,4096.0,1e-05
225,0.5364326238632202,12.694092750549316,4096.0,1.1249999999999999e-05
250,0.5347414016723633,5.260091304779053,4096.0,1.25e-05
275,0.480716735124588,4.0470452308654785,4096.0,1.3749999999999999e-05
300,0.5268099904060364,8.055715560913086,4096.0,1.4999999999999999e-05
325,0.47161316871643066,2.81449294090271,4096.0,1.6250000000000002e-05
350,0.49196624755859375,2.463108539581299,4096.0,1.7500000000000002e-05
375,0.48330140113830566,2.9496634006500244,4096.0,1.875e-05
400,0.37929436564445496,3.387465238571167,4096.0,2e-05
425,0.4992596209049225,9.999930381774902,4096.0,2.125e-05
450,0.5180931091308594,3.57183575630188,4096.0,2.2499999999999998e-05
475,0.453186571598053,3.4822254180908203,4096.0,2.375e-05
500,0.4762519598007202,3.096756935119629,4096.0,2.5e-05
525,0.35544145107269287,2.4285836219787598,4096.0,2.6249999999999998e-05
550,0.365713506937027,2.5040032863616943,4096.0,2.7499999999999998e-05
575,0.5073463916778564,3.6317694187164307,4096.0,2.875e-05
600,0.4503932297229767,2.674086570739746,4096.0,2.9999999999999997e-05
625,0.40636375546455383,4.011348724365234,4096.0,3.125e-05
650,0.39309659600257874,2.256004810333252,4096.0,3.2500000000000004e-05
675,0.4273163378238678,2.1041440963745117,4096.0,3.375000000000001e-05
700,0.41629281640052795,3.8035006523132324,4096.0,3.5000000000000004e-05
725,0.3502596914768219,2.2791478633880615,4096.0,3.625e-05
750,0.39577654004096985,3.195950508117676,4096.0,3.75e-05
775,0.3458724915981293,3.325195789337158,4096.0,3.875e-05
800,0.39571982622146606,1.8342368602752686,4096.0,4e-05
825,0.3579757809638977,5.912579536437988,4096.0,4.1250000000000007e-05
850,0.40501168370246887,2.220630407333374,4096.0,4.25e-05
875,0.3610891103744507,1.8948122262954712,4096.0,4.375e-05
900,0.41593196988105774,2.082824468612671,4096.0,4.4999999999999996e-05
925,0.4065796434879303,2.1223044395446777,4096.0,4.6250000000000006e-05
950,0.38475409150123596,2.051081895828247,4096.0,4.75e-05
975,0.2919137477874756,2.1192123889923096,4096.0,4.875e-05
1000,0.262677401304245,4.101902484893799,4096.0,5e-05
1025,0.29187095165252686,2.5067484378814697,4096.0,5.1250000000000006e-05
1050,0.3229721784591675,2.076483726501465,4096.0,5.2499999999999995e-05
1075,0.3358076214790344,3.132858991622925,4096.0,5.3750000000000005e-05
1100,0.3252527713775635,2.6083672046661377,4096.0,5.4999999999999995e-05
1125,0.3659452497959137,1.8564081192016602,4096.0,5.625e-05
1150,0.3067927360534668,1.5896825790405273,4096.0,5.75e-05
1175,0.3082995116710663,2.4960951805114746,4096.0,5.8750000000000005e-05
1200,0.37669748067855835,1.8301771879196167,4096.0,5.9999999999999995e-05
1225,0.3488415479660034,2.1926355361938477,4096.0,6.125e-05
1250,0.2827600836753845,2.369532585144043,4096.0,6.25e-05
1275,0.3207382261753082,1.3043748140335083,4096.0,6.374999999999999e-05
1300,0.3104056417942047,3.134507417678833,4096.0,6.500000000000001e-05
1325,0.3328181803226471,2.8626487255096436,4096.0,6.625e-05
1350,0.2677600085735321,2.1502230167388916,4096.0,6.750000000000001e-05
1375,0.263669490814209,1.3057208061218262,4096.0,6.875e-05
1400,0.3041926920413971,1.2591493129730225,4096.0,7.000000000000001e-05
1425,0.38102608919143677,1.1978765726089478,4096.0,7.125e-05
1450,0.3265113830566406,1.6277823448181152,4096.0,7.25e-05
1475,0.3222615122795105,1.5537116527557373,4096.0,7.375e-05
1500,0.2810288667678833,1.122230887413025,4096.0,7.5e-05
1525,0.33926936984062195,1.6408783197402954,4096.0,7.625e-05
1550,0.30277949571609497,1.5371218919754028,4096.0,7.75e-05
1575,0.2797594666481018,1.2004567384719849,4096.0,7.874999999999999e-05
1600,0.33407410979270935,2.917815685272217,4096.0,8e-05
1625,0.28114840388298035,2.0774335861206055,4096.0,8.125e-05
1650,0.1965898871421814,1.2829920053482056,4096.0,8.250000000000001e-05
1675,0.29418274760246277,1.3957240581512451,4096.0,8.375e-05
1700,0.31544047594070435,1.0908026695251465,4096.0,8.5e-05
1725,0.23649169504642487,1.1804646253585815,4096.0,8.625e-05
1750,0.30114465951919556,2.725449562072754,4096.0,8.75e-05
1775,0.36707088351249695,1.6905632019042969,4096.0,8.875e-05
1800,0.32906079292297363,1.3975632190704346,4096.0,8.999999999999999e-05
1825,0.31292930245399475,0.99620121717453,4096.0,9.125e-05
1850,0.3906237483024597,1.0176893472671509,4096.0,9.250000000000001e-05
1875,0.28371140360832214,1.3306829929351807,4096.0,9.375e-05
1900,0.3193056285381317,1.4307541847229004,4096.0,9.5e-05
1925,0.3201586604118347,1.1620762348175049,4096.0,9.625e-05
1950,0.48586922883987427,1.3652989864349365,4096.0,9.75e-05
1975,0.23772244155406952,0.7704078555107117,4096.0,9.875e-05
2000,0.2769894003868103,1.1188796758651733,4096.0,0.0001
2025,0.3223344385623932,1.4210976362228394,8192.0,0.00010125000000000001
2050,0.31777331233024597,1.24038827419281,8192.0,0.00010250000000000001
2075,0.3181094527244568,1.0773720741271973,8192.0,0.00010375000000000001
2100,0.2583298087120056,1.255593180656433,8192.0,0.00010499999999999999
2125,0.31651654839515686,1.107344150543213,8192.0,0.00010625
2150,0.24239060282707214,1.226937174797058,4096.0,0.00010750000000000001
2175,0.24622103571891785,1.19089674949646,4096.0,0.00010875000000000001
2200,0.2190803587436676,1.0361558198928833,4096.0,0.00010999999999999999
2225,0.2648707330226898,1.4270623922348022,4096.0,0.00011125
2250,0.2983611226081848,0.8346231579780579,4096.0,0.0001125
2275,0.2943180203437805,1.1317918300628662,4096.0,0.00011375000000000001
2300,0.2978192865848541,0.9276686310768127,4096.0,0.000115
2325,0.2597843110561371,1.0728650093078613,4096.0,0.00011625
2350,0.24426621198654175,0.8263862729072571,4096.0,0.00011750000000000001
2375,0.26687079668045044,1.2022126913070679,4096.0,0.00011875
2400,0.33594462275505066,1.688378930091858,4096.0,0.00011999999999999999
2425,0.35898974537849426,1.2527025938034058,4096.0,0.00012124999999999999
2450,0.24691331386566162,1.0633764266967773,4096.0,0.0001225
2475,0.38245874643325806,0.8851668238639832,4096.0,0.00012375
2500,0.26483261585235596,0.7491989731788635,4096.0,0.000125
2525,0.2728402316570282,1.0429778099060059,4096.0,0.00012625
2550,0.327752947807312,1.1804001331329346,4096.0,0.00012749999999999998
2575,0.3473688066005707,0.7184869050979614,4096.0,0.00012875
2600,0.2334820032119751,1.0211610794067383,4096.0,0.00013000000000000002
2625,0.2974386215209961,1.0843795537948608,4096.0,0.00013125
2650,0.21901684999465942,0.9252241849899292,4096.0,0.0001325
2675,0.21542134881019592,0.87010657787323,4096.0,0.00013375000000000003
2700,0.3036923408508301,0.8237547278404236,4096.0,0.00013500000000000003
2725,0.27786892652511597,1.0865182876586914,4096.0,0.00013625
2750,0.27271753549575806,0.9501484632492065,4096.0,0.0001375
2775,0.2724882960319519,0.8519013524055481,4096.0,0.00013875
2800,0.30849170684814453,1.2191436290740967,4096.0,0.00014000000000000001
2825,0.23113149404525757,1.2701009511947632,4096.0,0.00014125
2850,0.2575299143791199,1.0348527431488037,4096.0,0.0001425
2875,0.23788957297801971,1.7604286670684814,4096.0,0.00014375
2900,0.3691863417625427,0.6957139372825623,4096.0,0.000145
2925,0.3166441321372986,0.7526723742485046,4096.0,0.00014625
2950,0.2450210601091385,1.2786098718643188,4096.0,0.0001475
2975,0.3037818670272827,0.9107564687728882,4096.0,0.00014874999999999998
3000,0.24998916685581207,1.0392752885818481,4096.0,0.00015
3025,0.22194549441337585,0.8048693537712097,4096.0,0.00015125
3050,0.21428504586219788,0.8102880120277405,4096.0,0.0001525
3075,0.20765216648578644,0.8922790288925171,4096.0,0.00015375
3100,0.2617990970611572,0.7770372033119202,4096.0,0.000155
3125,0.3018091917037964,0.8265601992607117,4096.0,0.00015625
3150,0.27296698093414307,0.6276960968971252,4096.0,0.00015749999999999998
3175,0.26643484830856323,0.9869928359985352,4096.0,0.00015875
3200,0.3154482841491699,0.708937406539917,4096.0,0.00016
3225,0.21960747241973877,0.6380058526992798,4096.0,0.00016125000000000002
3250,0.4222199618816376,1.3732070922851562,4096.0,0.0001625
3275,0.2138991504907608,0.6846286654472351,4096.0,0.00016375000000000002
3300,0.2975863814353943,0.7362033724784851,4096.0,0.00016500000000000003
3325,0.3013308644294739,1.1560323238372803,4096.0,0.00016625
3350,0.25409141182899475,1.0157113075256348,4096.0,0.0001675
3375,0.25817567110061646,0.9039955735206604,4096.0,0.00016875
3400,0.2905820608139038,0.6720783710479736,4096.0,0.00017
3425,0.30170005559921265,0.833931028842926,4096.0,0.00017125000000000002
3450,0.27855393290519714,0.7414140105247498,4096.0,0.0001725
3475,0.26502707600593567,0.6444146037101746,4096.0,0.00017375
3500,0.345866858959198,0.661604106426239,4096.0,0.000175
3525,0.2924422025680542,0.8117544054985046,4096.0,0.00017624999999999997
3550,0.2729727625846863,0.9838882088661194,4096.0,0.0001775
3575,0.2919113039970398,0.6890246868133545,4096.0,0.00017874999999999998
3600,0.29620033502578735,0.7208357453346252,4096.0,0.00017999999999999998
3625,0.21095485985279083,1.0189529657363892,4096.0,0.00018125
3650,0.3545748293399811,0.8439090251922607,4096.0,0.0001825
3675,0.30332833528518677,0.7174577116966248,4096.0,0.00018375
3700,0.2390933483839035,1.0640733242034912,4096.0,0.00018500000000000002
3725,0.28907519578933716,0.5357739329338074,4096.0,0.00018625
3750,0.2772873044013977,1.0171505212783813,4096.0,0.0001875
3775,0.3064896762371063,0.6687723994255066,4096.0,0.00018875
3800,0.3437279760837555,0.671704113483429,4096.0,0.00019
3825,0.2463480532169342,0.8929240107536316,4096.0,0.00019125000000000004
3850,0.3026776909828186,1.152101993560791,4096.0,0.0001925
3875,0.30632129311561584,0.6550334692001343,4096.0,0.00019375
3900,0.24955864250659943,0.6204097270965576,4096.0,0.000195
3925,0.25994864106178284,0.9005289077758789,4096.0,0.00019625
3950,0.31590309739112854,0.781509518623352,4096.0,0.0001975
3975,0.2611536383628845,0.7221673727035522,4096.0,0.00019875
4000,0.2604355216026306,0.8098158836364746,4096.0,0.0002
4025,0.26778241991996765,0.7165809869766235,4096.0,0.00020125
4050,0.25678691267967224,0.5436272025108337,4096.0,0.00020250000000000002
4075,0.26859503984451294,0.6107921004295349,4096.0,0.00020374999999999997
4100,0.3581315577030182,0.7556783556938171,4096.0,0.00020500000000000002
4125,0.23913845419883728,1.2939536571502686,4096.0,0.00020624999999999997
4150,0.2353237122297287,0.7163218855857849,8192.0,0.00020750000000000003
4175,0.26748353242874146,0.7719554901123047,8192.0,0.00020874999999999998
4200,0.239168182015419,0.8969700932502747,8192.0,0.00020999999999999998
4225,0.32867613434791565,0.8032675385475159,8192.0,0.00021125
4250,0.28897368907928467,0.5936414003372192,8192.0,0.0002125
4275,0.2525459825992584,0.8331670165061951,8192.0,0.00021375
4300,0.35117238759994507,0.9812037348747253,8192.0,0.00021500000000000002
4325,0.2165127545595169,1.395090103149414,8192.0,0.00021625
4350,0.2922546863555908,0.5342326164245605,8192.0,0.00021750000000000003
4375,0.17102940380573273,0.5808164477348328,8192.0,0.00021874999999999998
4400,0.3295397460460663,0.6464530229568481,8192.0,0.00021999999999999998
4425,0.29868078231811523,0.6216005682945251,8192.0,0.00022125000000000004
4450,0.24615353345870972,0.6036264300346375,8192.0,0.0002225
4475,0.244939923286438,0.5737603306770325,8192.0,0.00022375000000000004
4500,0.24902555346488953,0.7274463772773743,8192.0,0.000225
4525,0.2438235580921173,0.862701416015625,8192.0,0.00022625
4550,0.2064104825258255,0.5354509353637695,8192.0,0.00022750000000000003
4575,0.3596327006816864,0.7142030596733093,8192.0,0.00022875
4600,0.17527993023395538,0.5926221609115601,8192.0,0.00023
4625,0.2405053675174713,0.848151683807373,8192.0,0.00023125
4650,0.2691271901130676,0.5452108979225159,8192.0,0.0002325
4675,0.294524610042572,0.6519249081611633,8192.0,0.00023375000000000004
4700,0.2585865259170532,0.5815044641494751,8192.0,0.00023500000000000002
4725,0.2544485032558441,0.6462200284004211,8192.0,0.00023624999999999997
4750,0.20654383301734924,0.6197391152381897,8192.0,0.0002375
4775,0.3907734453678131,0.5036793351173401,8192.0,0.00023874999999999998
4800,0.20850935578346252,0.7372830510139465,8192.0,0.00023999999999999998
4825,0.3040938973426819,0.6292237043380737,8192.0,0.00024125
4850,0.20443879067897797,0.6607071161270142,8192.0,0.00024249999999999999
4875,0.28324413299560547,0.8640742897987366,8192.0,0.00024375000000000002
4900,0.1716127097606659,0.6990140676498413,8192.0,0.000245
4925,0.23420581221580505,0.6132584810256958,8192.0,0.00024625
4950,0.21831530332565308,0.6291292309761047,8192.0,0.0002475
4975,0.2577682137489319,0.5895257592201233,8192.0,0.00024875
5000,0.23720790445804596,0.798977792263031,8192.0,0.00025
5025,0.36913058161735535,0.5547352433204651,8192.0,0.00025125
5050,0.21429754793643951,0.6566429734230042,8192.0,0.0002525
5075,0.16396233439445496,0.6811877489089966,8192.0,0.00025374999999999996
5100,0.2698819041252136,0.7187086939811707,8192.0,0.00025499999999999996
5125,0.2193286418914795,0.5451247692108154,8192.0,0.00025624999999999997
5150,0.3354738652706146,0.5181607604026794,8192.0,0.0002575
5175,0.28229641914367676,0.7890397906303406,8192.0,0.00025875
5200,0.2801111936569214,0.5953166484832764,8192.0,0.00026000000000000003
5225,0.24121442437171936,0.5831708312034607,8192.0,0.00026125
5250,0.31163114309310913,0.779074490070343,8192.0,0.0002625
5275,0.25002118945121765,0.4858194887638092,8192.0,0.00026375
5300,0.238026425242424,0.6163020730018616,8192.0,0.000265
5325,0.2321193963289261,0.838429868221283,8192.0,0.00026624999999999994
5350,0.34130173921585083,0.64654141664505,8192.0,0.00026750000000000005
5375,0.2544206976890564,0.6408765912055969,8192.0,0.00026875
5400,0.3199978470802307,0.536159336566925,8192.0,0.00027000000000000006
5425,0.22130466997623444,0.8665462136268616,8192.0,0.00027125
5450,0.2525970935821533,0.4470616281032562,8192.0,0.0002725
5475,0.30744868516921997,0.5756049752235413,8192.0,0.00027375
5500,0.3606310784816742,0.6299618482589722,8192.0,0.000275
5525,0.31516486406326294,0.6090235710144043,8192.0,0.00027625
5550,0.2676089406013489,0.4873591959476471,8192.0,0.0002775
5575,0.32582351565361023,0.6378821730613708,8192.0,0.00027874999999999997
5600,0.23097237944602966,0.7487931251525879,8192.0,0.00028000000000000003
5625,0.3007679581642151,0.45962244272232056,8192.0,0.00028125000000000003
5650,0.2761586904525757,0.5261041522026062,8192.0,0.0002825
5675,0.17492641508579254,0.46194300055503845,8192.0,0.00028375000000000004
5700,0.28910133242607117,0.6098231077194214,8192.0,0.000285
5725,0.3343774378299713,0.47376665472984314,8192.0,0.00028625000000000005
5750,0.31111857295036316,0.49996423721313477,8192.0,0.0002875
5775,0.3603803217411041,0.6048314571380615,8192.0,0.00028875
5800,0.3517574667930603,0.6482129693031311,8192.0,0.00029
5825,0.23740066587924957,0.5385057926177979,8192.0,0.00029125
5850,0.270358681678772,0.6591293215751648,8192.0,0.0002925
5875,0.2871331572532654,0.4119746685028076,8192.0,0.00029375
5900,0.2755015790462494,0.4307212233543396,8192.0,0.000295
5925,0.24922633171081543,0.4951731264591217,8192.0,0.00029625
5950,0.29342687129974365,0.681961178779602,8192.0,0.00029749999999999997
5975,0.2672027051448822,0.5560011267662048,8192.0,0.00029874999999999997
6000,0.3093009889125824,0.5727080702781677,8192.0,0.0003
6025,0.24042674899101257,0.41080740094184875,8192.0,0.00030125
6050,0.3295372426509857,0.5185213685035706,8192.0,0.0003025
6075,0.2307364046573639,0.5617879629135132,8192.0,0.00030375000000000004
6100,0.21509890258312225,0.5713907480239868,8192.0,0.000305
6125,0.29952773451805115,0.5438947677612305,8192.0,0.00030625000000000004
6150,0.23603835701942444,0.5586464405059814,16384.0,0.0003075
6175,0.21704930067062378,0.5480865240097046,16384.0,0.00030875000000000005
6200,0.26435792446136475,0.49033960700035095,16384.0,0.00031
6225,0.27521979808807373,0.4299384653568268,16384.0,0.00031125
6250,0.25876423716545105,0.4691685736179352,16384.0,0.0003125
6275,0.18537160754203796,0.46068623661994934,16384.0,0.00031374999999999996
6300,0.22199372947216034,0.525274932384491,16384.0,0.00031499999999999996
6325,0.15085776150226593,0.38268983364105225,16384.0,0.00031624999999999996
6350,0.3391648828983307,0.5217607021331787,16384.0,0.0003175
6375,0.2138713151216507,0.5838757157325745,16384.0,0.00031875
6400,0.21699893474578857,0.5146477222442627,16384.0,0.00032
6425,0.19940140843391418,0.5758012533187866,16384.0,0.00032125
6450,0.23477281630039215,0.3955572545528412,16384.0,0.00032250000000000003
6475,0.3383059799671173,0.5230516195297241,16384.0,0.00032375
6500,0.26410752534866333,0.5097845792770386,16384.0,0.000325
6525,0.21704477071762085,0.3677372634410858,16384.0,0.00032625
6550,0.23654921352863312,0.6229783892631531,16384.0,0.00032750000000000005
6575,0.2330087423324585,0.5400501489639282,16384.0,0.00032875000000000005
6600,0.3198474049568176,0.5994378328323364,16384.0,0.00033000000000000005
6625,0.3079160451889038,0.5509837865829468,16384.0,0.00033125
6650,0.27141711115837097,0.6022610664367676,16384.0,0.0003325
6675,0.2311297208070755,0.5066424608230591,16384.0,0.00033375
6700,0.23924294114112854,0.5119222402572632,16384.0,0.000335
6725,0.31643566489219666,0.4462991952896118,16384.0,0.00033625
6750,0.27561071515083313,0.41207942366600037,16384.0,0.0003375
6775,0.2200346142053604,0.5626444220542908,16384.0,0.00033875
6800,0.2023414969444275,0.851901113986969,16384.0,0.00034
6825,0.2485216110944748,0.39611026644706726,16384.0,0.00034125
6850,0.31916552782058716,0.4575943648815155,16384.0,0.00034250000000000003
6875,0.2246297299861908,0.4475761950016022,16384.0,0.00034375
6900,0.244816854596138,0.6778092384338379,16384.0,0.000345
6925,0.2849512994289398,0.5033020377159119,16384.0,0.00034625
6950,0.2504396438598633,0.5477784276008606,16384.0,0.0003475
6975,0.2872004210948944,0.6833227276802063,16384.0,0.00034875
7000,0.28104114532470703,0.5230441689491272,16384.0,0.00035
7025,0.21106673777103424,0.5139812231063843,16384.0,0.00035125000000000005
7050,0.28243550658226013,0.3989080786705017,16384.0,0.00035249999999999995
7075,0.22603610157966614,0.41481977701187134,16384.0,0.00035375
7100,0.25106900930404663,0.5527414083480835,16384.0,0.000355
7125,0.24073302745819092,0.5283849239349365,16384.0,0.00035625
7150,0.3081302046775818,0.416278600692749,16384.0,0.00035749999999999996
7175,0.27576929330825806,0.41378286480903625,16384.0,0.00035875
7200,0.22123543918132782,0.46845245361328125,16384.0,0.00035999999999999997
7225,0.27264082431793213,0.47573575377464294,16384.0,0.00036125
7250,0.1988976150751114,0.6272743344306946,16384.0,0.0003625
7275,0.28484997153282166,0.532650887966156,16384.0,0.00036375000000000003
7300,0.3189808428287506,0.43337637186050415,16384.0,0.000365
7325,0.2703011929988861,0.5376930236816406,16384.0,0.00036625000000000004
7350,0.24989023804664612,0.41210898756980896,16384.0,0.0003675
7375,0.27244287729263306,0.43964874744415283,16384.0,0.00036875000000000005
7400,0.22642084956169128,0.4127465486526489,16384.0,0.00037000000000000005
7425,0.2348707914352417,0.4437909722328186,16384.0,0.00037125000000000005
7450,0.28190767765045166,0.5151286125183105,16384.0,0.0003725
7475,0.2776815593242645,0.5293421745300293,16384.0,0.00037375000000000006
7500,0.3070983290672302,0.4475158154964447,16384.0,0.000375
7525,0.2484365999698639,0.3872717320919037,16384.0,0.00037625
7550,0.283873975276947,0.4231506884098053,16384.0,0.0003775
7575,0.32173097133636475,0.4858959913253784,16384.0,0.00037874999999999996
7600,0.18878133594989777,0.630569338798523,16384.0,0.00038
7625,0.2885722517967224,0.4410266578197479,16384.0,0.00038124999999999997
7650,0.3139533996582031,0.4644854664802551,16384.0,0.0003825000000000001
7675,0.23509997129440308,0.5001943111419678,16384.0,0.00038375000000000003
7700,0.23134095966815948,0.502590000629425,16384.0,0.000385
7725,0.2145705223083496,0.4426119923591614,16384.0,0.00038625
7750,0.1769537776708603,0.41748401522636414,16384.0,0.0003875
7775,0.28727975487709045,0.3576396703720093,16384.0,0.00038875000000000004
7800,0.35860660672187805,0.3726901113986969,16384.0,0.00039
7825,0.2501460909843445,0.4025801122188568,16384.0,0.00039125
7850,0.17888127267360687,0.4371785819530487,16384.0,0.0003925
7875,0.2743644118309021,0.3878503143787384,16384.0,0.00039374999999999995
7900,0.25725722312927246,0.49531644582748413,16384.0,0.000395
7925,0.2425377070903778,0.38074976205825806,16384.0,0.00039625000000000006
7950,0.2627590596675873,0.41531887650489807,16384.0,0.0003975
7975,0.25767001509666443,0.5645012855529785,16384.0,0.00039874999999999996
8000,0.202379509806633,0.4806424379348755,16384.0,0.0004
8025,0.25588080286979675,0.3680369257926941,16384.0,0.00040124999999999997
8050,0.2254047691822052,0.4197981655597687,16384.0,0.0004025
8075,0.20991390943527222,0.41869157552719116,16384.0,0.00040375
8100,0.20994628965854645,0.4740598201751709,16384.0,0.00040500000000000003
8125,0.2006070762872696,0.45187050104141235,16384.0,0.00040625
8150,0.2653138339519501,0.3905111253261566,32768.0,0.00040749999999999993
8175,0.24373474717140198,0.4385969638824463,32768.0,0.0004087500000000001
8200,0.2800437808036804,0.5205262899398804,32768.0,0.00041000000000000005
8225,0.2524530291557312,0.6075831055641174,32768.0,0.00041125
8250,0.2670381963253021,0.4982418119907379,32768.0,0.00041249999999999994
8275,0.21125183999538422,0.45266517996788025,32768.0,0.00041375
8300,0.26212430000305176,0.4098738729953766,32768.0,0.00041500000000000006
8325,0.17692877352237701,0.38417312502861023,32768.0,0.00041625000000000006
8350,0.24736686050891876,0.40932101011276245,32768.0,0.00041749999999999996
8375,0.2869184613227844,0.49470821022987366,32768.0,0.00041875
8400,0.19903232157230377,0.3593229651451111,32768.0,0.00041999999999999996
8425,0.20593716204166412,0.32711338996887207,32768.0,0.00042125
8450,0.2226056158542633,0.5476647019386292,32768.0,0.0004225
8475,0.21939009428024292,0.42203840613365173,32768.0,0.00042375000000000003
8500,0.18419727683067322,0.5150324106216431,32768.0,0.000425
8525,0.19589871168136597,0.5144118070602417,32768.0,0.00042625000000000003
8550,0.24069201946258545,0.4958403408527374,32768.0,0.0004275
8575,0.19035586714744568,0.543722927570343,32768.0,0.0004287500000000001
8600,0.19910523295402527,0.5107731819152832,32768.0,0.00043000000000000004
8625,0.2596034109592438,0.40819185972213745,32768.0,0.00043125
8650,0.17498861253261566,0.3192131221294403,32768.0,0.0004325
8675,0.3011958599090576,0.46659237146377563,32768.0,0.00043375
8700,0.2792094945907593,0.39507585763931274,32768.0,0.00043500000000000006
8725,0.317538857460022,0.5571237802505493,32768.0,0.00043625
8750,0.24483828246593475,0.4239498972892761,32768.0,0.00043749999999999995
8775,0.22199156880378723,0.4680519104003906,32768.0,0.00043874999999999996
8800,0.2580191493034363,0.463284432888031,32768.0,0.00043999999999999996
8825,0.27165061235427856,0.5194882154464722,32768.0,0.00044125
8850,0.26443395018577576,0.419632226228714,32768.0,0.0004425000000000001
8875,0.31032365560531616,0.3349652588367462,32768.0,0.00044375
8900,0.29297518730163574,0.5148491859436035,32768.0,0.000445
8925,0.23520171642303467,0.3309621810913086,32768.0,0.00044625
8950,0.2645982801914215,0.33036619424819946,32768.0,0.0004475000000000001
8975,0.1811905801296234,0.4483311176300049,32768.0,0.00044875000000000004
9000,0.20117828249931335,0.33925583958625793,32768.0,0.00045
9025,0.3950899839401245,0.4282006621360779,32768.0,0.00045124999999999994
9050,0.20452158153057098,0.5795870423316956,32768.0,0.0004525
9075,0.2447959929704666,0.46186068654060364,32768.0,0.00045374999999999994
9100,0.2470465451478958,0.35591650009155273,32768.0,0.00045500000000000006
9125,0.2567855715751648,0.3484475016593933,32768.0,0.00045625000000000006
9150,0.264852911233902,0.3360203206539154,32768.0,0.0004575
9175,0.19824768602848053,0.3259308338165283,32768.0,0.00045874999999999996
9200,0.3066462278366089,0.3975823223590851,32768.0,0.00046
9225,0.17708851397037506,0.4391345679759979,32768.0,0.00046125000000000007
9250,0.2619991898536682,0.4289989173412323,32768.0,0.0004625
9275,0.1868436634540558,0.5142088532447815,32768.0,0.00046374999999999997
9300,0.3069441020488739,0.5052444934844971,32768.0,0.000465
9325,0.24212825298309326,0.36010199785232544,32768.0,0.00046625
9350,0.273464173078537,0.424275666475296,32768.0,0.0004675000000000001
9375,0.22861962020397186,0.36248067021369934,32768.0,0.00046875000000000004
9400,0.2740631103515625,0.3355121910572052,32768.0,0.00047000000000000004
9425,0.17970748245716095,0.3214874863624573,32768.0,0.00047125
9450,0.16506770253181458,0.3722545802593231,32768.0,0.00047249999999999994
9475,0.24440829455852509,0.40412357449531555,32768.0,0.00047375000000000005
9500,0.28159603476524353,0.4518066644668579,32768.0,0.000475
9525,0.2612437307834625,0.4618315100669861,32768.0,0.00047625000000000006
9550,0.18771524727344513,0.4149860739707947,32768.0,0.00047749999999999995
9575,0.21052858233451843,0.6111059188842773,32768.0,0.00047875
9600,0.30291566252708435,0.4635418951511383,32768.0,0.00047999999999999996
9625,0.18659347295761108,0.3142560124397278,32768.0,0.00048125000000000007
9650,0.2520086169242859,0.41777586936950684,32768.0,0.0004825
9675,0.2729814946651459,0.4389770030975342,32768.0,0.00048374999999999997
9700,0.14835309982299805,0.29476335644721985,32768.0,0.00048499999999999997
9725,0.31413140892982483,0.32488638162612915,32768.0,0.00048625
9750,0.3217647671699524,0.35548296570777893,32768.0,0.00048750000000000003
9775,0.2117212414741516,0.33628061413764954,32768.0,0.00048875
9800,0.20624496042728424,0.3812919557094574,32768.0,0.00049
9825,0.20583686232566833,0.3278256356716156,32768.0,0.00049125
9850,0.2469588667154312,0.5878323316574097,32768.0,0.0004925
9875,0.20948030054569244,0.36530911922454834,32768.0,0.00049375
9900,0.19294197857379913,0.3159201145172119,32768.0,0.000495
9925,0.24198201298713684,0.33442196249961853,32768.0,0.0004962500000000001
9950,0.23344923555850983,0.4015873372554779,32768.0,0.0004975
9975,0.22484974563121796,0.41804271936416626,32768.0,0.00049875
10000,0.20444075763225555,0.32435205578804016,32768.0,0.0005
10025,0.32592400908470154,0.29354602098464966,32768.0,0.00049999999595326
10050,0.282800555229187,0.34640175104141235,32768.0,0.0004999999838130398
10075,0.31477880477905273,0.4612728953361511,32768.0,0.00049999996357934
10100,0.20540383458137512,0.30508285760879517,32768.0,0.0004999999352521612
10125,0.22823433578014374,0.33260202407836914,32768.0,0.0004999998988315044
10150,0.18940497934818268,0.43136802315711975,65536.0,0.0004999998543173706
10175,0.19227570295333862,0.322224885225296,65536.0,0.0004999998017097615
10200,0.2778869569301605,0.3282071352005005,65536.0,0.0004999997410086788
10225,0.3067418038845062,0.3609883189201355,65536.0,0.0004999996722141242
10250,0.2588199973106384,0.4011317193508148,65536.0,0.0004999995953261002
10275,0.23380495607852936,0.38856086134910583,65536.0,0.0004999995103446092
10300,0.24400414526462555,0.3358950614929199,65536.0,0.0004999994172696542
10325,0.3236597776412964,0.40737125277519226,65536.0,0.000499999316101238
10350,0.2710416913032532,0.49530449509620667,65536.0,0.0004999992068393638
10375,0.1463852971792221,0.3843144476413727,65536.0,0.0004999990894840355
10400,0.2509342432022095,0.36603474617004395,65536.0,0.0004999989640352569
10425,0.3014127016067505,0.3033081591129303,65536.0,0.0004999988304930317
10450,0.30605798959732056,0.41117873787879944,65536.0,0.0004999986888573648
10475,0.2962970733642578,0.47007840871810913,65536.0,0.0004999985391282607
10500,0.34322959184646606,0.49288514256477356,65536.0,0.000499998381305724
10525,0.27379199862480164,0.4051797091960907,65536.0,0.00049999821538976
10550,0.2931874990463257,0.4315498471260071,65536.0,0.0004999980413803744
10575,0.2677299678325653,0.33671289682388306,65536.0,0.0004999978592775725
10600,0.35340675711631775,0.42275547981262207,65536.0,0.0004999976690813605
10625,0.21227161586284637,0.4484964907169342,65536.0,0.0004999974707917445
10650,0.27701663970947266,0.4111924171447754,65536.0,0.000499997264408731
10675,0.281777948141098,0.28488320112228394,65536.0,0.000499997049932327
10700,0.2564643919467926,0.28411415219306946,65536.0,0.0004999968273625391
10725,0.31226569414138794,0.34385988116264343,65536.0,0.0004999965966993746
10750,0.1515897512435913,0.3668155074119568,65536.0,0.0004999963579428415
10775,0.31947705149650574,0.4283139705657959,65536.0,0.0004999961110929471
10800,0.2183443307876587,0.36341169476509094,65536.0,0.0004999958561496998
10825,0.27005043625831604,0.4722268879413605,65536.0,0.0004999955931131079
10850,0.22379069030284882,0.508139431476593,65536.0,0.0004999953219831799
10875,0.2424522191286087,0.3842410445213318,65536.0,0.0004999950427599245
10900,0.26631149649620056,0.4270196855068207,65536.0,0.0004999947554433512
10925,0.2939901351928711,0.43733853101730347,65536.0,0.0004999944600334692
10950,0.24250617623329163,0.42455804347991943,65536.0,0.0004999941565302882
10975,0.2890845835208893,0.494020938873291,65536.0,0.0004999938449338181
11000,0.1917831301689148,0.37331199645996094,65536.0,0.0004999935252440691
11025,0.13655990362167358,0.389646977186203,65536.0,0.0004999931974610516
11050,0.28229519724845886,0.506432294845581,65536.0,0.0004999928615847764
11075,0.22608083486557007,0.30470454692840576,65536.0,0.0004999925176152545
11100,0.1986115425825119,0.40914905071258545,65536.0,0.000499992165552497
11125,0.2383633553981781,0.3317522704601288,65536.0,0.0004999918053965156
11150,0.2551414966583252,0.35913681983947754,65536.0,0.0004999914371473219
11175,0.24273774027824402,0.2808402180671692,65536.0,0.0004999910608049281
11200,0.20335286855697632,0.336936354637146,65536.0,0.0004999906763693463
11225,0.23956680297851562,0.28038209676742554,65536.0,0.0004999902838405896
11250,0.3015452027320862,0.3911767899990082,65536.0,0.0004999898832186701
11275,0.18055225908756256,0.5464023947715759,65536.0,0.0004999894745036014
11300,0.29577720165252686,0.4328990876674652,65536.0,0.0004999890576953966
11325,0.16127195954322815,0.2574222981929779,65536.0,0.0004999886327940695
11350,0.2914552688598633,0.3615590035915375,65536.0,0.0004999881997996339
11375,0.29794806241989136,0.44646576046943665,65536.0,0.000499987758712104
11400,0.22361618280410767,0.29720696806907654,65536.0,0.0004999873095314943
11425,0.19946135580539703,0.28700125217437744,65536.0,0.0004999868522578193
11450,0.2328711748123169,0.4414975941181183,65536.0,0.0004999863868910941
11475,0.22908368706703186,0.45044180750846863,65536.0,0.000499985913431334
11500,0.1791653335094452,0.29980266094207764,65536.0,0.0004999854318785542
11525,0.25925132632255554,0.328344464302063,65536.0,0.0004999849422327707
11550,0.20906397700309753,0.35471048951148987,65536.0,0.0004999844444939994
11575,0.22646251320838928,0.34287017583847046,65536.0,0.0004999839386622566
11600,0.19140814244747162,0.5492528080940247,65536.0,0.0004999834247375589
11625,0.2997705638408661,0.3596346080303192,65536.0,0.0004999829027199231
11650,0.22284209728240967,0.4028962552547455,65536.0,0.000499982372609366
11675,0.21452362835407257,0.380310595035553,65536.0,0.0004999818344059053
11700,0.30248743295669556,0.31336215138435364,65536.0,0.0004999812881095584
11725,0.21108336746692657,0.2988405227661133,65536.0,0.0004999807337203432
11750,0.18249908089637756,0.2760932743549347,65536.0,0.0004999801712382779
11775,0.34624436497688293,0.3502444922924042,65536.0,0.0004999796006633808
11800,0.198809415102005,0.3319593071937561,65536.0,0.0004999790219956707
11825,0.16766194999217987,0.3155054450035095,65536.0,0.0004999784352351663
11850,0.2214362770318985,0.2709254026412964,65536.0,0.000499977840381887
11875,0.2470523864030838,0.31592583656311035,65536.0,0.000499977237435852
11900,0.21006973087787628,0.48210498690605164,65536.0,0.0004999766263970813
11925,0.26093631982803345,0.3160959482192993,65536.0,0.0004999760072655946
11950,0.32467132806777954,0.3258953392505646,65536.0,0.0004999753800414125
11975,0.24461981654167175,0.3428907096385956,65536.0,0.0004999747447245553
12000,0.31686386466026306,0.356864869594574,65536.0,0.0004999741013150437
12025,0.351955384016037,0.3016784191131592,65536.0,0.000499973449812899
12050,0.19013388454914093,0.3705109655857086,65536.0,0.0004999727902181421
12075,0.2622049152851105,0.3688674867153168,65536.0,0.0004999721225307949
12100,0.2271486520767212,0.29631951451301575,65536.0,0.0004999714467508791
12125,0.18617303669452667,0.3787342607975006,65536.0,0.000499970762878417
12150,0.21500451862812042,0.35210031270980835,131072.0,0.0004999700709134307
12175,0.26448822021484375,0.30921921133995056,131072.0,0.0004999693708559429
12200,0.20650479197502136,0.3372820317745209,131072.0,0.0004999686627059766
12225,0.2702494263648987,0.36414599418640137,131072.0,0.0004999679464635547
12250,0.26713430881500244,0.27209919691085815,131072.0,0.0004999672221287009
12275,0.27927926182746887,0.34677863121032715,131072.0,0.0004999664897014388
12300,0.26348352432250977,0.2813205122947693,131072.0,0.0004999657491817925
12325,0.23846344649791718,0.3478303551673889,131072.0,0.0004999650005697858
12350,0.23686106503009796,0.32474595308303833,131072.0,0.0004999642438654436
12375,0.2713472545146942,0.4270823001861572,131072.0,0.0004999634790687904
12400,0.24419932067394257,0.3047542870044708,131072.0,0.0004999627061798512
12425,0.26875701546669006,0.2509863078594208,131072.0,0.0004999619251986515
12450,0.28728818893432617,0.2295365184545517,131072.0,0.0004999611361252166
12475,0.24646474421024323,0.4167831838130951,131072.0,0.0004999603389595726
12500,0.23718637228012085,0.3257749080657959,131072.0,0.0004999595337017451
12525,0.17445503175258636,0.3666917085647583,131072.0,0.0004999587203517609
12550,0.2273053526878357,0.32487574219703674,131072.0,0.0004999578989096464
12575,0.1723330169916153,0.29486626386642456,131072.0,0.0004999570693754283
12600,0.20792080461978912,0.3742218613624573,131072.0,0.0004999562317491341
12625,0.25975170731544495,0.3884594142436981,131072.0,0.0004999553860307908
12650,0.2578534483909607,0.34917372465133667,131072.0,0.0004999545322204264
12675,0.16665828227996826,0.2807493805885315,131072.0,0.0004999536703180686
12700,0.24911360442638397,0.26864221692085266,131072.0,0.0004999528003237457
12725,0.2672613561153412,0.45274093747138977,131072.0,0.0004999519222374859
12750,0.20880815386772156,0.21678106486797333,131072.0,0.0004999510360593183
12775,0.18110781908035278,0.2450564205646515,131072.0,0.0004999501417892715
12800,0.21535086631774902,0.25842806696891785,131072.0,0.0004999492394273752
12825,0.2438145875930786,0.3090415894985199,131072.0,0.0004999483289736584
12850,0.2564089298248291,0.4974929988384247,131072.0,0.0004999474104281511
12875,0.1973108947277069,0.3312036991119385,131072.0,0.0004999464837908836
12900,0.29205194115638733,0.2951097786426544,131072.0,0.0004999455490618858
12925,0.31757307052612305,0.3014824092388153,131072.0,0.0004999446062411884
12950,0.19514650106430054,0.32356035709381104,131072.0,0.0004999436553288222
12975,0.23868949711322784,0.3002275228500366,131072.0,0.0004999426963248184
13000,0.2651522159576416,0.23344393074512482,131072.0,0.0004999417292292083
13025,0.20850631594657898,0.29285186529159546,131072.0,0.0004999407540420235
13050,0.18868155777454376,0.29074016213417053,131072.0,0.000499939770763296
13075,0.2208925485610962,0.3102869987487793,131072.0,0.0004999387793930578
13100,0.1815052479505539,0.26409849524497986,131072.0,0.0004999377799313414
13125,0.23726561665534973,0.3039757013320923,131072.0,0.0004999367723781794
13150,0.1962287873029709,0.3251180946826935,131072.0,0.000499935756733605
13175,0.18303361535072327,0.25484660267829895,131072.0,0.000499934732997651
13200,0.30217215418815613,0.2396901249885559,131072.0,0.0004999337011703513
13225,0.22803832590579987,0.2863202691078186,131072.0,0.0004999326612517395
13250,0.24986284971237183,0.2906256914138794,131072.0,0.0004999316132418495
13275,0.293453574180603,0.30483880639076233,131072.0,0.0004999305571407155
13300,0.25437816977500916,0.33729255199432373,131072.0,0.0004999294929483723
13325,0.2619832754135132,0.3296472728252411,131072.0,0.0004999284206648545
13350,0.18310698866844177,0.2793150544166565,131072.0,0.0004999273402901972
13375,0.1618034541606903,0.24682144820690155,131072.0,0.0004999262518244359
13400,0.29434266686439514,0.6993023753166199,131072.0,0.000499925155267606
13425,0.21767279505729675,0.2956075072288513,131072.0,0.0004999240506197433
13450,0.29188698530197144,0.45905500650405884,131072.0,0.0004999229378808843
13475,0.1741664558649063,0.25454622507095337,131072.0,0.0004999218170510648
13500,0.24453987181186676,0.26396042108535767,131072.0,0.0004999206881303219
13525,0.2704734206199646,0.3593595623970032,131072.0,0.0004999195511186924
13550,0.22329729795455933,0.4254801571369171,131072.0,0.0004999184060162136
13575,0.19838209450244904,0.26563143730163574,131072.0,0.0004999172528229228
13600,0.20971418917179108,0.27627265453338623,131072.0,0.0004999160915388574
13625,0.20099316537380219,0.26901760697364807,131072.0,0.0004999149221640559
13650,0.19166328012943268,0.3369622528553009,131072.0,0.0004999137446985566
13675,0.23319272696971893,0.3438737690448761,131072.0,0.0004999125591423973
13700,0.2491157203912735,0.2912338972091675,131072.0,0.0004999113654956175
13725,0.23731562495231628,0.25503259897232056,131072.0,0.000499910163758256
13750,0.2631371319293976,0.25469014048576355,131072.0,0.0004999089539303519
13775,0.19363394379615784,0.36316031217575073,131072.0,0.0004999077360119449
13800,0.17556674778461456,0.4124736487865448,131072.0,0.000499906510003075
13825,0.23048929870128632,0.37058547139167786,131072.0,0.000499905275903782
13850,0.2138914316892624,0.3262248933315277,131072.0,0.0004999040337141063
13875,0.187810018658638,0.27122849225997925,131072.0,0.0004999027834340887
13900,0.22772987186908722,0.2399754673242569,131072.0,0.0004999015250637701
13925,0.22610747814178467,0.2635808289051056,131072.0,0.0004999002586031914
13950,0.18395526707172394,0.24490217864513397,131072.0,0.0004998989840523942
13975,0.20572175085544586,0.26986879110336304,131072.0,0.0004998977014114201
14000,0.2678409218788147,0.27507346868515015,131072.0,0.0004998964106803112
14025,0.21064524352550507,0.2869691550731659,131072.0,0.0004998951118591095
14050,0.2941721975803375,0.31121623516082764,131072.0,0.0004998938049478576
14075,0.22213271260261536,0.2960937023162842,131072.0,0.0004998924899465981
14100,0.2438640296459198,0.31957173347473145,131072.0,0.0004998911668553742
14125,0.2639027237892151,0.2548028826713562,131072.0,0.000499889835674229
14150,0.25503599643707275,0.24015578627586365,262144.0,0.0004998884964032062
14175,0.16273924708366394,0.3769555985927582,262144.0,0.0004998871490423493
14200,0.17938175797462463,0.33515146374702454,131072.0,0.0004998857935917028
14225,0.23005566000938416,0.32627102732658386,131072.0,0.0004998844300513106
14250,0.22742930054664612,0.40774649381637573,131072.0,0.0004998830584212174
14275,0.25699731707572937,0.4265926480293274,131072.0,0.0004998816787014684
14300,0.3741179406642914,0.323599636554718,131072.0,0.0004998802908921081
14325,0.2893037796020508,0.39393487572669983,131072.0,0.0004998788949931825
14350,0.1459406167268753,0.2422727793455124,131072.0,0.0004998774910047368
14375,0.2529270052909851,0.5055145025253296,131072.0,0.0004998760789268171
14400,0.2661580443382263,0.3119150996208191,131072.0,0.0004998746587594695
14425,0.3022797107696533,0.24977393448352814,131072.0,0.0004998732305027407
14450,0.31290221214294434,0.26243624091148376,131072.0,0.000499871794156677
14475,0.19605354964733124,0.2592065632343292,131072.0,0.0004998703497213257
14500,0.2715253531932831,0.25401243567466736,131072.0,0.0004998688971967338
14525,0.22408297657966614,0.21664275228977203,131072.0,0.000499867436582949
14550,0.26264357566833496,0.29894745349884033,131072.0,0.0004998659678800188
14575,0.22155332565307617,0.37655723094940186,131072.0,0.0004998644910879917
14600,0.17943981289863586,0.2537728250026703,131072.0,0.0004998630062069153
14625,0.17426161468029022,0.2515946328639984,131072.0,0.0004998615132368388
14650,0.2065589725971222,0.30242809653282166,131072.0,0.0004998600121778108
14675,0.2740669846534729,0.2792004346847534,131072.0,0.0004998585030298801
14700,0.2553732693195343,0.269963800907135,131072.0,0.0004998569857930967
14725,0.19336025416851044,0.33046942949295044,131072.0,0.0004998554604675094
14750,0.23106960952281952,0.3135826289653778,131072.0,0.0004998539270531688
14775,0.24514219164848328,0.2910815179347992,131072.0,0.0004998523855501246
14800,0.19958820939064026,0.3035832941532135,131072.0,0.0004998508359584273
14825,0.24560782313346863,0.30898866057395935,131072.0,0.0004998492782781278
14850,0.25497856736183167,0.2512662410736084,131072.0,0.0004998477125092767
14875,0.23922033607959747,0.26952794194221497,131072.0,0.0004998461386519254
14900,0.2713596224784851,0.21332710981369019,131072.0,0.0004998445567061254
14925,0.21705560386180878,0.2781265377998352,131072.0,0.0004998429666719283
14950,0.27723774313926697,0.2879413962364197,131072.0,0.000499841368549386
14975,0.15130774676799774,0.19432441890239716,131072.0,0.0004998397623385512
15000,0.20741547644138336,0.2974274754524231,131072.0,0.000499838148039476
15025,0.1600860059261322,0.24404828250408173,131072.0,0.0004998365256522133
15050,0.24967321753501892,0.2395891547203064,131072.0,0.0004998348951768162
15075,0.2143324315547943,0.2418256551027298,131072.0,0.0004998332566133381
15100,0.19419139623641968,0.27374401688575745,131072.0,0.0004998316099618323
15125,0.27564525604248047,0.20151226222515106,131072.0,0.000499829955222353
15150,0.2505992352962494,0.3339133858680725,131072.0,0.0004998282923949541
15175,0.17441774904727936,0.3087012469768524,131072.0,0.0004998266214796901
15200,0.2518828511238098,0.3161769509315491,131072.0,0.0004998249424766154
15225,0.20301558077335358,0.3110792636871338,131072.0,0.0004998232553857852
15250,0.3243376314640045,0.2705806493759155,131072.0,0.0004998215602072543
15275,0.21093188226222992,0.2615661025047302,131072.0,0.0004998198569410786
15300,0.3118804693222046,0.24766558408737183,131072.0,0.0004998181455873134
15325,0.15068109333515167,0.33687835931777954,131072.0,0.000499816426146015
15350,0.1747732311487198,0.21145981550216675,131072.0,0.0004998146986172394
15375,0.19818337261676788,0.22904230654239655,131072.0,0.000499812963001043
15400,0.21956059336662292,0.24230429530143738,131072.0,0.0004998112192974829
15425,0.22799186408519745,0.3115285336971283,131072.0,0.0004998094675066159
15450,0.25433745980262756,0.23724503815174103,131072.0,0.0004998077076284993
15475,0.18541160225868225,0.23696734011173248,131072.0,0.0004998059396631907
15500,0.21776694059371948,0.21049199998378754,131072.0,0.0004998041636107476
15525,0.19830116629600525,0.26411333680152893,131072.0,0.0004998023794712287
15550,0.18008075654506683,0.2700079083442688,131072.0,0.0004998005872446918
15575,0.2485022246837616,0.3255431652069092,131072.0,0.0004997987869311957
15600,0.2207895815372467,0.2604592740535736,131072.0,0.0004997969785307994
15625,0.22555670142173767,0.23448963463306427,131072.0,0.0004997951620435618
15650,0.2241220921278,0.24874986708164215,131072.0,0.0004997933374695424
15675,0.23564574122428894,0.3528401553630829,131072.0,0.000499791504808801
15700,0.27357903122901917,0.3154214918613434,131072.0,0.0004997896640613973
15725,0.14810167253017426,0.21174772083759308,131072.0,0.0004997878152273916
15750,0.23382866382598877,0.27417269349098206,131072.0,0.0004997859583068443
15775,0.22597965598106384,0.31942829489707947,131072.0,0.0004997840932998163
15800,0.26109063625335693,0.2614156901836395,131072.0,0.0004997822202063685
15825,0.29639706015586853,0.18351154029369354,131072.0,0.000499780339026562
15850,0.22340336441993713,0.2518867552280426,131072.0,0.0004997784497604586
15875,0.30918025970458984,0.2521108090877533,131072.0,0.0004997765524081197
15900,0.23693907260894775,0.26425302028656006,131072.0,0.0004997746469696077
15925,0.2838415503501892,0.28124701976776123,131072.0,0.0004997727334449848
15950,0.18464775383472443,0.250789612531662,131072.0,0.0004997708118343135
15975,0.2374132126569748,0.23175543546676636,131072.0,0.0004997688821376566
16000,0.22282345592975616,0.4030769169330597,131072.0,0.0004997669443550774
16025,0.1422397792339325,0.2061062753200531,131072.0,0.0004997649984866392
16050,0.2361323982477188,0.27618172764778137,131072.0,0.0004997630445324055
16075,0.20603220164775848,0.2610445022583008,131072.0,0.0004997610824924403
16100,0.1389959454536438,0.20882156491279602,131072.0,0.0004997591123668077
16125,0.24002715945243835,0.274380087852478,131072.0,0.0004997571341555723
16150,0.18366317451000214,0.2692246735095978,131072.0,0.0004997551478587985
16175,0.21422360837459564,0.2784769535064697,131072.0,0.0004997531534765516
16200,0.22946345806121826,0.20468512177467346,262144.0,0.0004997511510088965
16225,0.22075578570365906,0.22323860228061676,262144.0,0.0004997491404558988
16250,0.15262019634246826,0.2213447093963623,262144.0,0.0004997471218176243
16275,0.22668355703353882,0.23337112367153168,262144.0,0.000499745095094139
16300,0.26377737522125244,0.25335267186164856,262144.0,0.0004997430602855091
16325,0.2552880048751831,0.34103086590766907,262144.0,0.0004997410173918012
16350,0.21167074143886566,0.3023849129676819,262144.0,0.000499738966413082
16375,0.21410469710826874,0.24350683391094208,262144.0,0.0004997369073494187
16400,0.1642567366361618,0.2794751226902008,262144.0,0.0004997348402008788
16425,0.26703256368637085,0.2834418714046478,262144.0,0.0004997327649675294
16450,0.3682014048099518,0.3019375205039978,262144.0,0.0004997306816494388
16475,0.2046605944633484,0.3012164831161499,262144.0,0.000499728590246675
16500,0.31696197390556335,0.27848494052886963,262144.0,0.0004997264907593065
16525,0.225474014878273,0.18298999965190887,262144.0,0.0004997243831874015
16550,0.16853223741054535,0.2746352255344391,262144.0,0.0004997222675310295
16575,0.3942376375198364,0.2601749300956726,262144.0,0.0004997201437902593
16600,0.2638857960700989,0.217740997672081,262144.0,0.0004997180119651605
16625,0.24352864921092987,0.2537580132484436,262144.0,0.0004997158720558029
16650,0.2031131088733673,0.2503049969673157,262144.0,0.0004997137240622563
16675,0.20263534784317017,0.35121390223503113,262144.0,0.0004997115679845909
16700,0.2991909384727478,0.22558408975601196,131072.0,0.0004997094038228774
16725,0.25802576541900635,0.27253150939941406,131072.0,0.0004997072315771865
16750,0.19511230289936066,0.22203639149665833,131072.0,0.0004997050512475892
16775,0.2963511347770691,0.30870145559310913,131072.0,0.0004997028628341569
16800,0.22357802093029022,0.23961564898490906,131072.0,0.0004997006663369609
16825,0.2524186074733734,0.22996434569358826,131072.0,0.0004996984617560734
16850,0.232028067111969,0.2429192215204239,131072.0,0.0004996962490915663
16875,0.2484934777021408,0.18021449446678162,131072.0,0.0004996940283435117
16900,0.23385001718997955,0.2177678793668747,131072.0,0.0004996917995119828
16925,0.29582396149635315,0.38888218998908997,131072.0,0.0004996895625970519
16950,0.26468098163604736,0.23456774652004242,131072.0,0.0004996873175987927
16975,0.17292167246341705,0.1954183131456375,131072.0,0.000499685064517278
17000,0.2851036489009857,0.27515843510627747,131072.0,0.000499682803352582
17025,0.18316461145877838,0.2509668171405792,131072.0,0.0004996805341047785
17050,0.18490320444107056,0.23244090378284454,131072.0,0.0004996782567739416
17075,0.22227758169174194,0.20043963193893433,131072.0,0.0004996759713601456
17100,0.20601685345172882,0.29396283626556396,131072.0,0.0004996736778634657
17125,0.27551233768463135,0.23143595457077026,131072.0,0.0004996713762839767
17150,0.20150360465049744,0.20806311070919037,131072.0,0.0004996690666217537
17175,0.24630367755889893,0.2182815819978714,131072.0,0.0004996667488768724
17200,0.2866988182067871,0.27087581157684326,131072.0,0.0004996644230494085
17225,0.18769875168800354,0.2629000246524811,131072.0,0.000499662089139438
17250,0.273153156042099,0.2355460226535797,131072.0,0.0004996597471470373
17275,0.3115036189556122,0.21603375673294067,131072.0,0.0004996573970722833
17300,0.21886663138866425,0.2230944186449051,131072.0,0.0004996550389152524
17325,0.1664646416902542,0.27147725224494934,131072.0,0.0004996526726760218
17350,0.21174487471580505,0.2630074620246887,131072.0,0.000499650298354669
17375,0.2730793058872223,0.2600248456001282,131072.0,0.0004996479159512715
17400,0.18341977894306183,0.21058842539787292,131072.0,0.0004996455254659075
17425,0.28086113929748535,0.236101433634758,131072.0,0.0004996431268986548
17450,0.22578813135623932,0.20345048606395721,131072.0,0.000499640720249592
17475,0.193170964717865,0.37340912222862244,131072.0,0.0004996383055187979
17500,0.21755219995975494,0.24470295011997223,131072.0,0.0004996358827063514
17525,0.18902815878391266,0.24395649135112762,131072.0,0.0004996334518123316
17550,0.2944662272930145,0.3131585121154785,131072.0,0.000499631012836818
17575,0.20905441045761108,0.225722536444664,131072.0,0.0004996285657798906
17600,0.20422415435314178,0.2569442689418793,131072.0,0.0004996261106416293
17625,0.22116956114768982,0.46286141872406006,131072.0,0.0004996236474221142
17650,0.2089822143316269,0.37297511100769043,131072.0,0.0004996211761214259
17675,0.25627148151397705,0.2704976201057434,131072.0,0.0004996186967396456
17700,0.1585196852684021,0.27078691124916077,131072.0,0.0004996162092768539
17725,0.19521114230155945,0.2627081274986267,131072.0,0.0004996137137331324
17750,0.35788238048553467,0.40793535113334656,131072.0,0.0004996112101085628
17775,0.24286691844463348,0.2121056765317917,131072.0,0.0004996086984032264
17800,0.21091359853744507,0.24945858120918274,131072.0,0.0004996061786172061
17825,0.1944163292646408,0.34030312299728394,131072.0,0.0004996036507505838
17850,0.23263327777385712,0.2948962450027466,131072.0,0.0004996011148034424
17875,0.23236925899982452,0.21968887746334076,131072.0,0.0004995985707758647
17900,0.18021340668201447,0.3269175887107849,131072.0,0.0004995960186679339
17925,0.25005656480789185,0.200702965259552,131072.0,0.0004995934584797335
17950,0.2216310203075409,0.2536185383796692,131072.0,0.0004995908902113472
17975,0.2588540017604828,0.28358927369117737,131072.0,0.0004995883138628589
18000,0.28027355670928955,0.22020645439624786,131072.0,0.0004995857294343531
18025,0.22451357543468475,0.27361980080604553,131072.0,0.000499583136925914
18050,0.24728813767433167,0.2661978602409363,131072.0,0.0004995805363376267
18075,0.169293612241745,0.23618337512016296,131072.0,0.000499577927669576
18100,0.28667137026786804,0.26074743270874023,131072.0,0.0004995753109218472
18125,0.23412954807281494,0.4086659848690033,131072.0,0.000499572686094526
18150,0.2948409616947174,0.26770341396331787,131072.0,0.0004995700531876981
18175,0.3077866733074188,0.27439242601394653,131072.0,0.0004995674122014499
18200,0.22377300262451172,0.35988354682922363,131072.0,0.0004995647631358674
18225,0.2763901948928833,0.21640445291996002,131072.0,0.0004995621059910375
18250,0.2489546835422516,0.207552969455719,131072.0,0.0004995594407670468
18275,0.23824982345104218,0.26464158296585083,131072.0,0.0004995567674639826
18300,0.21142074465751648,0.3813161253929138,131072.0,0.0004995540860819324
18325,0.29807937145233154,0.22670118510723114,131072.0,0.000499551396620984
18350,0.20494243502616882,0.20796756446361542,131072.0,0.0004995486990812248
18375,0.2508123815059662,0.2077682912349701,131072.0,0.0004995459934627436
18400,0.2347520887851715,0.21569716930389404,131072.0,0.0004995432797656287
18425,0.3058905303478241,0.22354884445667267,131072.0,0.0004995405579899685
18450,0.2617078423500061,0.3287178575992584,131072.0,0.0004995378281358526
18475,0.18166396021842957,0.23525169491767883,131072.0,0.0004995350902033699
18500,0.2398408055305481,0.2621462047100067,131072.0,0.00049953234419261
18525,0.22056646645069122,0.20811161398887634,131072.0,0.0004995295901036628
18550,0.23882432281970978,0.3353326618671417,131072.0,0.0004995268279366182
18575,0.21654848754405975,0.3015911281108856,131072.0,0.0004995240576915664
18600,0.22230908274650574,0.38305723667144775,131072.0,0.0004995212793685983
18625,0.20613522827625275,0.238743394613266,131072.0,0.0004995184929678047
18650,0.23016181588172913,0.25134697556495667,131072.0,0.0004995156984892766
18675,0.31882405281066895,0.3103189766407013,131072.0,0.0004995128959331054
18700,0.2427738606929779,0.23765043914318085,262144.0,0.0004995100852993828
18725,0.22826965153217316,0.30294761061668396,262144.0,0.0004995072665882007
18750,0.22858120501041412,0.2192448377609253,262144.0,0.0004995044397996511
18775,0.2465735226869583,0.18052570521831512,262144.0,0.0004995016049338268
18800,0.2873201370239258,0.23505853116512299,262144.0,0.0004994987619908204
18825,0.26609793305397034,0.219594344496727,262144.0,0.0004994959109707246
18850,0.2495361864566803,0.3008425235748291,262144.0,0.0004994930518736328
18875,0.1834126114845276,0.23454366624355316,262144.0,0.0004994901846996385
18900,0.1881481260061264,0.24613085389137268,262144.0,0.0004994873094488354
18925,0.2654842138290405,0.23926737904548645,262144.0,0.0004994844261213177
18950,0.15060292184352875,0.2605702877044678,262144.0,0.0004994815347171795
18975,0.2508471608161926,0.3227359652519226,262144.0,0.0004994786352365154
19000,0.33399829268455505,0.2606986463069916,262144.0,0.0004994757276794203
19025,0.19890540838241577,0.21464519202709198,262144.0,0.0004994728120459891
19050,0.1658458113670349,0.2758404612541199,262144.0,0.0004994698883363174
19075,0.1855308562517166,0.237270325422287,262144.0,0.0004994669565505004
19100,0.24446263909339905,0.24868907034397125,262144.0,0.0004994640166886346
19125,0.2301681488752365,0.24612008035182953,262144.0,0.0004994610687508156
19150,0.19160102307796478,0.20176765322685242,262144.0,0.00049945811273714
19175,0.22614628076553345,0.24498170614242554,262144.0,0.0004994551486477043
19200,0.1997242420911789,0.21262724697589874,262144.0,0.0004994521764826058
19225,0.21850211918354034,0.3214188814163208,262144.0,0.0004994491962419412
19250,0.1762714833021164,0.2616225779056549,262144.0,0.0004994462079258085
19275,0.19629690051078796,0.3498401939868927,262144.0,0.0004994432115343049
19300,0.23739850521087646,0.19476255774497986,262144.0,0.0004994402070675287
19325,0.2468126267194748,0.18702326714992523,262144.0,0.0004994371945255781
19350,0.31177037954330444,0.2556961178779602,262144.0,0.0004994341739085515
19375,0.22565604746341705,0.3413175940513611,262144.0,0.0004994311452165477
19400,0.23139050602912903,0.1996561884880066,262144.0,0.000499428108449666
19425,0.1582559198141098,0.2099284827709198,262144.0,0.0004994250636080055
19450,0.2222999632358551,0.19202707707881927,262144.0,0.0004994220106916658
19475,0.22051259875297546,0.22220665216445923,262144.0,0.0004994189497007465
19500,0.1959114521741867,0.24093914031982422,262144.0,0.000499415880635348
19525,0.20252197980880737,0.1778610795736313,262144.0,0.0004994128034955706
19550,0.24920862913131714,0.23875704407691956,262144.0,0.0004994097182815148
19575,0.1858552247285843,0.25145086646080017,262144.0,0.0004994066249932817
19600,0.34212619066238403,0.2889210283756256,262144.0,0.0004994035236309723
19625,0.2390156239271164,0.271731972694397,262144.0,0.000499400414194688
19650,0.23100546002388,0.3165155053138733,262144.0,0.0004993972966845305
19675,0.2491796910762787,0.24548612534999847,262144.0,0.0004993941711006018
19700,0.20939868688583374,0.19377119839191437,262144.0,0.0004993910374430043
19725,0.22062207758426666,0.2862236201763153,262144.0,0.0004993878957118401
19750,0.20769362151622772,0.23601648211479187,262144.0,0.000499384745907212
19775,0.17580345273017883,0.28665784001350403,262144.0,0.0004993815880292232
19800,0.18433748185634613,0.2423689365386963,262144.0,0.0004993784220779769
19825,0.23200727999210358,0.38446295261383057,262144.0,0.0004993752480535766
19850,0.2357500046491623,0.2953971028327942,262144.0,0.0004993720659561261
19875,0.21711230278015137,0.28918522596359253,262144.0,0.0004993688757857293
19900,0.21155521273612976,0.18102240562438965,262144.0,0.0004993656775424907
19925,0.264536589384079,0.2249174863100052,262144.0,0.000499362471226515
19950,0.24049776792526245,0.2041330486536026,262144.0,0.0004993592568379068
19975,0.1797657608985901,0.21254031360149384,262144.0,0.0004993560343767713
20000,0.18985024094581604,0.3604154884815216,262144.0,0.000499352803843214
20025,0.14751528203487396,0.22877460718154907,262144.0,0.0004993495652373404
20050,0.1933770626783371,0.2622119188308716,262144.0,0.0004993463185592562
20075,0.2529427707195282,0.252500981092453,262144.0,0.0004993430638090682
20100,0.2811214327812195,0.21061784029006958,262144.0,0.0004993398009868822
20125,0.1967756152153015,0.3139140009880066,262144.0,0.0004993365300928053
20150,0.22263647615909576,0.24818460643291473,262144.0,0.0004993332511269441
20175,0.24678942561149597,0.2527816593647003,262144.0,0.0004993299640894063
20200,0.2828110158443451,0.2708938717842102,262144.0,0.0004993266689802989
20225,0.22097565233707428,0.20163537561893463,262144.0,0.0004993233657997299
20250,0.312750905752182,0.3036218285560608,262144.0,0.0004993200545478074
20275,0.3192816376686096,0.24020768702030182,262144.0,0.0004993167352246394
20300,0.24583646655082703,0.20960037410259247,262144.0,0.0004993134078303348
20325,0.21614868938922882,0.23788583278656006,262144.0,0.0004993100723650021
20350,0.22099420428276062,0.28205007314682007,262144.0,0.0004993067288287504
20375,0.24503779411315918,0.35578376054763794,262144.0,0.0004993033772216893
20400,0.21548135578632355,0.19810722768306732,262144.0,0.0004993000175439283
20425,0.14212511479854584,0.2671615481376648,262144.0,0.000499296649795577
20450,0.28601428866386414,0.2587154507637024,262144.0,0.0004992932739767457
20475,0.19849206507205963,0.19739596545696259,262144.0,0.000499289890087545
20500,0.24910014867782593,0.30786117911338806,262144.0,0.0004992864981280853
20525,0.12105170637369156,0.1955348253250122,262144.0,0.0004992830980984776
20550,0.2977525591850281,0.24230298399925232,262144.0,0.0004992796899988331
20575,0.23416991531848907,0.19026212394237518,262144.0,0.0004992762738292632
20600,0.216585174202919,0.271736741065979,131072.0,0.0004992728495898795
20625,0.16395039856433868,0.31186920404434204,131072.0,0.0004992694172807943
20650,0.14542706310749054,0.19186577200889587,131072.0,0.0004992659769021197
20675,0.26012536883354187,0.24380101263523102,131072.0,0.0004992625284539681
20700,0.21620696783065796,0.2053585797548294,131072.0,0.0004992590719364522
20725,0.19556254148483276,0.2874910235404968,131072.0,0.0004992556073496852
20750,0.1730765849351883,0.2239873856306076,131072.0,0.0004992521346937804
20775,0.260490357875824,0.2915858030319214,131072.0,0.0004992486539688513
20800,0.2652953863143921,0.1767665445804596,131072.0,0.0004992451651750117
20825,0.2324094921350479,0.33075061440467834,131072.0,0.0004992416683123759
20850,0.20141050219535828,0.21940071880817413,131072.0,0.0004992381633810579
20875,0.17280776798725128,0.28129711747169495,131072.0,0.0004992346503811725
20900,0.23347583413124084,0.2340707778930664,131072.0,0.0004992311293128346
20925,0.17892736196517944,0.23842452466487885,131072.0,0.0004992276001761593
20950,0.23440535366535187,0.20374348759651184,131072.0,0.0004992240629712619
20975,0.1831400841474533,0.2245856672525406,131072.0,0.0004992205176982583
21000,0.22437798976898193,0.20425064861774445,131072.0,0.0004992169643572643
21025,0.1471584290266037,0.22247126698493958,131072.0,0.0004992134029483961
21050,0.2816845178604126,0.23544998466968536,131072.0,0.0004992098334717702
21075,0.2206411063671112,0.21797394752502441,131072.0,0.0004992062559275033
21100,0.2579551637172699,0.21914586424827576,131072.0,0.0004992026703157125
21125,0.24620646238327026,0.2799968123435974,131072.0,0.0004991990766365148
21150,0.3123249411582947,0.2720141112804413,131072.0,0.0004991954748900278
21175,0.2178977131843567,0.21132375299930573,131072.0,0.0004991918650763694
21200,0.24936820566654205,0.2527111768722534,131072.0,0.0004991882471956576
21225,0.16578739881515503,0.24420900642871857,131072.0,0.0004991846212480107
21250,0.21039648354053497,0.28557005524635315,131072.0,0.0004991809872335473
21275,0.1727876365184784,0.29638832807540894,131072.0,0.0004991773451523861
21300,0.21694163978099823,0.2586721181869507,131072.0,0.0004991736950046463
21325,0.22056059539318085,0.21216540038585663,131072.0,0.0004991700367904475
21350,0.2967213988304138,0.2607091963291168,131072.0,0.0004991663705099088
21375,0.1684858202934265,0.25713059306144714,131072.0,0.0004991626961631505
21400,0.16687040030956268,0.22001387178897858,131072.0,0.0004991590137502926
21425,0.22711393237113953,0.2569565176963806,131072.0,0.0004991553232714555
21450,0.23525741696357727,0.2424333244562149,131072.0,0.0004991516247267601
21475,0.23886466026306152,0.23730871081352234,131072.0,0.000499147918116327
21500,0.23323553800582886,0.21807228028774261,131072.0,0.0004991442034402778
21525,0.16448834538459778,0.2064870148897171,131072.0,0.0004991404806987336
21550,0.20255525410175323,0.2581632137298584,131072.0,0.0004991367498918164
21575,0.15914976596832275,0.22009816765785217,131072.0,0.0004991330110196479
21600,0.23813700675964355,0.21527305245399475,131072.0,0.0004991292640823508
21625,0.23269438743591309,0.2127630114555359,131072.0,0.0004991255090800472
21650,0.3223796784877777,0.22145041823387146,131072.0,0.0004991217460128603
21675,0.23564240336418152,0.32461366057395935,131072.0,0.0004991179748809127
21700,0.23008616268634796,0.25750604271888733,131072.0,0.0004991141956843282
21725,0.2951763868331909,0.23476247489452362,131072.0,0.00049911040842323
21750,0.27316850423812866,0.2969038784503937,131072.0,0.0004991066130977421
21775,0.20287758111953735,0.21578936278820038,131072.0,0.0004991028097079887
21800,0.22626972198486328,0.24494905769824982,131072.0,0.0004990989982540939
21825,0.22549422085285187,0.23597511649131775,131072.0,0.0004990951787361827
21850,0.22085708379745483,0.19842371344566345,131072.0,0.0004990913511543797
21875,0.23561903834342957,0.1929984986782074,131072.0,0.0004990875155088102
21900,0.28530874848365784,0.23712022602558136,131072.0,0.0004990836717995997
21925,0.2419910579919815,0.20898522436618805,131072.0,0.0004990798200268737
21950,0.23433341085910797,0.20629151165485382,131072.0,0.0004990759601907583
21975,0.21189682185649872,0.16658398509025574,131072.0,0.0004990720922913795
22000,0.19400253891944885,0.26355746388435364,131072.0,0.0004990682163288644
22025,0.2522681653499603,0.21833068132400513,131072.0,0.0004990643323033389
22050,0.18702568113803864,0.2826291024684906,131072.0,0.0004990604402149307
22075,0.21753472089767456,0.3662400245666504,131072.0,0.0004990565400637667
22100,0.2157934457063675,0.26177331805229187,131072.0,0.0004990526318499744
22125,0.19323547184467316,0.23357093334197998,131072.0,0.0004990487155736819
22150,0.15483805537223816,0.21426577866077423,131072.0,0.0004990447912350171
22175,0.16440248489379883,0.20340858399868011,131072.0,0.0004990408588341082
22200,0.22961369156837463,0.2569807171821594,131072.0,0.000499036918371084
22225,0.2794031798839569,0.18365822732448578,131072.0,0.0004990329698460733
22250,0.22206194698810577,0.2505384385585785,131072.0,0.0004990290132592053
22275,0.356863796710968,0.20881903171539307,131072.0,0.0004990250486106092
22300,0.22814132273197174,0.2939814329147339,131072.0,0.0004990210759004146
22325,0.3426709473133087,0.2748907804489136,131072.0,0.0004990170951287518
22350,0.2734401524066925,0.20534956455230713,131072.0,0.0004990131062957506
22375,0.21491867303848267,0.19717666506767273,131072.0,0.0004990091094015417
22400,0.1871238499879837,0.20004034042358398,131072.0,0.0004990051044462554
22425,0.20031176507472992,0.2421562373638153,131072.0,0.0004990010914300231
22450,0.24188736081123352,0.231013685464859,131072.0,0.0004989970703529759
22475,0.23704546689987183,0.18068276345729828,131072.0,0.0004989930412152451
22500,0.26893535256385803,0.2463233321905136,131072.0,0.0004989890040169627
22525,0.2819983661174774,0.26897749304771423,131072.0,0.0004989849587582606
22550,0.19402948021888733,0.2262122929096222,131072.0,0.0004989809054392711
22575,0.23746073246002197,0.2280818372964859,131072.0,0.0004989768440601267
22600,0.17128171026706696,0.27428263425827026,262144.0,0.0004989727746209605
22625,0.21572518348693848,0.19405218958854675,262144.0,0.0004989686971219051
22650,0.23197467625141144,0.23464560508728027,262144.0,0.0004989646115630943
22675,0.26705262064933777,0.201232448220253,262144.0,0.0004989605179446613
22700,0.15275591611862183,0.1673535406589508,262144.0,0.0004989564162667402
22725,0.20236703753471375,0.4515652358531952,262144.0,0.0004989523065294651
22750,0.20458491146564484,0.1590990275144577,262144.0,0.0004989481887329704
22775,0.17761139571666718,0.29255592823028564,262144.0,0.0004989440628773905
22800,0.23287393152713776,0.1943259835243225,262144.0,0.000498939928962861
22825,0.1828821748495102,0.2385043352842331,262144.0,0.0004989357869895164
22850,0.24844977259635925,0.1817762702703476,262144.0,0.0004989316369574922
22875,0.21233269572257996,0.15014183521270752,262144.0,0.0004989274788669244
22900,0.171736940741539,0.21612276136875153,262144.0,0.0004989233127179489
22925,0.23491567373275757,0.1836947351694107,262144.0,0.0004989191385107019
22950,0.207992285490036,0.20622405409812927,262144.0,0.00049891495624532
22975,0.2547350823879242,0.18983952701091766,262144.0,0.0004989107659219397
23000,0.27339398860931396,0.2635287344455719,262144.0,0.0004989065675406982
23025,0.1821473389863968,0.212737575173378,262144.0,0.0004989023611017328
23050,0.20411263406276703,0.2742573022842407,262144.0,0.0004988981466051811
23075,0.17099301517009735,0.37941840291023254,262144.0,0.0004988939240511807
23100,0.2094004899263382,0.20502103865146637,262144.0,0.00049888969343987
23125,0.22062571346759796,0.25196322798728943,262144.0,0.000498885454771387
23150,0.2178427278995514,0.21141774952411652,262144.0,0.0004988812080458707
23175,0.22714224457740784,0.18671587109565735,262144.0,0.0004988769532634595
23200,0.21991822123527527,0.2539559602737427,262144.0,0.000498872690424293
23225,0.20019398629665375,0.22992661595344543,262144.0,0.0004988684195285104
23250,0.16154929995536804,0.20345893502235413,262144.0,0.0004988641405762512
23275,0.16441136598587036,0.17681175470352173,262144.0,0.0004988598535676555
23300,0.28660258650779724,0.19844242930412292,262144.0,0.0004988555585028635
23325,0.23688426613807678,0.22139188647270203,262144.0,0.0004988512553820157
23350,0.23292095959186554,0.2413715422153473,262144.0,0.0004988469442052527
23375,0.3212512135505676,0.19089777767658234,262144.0,0.0004988426249727155
23400,0.2908177375793457,0.18727326393127441,262144.0,0.0004988382976845453
23425,0.22502055764198303,0.2662985026836395,262144.0,0.0004988339623408838
23450,0.1686137616634369,0.22377228736877441,262144.0,0.0004988296189418726
23475,0.24813322722911835,0.2627376317977905,262144.0,0.0004988252674876536
23500,0.2207479625940323,0.2982996702194214,262144.0,0.0004988209079783695
23525,0.24511440098285675,0.2337377965450287,262144.0,0.0004988165404141624
23550,0.17510510981082916,0.19396033883094788,262144.0,0.0004988121647951756
23575,0.23820269107818604,0.26585012674331665,262144.0,0.0004988077811215518
23600,0.1372426152229309,0.2800896465778351,262144.0,0.0004988033893934345
23625,0.2473522126674652,0.25597894191741943,262144.0,0.0004987989896109673
23650,0.21490778028964996,0.3041083812713623,262144.0,0.000498794581774294
23675,0.1756308525800705,0.3124340772628784,262144.0,0.0004987901658835589
23700,0.14835575222969055,0.21631167829036713,262144.0,0.0004987857419389063
23725,0.199667289853096,0.26882413029670715,262144.0,0.000498781309940481
23750,0.1851361244916916,0.13932007551193237,262144.0,0.0004987768698884276
23775,0.21789242327213287,0.3296367824077606,262144.0,0.0004987724217828917
23800,0.17864888906478882,0.1941981315612793,262144.0,0.0004987679656240185
23825,0.1906428039073944,0.26135143637657166,262144.0,0.0004987635014119537
23850,0.2593972086906433,0.17497007548809052,262144.0,0.0004987590291468435
23875,0.18807320296764374,0.21329858899116516,262144.0,0.000498754548828834
23900,0.21363024413585663,0.20655570924282074,262144.0,0.0004987500604580717
23925,0.2130521833896637,0.18077532947063446,262144.0,0.0004987455640347034
23950,0.3159676790237427,0.1959003210067749,262144.0,0.0004987410595588762
23975,0.23902243375778198,0.19324202835559845,262144.0,0.0004987365470307373
24000,0.18986187875270844,0.20699891448020935,262144.0,0.0004987320264504343
24025,0.20642760396003723,0.2631481885910034,262144.0,0.000498727497818115
24050,0.2056688368320465,0.21732956171035767,262144.0,0.0004987229611339276
24075,0.19942787289619446,0.1967926025390625,262144.0,0.0004987184163980203
24100,0.22209730744361877,0.19602008163928986,262144.0,0.0004987138636105418
24125,0.18486836552619934,0.225788414478302,262144.0,0.0004987093027716412
24150,0.19475719332695007,0.1983056366443634,262144.0,0.0004987047338814672
24175,0.23341895639896393,0.22496168315410614,262144.0,0.0004987001569401694
24200,0.2046574503183365,0.235426127910614,262144.0,0.0004986955719478975
24225,0.18243800103664398,0.24454869329929352,262144.0,0.0004986909789048016
24250,0.2412623167037964,0.17867034673690796,262144.0,0.0004986863778110315
24275,0.17802318930625916,0.24171368777751923,262144.0,0.0004986817686667381
24300,0.18663087487220764,0.2220635712146759,262144.0,0.0004986771514720719
24325,0.19131043553352356,0.19328059256076813,262144.0,0.0004986725262271837
24350,0.21897688508033752,0.25982987880706787,262144.0,0.0004986678929322251
24375,0.19854873418807983,0.17953823506832123,262144.0,0.0004986632515873473
24400,0.12623022496700287,0.297916054725647,262144.0,0.0004986586021927024
24425,0.2243395447731018,0.17165742814540863,262144.0,0.0004986539447484423
24450,0.19356746971607208,0.18685594201087952,262144.0,0.0004986492792547192
24475,0.17801496386528015,0.16455888748168945,262144.0,0.0004986446057116858
24500,0.2913207411766052,0.711783230304718,262144.0,0.0004986399241194946
24525,0.18862110376358032,0.23416896164417267,262144.0,0.0004986352344782994
24550,0.3386865556240082,0.17641420662403107,262144.0,0.0004986305367882529
24575,0.24390609562397003,0.21584156155586243,262144.0,0.0004986258310495089
24600,0.18986989557743073,0.18476051092147827,524288.0,0.0004986211172622214
24625,0.23319128155708313,0.2427119016647339,524288.0,0.0004986163954265445
24650,0.2007841020822525,0.1602342277765274,524288.0,0.0004986116655426324
24675,0.3376798927783966,0.2154095470905304,524288.0,0.0004986069276106402
24700,0.2048281729221344,0.20034874975681305,524288.0,0.0004986021816307224
24725,0.1647082418203354,0.16428685188293457,524288.0,0.0004985974276030344
24750,0.250200092792511,0.21798816323280334,524288.0,0.0004985926655277316
24775,0.17169634997844696,0.28550201654434204,524288.0,0.0004985878954049699
24800,0.2364991009235382,0.19368991255760193,524288.0,0.0004985831172349051
24825,0.1465831845998764,0.2832503318786621,524288.0,0.0004985783310176936
24850,0.1680346131324768,0.24315959215164185,524288.0,0.0004985735367534917
24875,0.28915902972221375,0.23164589703083038,524288.0,0.0004985687344424562
24900,0.22272659838199615,0.19861741364002228,524288.0,0.0004985639240847443
24925,0.26694270968437195,0.20618146657943726,524288.0,0.0004985591056805134
24950,0.33409222960472107,0.2510908842086792,524288.0,0.0004985542792299208
24975,0.2138851433992386,0.17635953426361084,262144.0,0.0004985494447331244
25000,0.2368444800376892,0.19557642936706543,262144.0,0.0004985446021902823
25025,0.24848705530166626,0.23580242693424225,262144.0,0.0004985397516015529
25050,0.2874006927013397,0.18654592335224152,262144.0,0.0004985348929670949
25075,0.29523858428001404,0.2796894907951355,262144.0,0.0004985300262870671
25100,0.20388562977313995,0.179360032081604,262144.0,0.0004985251515616284
25125,0.1719323992729187,0.20140501856803894,262144.0,0.0004985202687909387
25150,0.20865540206432343,0.201874241232872,262144.0,0.0004985153779751572
25175,0.21061085164546967,0.1874939501285553,262144.0,0.0004985104791144442
25200,0.18220354616641998,0.2487928867340088,262144.0,0.0004985055722089596
25225,0.18793484568595886,0.26064226031303406,262144.0,0.000498500657258864
25250,0.19376668334007263,0.1923220455646515,262144.0,0.0004984957342643182
25275,0.2526969015598297,0.16905750334262848,262144.0,0.0004984908032254831
25300,0.26829731464385986,0.3335682153701782,262144.0,0.0004984858641425199
25325,0.28178226947784424,0.1979031264781952,262144.0,0.0004984809170155902
25350,0.2754039168357849,0.24002091586589813,262144.0,0.0004984759618448558
25375,0.22323469817638397,0.17117473483085632,262144.0,0.0004984709986304786
25400,0.2122744619846344,0.19049221277236938,262144.0,0.000498466027372621
25425,0.3004183769226074,0.25557780265808105,262144.0,0.0004984610480714457
25450,0.19672733545303345,0.18215273320674896,262144.0,0.0004984560607271153
25475,0.17528024315834045,0.18402157723903656,262144.0,0.0004984510653397929
25500,0.33439669013023376,0.1823836863040924,262144.0,0.000498446061909642
25525,0.16259370744228363,0.22841660678386688,262144.0,0.000498441050436826
25550,0.23252210021018982,0.21379530429840088,262144.0,0.0004984360309215092
25575,0.2123771756887436,0.2212810218334198,262144.0,0.0004984310033638552
25600,0.17977967858314514,0.16845208406448364,262144.0,0.0004984259677640288
25625,0.18028463423252106,0.20609316229820251,262144.0,0.0004984209241221943
25650,0.21076899766921997,0.21616177260875702,262144.0,0.0004984158724385173
25675,0.18573394417762756,0.22951945662498474,262144.0,0.0004984108127131622
25700,0.19818411767482758,0.20654676854610443,262144.0,0.000498405744946295
25725,0.22111813724040985,0.22554892301559448,262144.0,0.0004984006691380811
25750,0.17205935716629028,0.19160617887973785,262144.0,0.0004983955852886868
25775,0.19309379160404205,0.2244463711977005,262144.0,0.000498390493398278
25800,0.2172880619764328,0.20148102939128876,262144.0,0.0004983853934670215
25825,0.18946252763271332,0.1671379655599594,262144.0,0.0004983802854950839
25850,0.13535544276237488,0.19381457567214966,262144.0,0.0004983751694826324
25875,0.22230559587478638,0.3094632923603058,262144.0,0.0004983700454298342
25900,0.19816334545612335,0.17702771723270416,262144.0,0.0004983649133368566
25925,0.22148123383522034,0.20030523836612701,262144.0,0.0004983597732038678
25950,0.28700971603393555,0.18129616975784302,262144.0,0.0004983546250310359
25975,0.18461231887340546,0.23313836753368378,262144.0,0.000498349468818529
26000,0.19651781022548676,0.18715547025203705,262144.0,0.0004983443045665158
26025,0.18206486105918884,0.19678154587745667,262144.0,0.0004983391322751653
26050,0.1728917956352234,0.22237849235534668,262144.0,0.0004983339519446465
26075,0.22511079907417297,0.2231069952249527,262144.0,0.0004983287635751287
26100,0.12260518968105316,0.28199300169944763,262144.0,0.0004983235671667818
26125,0.33394381403923035,0.1609542965888977,262144.0,0.0004983183627197757
26150,0.18142612278461456,0.25560104846954346,262144.0,0.0004983131502342805
26175,0.22103650867938995,0.2696077227592468,262144.0,0.0004983079297104667
26200,0.19040171802043915,0.18071195483207703,262144.0,0.0004983027011485048
26225,0.21362867951393127,0.2241823524236679,262144.0,0.0004982974645485661
26250,0.20864607393741608,0.21338145434856415,262144.0,0.0004982922199108218
26275,0.18166925013065338,0.19515591859817505,262144.0,0.0004982869672354432
26300,0.21328984200954437,0.1907036453485489,262144.0,0.0004982817065226022
26325,0.24599100649356842,0.2997836768627167,262144.0,0.0004982764377724709
26350,0.23008021712303162,0.19860418140888214,262144.0,0.0004982711609852214
26375,0.27751994132995605,0.18137148022651672,262144.0,0.0004982658761610264
26400,0.2291906625032425,0.2163318395614624,262144.0,0.0004982605833000588
26425,0.24802768230438232,0.1924658864736557,262144.0,0.0004982552824024913
26450,0.23386050760746002,0.3323756754398346,262144.0,0.0004982499734684977
26475,0.1964549869298935,0.24506735801696777,262144.0,0.0004982446564982514
26500,0.21593739092350006,0.22274579107761383,262144.0,0.0004982393314919263
26525,0.24301564693450928,0.19192537665367126,262144.0,0.0004982339984496965
26550,0.28674712777137756,0.2249138355255127,262144.0,0.0004982286573717364
26575,0.20023466646671295,0.17087291181087494,262144.0,0.0004982233082582206
26600,0.16278567910194397,0.2295919507741928,262144.0,0.0004982179511093241
26625,0.31753313541412354,0.21956688165664673,262144.0,0.0004982125859252221
26650,0.24764887988567352,0.26758211851119995,262144.0,0.0004982072127060902
26675,0.1478962004184723,0.26513490080833435,262144.0,0.0004982018314521039
26700,0.16356591880321503,0.19221365451812744,262144.0,0.000498196442163439
26725,0.1953868567943573,0.23999647796154022,262144.0,0.0004981910448402719
26750,0.17799445986747742,0.19267058372497559,262144.0,0.0004981856394827794
26775,0.19921354949474335,0.22074539959430695,262144.0,0.0004981802260911378
26800,0.19344429671764374,0.22239798307418823,131072.0,0.0004981748046655244
26825,0.2393527626991272,0.2316429167985916,131072.0,0.0004981693752061163
26850,0.1780896782875061,0.2301897406578064,131072.0,0.0004981639377130913
26875,0.27161043882369995,0.1969422996044159,131072.0,0.000498158492186627
26900,0.2559300363063812,0.18837057054042816,131072.0,0.0004981530386269015
26925,0.18018151819705963,0.1479637771844864,131072.0,0.0004981475770340934
26950,0.2884625792503357,0.207455113530159,131072.0,0.0004981421074083807
26975,0.27603334188461304,0.2911471426486969,131072.0,0.0004981366297499429
27000,0.1891341358423233,0.16921840608119965,131072.0,0.0004981311440589587
27025,0.26344168186187744,0.19736357033252716,131072.0,0.0004981256503356078
27050,0.1940048187971115,0.18505482375621796,131072.0,0.0004981201485800697
27075,0.2068963199853897,0.17675209045410156,131072.0,0.0004981146387925242
27100,0.17872346937656403,0.2119329869747162,131072.0,0.0004981091209731516
27125,0.20133906602859497,0.29102036356925964,131072.0,0.0004981035951221324
27150,0.1836986243724823,0.34854865074157715,131072.0,0.0004980980612396471
27175,0.239350363612175,0.19022983312606812,131072.0,0.0004980925193258769
27200,0.16769510507583618,0.2352188229560852,131072.0,0.0004980869693810029
27225,0.2762675881385803,0.1948058158159256,131072.0,0.0004980814114052065
27250,0.19272667169570923,0.3076353669166565,131072.0,0.0004980758453986696
27275,0.2585572898387909,0.20422716438770294,131072.0,0.0004980702713615742
27300,0.19625191390514374,0.3177335262298584,131072.0,0.0004980646892941025
27325,0.19709035754203796,0.22151809930801392,131072.0,0.0004980590991964371
27350,0.283844918012619,0.18925148248672485,131072.0,0.0004980535010687607
27375,0.22117918729782104,0.16227641701698303,131072.0,0.0004980478949112566
27400,0.2060556560754776,0.15346378087997437,131072.0,0.000498042280724108
27425,0.29631152749061584,0.21708501875400543,131072.0,0.0004980366585074984
27450,0.23504312336444855,0.22330817580223083,131072.0,0.0004980310282616116
27475,0.29701098799705505,0.19549357891082764,131072.0,0.0004980253899866319
27500,0.21498705446720123,0.2501950263977051,131072.0,0.0004980197436827436
27525,0.31815335154533386,0.18392331898212433,131072.0,0.0004980140893501313
27550,0.26888054609298706,0.20888616144657135,131072.0,0.0004980084269889801
27575,0.19285444915294647,0.22530514001846313,131072.0,0.0004980027565994748
27600,0.30991801619529724,0.2309551239013672,131072.0,0.0004979970781818011
27625,0.23216047883033752,0.2174322009086609,131072.0,0.0004979913917361448
27650,0.19239231944084167,0.21768051385879517,131072.0,0.0004979856972626915
27675,0.2651844620704651,0.26429644227027893,131072.0,0.0004979799947616277
27700,0.23210561275482178,0.1798892617225647,131072.0,0.0004979742842331396
27725,0.2386515885591507,0.19921164214611053,131072.0,0.0004979685656774143
27750,0.19560566544532776,0.19332349300384521,131072.0,0.0004979628390946384
27775,0.194215789437294,0.24794867634773254,131072.0,0.0004979571044849996
27800,0.22419831156730652,0.1800139993429184,131072.0,0.0004979513618486851
27825,0.23212067782878876,0.3097103536128998,131072.0,0.0004979456111858829
27850,0.17564396560192108,0.14671093225479126,131072.0,0.0004979398524967808
27875,0.18789224326610565,0.20875927805900574,131072.0,0.0004979340857815673
27900,0.17399893701076508,0.22755607962608337,131072.0,0.0004979283110404311
27925,0.16463232040405273,0.2327854484319687,131072.0,0.0004979225282735606
27950,0.3423294425010681,0.17905910313129425,131072.0,0.0004979167374811452
27975,0.18651646375656128,0.19407379627227783,131072.0,0.0004979109386633744
28000,0.2534045875072479,0.21383319795131683,131072.0,0.0004979051318204377
28025,0.16641637682914734,0.16984890401363373,131072.0,0.0004978993169525248
28050,0.18899758160114288,0.149597629904747,131072.0,0.000497893494059826
28075,0.25290632247924805,0.19679440557956696,131072.0,0.0004978876631425318
28100,0.12489242851734161,0.1645907312631607,131072.0,0.0004978818242008328
28125,0.22712987661361694,0.2164471447467804,131072.0,0.00049787597723492
28150,0.2503798007965088,0.23235295712947845,131072.0,0.0004978701222449844
28175,0.2567218244075775,0.17105354368686676,131072.0,0.0004978642592312176
28200,0.2684571444988251,0.222313791513443,131072.0,0.0004978583881938115
28225,0.28818410634994507,0.1778157651424408,131072.0,0.0004978525091329578
28250,0.20437075197696686,0.21510712802410126,131072.0,0.0004978466220488489
28275,0.23357084393501282,0.16865208745002747,131072.0,0.0004978407269416773
28300,0.2738102972507477,0.17362894117832184,131072.0,0.0004978348238116357
28325,0.1926906704902649,0.17718733847141266,131072.0,0.0004978289126589173
28350,0.24511238932609558,0.1694994866847992,131072.0,0.0004978229934837152
28375,0.2146761566400528,0.20172052085399628,131072.0,0.000497817066286223
28400,0.24684098362922668,0.2296750247478485,131072.0,0.0004978111310666348
28425,0.21698787808418274,0.18122532963752747,131072.0,0.0004978051878251443
28450,0.19474786520004272,0.2658599317073822,131072.0,0.000497799236561946
28475,0.23283810913562775,0.20385779440402985,131072.0,0.0004977932772772345
28500,0.1753639280796051,0.2778973877429962,131072.0,0.0004977873099712047
28525,0.14478571712970734,0.15851934254169464,131072.0,0.000497781334644052
28550,0.23761364817619324,0.2580610513687134,131072.0,0.0004977753512959714
28575,0.3522428870201111,0.19073578715324402,131072.0,0.0004977693599271586
28600,0.2257484793663025,0.22780722379684448,131072.0,0.0004977633605378097
28625,0.13933631777763367,0.2725723683834076,131072.0,0.0004977573531281208
28650,0.20915015041828156,0.17108409106731415,131072.0,0.0004977513376982884
28675,0.1916022151708603,0.19919417798519135,131072.0,0.0004977453142485091
28700,0.18873073160648346,0.24281828105449677,131072.0,0.00049773928277898
28725,0.1500416398048401,0.21316060423851013,131072.0,0.0004977332432898982
28750,0.21999694406986237,0.19631190598011017,131072.0,0.0004977271957814614
28775,0.21021752059459686,0.17423801124095917,131072.0,0.0004977211402538671
28800,0.29316604137420654,0.1737537384033203,262144.0,0.0004977150767073135
28825,0.11798375844955444,0.25775250792503357,262144.0,0.0004977090051419988
28850,0.213210329413414,0.2732764184474945,262144.0,0.0004977029255581217
28875,0.15473788976669312,0.15919829905033112,262144.0,0.0004976968379558807
28900,0.22739173471927643,0.20493048429489136,262144.0,0.0004976907423354753
28925,0.20095302164554596,0.22291670739650726,262144.0,0.0004976846386971044
28950,0.21237531304359436,0.24813872575759888,262144.0,0.0004976785270409678
28975,0.16246968507766724,0.1969176083803177,262144.0,0.0004976724073672655
29000,0.19152985513210297,0.1556272804737091,262144.0,0.0004976662796761974
29025,0.21803227066993713,0.19306117296218872,262144.0,0.0004976601439679638
29050,0.2444716989994049,0.19807875156402588,262144.0,0.0004976540002427657
29075,0.24353426694869995,0.20491883158683777,262144.0,0.0004976478485008036
29100,0.21161393821239471,0.22228297591209412,262144.0,0.000497641688742279
29125,0.1942274272441864,0.1416555792093277,262144.0,0.0004976355209673931
29150,0.2225833386182785,0.21131178736686707,262144.0,0.0004976293451763478
29175,0.20548535883426666,0.17147569358348846,262144.0,0.0004976231613693449
29200,0.21385620534420013,0.16738611459732056,262144.0,0.0004976169695465866
29225,0.244290292263031,0.22529089450836182,262144.0,0.0004976107697082754
29250,0.1784272938966751,0.19913767278194427,262144.0,0.0004976045618546142
29275,0.2771719992160797,0.2075350433588028,262144.0,0.0004975983459858056
29300,0.2600346803665161,0.21667450666427612,262144.0,0.0004975921221020534
29325,0.21038173139095306,0.24174745380878448,262144.0,0.000497585890203561
29350,0.20039869844913483,0.19283559918403625,262144.0,0.0004975796502905317
29375,0.303300678730011,0.18547840416431427,262144.0,0.0004975734023631701
29400,0.1877918392419815,0.26762905716896057,262144.0,0.0004975671464216802
29425,0.2056005746126175,0.20996323227882385,262144.0,0.0004975608824662668
29450,0.16879789531230927,0.18175451457500458,262144.0,0.0004975546104971347
29475,0.2306891232728958,0.2034020870923996,262144.0,0.0004975483305144887
29500,0.23017045855522156,0.32127559185028076,262144.0,0.0004975420425185346
29525,0.1558866798877716,0.19822204113006592,262144.0,0.0004975357465094778
29550,0.20427206158638,0.18237778544425964,262144.0,0.0004975294424875242
29575,0.18790993094444275,0.22382000088691711,262144.0,0.0004975231304528798
29600,0.2658573091030121,0.15849293768405914,262144.0,0.0004975168104057512
29625,0.19464880228042603,0.2368190437555313,262144.0,0.0004975104823463451
29650,0.19191817939281464,0.1711103767156601,262144.0,0.0004975041462748685
29675,0.18293020129203796,0.21364203095436096,262144.0,0.0004974978021915282
29700,0.2556746006011963,0.20839299261569977,262144.0,0.000497491450096532
29725,0.26706910133361816,0.2116984874010086,262144.0,0.0004974850899900875
29750,0.2297171950340271,0.2109586000442505,262144.0,0.0004974787218724029
29775,0.3136163353919983,0.18241016566753387,262144.0,0.0004974723457436862
29800,0.2186846286058426,0.1857237070798874,262144.0,0.0004974659616041458
29825,0.1761646419763565,0.16467790305614471,262144.0,0.0004974595694539906
29850,0.2993677258491516,0.16191890835762024,262144.0,0.0004974531692934299
29875,0.1881982386112213,0.2034296989440918,262144.0,0.0004974467611226726
29900,0.19700919091701508,0.1678476631641388,262144.0,0.0004974403449419285
29925,0.2573425769805908,0.23808124661445618,262144.0,0.0004974339207514072
29950,0.18389174342155457,0.21252302825450897,262144.0,0.000497427488551319
29975,0.19411379098892212,0.184251606464386,262144.0,0.0004974210483418742
30000,0.19416789710521698,0.2723439931869507,262144.0,0.0004974146001232832
30025,0.17384709417819977,0.1473318636417389,262144.0,0.000497408143895757
30050,0.27825674414634705,0.18008168041706085,262144.0,0.0004974016796595068
30075,0.21673071384429932,0.20450113713741302,262144.0,0.0004973952074147438
30100,0.1718948632478714,0.19745761156082153,262144.0,0.00049738872716168
30125,0.13251106441020966,0.2013232707977295,262144.0,0.0004973822389005267
30150,0.24023346602916718,0.16354267299175262,262144.0,0.0004973757426314968
30175,0.2779370844364166,0.1819739192724228,262144.0,0.0004973692383548022
30200,0.2575126886367798,0.1717163771390915,262144.0,0.0004973627260706557
30225,0.1532110571861267,0.23099717497825623,262144.0,0.0004973562057792705
30250,0.2573411166667938,0.20859748125076294,262144.0,0.0004973496774808596
30275,0.1555553525686264,0.24623729288578033,262144.0,0.0004973431411756364
30300,0.21232262253761292,0.17578047513961792,262144.0,0.0004973365968638149
30325,0.26585447788238525,0.2354840636253357,262144.0,0.0004973300445456091
30350,0.18066170811653137,0.20347076654434204,262144.0,0.000497323484221233
30375,0.14819490909576416,0.18597511947155,262144.0,0.0004973169158909011
30400,0.1875411868095398,0.17179322242736816,262144.0,0.0004973103395548286
30425,0.20564623177051544,0.2715051770210266,262144.0,0.0004973037552132303
30450,0.2287992388010025,0.1632365584373474,262144.0,0.0004972971628663215
30475,0.19811254739761353,0.182306706905365,262144.0,0.0004972905625143178
30500,0.19888249039649963,0.15621241927146912,262144.0,0.000497283954157435
30525,0.19054041802883148,0.1776740700006485,262144.0,0.0004972773377958894
30550,0.21814467012882233,0.19637437164783478,262144.0,0.0004972707134298972
30575,0.17867858707904816,0.16574308276176453,262144.0,0.0004972640810596748
30600,0.32505494356155396,0.18297863006591797,262144.0,0.0004972574406854395
30625,0.19737297296524048,0.20777110755443573,262144.0,0.0004972507923074082
30650,0.18239089846611023,0.2062399685382843,262144.0,0.0004972441359257984
30675,0.20199038088321686,0.23255278170108795,262144.0,0.0004972374715408276
30700,0.19080190360546112,0.21351493895053864,262144.0,0.000497230799152714
30725,0.18999351561069489,0.16304798424243927,262144.0,0.0004972241187616757
30750,0.1862960010766983,0.21364793181419373,262144.0,0.0004972174303679312
30775,0.20655561983585358,0.16046656668186188,262144.0,0.0004972107339716988
30800,0.197673499584198,0.17886830866336823,262144.0,0.0004972040295731982
30825,0.17676347494125366,0.22105975449085236,262144.0,0.0004971973171726478
30850,0.24704137444496155,0.19603632390499115,262144.0,0.000497190596770268
30875,0.20602527260780334,0.1973566710948944,262144.0,0.000497183868366278
30900,0.1732344925403595,0.15354910492897034,262144.0,0.0004971771319608978
30925,0.20593290030956268,0.28320711851119995,262144.0,0.0004971703875543479
30950,0.20883281528949738,0.1338409185409546,262144.0,0.0004971636351468489
30975,0.1364724338054657,0.394152969121933,262144.0,0.0004971568747386213
31000,0.20561212301254272,0.20473745465278625,262144.0,0.0004971501063298864
31025,0.27043357491493225,0.223356693983078,262144.0,0.0004971433299208655
31050,0.23204976320266724,0.21170003712177277,262144.0,0.0004971365455117803
31075,0.19208557903766632,0.1628263145685196,262144.0,0.0004971297531028524
31100,0.2652226388454437,0.1697767823934555,262144.0,0.0004971229526943042
31125,0.2575693726539612,0.18963132798671722,262144.0,0.000497116144286358
31150,0.20279285311698914,0.2474846988916397,262144.0,0.0004971093278792362
31175,0.23847749829292297,0.22812043130397797,262144.0,0.0004971025034731618
31200,0.2532080113887787,0.17612507939338684,262144.0,0.0004970956710683582
31225,0.25955259799957275,0.1753387749195099,262144.0,0.0004970888306650487
31250,0.21839512884616852,0.19177575409412384,262144.0,0.000497081982263457
31275,0.20226827263832092,0.2117624282836914,262144.0,0.0004970751258638069
31300,0.23763608932495117,0.15948882699012756,262144.0,0.0004970682614663228
31325,0.3177431523799896,0.18956777453422546,262144.0,0.000497061389071229
31350,0.3210655152797699,0.17691412568092346,262144.0,0.0004970545086787505
31375,0.19043941795825958,0.18174177408218384,262144.0,0.0004970476202891119
31400,0.19562463462352753,0.18312519788742065,262144.0,0.0004970407239025388
31425,0.20207807421684265,0.1639377921819687,262144.0,0.0004970338195192567
31450,0.18702496588230133,0.18238891661167145,262144.0,0.0004970269071394911
31475,0.2205352485179901,0.21667547523975372,262144.0,0.0004970199867634683
31500,0.2090611606836319,0.1659853756427765,262144.0,0.0004970130583914147
31525,0.15225203335285187,0.1853587031364441,262144.0,0.0004970061220235564
31550,0.2209397852420807,0.1600382924079895,262144.0,0.0004969991776601206
31575,0.19000105559825897,0.26328974962234497,262144.0,0.0004969922253013344
31600,0.24050819873809814,0.14901196956634521,262144.0,0.0004969852649474249
31625,0.2464461773633957,0.1897803395986557,262144.0,0.00049697829659862
31650,0.23724713921546936,0.20676013827323914,262144.0,0.0004969713202551474
31675,0.1652463972568512,0.19498737156391144,262144.0,0.0004969643359172352
31700,0.2625654935836792,0.16918206214904785,262144.0,0.000496957343585112
31725,0.158896803855896,0.21197620034217834,262144.0,0.0004969503432590061
31750,0.2060707062482834,0.1914718896150589,262144.0,0.0004969433349391467
31775,0.18220847845077515,0.17701531946659088,262144.0,0.0004969363186257629
31800,0.19761969149112701,0.17500613629817963,262144.0,0.0004969292943190843
31825,0.291674941778183,0.17237672209739685,262144.0,0.0004969222620193404
31850,0.20041027665138245,0.16569416224956512,262144.0,0.0004969152217267612
31875,0.19669072329998016,0.1808091700077057,262144.0,0.0004969081734415769
31900,0.18191508948802948,0.17712165415287018,262144.0,0.000496901117164018
31925,0.21691401302814484,0.14898118376731873,262144.0,0.0004968940528943153
31950,0.1580973118543625,0.15897347033023834,262144.0,0.0004968869806326999
31975,0.25556838512420654,0.1548479050397873,262144.0,0.0004968799003794027
32000,0.3270741403102875,0.21043387055397034,262144.0,0.0004968728121346556
32025,0.22281497716903687,0.15394830703735352,262144.0,0.0004968657158986904
32050,0.17507751286029816,0.20271684229373932,262144.0,0.0004968586116717388
32075,0.1647224873304367,0.21404682099819183,262144.0,0.0004968514994540334
32100,0.29400888085365295,0.15812553465366364,262144.0,0.0004968443792458068
32125,0.2384757399559021,0.1719226986169815,262144.0,0.0004968372510472919
32150,0.11607775092124939,0.2009733021259308,262144.0,0.0004968301148587214
32175,0.2540211081504822,0.17639538645744324,262144.0,0.0004968229706803289
32200,0.20100079476833344,0.21535195410251617,262144.0,0.0004968158185123482
32225,0.19873234629631042,0.18152114748954773,262144.0,0.0004968086583550129
32250,0.14839355647563934,0.14321473240852356,262144.0,0.0004968014902085573
32275,0.20388276875019073,0.14836077392101288,262144.0,0.0004967943140732156
32300,0.28551194071769714,0.1974964737892151,262144.0,0.0004967871299492229
32325,0.18138235807418823,0.17916841804981232,262144.0,0.0004967799378368138
32350,0.1554802507162094,0.1695389598608017,262144.0,0.0004967727377362235
32375,0.1764845997095108,0.1962328553199768,262144.0,0.0004967655296476874
32400,0.25619444251060486,0.14031076431274414,131072.0,0.0004967583135714414
32425,0.2548935115337372,0.20377029478549957,131072.0,0.0004967510895077214
32450,0.23829975724220276,0.16441477835178375,131072.0,0.0004967438574567636
32475,0.23456038534641266,0.2637660801410675,131072.0,0.0004967366174188045
32500,0.33499494194984436,0.1671692579984665,131072.0,0.0004967293693940809
32525,0.1282154619693756,0.17712566256523132,131072.0,0.0004967221133828297
32550,0.2436981201171875,0.17905962467193604,131072.0,0.0004967148493852883
32575,0.26121461391448975,0.23971900343894958,131072.0,0.0004967075774016942
32600,0.22441136837005615,0.1855301409959793,131072.0,0.0004967002974322853
32625,0.29704490303993225,0.17413555085659027,131072.0,0.0004966930094772994
32650,0.3283013105392456,0.16445328295230865,131072.0,0.0004966857135369751
32675,0.21889081597328186,0.17504198849201202,131072.0,0.0004966784096115509
32700,0.22444035112857819,0.1735183149576187,131072.0,0.0004966710977012654
32725,0.23713089525699615,0.1834680289030075,131072.0,0.0004966637778063581
32750,0.18996229767799377,0.2534828782081604,131072.0,0.0004966564499270681
32775,0.25271281599998474,0.1515645533800125,131072.0,0.0004966491140636353
32800,0.2577740550041199,0.20263753831386566,131072.0,0.0004966417702162992
32825,0.24783271551132202,0.1926390826702118,131072.0,0.0004966344183853003
32850,0.36394017934799194,0.2583142817020416,131072.0,0.0004966270585708788
32875,0.12363723665475845,0.20580655336380005,131072.0,0.0004966196907732754
32900,0.22091475129127502,0.16240686178207397,131072.0,0.0004966123149927311
32925,0.21408520638942719,0.1716902256011963,131072.0,0.0004966049312294872
32950,0.2735595703125,0.19090890884399414,131072.0,0.0004965975394837849
32975,0.17502625286579132,0.1388559192419052,131072.0,0.0004965901397558659
33000,0.19204454123973846,0.22944793105125427,131072.0,0.0004965827320459726
33025,0.19318704307079315,0.18647143244743347,131072.0,0.0004965753163543468
33050,0.20445217192173004,0.2223784476518631,131072.0,0.0004965678926812312
33075,0.17816272377967834,0.1535751074552536,131072.0,0.0004965604610268685
33100,0.16496475040912628,0.20231617987155914,131072.0,0.0004965530213915017
33125,0.26170551776885986,0.23805251717567444,131072.0,0.0004965455737753743
33150,0.18208368122577667,0.2540418803691864,131072.0,0.0004965381181787294
33175,0.2356743961572647,0.16066701710224152,131072.0,0.0004965306546018114
33200,0.20578424632549286,0.19695964455604553,131072.0,0.0004965231830448638
33225,0.21121305227279663,0.1594565212726593,131072.0,0.0004965157035081313
33250,0.2213546335697174,0.1915976107120514,131072.0,0.0004965082159918583
33275,0.26216208934783936,0.2092326581478119,131072.0,0.0004965007204962897
33300,0.1842411309480667,0.15301677584648132,131072.0,0.0004964932170216706
33325,0.22323204576969147,0.18923458456993103,131072.0,0.0004964857055682465
33350,0.23732292652130127,0.18087124824523926,131072.0,0.0004964781861362627
33375,0.23003190755844116,0.16712404787540436,131072.0,0.0004964706587259654
33400,0.18445973098278046,0.27956560254096985,131072.0,0.0004964631233376008
33425,0.3089960217475891,0.17134715616703033,131072.0,0.0004964555799714151
33450,0.13127370178699493,0.23463565111160278,131072.0,0.000496448028627655
33475,0.2366798371076584,0.20378181338310242,131072.0,0.0004964404693065675
33500,0.17386558651924133,0.21692608296871185,131072.0,0.0004964329020083997
33525,0.15850940346717834,0.15955807268619537,131072.0,0.0004964253267333993
33550,0.27845898270606995,0.157521590590477,131072.0,0.0004964177434818137
33575,0.14364610612392426,0.19947606325149536,131072.0,0.0004964101522538912
33600,0.20523259043693542,0.24367646872997284,131072.0,0.0004964025530498798
33625,0.15449698269367218,0.14357873797416687,131072.0,0.0004963949458700281
33650,0.27383506298065186,0.15622301399707794,131072.0,0.0004963873307145849
33675,0.17975181341171265,0.22454605996608734,131072.0,0.000496379707583799
33700,0.20314551889896393,0.15691311657428741,131072.0,0.0004963720764779199
33725,0.200762540102005,0.25457775592803955,131072.0,0.0004963644373971972
33750,0.25318893790245056,0.1597711145877838,131072.0,0.0004963567903418805
33775,0.23184235394001007,0.15171509981155396,131072.0,0.0004963491353122201
33800,0.19837097823619843,0.20853528380393982,131072.0,0.0004963414723084662
33825,0.19680681824684143,0.18211130797863007,131072.0,0.000496333801330869
33850,0.163994699716568,0.16802048683166504,131072.0,0.0004963261223796801
33875,0.2219461351633072,0.19620750844478607,131072.0,0.0004963184354551503
33900,0.16346120834350586,0.14730283617973328,131072.0,0.0004963107405575306
33925,0.21626262366771698,0.2056676596403122,131072.0,0.0004963030376870731
33950,0.17364268004894257,0.16846440732479095,131072.0,0.0004962953268440295
33975,0.17377129197120667,0.13884179294109344,131072.0,0.000496287608028652
34000,0.21709716320037842,0.2518668472766876,131072.0,0.0004962798812411929
34025,0.2627880871295929,0.16876672208309174,131072.0,0.000496272146481905
34050,0.14307591319084167,0.1879500448703766,131072.0,0.0004962644037510413
34075,0.2492743283510208,0.17216460406780243,131072.0,0.0004962566530488547
34100,0.27336639165878296,0.21540795266628265,131072.0,0.000496248894375599
34125,0.2555694580078125,0.2961256802082062,131072.0,0.0004962411277315277
34150,0.2640135586261749,0.25986266136169434,131072.0,0.000496233353116895
34175,0.2043982297182083,0.20136630535125732,131072.0,0.0004962255705319548
34200,0.21111856400966644,0.18463417887687683,131072.0,0.0004962177799769617
34225,0.3503076434135437,0.1288650631904602,131072.0,0.0004962099814521707
34250,0.16939061880111694,0.16136516630649567,131072.0,0.0004962021749578366
34275,0.17030034959316254,0.15497682988643646,131072.0,0.0004961943604942147
34300,0.20678633451461792,0.18992191553115845,131072.0,0.0004961865380615607
34325,0.16795165836811066,0.15921764075756073,131072.0,0.0004961787076601302
34350,0.216720849275589,0.18919453024864197,131072.0,0.0004961708692901792
34375,0.2226676344871521,0.1778864860534668,131072.0,0.0004961630229519643
34400,0.23257236182689667,0.1470375806093216,262144.0,0.0004961551686457419
34425,0.12455648183822632,0.17995254695415497,262144.0,0.0004961473063717689
34450,0.23740746080875397,0.17657895386219025,262144.0,0.0004961394361303024
34475,0.1702592521905899,0.16295161843299866,262144.0,0.0004961315579215997
34500,0.19254463911056519,0.21713046729564667,262144.0,0.0004961236717459184
34525,0.2630123198032379,0.18851631879806519,262144.0,0.0004961157776035165
34550,0.19288060069084167,0.20248115062713623,262144.0,0.0004961078754946522
34575,0.14807866513729095,0.16140830516815186,262144.0,0.0004960999654195839
34600,0.13312861323356628,0.22931689023971558,262144.0,0.0004960920473785699
34625,0.1689515858888626,0.18387044966220856,262144.0,0.0004960841213718696
34650,0.21445438265800476,0.19464364647865295,262144.0,0.0004960761873997419
34675,0.20179051160812378,0.16966791450977325,262144.0,0.0004960682454624464
34700,0.20257249474525452,0.19432149827480316,262144.0,0.0004960602955602426
34725,0.2067844122648239,0.20546676218509674,262144.0,0.0004960523376933908
34750,0.24992597103118896,0.13450944423675537,262144.0,0.0004960443718621509
34775,0.2049916535615921,0.23476772010326385,262144.0,0.0004960363980667838
34800,0.21851618587970734,0.2741287350654602,262144.0,0.0004960284163075498
34825,0.2463962584733963,0.21657030284404755,262144.0,0.0004960204265847101
34850,0.21953396499156952,0.2102261185646057,262144.0,0.000496012428898526
34875,0.16071920096874237,0.22537125647068024,262144.0,0.000496004423249259
34900,0.18624040484428406,0.2040819525718689,262144.0,0.0004959964096371708
34925,0.24521028995513916,0.20072287321090698,262144.0,0.0004959883880625238
34950,0.2148781567811966,0.2189851701259613,262144.0,0.0004959803585255798
34975,0.15901874005794525,0.26961272954940796,262144.0,0.0004959723210266017
35000,0.15767133235931396,0.16436147689819336,262144.0,0.0004959642755658524
35025,0.19971682131290436,0.23326003551483154,262144.0,0.0004959562221435947
35050,0.23046007752418518,0.1816425770521164,262144.0,0.0004959481607600923
35075,0.2523173689842224,0.17225560545921326,262144.0,0.0004959400914156084
35100,0.19739629328250885,0.16789089143276215,262144.0,0.0004959320141104073
35125,0.2176513820886612,0.2528436481952667,262144.0,0.0004959239288447529
35150,0.18060258030891418,0.22104467451572418,262144.0,0.0004959158356189096
35175,0.18157774209976196,0.21210715174674988,262144.0,0.000495907734433142
35200,0.22873800992965698,0.17576348781585693,262144.0,0.0004958996252877152
35225,0.17977885901927948,0.20602546632289886,262144.0,0.0004958915081828942
35250,0.19263261556625366,0.19816574454307556,262144.0,0.0004958833831189447
35275,0.24274425208568573,0.14897914230823517,262144.0,0.0004958752500961322
35300,0.17898812890052795,0.16358670592308044,262144.0,0.0004958671091147226
35325,0.26968657970428467,0.19553954899311066,262144.0,0.0004958589601749822
35350,0.22101709246635437,0.2063901424407959,262144.0,0.0004958508032771775
35375,0.17349585890769958,0.1858232319355011,262144.0,0.0004958426384215752
35400,0.17920821905136108,0.15504607558250427,262144.0,0.0004958344656084422
35425,0.22778934240341187,0.19741952419281006,262144.0,0.0004958262848380462
35450,0.18624767661094666,0.18024158477783203,262144.0,0.000495818096110654
35475,0.18075643479824066,0.16806089878082275,262144.0,0.000495809899426534
35500,0.2580706477165222,0.1380162388086319,262144.0,0.0004958016947859538
35525,0.18452627956867218,0.16109983623027802,262144.0,0.0004957934821891822
35550,0.1463271677494049,0.16631843149662018,262144.0,0.0004957852616364872
35575,0.28790467977523804,0.14891670644283295,262144.0,0.000495777033128138
35600,0.21691776812076569,0.20989923179149628,262144.0,0.0004957687966644034
35625,0.18581558763980865,0.189240962266922,262144.0,0.0004957605522455533
35650,0.2774879038333893,0.1834825724363327,262144.0,0.0004957522998718565
35675,0.2603113353252411,0.16820470988750458,262144.0,0.0004957440395435835
35700,0.1946803629398346,0.15983946621418,262144.0,0.000495735771261004
35725,0.27233463525772095,0.2215769737958908,262144.0,0.0004957274950243888
35750,0.2536817193031311,0.1934264451265335,262144.0,0.0004957192108340082
35775,0.13270258903503418,0.21698004007339478,262144.0,0.000495710918690133
35800,0.1735813468694687,0.17499922215938568,262144.0,0.0004957026185930348
35825,0.28062158823013306,0.17593500018119812,262144.0,0.0004956943105429849
35850,0.09536124020814896,0.1564897894859314,262144.0,0.0004956859945402546
35875,0.21065883338451385,0.14891768991947174,262144.0,0.0004956776705851162
35900,0.2549145519733429,0.18026578426361084,262144.0,0.0004956693386778418
35925,0.23421230912208557,0.18144777417182922,262144.0,0.0004956609988187039
35950,0.18429423868656158,0.1631004512310028,262144.0,0.0004956526510079752
35975,0.21083801984786987,0.20114421844482422,262144.0,0.0004956442952459288
36000,0.21399624645709991,0.17923156917095184,262144.0,0.0004956359315328375
36025,0.16110284626483917,0.20302435755729675,262144.0,0.0004956275598689753
36050,0.17905303835868835,0.16691626608371735,262144.0,0.0004956191802546159
36075,0.1985117495059967,0.16619500517845154,262144.0,0.0004956107926900331
36100,0.15537750720977783,0.22055143117904663,262144.0,0.0004956023971755013
36125,0.2555635869503021,0.21344539523124695,262144.0,0.0004955939937112949
36150,0.1995602548122406,0.16399931907653809,262144.0,0.0004955855822976889
36175,0.194095641374588,0.15128609538078308,262144.0,0.0004955771629349584
36200,0.2325875461101532,0.165011465549469,262144.0,0.0004955687356233786
36225,0.21827055513858795,0.14438115060329437,262144.0,0.0004955603003632249
36250,0.14317408204078674,0.1907782107591629,262144.0,0.0004955518571547733
36275,0.2239414006471634,0.17129957675933838,262144.0,0.0004955434059983001
36300,0.16674277186393738,0.1337689310312271,262144.0,0.0004955349468940814
36325,0.24124041199684143,0.15845584869384766,262144.0,0.000495526479842394
36350,0.2390681505203247,0.1530725657939911,262144.0,0.0004955180048435146
36375,0.23391258716583252,0.16455502808094025,262144.0,0.0004955095218977204
36400,0.3144391179084778,0.14825975894927979,524288.0,0.000495501031005289
36425,0.23227092623710632,0.15414372086524963,524288.0,0.0004954925321664978
36450,0.2503180205821991,0.22949017584323883,524288.0,0.0004954840253816248
36475,0.2080412656068802,0.16203325986862183,524288.0,0.0004954755106509482
36500,0.1511492133140564,0.18299748003482819,524288.0,0.0004954669879747462
36525,0.19012504816055298,0.14424242079257965,524288.0,0.0004954584573532981
36550,0.24527353048324585,0.16957783699035645,524288.0,0.0004954499187868823
36575,0.2479698807001114,0.18977990746498108,524288.0,0.0004954413722757782
36600,0.13325732946395874,0.16854903101921082,524288.0,0.0004954328178202654
36625,0.1472533792257309,0.14509403705596924,524288.0,0.0004954242554206234
36650,0.18185363709926605,0.21693389117717743,524288.0,0.0004954156850771324
36675,0.19636209309101105,0.24305737018585205,524288.0,0.0004954071067900726
36700,0.20998187363147736,0.15358375012874603,524288.0,0.0004953985205597243
36725,0.13438910245895386,0.1611674427986145,524288.0,0.0004953899263863687
36750,0.21069075167179108,0.15171761810779572,524288.0,0.0004953813242702865
36775,0.2651951313018799,0.18840740621089935,524288.0,0.0004953727142117592
36800,0.20166431367397308,0.1876857578754425,524288.0,0.0004953640962110682
36825,0.22732391953468323,0.16304555535316467,524288.0,0.0004953554702684954
36850,0.22368420660495758,0.14815008640289307,524288.0,0.0004953468363843229
36875,0.21924012899398804,0.1387043297290802,524288.0,0.0004953381945588328
36900,0.22182652354240417,0.20414043962955475,524288.0,0.0004953295447923081
36925,0.16763024032115936,0.2120024710893631,524288.0,0.0004953208870850315
36950,0.20281793177127838,0.1781284362077713,524288.0,0.000495312221437286
36975,0.18616251647472382,0.17730936408042908,524288.0,0.0004953035478493551
37000,0.24315285682678223,0.13070692121982574,524288.0,0.0004952948663215222
37025,0.17559829354286194,0.1386183202266693,262144.0,0.0004952861768540715
37050,0.26988404989242554,0.16438782215118408,262144.0,0.0004952774794472869
37075,0.20644210278987885,0.16901713609695435,262144.0,0.0004952687741014528
37100,0.16851456463336945,0.16126315295696259,262144.0,0.0004952600608168543
37125,0.2009626179933548,0.17671644687652588,262144.0,0.000495251339593776
37150,0.2257165014743805,0.1580812782049179,262144.0,0.0004952426104325031
37175,0.1937120109796524,0.1743372231721878,262144.0,0.0004952338733333211
37200,0.3038993775844574,0.35978978872299194,262144.0,0.0004952251282965156
37225,0.18119482696056366,0.16203029453754425,262144.0,0.0004952163753223728
37250,0.18994149565696716,0.16263790428638458,262144.0,0.0004952076144111787
37275,0.14101016521453857,0.1482580453157425,262144.0,0.0004951988455632198
37300,0.2884344756603241,0.15131890773773193,262144.0,0.0004951900687787832
37325,0.2276696264743805,0.22057700157165527,262144.0,0.0004951812840581554
37350,0.198470801115036,0.20700804889202118,262144.0,0.000495172491401624
37375,0.22325775027275085,0.14939121901988983,262144.0,0.0004951636908094764
37400,0.22081154584884644,0.16837149858474731,262144.0,0.0004951548822820004
37425,0.17757926881313324,0.1794729083776474,262144.0,0.0004951460658194842
37450,0.21990537643432617,0.13761211931705475,262144.0,0.000495137241422216
37475,0.19713981449604034,0.12123453617095947,262144.0,0.0004951284090904842
37500,0.14726558327674866,0.18481045961380005,262144.0,0.0004951195688245779
37525,0.18446174263954163,0.15937887132167816,262144.0,0.0004951107206247861
37550,0.24297669529914856,0.14848510921001434,262144.0,0.0004951018644913978
37575,0.1543186455965042,0.14217549562454224,262144.0,0.0004950930004247032
37600,0.18243971467018127,0.16660618782043457,262144.0,0.0004950841284249918
37625,0.2530963122844696,0.18651732802391052,262144.0,0.0004950752484925537
37650,0.16845975816249847,0.19136659801006317,262144.0,0.0004950663606276796
37675,0.2208520770072937,0.12999695539474487,262144.0,0.0004950574648306597
37700,0.30427584052085876,0.18278880417346954,262144.0,0.0004950485611017853
37725,0.27916479110717773,0.17524197697639465,262144.0,0.0004950396494413471
37750,0.20759886503219604,0.3006954789161682,262144.0,0.000495030729849637
37775,0.14174626767635345,0.17563186585903168,262144.0,0.0004950218023269463
37800,0.23084795475006104,0.19660305976867676,262144.0,0.0004950128668735674
37825,0.20177432894706726,0.13843950629234314,262144.0,0.0004950039234897921
37850,0.13193117082118988,0.1431148648262024,262144.0,0.0004949949721759129
37875,0.25756680965423584,0.17379559576511383,262144.0,0.0004949860129322226
37900,0.20569069683551788,0.2219991385936737,262144.0,0.0004949770457590142
37925,0.220030277967453,0.14978954195976257,262144.0,0.0004949680706565808
37950,0.24273008108139038,0.15994054079055786,262144.0,0.000494959087625216
37975,0.1696028858423233,0.15396000444889069,262144.0,0.0004949500966652136
38000,0.2090756595134735,0.1499488651752472,262144.0,0.0004949410977768676
38025,0.19317156076431274,0.12713369727134705,262144.0,0.0004949320909604721
38050,0.21263815462589264,0.19114531576633453,262144.0,0.0004949230762163219
38075,0.19426752626895905,0.17830900847911835,262144.0,0.0004949140535447116
38100,0.21025750041007996,0.1687822937965393,262144.0,0.0004949050229459362
38125,0.23299944400787354,0.20467007160186768,262144.0,0.0004948959844202913
38150,0.18846197426319122,0.16024616360664368,262144.0,0.0004948869379680722
38175,0.3258015513420105,0.19796258211135864,262144.0,0.0004948778835895747
38200,0.26058122515678406,0.2062489241361618,262144.0,0.0004948688212850949
38225,0.23801761865615845,0.22854626178741455,262144.0,0.0004948597510549296
38250,0.18794851005077362,0.15709581971168518,262144.0,0.0004948506728993748
38275,0.29388606548309326,0.13693559169769287,262144.0,0.0004948415868187276
38300,0.18792136013507843,0.20239563286304474,262144.0,0.0004948324928132851
38325,0.2065771073102951,0.16936802864074707,262144.0,0.0004948233908833448
38350,0.18889550864696503,0.15867586433887482,262144.0,0.0004948142810292042
38375,0.29888856410980225,0.2010125070810318,262144.0,0.0004948051632511614
38400,0.2406964749097824,0.18858882784843445,262144.0,0.0004947960375495143
38425,0.1958947330713272,0.125426784157753,262144.0,0.0004947869039245615
38450,0.18675170838832855,0.21542701125144958,262144.0,0.0004947777623766015
38475,0.19571538269519806,0.1649833470582962,262144.0,0.0004947686129059333
38500,0.22465533018112183,0.19396832585334778,262144.0,0.0004947594555128563
38525,0.12467362731695175,0.17841613292694092,262144.0,0.0004947502901976697
38550,0.21418063342571259,0.1325189620256424,262144.0,0.0004947411169606734
38575,0.2509533166885376,0.14909005165100098,262144.0,0.0004947319358021672
38600,0.2153765857219696,0.18821008503437042,262144.0,0.0004947227467224514
38625,0.22620555758476257,0.1301664263010025,262144.0,0.0004947135497218267
38650,0.1965792328119278,0.15497180819511414,262144.0,0.0004947043448005935
38675,0.20577265322208405,0.16832277178764343,262144.0,0.0004946951319590528
38700,0.19686636328697205,0.16874073445796967,262144.0,0.0004946859111975064
38725,0.2511274218559265,0.14851215481758118,262144.0,0.0004946766825162553
38750,0.14987049996852875,0.16720719635486603,262144.0,0.0004946674459156014
38775,0.16313010454177856,0.1451946496963501,262144.0,0.0004946582013958468
38800,0.2558920085430145,0.2391722947359085,262144.0,0.0004946489489572938
38825,0.14243558049201965,0.21913640201091766,262144.0,0.000494639688600245
38850,0.23156219720840454,0.16286110877990723,262144.0,0.0004946304203250033
38875,0.17456801235675812,0.17946462333202362,262144.0,0.0004946211441318716
38900,0.22809594869613647,0.23197482526302338,262144.0,0.0004946118600211533
38925,0.24305467307567596,0.16637060046195984,262144.0,0.0004946025679931519
38950,0.15720586478710175,0.15570656955242157,262144.0,0.0004945932680481715
38975,0.22177362442016602,0.20508545637130737,262144.0,0.0004945839601865161
39000,0.1622779369354248,0.14839057624340057,262144.0,0.0004945746444084898
39025,0.22843319177627563,0.20554512739181519,524288.0,0.0004945653207143978
39050,0.21856233477592468,0.20673315227031708,262144.0,0.0004945559891045446
39075,0.22472086548805237,0.16885170340538025,262144.0,0.0004945466495792353
39100,0.28446677327156067,0.15420055389404297,262144.0,0.0004945373021387756
39125,0.1943788081407547,0.1810554414987564,262144.0,0.000494527946783471
39150,0.1653779149055481,0.14003686606884003,262144.0,0.0004945185835136274
39175,0.21173112094402313,0.13441094756126404,262144.0,0.0004945092123295511
39200,0.22913993895053864,0.20148251950740814,262144.0,0.0004944998332315485
39225,0.12158632278442383,0.1742398589849472,262144.0,0.0004944904462199262
39250,0.24616208672523499,0.1668570190668106,262144.0,0.0004944810512949913
39275,0.18381793797016144,0.19527003169059753,262144.0,0.000494471648457051
39300,0.27224695682525635,0.16435281932353973,262144.0,0.0004944622377064127
39325,0.23917870223522186,0.1705566793680191,262144.0,0.0004944528190433843
39350,0.22867590188980103,0.16760776937007904,262144.0,0.0004944433924682736
39375,0.19579070806503296,0.1916418820619583,262144.0,0.000494433957981389
39400,0.21397703886032104,0.15977396070957184,262144.0,0.0004944245155830389
39425,0.22311003506183624,0.16143696010112762,262144.0,0.0004944150652735321
39450,0.2078416496515274,0.16922059655189514,262144.0,0.0004944056070531779
39475,0.2525230646133423,0.16705471277236938,262144.0,0.0004943961409222852
39500,0.2046433538198471,0.15577325224876404,262144.0,0.0004943866668811637
39525,0.24245239794254303,0.18629755079746246,262144.0,0.0004943771849301235
39550,0.17897528409957886,0.1834060102701187,262144.0,0.000494367695069474
39575,0.19839023053646088,0.18067583441734314,262144.0,0.0004943581972995261
39600,0.16337484121322632,0.20541097223758698,262144.0,0.0004943486916205903
39625,0.20472994446754456,0.18914735317230225,262144.0,0.0004943391780329774
39650,0.2489107847213745,0.16191445291042328,262144.0,0.0004943296565369983
39675,0.14980442821979523,0.30679410696029663,262144.0,0.0004943201271329646
39700,0.25588616728782654,0.2373141646385193,262144.0,0.0004943105898211879
39725,0.2694939076900482,0.17350642383098602,262144.0,0.0004943010446019798
39750,0.19025690853595734,0.19120357930660248,262144.0,0.0004942914914756528
39775,0.18923045694828033,0.16669028997421265,262144.0,0.0004942819304425193
39800,0.20756122469902039,0.19597826898097992,262144.0,0.0004942723615028916
39825,0.26227837800979614,0.22575077414512634,262144.0,0.000494262784657083
39850,0.2252502143383026,0.14976608753204346,262144.0,0.0004942531999054065
39875,0.2215518206357956,0.16455703973770142,262144.0,0.0004942436072481754
39900,0.23695704340934753,0.12232212722301483,262144.0,0.0004942340066857036
39925,0.22723056375980377,0.1986130177974701,262144.0,0.0004942243982183048
39950,0.15316016972064972,0.18539713323116302,262144.0,0.0004942147818462936
39975,0.2587070167064667,0.1819613128900528,262144.0,0.0004942051575699841
40000,0.23519881069660187,0.1451287418603897,262144.0,0.0004941955253896912
40025,0.2417786568403244,0.21518081426620483,262144.0,0.0004941858853057297
40050,0.29945823550224304,0.18080800771713257,262144.0,0.0004941762373184152
40075,0.2008461207151413,0.18056070804595947,262144.0,0.0004941665814280628
40100,0.2362016886472702,0.2220906913280487,262144.0,0.0004941569176349887
40125,0.21065488457679749,0.1935773491859436,262144.0,0.0004941472459395082
40150,0.22602882981300354,0.20819196105003357,262144.0,0.0004941375663419384
40175,0.22149977087974548,0.19659578800201416,262144.0,0.0004941278788425953
40200,0.22634375095367432,0.17433401942253113,262144.0,0.0004941181834417958
40225,0.1956372857093811,0.16914144158363342,262144.0,0.0004941084801398572
40250,0.28537675738334656,0.1777290254831314,262144.0,0.0004940987689370964
40275,0.23617738485336304,0.19704927504062653,262144.0,0.0004940890498338313
40300,0.3028668165206909,0.1907787173986435,262144.0,0.0004940793228303794
40325,0.2666685879230499,0.1714864820241928,262144.0,0.0004940695879270591
40350,0.20198315382003784,0.1963105946779251,262144.0,0.0004940598451241887
40375,0.20649893581867218,0.1524769812822342,262144.0,0.0004940500944220866
40400,0.1845369040966034,0.16212311387062073,262144.0,0.0004940403358210717
40425,0.19683101773262024,0.1784934252500534,262144.0,0.0004940305693214631
40450,0.25048279762268066,0.19266079366207123,262144.0,0.0004940207949235806
40475,0.20132920145988464,0.1736002266407013,262144.0,0.0004940110126277432
40500,0.16487760841846466,0.14647246897220612,262144.0,0.0004940012224342712
40525,0.24577800929546356,0.19370333850383759,262144.0,0.0004939914243434846
40550,0.17861826717853546,0.16277143359184265,262144.0,0.0004939816183557039
40575,0.1963265985250473,0.21239984035491943,262144.0,0.0004939718044712495
40600,0.2271445095539093,0.19988372921943665,262144.0,0.0004939619826904427
40625,0.19437427818775177,0.12849919497966766,262144.0,0.0004939521530136045
40650,0.25435197353363037,0.1890983134508133,262144.0,0.0004939423154410561
40675,0.17450140416622162,0.16765376925468445,262144.0,0.0004939324699731198
40700,0.25348126888275146,0.14513865113258362,262144.0,0.000493922616610117
40725,0.17459791898727417,0.123053640127182,262144.0,0.0004939127553523701
40750,0.16964222490787506,0.1488141119480133,262144.0,0.0004939028862002017
40775,0.12813898921012878,0.1236436665058136,262144.0,0.0004938930091539343
40800,0.21807651221752167,0.16452103853225708,262144.0,0.0004938831242138909
40825,0.17705853283405304,0.19507749378681183,262144.0,0.000493873231380395
40850,0.23449796438217163,0.15725834667682648,262144.0,0.0004938633306537698
40875,0.17207275331020355,0.17548203468322754,262144.0,0.0004938534220343394
40900,0.1930697113275528,0.175565704703331,262144.0,0.0004938435055224276
40925,0.19170980155467987,0.16015052795410156,262144.0,0.0004938335811183587
40950,0.19066642224788666,0.13545463979244232,262144.0,0.0004938236488224572
40975,0.23336640000343323,0.21391189098358154,262144.0,0.000493813708635048
41000,0.24132053554058075,0.21736304461956024,262144.0,0.000493803760556456
41025,0.32505887746810913,0.1823127567768097,262144.0,0.0004937938045870068
41050,0.14008978009223938,0.12487690895795822,524288.0,0.0004937838407270257
41075,0.19235928356647491,0.15631698071956635,524288.0,0.0004937738689768385
41100,0.22031570971012115,0.19768066704273224,524288.0,0.0004937638893367715
41125,0.1703711599111557,0.16554467380046844,524288.0,0.000493753901807151
41150,0.13741689920425415,0.16097810864448547,524288.0,0.0004937439063883034
41175,0.17005175352096558,0.1460120528936386,524288.0,0.0004937339030805558
41200,0.2749532163143158,0.1388087272644043,524288.0,0.000493723891884235
41225,0.17730900645256042,0.1682317554950714,524288.0,0.0004937138727996689
41250,0.26769208908081055,0.17117254436016083,524288.0,0.0004937038458271846
41275,0.24444997310638428,0.13894276320934296,524288.0,0.0004936938109671104
41300,0.2593889534473419,0.11812670528888702,524288.0,0.0004936837682197742
41325,0.23331017792224884,0.17945583164691925,524288.0,0.0004936737175855044
41350,0.23571540415287018,0.1957443356513977,524288.0,0.0004936636590646298
41375,0.21754090487957,0.16234438121318817,524288.0,0.0004936535926574792
41400,0.15489503741264343,0.17251040041446686,524288.0,0.000493643518364382
41425,0.16307394206523895,0.15048639476299286,524288.0,0.0004936334361856674
41450,0.3101203143596649,0.1433401107788086,524288.0,0.0004936233461216651
41475,0.24068717658519745,0.15721595287322998,524288.0,0.0004936132481727051
41500,0.21518589556217194,0.1933664232492447,524288.0,0.0004936031423391178
41525,0.2246716320514679,0.21337415277957916,524288.0,0.0004935930286212334
41550,0.10904350876808167,0.13161101937294006,524288.0,0.0004935829070193829
41575,0.2728428840637207,0.16986951231956482,524288.0,0.000493572777533897
41600,0.30035489797592163,0.1672675907611847,524288.0,0.000493562640165107
41625,0.2615329623222351,0.1800445318222046,524288.0,0.0004935524949133446
41650,0.21073727309703827,0.14721226692199707,524288.0,0.0004935423417789413
41675,0.20252707600593567,0.16860859096050262,524288.0,0.0004935321807622294
41700,0.18922016024589539,0.163275808095932,524288.0,0.000493522011863541
41725,0.1968536525964737,0.15975017845630646,524288.0,0.0004935118350832086
41750,0.12892460823059082,0.13865593075752258,524288.0,0.000493501650421565
41775,0.1592300832271576,0.13224631547927856,524288.0,0.0004934914578789434
41800,0.1536443680524826,0.14959292113780975,524288.0,0.000493481257455677
41825,0.16053681075572968,0.15754863619804382,524288.0,0.0004934710491520993
41850,0.22722211480140686,0.14553990960121155,524288.0,0.0004934608329685442
41875,0.23893453180789948,0.1517852395772934,524288.0,0.0004934506089053457
41900,0.15611472725868225,0.14183375239372253,524288.0,0.0004934403769628384
41925,0.1535240262746811,0.1871168315410614,524288.0,0.0004934301371413565
41950,0.23776459693908691,0.16050487756729126,524288.0,0.0004934198894412351
41975,0.1746206432580948,0.1580447405576706,524288.0,0.0004934096338628093
42000,0.1757918894290924,0.12779560685157776,524288.0,0.0004933993704064145
42025,0.17049293220043182,0.1971743255853653,524288.0,0.000493389099072386
42050,0.137532576918602,0.21299564838409424,524288.0,0.0004933788198610601
42075,0.1939973384141922,0.12051191180944443,524288.0,0.0004933685327727728
42100,0.26712939143180847,0.13902592658996582,524288.0,0.0004933582378078604
42125,0.14364975690841675,0.16482676565647125,524288.0,0.0004933479349666595
42150,0.173524871468544,0.17153474688529968,524288.0,0.0004933376242495073
42175,0.17070052027702332,0.1861255168914795,524288.0,0.0004933273056567407
42200,0.251870721578598,0.14853733777999878,524288.0,0.0004933169791886974
42225,0.2592490315437317,0.11535941809415817,524288.0,0.0004933066448457147
42250,0.16098570823669434,0.2025262713432312,524288.0,0.0004932963026281309
42275,0.21193714439868927,0.17099830508232117,524288.0,0.000493285952536284
42300,0.1555529534816742,0.2194509357213974,524288.0,0.0004932755945705126
42325,0.15988092124462128,0.18727782368659973,524288.0,0.0004932652287311552
42350,0.24870508909225464,0.1342238038778305,524288.0,0.000493254855018551
42375,0.21230079233646393,0.22569821774959564,524288.0,0.0004932444734330392
42400,0.10146727412939072,0.2970357835292816,524288.0,0.000493234083974959
42425,0.18536873161792755,0.18253453075885773,524288.0,0.0004932236866446504
42450,0.1798381358385086,0.16787652671337128,524288.0,0.0004932132814424536
42475,0.2367793619632721,0.13765621185302734,524288.0,0.0004932028683687083
42500,0.1577681601047516,0.1868491917848587,524288.0,0.0004931924474237558
42525,0.22804388403892517,0.16880394518375397,524288.0,0.000493182018607936
42550,0.18917891383171082,0.19072286784648895,524288.0,0.0004931715819215906
42575,0.23488374054431915,0.1503102034330368,524288.0,0.0004931611373650605
42600,0.13524971902370453,0.1067403182387352,524288.0,0.0004931506849386874
42625,0.2519836723804474,0.15842531621456146,524288.0,0.0004931402246428131
42650,0.19946283102035522,0.21412293612957,524288.0,0.0004931297564777798
42675,0.14624741673469543,0.16459541022777557,524288.0,0.0004931192804439296
42700,0.20856548845767975,0.17574277520179749,524288.0,0.000493108796541605
42725,0.23211435973644257,0.1710456907749176,524288.0,0.000493098304771149
42750,0.16467514634132385,0.15985295176506042,524288.0,0.0004930878051329049
42775,0.1688314974308014,0.21518713235855103,524288.0,0.0004930772976272157
42800,0.2770732045173645,0.1691792607307434,524288.0,0.0004930667822544251
42825,0.26068201661109924,0.16051428020000458,524288.0,0.0004930562590148769
42850,0.24067777395248413,0.16097991168498993,524288.0,0.0004930457279089154
42875,0.18765440583229065,0.18587930500507355,524288.0,0.0004930351889368849
42900,0.22273623943328857,0.1591421514749527,524288.0,0.00049302464209913
42925,0.25112032890319824,0.15711066126823425,524288.0,0.0004930140873959957
42950,0.19414350390434265,0.13502293825149536,262144.0,0.0004930035248278268
42975,0.16596055030822754,0.16289004683494568,262144.0,0.0004929929543949692
43000,0.17335715889930725,0.1541140228509903,262144.0,0.0004929823760977684
43025,0.21157188713550568,0.15881329774856567,262144.0,0.0004929717899365701
43050,0.1485823392868042,0.19315209984779358,262144.0,0.0004929611959117205
43075,0.27625465393066406,0.17208907008171082,262144.0,0.0004929505940235664
43100,0.23133811354637146,0.13776089251041412,262144.0,0.0004929399842724541
43125,0.21095742285251617,0.1610277146100998,262144.0,0.0004929293666587309
43150,0.1369400918483734,0.18748261034488678,262144.0,0.0004929187411827435
43175,0.1502070277929306,0.17947061359882355,262144.0,0.0004929081078448398
43200,0.24061667919158936,0.16990211606025696,262144.0,0.0004928974666453675
43225,0.23346328735351562,0.17228730022907257,262144.0,0.0004928868175846744
43250,0.16950729489326477,0.15765774250030518,262144.0,0.0004928761606631087
43275,0.2506101131439209,0.16659463942050934,262144.0,0.0004928654958810192
43300,0.17944958806037903,0.16356897354125977,262144.0,0.0004928548232387542
43325,0.1619316190481186,0.16664592921733856,262144.0,0.0004928441427366631
43350,0.16565148532390594,0.15404705703258514,262144.0,0.000492833454375095
43375,0.18089117109775543,0.1485208421945572,262144.0,0.0004928227581543994
43400,0.2543514370918274,0.12951119244098663,262144.0,0.000492812054074926
43425,0.13209424912929535,0.14591652154922485,262144.0,0.0004928013421370252
43450,0.18885120749473572,0.2124442458152771,262144.0,0.0004927906223410468
43475,0.1871574968099594,0.13456407189369202,262144.0,0.0004927798946873415
43500,0.15311256051063538,0.14575783908367157,262144.0,0.0004927691591762604
43525,0.24675898253917694,0.13922280073165894,262144.0,0.0004927584158081542
43550,0.17771725356578827,0.2389822006225586,262144.0,0.0004927476645833744
43575,0.19537357985973358,0.26232361793518066,262144.0,0.0004927369055022726
43600,0.2290736734867096,0.20878028869628906,262144.0,0.0004927261385652005
43625,0.13451091945171356,0.16387437283992767,262144.0,0.0004927153637725103
43650,0.26446714997291565,0.15452848374843597,262144.0,0.0004927045811245542
43675,0.22851356863975525,0.189619779586792,262144.0,0.000492693790621685
43700,0.20440968871116638,0.1987590789794922,262144.0,0.0004926829922642553
43725,0.2655446231365204,0.17229725420475006,262144.0,0.0004926721860526186
43750,0.21684648096561432,0.1393807977437973,262144.0,0.000492661371987128
43775,0.19088433682918549,0.1631227433681488,262144.0,0.0004926505500681372
43800,0.19019974768161774,0.15380416810512543,262144.0,0.0004926397202959999
43825,0.303080290555954,0.1489955633878708,262144.0,0.0004926288826710705
43850,0.2678786516189575,0.13143007457256317,262144.0,0.0004926180371937033
43875,0.1388336718082428,0.14449180662631989,262144.0,0.0004926071838642531
43900,0.2679344117641449,0.17010684311389923,262144.0,0.0004925963226830745
43925,0.2875370383262634,0.15450233221054077,262144.0,0.000492585453650523
43950,0.14156155288219452,0.16265061497688293,262144.0,0.0004925745767669538
43975,0.1805918961763382,0.16996069252490997,262144.0,0.0004925636920327226
44000,0.1975250095129013,0.181854709982872,262144.0,0.0004925527994481855
44025,0.17810291051864624,0.1483277976512909,262144.0,0.0004925418990136986
44050,0.21246403455734253,0.1277177929878235,262144.0,0.0004925309907296184
44075,0.26812535524368286,0.23665660619735718,262144.0,0.0004925200745963014
44100,0.17093564569950104,0.16047058999538422,262144.0,0.000492509150614105
44125,0.1841137856245041,0.16031192243099213,262144.0,0.0004924982187833859
44150,0.18885503709316254,0.17125318944454193,262144.0,0.000492487279104502
44175,0.19463829696178436,0.14594633877277374,262144.0,0.0004924763315778107
44200,0.19346390664577484,0.16877327859401703,262144.0,0.0004924653762036704
44225,0.2258891761302948,0.19318035244941711,262144.0,0.0004924544129824391
44250,0.18720167875289917,0.14932294189929962,262144.0,0.0004924434419144752
44275,0.15664100646972656,0.4801642894744873,262144.0,0.0004924324630001377
44300,0.2293182760477066,0.15396323800086975,262144.0,0.0004924214762397855
44325,0.2011726349592209,0.14670534431934357,262144.0,0.0004924104816337779
44350,0.1959407478570938,0.14783240854740143,262144.0,0.0004923994791824743
44375,0.22653430700302124,0.16809284687042236,262144.0,0.0004923884688862347
44400,0.2536572217941284,0.14648236334323883,262144.0,0.0004923774507454192
44425,0.1710839420557022,0.16285686194896698,262144.0,0.0004923664247603878
44450,0.15566138923168182,0.22473034262657166,262144.0,0.0004923553909315013
44475,0.18318504095077515,0.17341315746307373,262144.0,0.0004923443492591205
44500,0.15519219636917114,0.1425866335630417,262144.0,0.0004923332997436064
44525,0.17730477452278137,0.13284321129322052,262144.0,0.0004923222423853203
44550,0.2481994330883026,0.16258127987384796,262144.0,0.0004923111771846238
44575,0.12966479361057281,0.1667591631412506,262144.0,0.0004923001041418788
44600,0.2964720129966736,0.23165133595466614,262144.0,0.0004922890232574473
44625,0.1800319105386734,0.12238254398107529,262144.0,0.0004922779345316919
44650,0.18314148485660553,0.15354877710342407,262144.0,0.000492266837964975
44675,0.30189815163612366,0.13983210921287537,262144.0,0.0004922557335576595
44700,0.24193546175956726,0.15558326244354248,262144.0,0.0004922446213101084
44725,0.24905657768249512,0.1562601625919342,262144.0,0.0004922335012226853
44750,0.24534659087657928,0.15449413657188416,262144.0,0.000492222373295754
44775,0.14890797436237335,0.15801787376403809,262144.0,0.0004922112375296778
44800,0.18541710078716278,0.18128101527690887,262144.0,0.0004922000939248213
44825,0.22550642490386963,0.16545340418815613,262144.0,0.0004921889424815489
44850,0.1762934774160385,0.1958288699388504,131072.0,0.000492177783200225
44875,0.16356737911701202,0.149884894490242,131072.0,0.0004921666160812147
44900,0.20443692803382874,0.1192936822772026,131072.0,0.0004921554411248833
44925,0.25992876291275024,0.14371797442436218,131072.0,0.000492144258331596
44950,0.2861897647380829,0.1380610316991806,131072.0,0.0004921330677017186
44975,0.1579234004020691,0.17785637080669403,131072.0,0.0004921218692356171
45000,0.1883799135684967,0.1794176995754242,131072.0,0.0004921106629336575
45025,0.18443040549755096,0.1881202757358551,131072.0,0.0004920994487962064
45050,0.19728438556194305,0.17831216752529144,131072.0,0.0004920882268236306
45075,0.1671534925699234,0.14311623573303223,131072.0,0.0004920769970162969
45100,0.21383515000343323,0.1702021211385727,131072.0,0.0004920657593745725
45125,0.1594078242778778,0.27316996455192566,131072.0,0.000492054513898825
45150,0.2851341962814331,0.1368415355682373,131072.0,0.0004920432605894222
45175,0.27950480580329895,0.2001052051782608,131072.0,0.000492031999446732
45200,0.16618268191814423,0.17848214507102966,131072.0,0.0004920207304711225
45225,0.2007717788219452,0.2215850055217743,131072.0,0.0004920094536629624
45250,0.17790862917900085,0.15864913165569305,131072.0,0.0004919981690226204
45275,0.2080560177564621,0.1275155246257782,131072.0,0.0004919868765504658
45300,0.14754219353199005,0.14040426909923553,131072.0,0.0004919755762468674
45325,0.16224299371242523,0.18216916918754578,131072.0,0.0004919642681121949
45350,0.2538754343986511,0.13064126670360565,131072.0,0.0004919529521468181
45375,0.23547017574310303,0.15325599908828735,131072.0,0.0004919416283511071
45400,0.20265208184719086,0.12169750779867172,131072.0,0.0004919302967254323
45425,0.20584557950496674,0.14987803995609283,131072.0,0.000491918957270164
45450,0.20289401710033417,0.16980673372745514,131072.0,0.0004919076099856732
45475,0.3410116136074066,0.16024978458881378,131072.0,0.0004918962548723307
45500,0.3134133517742157,0.1785978078842163,131072.0,0.0004918848919305083
45525,0.1822567880153656,0.15045736730098724,131072.0,0.0004918735211605771
45550,0.2007340043783188,0.17150458693504333,131072.0,0.0004918621425629092
45575,0.2051764577627182,0.12499498575925827,131072.0,0.0004918507561378767
45600,0.2598363757133484,0.1957463175058365,131072.0,0.0004918393618858518
45625,0.1488461196422577,0.19433198869228363,131072.0,0.0004918279598072071
45650,0.26238954067230225,0.15906941890716553,131072.0,0.0004918165499023157
45675,0.17573846876621246,0.17706750333309174,131072.0,0.0004918051321715505
45700,0.25690585374832153,0.20084021985530853,131072.0,0.0004917937066152849
45725,0.22543443739414215,0.23358632624149323,131072.0,0.0004917822732338925
45750,0.2663833498954773,0.1187862828373909,131072.0,0.0004917708320277474
45775,0.27017518877983093,0.23419062793254852,131072.0,0.0004917593829972234
45800,0.23503535985946655,0.23825578391551971,131072.0,0.000491747926142695
45825,0.2690962553024292,0.13596025109291077,131072.0,0.000491736461464537
45850,0.20618513226509094,0.12732097506523132,131072.0,0.0004917249889631242
45875,0.20564518868923187,0.13441962003707886,131072.0,0.0004917135086388319
45900,0.16905063390731812,0.15751229226589203,131072.0,0.0004917020204920353
45925,0.22649487853050232,0.14863981306552887,131072.0,0.00049169052452311
45950,0.1768331229686737,0.16215378046035767,131072.0,0.0004916790207324323
45975,0.241265207529068,0.1482412964105606,131072.0,0.0004916675091203781
46000,0.29108139872550964,0.1528613418340683,131072.0,0.000491655989687324
46025,0.15538178384304047,0.1771625280380249,131072.0,0.0004916444624336467
46050,0.2398398071527481,0.18744556605815887,131072.0,0.0004916329273597229
46075,0.22170382738113403,0.20988386869430542,131072.0,0.0004916213844659299
46100,0.13991259038448334,0.25802385807037354,131072.0,0.0004916098337526453
46125,0.23687593638896942,0.16115307807922363,131072.0,0.0004915982752202469
46150,0.18910916149616241,0.14970427751541138,131072.0,0.0004915867088691123
46175,0.1629718393087387,0.13797767460346222,131072.0,0.0004915751346996202
46200,0.28944507241249084,0.1528111696243286,131072.0,0.0004915635527121488
46225,0.232552170753479,0.1594991683959961,131072.0,0.0004915519629070768
46250,0.22671188414096832,0.19432806968688965,131072.0,0.0004915403652847834
46275,0.23590905964374542,0.12513042986392975,131072.0,0.0004915287598456476
46300,0.14465640485286713,0.12732253968715668,131072.0,0.0004915171465900493
46325,0.1262245774269104,0.13335321843624115,131072.0,0.0004915055255183677
46350,0.14140108227729797,0.15847663581371307,131072.0,0.0004914938966309833
46375,0.18326516449451447,0.13510794937610626,131072.0,0.0004914822599282762
46400,0.20576129853725433,0.16423708200454712,131072.0,0.000491470615410627
46425,0.21266750991344452,0.16132840514183044,131072.0,0.0004914589630784165
46450,0.2257654368877411,0.15268778800964355,131072.0,0.0004914473029320254
46475,0.19461043179035187,0.1380019187927246,131072.0,0.0004914356349718353
46500,0.21500012278556824,0.1474132388830185,131072.0,0.000491423959198228
46525,0.27092424035072327,0.17259621620178223,131072.0,0.0004914122756115848
46550,0.2759077548980713,0.18179042637348175,131072.0,0.000491400584212288
46575,0.23063167929649353,0.1652100384235382,131072.0,0.0004913888850007201
46600,0.19420963525772095,0.17587910592556,131072.0,0.0004913771779772632
46625,0.18444405496120453,0.17278891801834106,131072.0,0.0004913654631423007
46650,0.15444688498973846,0.14891286194324493,131072.0,0.0004913537404962152
46675,0.22610192000865936,0.15980736911296844,131072.0,0.0004913420100393904
46700,0.17675544321537018,0.15473401546478271,131072.0,0.0004913302717722097
46725,0.1901860386133194,0.15644878149032593,131072.0,0.0004913185256950568
46750,0.17846153676509857,0.19139184057712555,131072.0,0.0004913067718083163
46775,0.1720152646303177,0.1813376098871231,131072.0,0.0004912950101123721
46800,0.21352821588516235,0.15764431655406952,131072.0,0.000491283240607609
46825,0.2300882339477539,0.19560259580612183,131072.0,0.000491271463294412
46850,0.22067606449127197,0.1644720882177353,262144.0,0.0004912596781731659
46875,0.3044494390487671,0.21298271417617798,262144.0,0.0004912478852442563
46900,0.21557800471782684,0.17392684519290924,262144.0,0.0004912360845080689
46925,0.15124255418777466,0.18364758789539337,262144.0,0.0004912242759649895
46950,0.1939479410648346,0.1742049753665924,262144.0,0.0004912124596154042
46975,0.1613529473543167,0.14375443756580353,262144.0,0.0004912006354596994
47000,0.17272540926933289,0.1467551738023758,262144.0,0.000491188803498262
47025,0.2651354968547821,0.15423786640167236,262144.0,0.0004911769637314787
47050,0.16369684040546417,0.1847895234823227,262144.0,0.0004911651161597366
47075,0.17149464786052704,0.2103489339351654,262144.0,0.0004911532607834233
47100,0.18744653463363647,0.16232846677303314,262144.0,0.0004911413976029263
47125,0.18889299035072327,0.14408090710639954,262144.0,0.0004911295266186339
47150,0.1252051442861557,0.1592913717031479,262144.0,0.0004911176478309338
47175,0.29327893257141113,0.13769516348838806,262144.0,0.000491105761240215
47200,0.18718686699867249,0.18643926084041595,262144.0,0.0004910938668468657
47225,0.19616587460041046,0.13874785602092743,262144.0,0.000491081964651275
47250,0.203809916973114,0.2326548844575882,262144.0,0.0004910700546538323
47275,0.19512218236923218,0.1286693513393402,262144.0,0.0004910581368549269
47300,0.2213645726442337,0.15856292843818665,262144.0,0.0004910462112549485
47325,0.2316107302904129,0.14939305186271667,262144.0,0.0004910342778542871
47350,0.24000200629234314,0.2140607237815857,262144.0,0.0004910223366533331
47375,0.21538126468658447,0.11430202424526215,262144.0,0.0004910103876524769
47400,0.23005881905555725,0.14865204691886902,262144.0,0.0004909984308521091
47425,0.22620457410812378,0.15273813903331757,262144.0,0.0004909864662526207
47450,0.25229644775390625,0.2133374661207199,262144.0,0.0004909744938544033
47475,0.20442989468574524,0.1378134936094284,262144.0,0.000490962513657848
47500,0.15407463908195496,0.14673341810703278,262144.0,0.0004909505256633467
47525,0.19138871133327484,0.14926457405090332,262144.0,0.0004909385298712916
47550,0.25009649991989136,0.18135033547878265,262144.0,0.0004909265262820748
47575,0.14199745655059814,0.14353609085083008,262144.0,0.0004909145148960887
47600,0.2890750467777252,0.1689440906047821,262144.0,0.0004909024957137263
47625,0.27689993381500244,0.1746523231267929,262144.0,0.0004908904687353806
47650,0.20885607600212097,0.15331998467445374,262144.0,0.0004908784339614449
47675,0.1916092187166214,0.1462477296590805,262144.0,0.0004908663913923127
47700,0.22721143066883087,0.13725422322750092,262144.0,0.0004908543410283776
47725,0.2524149417877197,0.14957615733146667,262144.0,0.0004908422828700342
47750,0.18706271052360535,0.18523022532463074,262144.0,0.0004908302169176764
47775,0.19293375313282013,0.17505256831645966,262144.0,0.0004908181431716987
47800,0.21365873515605927,0.18593057990074158,262144.0,0.0004908060616324963
47825,0.19627609848976135,0.1518920511007309,262144.0,0.0004907939723004638
47850,0.23711709678173065,0.152415931224823,262144.0,0.0004907818751759969
47875,0.18296878039836884,0.13823963701725006,262144.0,0.0004907697702594911
47900,0.24166828393936157,0.15227267146110535,262144.0,0.0004907576575513422
47925,0.18326598405838013,0.1638684719800949,262144.0,0.0004907455370519464
47950,0.2087714821100235,0.14472778141498566,262144.0,0.0004907334087616999
47975,0.30677101016044617,0.1456334888935089,262144.0,0.0004907212726809993
48000,0.3306182622909546,0.1280922144651413,262144.0,0.0004907091288102416
48025,0.14521807432174683,0.15376143157482147,262144.0,0.0004906969771498238
48050,0.16775299608707428,0.12608987092971802,262144.0,0.0004906848177001434
48075,0.12300831079483032,0.14527669548988342,262144.0,0.000490672650461598
48100,0.21530795097351074,0.12851275503635406,262144.0,0.0004906604754345852
48125,0.17672647535800934,0.14324042201042175,262144.0,0.0004906482926195036
48150,0.20885302126407623,0.1302800476551056,262144.0,0.0004906361020167512
48175,0.30289265513420105,0.13439320027828217,262144.0,0.0004906239036267269
48200,0.13311921060085297,0.1285705864429474,262144.0,0.0004906116974498293
48225,0.20493847131729126,0.24161846935749054,262144.0,0.0004905994834864579
48250,0.2020690143108368,0.13518409430980682,262144.0,0.000490587261737012
48275,0.27367302775382996,0.15218915045261383,262144.0,0.000490575032201891
48300,0.18703266978263855,0.1656477451324463,262144.0,0.0004905627948814952
48325,0.24688050150871277,0.14002346992492676,262144.0,0.0004905505497762246
48350,0.25580787658691406,0.1556047946214676,262144.0,0.0004905382968864796
48375,0.1612212061882019,0.13337670266628265,262144.0,0.0004905260362126609
48400,0.19882482290267944,0.1735975742340088,262144.0,0.0004905137677551695
48425,0.1605377495288849,0.2689307630062103,262144.0,0.0004905014915144064
48450,0.24519193172454834,0.19124390184879303,262144.0,0.0004904892074907734
48475,0.2322564423084259,0.15186725556850433,262144.0,0.0004904769156846717
48500,0.25282132625579834,0.15126848220825195,262144.0,0.0004904646160965038
48525,0.20596225559711456,0.16512082517147064,262144.0,0.0004904523087266715
48550,0.14705120027065277,0.20193183422088623,262144.0,0.0004904399935755775
48575,0.23369885981082916,0.14312858879566193,262144.0,0.0004904276706436243
48600,0.19247835874557495,0.16125084459781647,262144.0,0.000490415339931215
48625,0.18763762712478638,0.16918019950389862,262144.0,0.0004904030014387529
48650,0.220065176486969,0.13343718647956848,262144.0,0.0004903906551666414
48675,0.19619141519069672,0.2232866883277893,262144.0,0.0004903783011152842
48700,0.18990090489387512,0.16898483037948608,262144.0,0.0004903659392850854
48725,0.28590381145477295,0.1567208170890808,262144.0,0.000490353569676449
48750,0.23317769169807434,0.15308909118175507,262144.0,0.0004903411922897796
48775,0.2259759157896042,0.15535306930541992,262144.0,0.0004903288071254823
48800,0.17562022805213928,0.1666606068611145,262144.0,0.0004903164141839616
48825,0.2920262813568115,0.11650975048542023,262144.0,0.0004903040134656231
48850,0.1580522656440735,0.13893729448318481,524288.0,0.0004902916049708722
48875,0.20765499770641327,0.15661899745464325,524288.0,0.0004902791887001147
48900,0.19941173493862152,0.12096274644136429,524288.0,0.0004902667646537565
48925,0.18687817454338074,0.1255512535572052,524288.0,0.0004902543328322039
48950,0.15592652559280396,0.15332207083702087,524288.0,0.0004902418932358635
48975,0.16335278749465942,0.1727849245071411,524288.0,0.0004902294458651423
49000,0.1936926245689392,0.2107735127210617,262144.0,0.000490216990720447
49025,0.20921295881271362,0.1593712717294693,262144.0,0.000490204527802185
49050,0.16737033426761627,0.13371822237968445,262144.0,0.0004901920571107639
49075,0.22094666957855225,0.1769128441810608,262144.0,0.0004901795786465915
49100,0.16758999228477478,0.16320757567882538,262144.0,0.0004901670924100758
49125,0.290096640586853,0.19349607825279236,262144.0,0.0004901545984016252
49150,0.17270977795124054,0.22709335386753082,262144.0,0.0004901420966216481
49175,0.21853873133659363,0.20760853588581085,262144.0,0.0004901295870705534
49200,0.2071189433336258,0.21929508447647095,262144.0,0.0004901170697487505
49225,0.17043444514274597,0.17542137205600739,262144.0,0.000490104544656648
49250,0.23469415307044983,0.14497481286525726,262144.0,0.0004900920117946562
49275,0.20310817658901215,0.22698253393173218,262144.0,0.0004900794711631845
49300,0.17147688567638397,0.12871214747428894,262144.0,0.0004900669227626433
49325,0.15259552001953125,0.13437823951244354,262144.0,0.0004900543665934426
49350,0.14447259902954102,0.21344634890556335,262144.0,0.0004900418026559932
49375,0.14424461126327515,0.12846197187900543,262144.0,0.0004900292309507062
49400,0.18572978675365448,0.14645035564899445,262144.0,0.0004900166514779922
49425,0.24012450873851776,0.1486479640007019,262144.0,0.0004900040642382629
49450,0.237796351313591,0.14815856516361237,262144.0,0.0004899914692319297
49475,0.2181725651025772,0.14799939095973969,262144.0,0.0004899788664594046
49500,0.16196154057979584,0.16848106682300568,262144.0,0.0004899662559210998
49525,0.1885581761598587,0.1828044056892395,262144.0,0.0004899536376174276
49550,0.1921757310628891,0.17814217507839203,262144.0,0.0004899410115488006
49575,0.22278493642807007,0.14802692830562592,262144.0,0.0004899283777156316
49600,0.1679096668958664,0.1431257724761963,262144.0,0.0004899157361183339
49625,0.21163469552993774,0.19547758996486664,262144.0,0.0004899030867573208
49650,0.14551064372062683,0.1404939740896225,262144.0,0.000489890429633006
49675,0.17835012078285217,0.1271980106830597,262144.0,0.0004898777647458034
49700,0.16003702580928802,0.13866567611694336,262144.0,0.000489865092096127
49725,0.21927952766418457,0.15443220734596252,262144.0,0.0004898524116843915
49750,0.1903228908777237,0.14526747167110443,262144.0,0.0004898397235110112
49775,0.1750689297914505,0.11744878441095352,262144.0,0.0004898270275764014
49800,0.19623157382011414,0.1430184245109558,262144.0,0.000489814323880977
49825,0.2230469286441803,0.1403898298740387,262144.0,0.0004898016124251534
49850,0.16856597363948822,0.14332230389118195,262144.0,0.0004897888932093467
49875,0.19026175141334534,0.16567020118236542,262144.0,0.0004897761662339722
49900,0.15191233158111572,0.1842826008796692,262144.0,0.0004897634314994465
49925,0.16581889986991882,0.14915238320827484,262144.0,0.0004897506890061858
49950,0.2019745260477066,0.1865403801202774,262144.0,0.0004897379387546072
49975,0.17066186666488647,0.13759055733680725,262144.0,0.0004897251807451271
50000,0.22178411483764648,0.181203693151474,262144.0,0.0004897124149781632
50025,0.16200587153434753,0.17086710035800934,262144.0,0.0004896996414541326
50050,0.2230629175901413,0.21026089787483215,262144.0,0.000489686860173453
50075,0.26760193705558777,0.214832603931427,262144.0,0.0004896740711365426
50100,0.15539050102233887,0.11517581343650818,262144.0,0.0004896612743438195
50125,0.25118276476860046,0.15344297885894775,262144.0,0.0004896484697957022
50150,0.18975691497325897,0.19198359549045563,262144.0,0.0004896356574926093
50175,0.22271132469177246,0.133458212018013,262144.0,0.0004896228374349598
50200,0.16138572990894318,0.19162704050540924,262144.0,0.0004896100096231733
50225,0.18657971918582916,0.14178889989852905,262144.0,0.0004895971740576687
50250,0.186870738863945,0.1359335333108902,262144.0,0.0004895843307388661
50275,0.3043491542339325,0.17975717782974243,262144.0,0.0004895714796671854
50300,0.22632940113544464,0.20649422705173492,262144.0,0.0004895586208430466
50325,0.15476340055465698,0.12608939409255981,262144.0,0.0004895457542668707
50350,0.17095457017421722,0.15013030171394348,262144.0,0.0004895328799390781
50375,0.15260285139083862,0.16415061056613922,262144.0,0.0004895199978600899
50400,0.21473491191864014,0.1273287534713745,262144.0,0.0004895071080303272
50425,0.23949630558490753,0.21289986371994019,262144.0,0.0004894942104502118
50450,0.19901789724826813,0.1354861855506897,262144.0,0.0004894813051201653
50475,0.24398848414421082,0.15887993574142456,262144.0,0.0004894683920406097
50500,0.25596028566360474,0.1594659984111786,262144.0,0.0004894554712119672
50525,0.22804179787635803,0.11389733105897903,262144.0,0.0004894425426346605
50550,0.2176419496536255,0.1284615844488144,262144.0,0.0004894296063091124
50575,0.17690768837928772,0.1376582831144333,262144.0,0.0004894166622357456
50600,0.2535093426704407,0.139657124876976,262144.0,0.0004894037104149838
50625,0.24974939227104187,0.13269010186195374,262144.0,0.0004893907508472503
50650,0.22835077345371246,0.16121390461921692,262144.0,0.0004893777835329688
50675,0.12842415273189545,0.12481987476348877,262144.0,0.0004893648084725636
50700,0.19042715430259705,0.1410602182149887,262144.0,0.0004893518256664589
50725,0.19159947335720062,0.1313638985157013,262144.0,0.0004893388351150792
50750,0.18633857369422913,0.22721382975578308,262144.0,0.0004893258368188493
50775,0.24666431546211243,0.1981874406337738,262144.0,0.0004893128307781943
50800,0.18602457642555237,0.17694254219532013,262144.0,0.0004892998169935394
50825,0.22460229694843292,0.17803920805454254,262144.0,0.0004892867954653104
50850,0.3360568583011627,0.18937407433986664,262144.0,0.0004892737661939329
50875,0.21484188735485077,0.1300169825553894,262144.0,0.0004892607291798331
50900,0.1735629141330719,0.14229893684387207,262144.0,0.0004892476844234371
50925,0.24898143112659454,0.17275263369083405,262144.0,0.0004892346319251719
50950,0.2403782159090042,0.14188775420188904,262144.0,0.0004892215716854638
50975,0.19207940995693207,0.1702776998281479,262144.0,0.0004892085037047403
51000,0.28324851393699646,0.12871478497982025,524288.0,0.0004891954279834285
51025,0.1722656786441803,0.10755249857902527,524288.0,0.0004891823445219562
51050,0.14938263595104218,0.15272319316864014,262144.0,0.0004891692533207511
51075,0.17780788242816925,0.2096308022737503,262144.0,0.0004891561543802412
51100,0.16643138229846954,0.18921691179275513,262144.0,0.000489143047700855
51125,0.18140055239200592,0.12783926725387573,262144.0,0.000489129933283021
51150,0.18010827898979187,0.19476141035556793,262144.0,0.0004891168111271682
51175,0.27447667717933655,0.16971363127231598,262144.0,0.0004891036812337256
51200,0.21047423779964447,0.17007870972156525,262144.0,0.0004890905436031227
51225,0.2110980600118637,0.14431574940681458,262144.0,0.0004890773982357887
51250,0.20880325138568878,0.14286060631275177,262144.0,0.000489064245132154
51275,0.19134433567523956,0.14760224521160126,262144.0,0.0004890510842926484
51300,0.20301537215709686,0.13902951776981354,262144.0,0.0004890379157177024
51325,0.2123146504163742,0.1695367395877838,262144.0,0.0004890247394077464
51350,0.23130816221237183,0.14426028728485107,262144.0,0.0004890115553632116
51375,0.2148686647415161,0.14687560498714447,262144.0,0.000488998363584529
51400,0.19312164187431335,0.17631980776786804,262144.0,0.0004889851640721298
51425,0.18559156358242035,0.1491055190563202,262144.0,0.000488971956826446
51450,0.23215724527835846,0.16725227236747742,262144.0,0.0004889587418479091
51475,0.23744547367095947,0.14202409982681274,262144.0,0.0004889455191369516
51500,0.193949893116951,0.18466435372829437,262144.0,0.0004889322886940055
51525,0.20102418959140778,0.16309501230716705,262144.0,0.0004889190505195039
51550,0.2321339249610901,0.16893978416919708,262144.0,0.0004889058046138795
51575,0.14537355303764343,0.1715577244758606,262144.0,0.0004888925509775652
51600,0.2295546978712082,0.17021188139915466,262144.0,0.0004888792896109948
51625,0.19889773428440094,0.14674672484397888,262144.0,0.0004888660205146016
51650,0.17575699090957642,0.1519482582807541,262144.0,0.00048885274368882
51675,0.2565319538116455,0.14920005202293396,262144.0,0.0004888394591340836
51700,0.1609891653060913,0.1338745653629303,262144.0,0.0004888261668508272
51725,0.1275564432144165,0.12471621483564377,262144.0,0.0004888128668394854
51750,0.1809552162885666,0.1633700430393219,262144.0,0.0004887995591004931
51775,0.15460273623466492,0.16667263209819794,262144.0,0.0004887862436342853
51800,0.11963759362697601,0.14811775088310242,262144.0,0.0004887729204412977
51825,0.20607639849185944,0.137754425406456,262144.0,0.0004887595895219659
51850,0.25172802805900574,0.11451318860054016,262144.0,0.0004887462508767257
51875,0.1779395192861557,0.1487962305545807,262144.0,0.0004887329045060135
51900,0.2376714050769806,0.12209734320640564,262144.0,0.0004887195504102654
51925,0.20264574885368347,0.10080447047948837,262144.0,0.0004887061885899184
51950,0.19652265310287476,0.20391876995563507,262144.0,0.0004886928190454095
51975,0.1898431032896042,0.12943777441978455,262144.0,0.0004886794417771756
52000,0.22679807245731354,0.17833304405212402,262144.0,0.0004886660567856543
52025,0.1821974366903305,0.1734793782234192,262144.0,0.0004886526640712834
52050,0.18430741131305695,0.18383826315402985,262144.0,0.0004886392636345009
52075,0.2135424017906189,0.1237279549241066,262144.0,0.0004886258554757445
52100,0.1894407719373703,0.13520489633083344,262144.0,0.0004886124395954532
52125,0.18928028643131256,0.15905240178108215,262144.0,0.0004885990159940656
52150,0.20882363617420197,0.12496792525053024,262144.0,0.0004885855846720205
52175,0.18098899722099304,0.15512804687023163,262144.0,0.0004885721456297573
52200,0.16629604995250702,0.1534830927848816,262144.0,0.0004885586988677154
52225,0.23416414856910706,0.13569332659244537,262144.0,0.0004885452443863344
52250,0.22223640978336334,0.14447449147701263,262144.0,0.0004885317821860544
52275,0.22462046146392822,0.16930228471755981,262144.0,0.0004885183122673157
52300,0.18899068236351013,0.12495315074920654,262144.0,0.0004885048346305586
52325,0.2055928111076355,0.18391771614551544,262144.0,0.0004884913492762239
52350,0.13440516591072083,0.13188385963439941,262144.0,0.0004884778562047527
52375,0.23259824514389038,0.23200075328350067,262144.0,0.000488464355416586
52400,0.20220890641212463,0.15478049218654633,262144.0,0.0004884508469121656
52425,0.25571727752685547,0.15583953261375427,262144.0,0.000488437330691933
52450,0.2248700112104416,0.1607094258069992,262144.0,0.0004884238067563301
52475,0.2659316062927246,0.14361388981342316,262144.0,0.0004884102751057995
52500,0.20462244749069214,0.14702920615673065,262144.0,0.0004883967357407835
52525,0.2704128324985504,0.1335889995098114,262144.0,0.0004883831886617248
52550,0.29749614000320435,0.15288907289505005,262144.0,0.0004883696338690665
52575,0.29961201548576355,0.14546872675418854,262144.0,0.0004883560713632517
52600,0.1573825627565384,0.14931289851665497,262144.0,0.000488342501144724
52625,0.18342536687850952,0.148915633559227,262144.0,0.0004883289232139273
52650,0.19592800736427307,0.15752264857292175,262144.0,0.0004883153375713055
52675,0.26471954584121704,0.1457914412021637,262144.0,0.0004883017442173028
52700,0.1411367952823639,0.1472085565328598,262144.0,0.0004882881431523638
52725,0.17800572514533997,0.16730673611164093,262144.0,0.0004882745343769331
52750,0.16692768037319183,0.1764925718307495,262144.0,0.0004882609178914559
52775,0.21943284571170807,0.1551322340965271,262144.0,0.00048824729369637747
52800,0.12576176226139069,0.11891631036996841,262144.0,0.00048823366179214336
52825,0.2643170952796936,0.1484193205833435,262144.0,0.0004882200221791991
52850,0.17229825258255005,0.11647026240825653,262144.0,0.000488206374857991
52875,0.15562885999679565,0.16568948328495026,262144.0,0.00048819271982896524
52900,0.12705489993095398,0.17944873869419098,262144.0,0.00048817905709256824
52925,0.11292815953493118,0.15619510412216187,262144.0,0.000488165386649247
52950,0.1923377960920334,0.11487074941396713,262144.0,0.0004881517084994483
52975,0.29665008187294006,0.10771632939577103,262144.0,0.00048813802264361967
53000,0.22187012434005737,0.15071243047714233,262144.0,0.0004881243290822086
53025,0.18048055469989777,0.15222007036209106,262144.0,0.0004881106278156628
53050,0.16004300117492676,0.13965709507465363,524288.0,0.0004880969188444303
53075,0.2814570665359497,0.17308765649795532,524288.0,0.00048808320216895947
53100,0.3188163638114929,0.11328505724668503,524288.0,0.0004880694777896988
53125,0.21772177517414093,0.14819514751434326,524288.0,0.0004880557457070972
53150,0.2837564945220947,0.13778471946716309,524288.0,0.0004880420059216036
53175,0.14142045378684998,0.15042008459568024,524288.0,0.0004880282584336674
53200,0.1984311193227768,0.14596854150295258,524288.0,0.000488014503243738
53225,0.20031331479549408,0.1558476686477661,524288.0,0.00048800074035226543
53250,0.22200500965118408,0.18564531207084656,524288.0,0.0004879869697596995
53275,0.13600200414657593,0.15170547366142273,524288.0,0.0004879731914664906
53300,0.20606809854507446,0.14093531668186188,524288.0,0.0004879594054730896
53325,0.2102733552455902,0.17495764791965485,524288.0,0.0004879456117799469
53350,0.18974927067756653,0.12218018621206284,524288.0,0.0004879318103875137
53375,0.2877626419067383,0.23254594206809998,524288.0,0.00048791800129624143
53400,0.15818974375724792,0.17092189192771912,524288.0,0.00048790418450658156
53425,0.1925826370716095,0.12544666230678558,524288.0,0.00048789036001898575
53450,0.24505513906478882,0.13699735701084137,524288.0,0.0004878765278339065
53475,0.15398335456848145,0.14126431941986084,524288.0,0.0004878626879517957
53500,0.15452781319618225,0.16230922937393188,524288.0,0.00048784884037310626
53525,0.24841620028018951,0.16761137545108795,524288.0,0.00048783498509829084
53550,0.13995243608951569,0.11694483458995819,524288.0,0.00048782112212780244
53575,0.1747937649488449,0.15443368256092072,524288.0,0.0004878072514620945
53600,0.22268357872962952,0.15495537221431732,524288.0,0.0004877933731016207
53625,0.180894672870636,0.1409868448972702,524288.0,0.00048777948704683475
53650,0.21939203143119812,0.13807423412799835,524288.0,0.00048776559329819066
53675,0.19566835463047028,0.16372345387935638,524288.0,0.000487751691856143
53700,0.22506193816661835,0.141526460647583,524288.0,0.0004877377827211461
53725,0.1590871512889862,0.11057233065366745,524288.0,0.000487723865893655
53750,0.16867010295391083,0.13440245389938354,524288.0,0.00048770994137412466
53775,0.16864916682243347,0.1337001621723175,524288.0,0.0004876960091630106
53800,0.242649108171463,0.1809854656457901,524288.0,0.00048768206926076826
53825,0.18840292096138,0.12430106103420258,524288.0,0.0004876681216678535
53850,0.17919665575027466,0.1511821299791336,524288.0,0.0004876541663847225
53875,0.1528501957654953,0.17667366564273834,524288.0,0.0004876402034118314
53900,0.164792001247406,0.13795548677444458,524288.0,0.00048762623274963706
53925,0.17553500831127167,0.14220668375492096,524288.0,0.0004876122543985962
53950,0.2237747609615326,0.11961043626070023,524288.0,0.00048759826835916616
53975,0.13011577725410461,0.19556507468223572,524288.0,0.00048758427463180395
54000,0.21562489867210388,0.2017935812473297,524288.0,0.0004875702732169673
54025,0.20386631786823273,0.15344978868961334,524288.0,0.00048755626411511416
54050,0.21675047278404236,0.2247089445590973,524288.0,0.0004875422473267025
54075,0.17236855626106262,0.16386114060878754,524288.0,0.0004875282228521908
54100,0.19907696545124054,0.13304196298122406,524288.0,0.00048751419069203766
54125,0.1732967644929886,0.20801235735416412,524288.0,0.0004875001508467019
54150,0.15601520240306854,0.15885542333126068,524288.0,0.00048748610331664265
54175,0.1786642223596573,0.12645386159420013,524288.0,0.0004874720481023193
54200,0.21672746539115906,0.16480177640914917,524288.0,0.00048745798520419145
54225,0.15820041298866272,0.21145160496234894,524288.0,0.000487443914622719
54250,0.23647189140319824,0.2673081159591675,524288.0,0.0004874298363583618
54275,0.2627237141132355,0.19107484817504883,524288.0,0.00048741575041158074
54300,0.2340010106563568,0.1499248892068863,524288.0,0.000487401656782836
54325,0.1225496158003807,0.19960947334766388,524288.0,0.00048738755547258876
54350,0.1673993617296219,0.12506921589374542,524288.0,0.00048737344648129994
54375,0.2897752523422241,0.13162335753440857,524288.0,0.00048735932980943094
54400,0.14755026996135712,0.13361313939094543,524288.0,0.0004873452054574435
54425,0.24500814080238342,0.16068510711193085,524288.0,0.0004873310734257994
54450,0.17661722004413605,0.17112980782985687,524288.0,0.0004873169337149607
54475,0.20699726045131683,0.13238497078418732,524288.0,0.00048730278632539006
54500,0.16143923997879028,0.1712375432252884,524288.0,0.0004872886312575498
54525,0.2526342570781708,0.13882651925086975,524288.0,0.00048727446851190304
54550,0.141215980052948,0.12342692911624908,524288.0,0.0004872602980889128
54575,0.18430356681346893,0.19923827052116394,524288.0,0.0004872461199890425
54600,0.12709228694438934,0.14016714692115784,524288.0,0.0004872319342127556
54625,0.18344534933567047,0.1632663458585739,524288.0,0.00048721774076051626
54650,0.16186746954917908,0.14063584804534912,524288.0,0.00048720353963278856
54675,0.18568740785121918,0.1256392002105713,524288.0,0.0004871893308300368
54700,0.17872312664985657,0.14270693063735962,524288.0,0.0004871751143527257
54725,0.233213871717453,0.15380389988422394,524288.0,0.00048716089020131993
54750,0.1642635613679886,0.142317533493042,262144.0,0.0004871466583762849
54775,0.176449716091156,0.1655610352754593,262144.0,0.00048713241887808596
54800,0.14663784205913544,0.16053897142410278,262144.0,0.0004871181717071887
54825,0.23470041155815125,0.15240654349327087,262144.0,0.00048710391686405903
54850,0.16587789356708527,0.17570939660072327,262144.0,0.0004870896543491631
54875,0.20474831759929657,0.13963134586811066,262144.0,0.0004870753841629672
54900,0.21885347366333008,0.1328626275062561,262144.0,0.00048706110630593823
54925,0.20458392798900604,0.1776302307844162,262144.0,0.0004870468207785429
54950,0.20235449075698853,0.1407003402709961,262144.0,0.00048703252758124826
54975,0.27742937207221985,0.12256836891174316,262144.0,0.00048701822671452197
55000,0.180454283952713,0.24309509992599487,262144.0,0.0004870039181788315
55025,0.17906175553798676,0.13469859957695007,262144.0,0.0004869896019746448
55050,0.23750977218151093,0.2545783817768097,262144.0,0.0004869752781024301
55075,0.22132554650306702,0.16598008573055267,262144.0,0.00048696094656265577
55100,0.22647634148597717,0.135528564453125,262144.0,0.0004869466073557903
55125,0.23394592106342316,0.12235793471336365,262144.0,0.00048693226048230297
55150,0.11244144290685654,0.15771131217479706,262144.0,0.0004869179059426625
55175,0.1335943341255188,0.1525649130344391,262144.0,0.0004869035437373385
55200,0.2047494500875473,0.1374427229166031,262144.0,0.0004868891738668006
55225,0.1916632056236267,0.16000433266162872,262144.0,0.00048687479633151883
55250,0.14624977111816406,0.18549954891204834,262144.0,0.0004868604111319632
55275,0.19629590213298798,0.12430371344089508,262144.0,0.00048684601826860417
55300,0.2649223208427429,0.13625645637512207,262144.0,0.0004868316177419123
55325,0.2840902805328369,0.14684350788593292,262144.0,0.0004868172095523588
55350,0.15287430584430695,0.1667776256799698,262144.0,0.00048680279370041447
55375,0.1727769523859024,0.16243048012256622,262144.0,0.00048678837018655094
55400,0.19722537696361542,0.16168448328971863,262144.0,0.00048677393901123983
55425,0.26914772391319275,0.133090540766716,262144.0,0.0004867595001749529
55450,0.1541125625371933,0.12443031370639801,262144.0,0.00048674505367816246
55475,0.21565905213356018,0.1373569667339325,262144.0,0.0004867305995213411
55500,0.24682575464248657,0.19517147541046143,262144.0,0.0004867161377049612
55525,0.1929483860731125,0.12089012563228607,262144.0,0.00048670166822949575
55550,0.1894378811120987,0.14386597275733948,262144.0,0.00048668719109541794
55575,0.19343619048595428,0.18475814163684845,262144.0,0.00048667270630320115
55600,0.2173900157213211,0.1308157742023468,262144.0,0.0004866582138533192
55625,0.22422942519187927,0.14331524074077606,262144.0,0.00048664371374624574
55650,0.252934068441391,0.12732364237308502,262144.0,0.00048662920598245525
55675,0.313425213098526,0.1399936079978943,262144.0,0.0004866146905624219
55700,0.15029938519001007,0.15532787144184113,262144.0,0.0004866001674866203
55725,0.13788384199142456,0.1886168271303177,262144.0,0.00048658563675552563
55750,0.23589155077934265,0.13304314017295837,262144.0,0.00048657109836961295
55775,0.1769065260887146,0.15675465762615204,262144.0,0.0004865565523293577
55800,0.19391213357448578,0.1663871556520462,262144.0,0.0004865419986352353
55825,0.23835329711437225,0.15619729459285736,262144.0,0.0004865274372877221
55850,0.14373953640460968,0.12322165071964264,262144.0,0.00048651286828729393
55875,0.3004641532897949,0.14570192992687225,262144.0,0.00048649829163442747
55900,0.1278211623430252,0.12442579120397568,262144.0,0.00048648370732959915
55925,0.2302732616662979,0.14516209065914154,262144.0,0.0004864691153732859
55950,0.15291732549667358,0.12870067358016968,262144.0,0.0004864545157659651
55975,0.18400545418262482,0.11181819438934326,262144.0,0.0004864399085081141
56000,0.28414201736450195,0.1323709934949875,262144.0,0.00048642529360021046
56025,0.20333585143089294,0.15080641210079193,262144.0,0.0004864106710427321
56050,0.26514673233032227,0.14941203594207764,262144.0,0.0004863960408361574
56075,0.282338947057724,0.14620868861675262,262144.0,0.00048638140298096444
56100,0.3254202604293823,0.1948176473379135,262144.0,0.0004863667574776323
56125,0.13832566142082214,0.16689427196979523,262144.0,0.00048635210432663957
56150,0.27161452174186707,0.16116921603679657,262144.0,0.00048633744352846557
56175,0.2099895179271698,0.14015305042266846,262144.0,0.0004863227750835896
56200,0.21492868661880493,0.1288917362689972,262144.0,0.0004863080989924916
56225,0.1843140721321106,0.16698186099529266,262144.0,0.00048629341525565115
56250,0.17402485013008118,0.13629034161567688,262144.0,0.0004862787238735487
56275,0.20166364312171936,0.12408501654863358,262144.0,0.0004862640248466646
56300,0.14057643711566925,0.13684268295764923,262144.0,0.00048624931817547925
56325,0.18061110377311707,0.15601330995559692,262144.0,0.00048623460386047393
56350,0.1336488574743271,0.12787270545959473,262144.0,0.00048621988190212975
56375,0.22340154647827148,0.1300007551908493,262144.0,0.0004862051523009281
56400,0.30467700958251953,0.13282956182956696,262144.0,0.00048619041505735053
56425,0.17226740717887878,0.13913431763648987,262144.0,0.00048617567017187913
56450,0.14622490108013153,0.1888374388217926,262144.0,0.0004861609176449959
56475,0.14803855121135712,0.182363361120224,262144.0,0.0004861461574771834
56500,0.12955540418624878,0.1409580409526825,262144.0,0.00048613138966892424
56525,0.1700485795736313,0.12272875010967255,262144.0,0.0004861166142207014
56550,0.322140097618103,0.11872775107622147,262144.0,0.0004861018311329979
56575,0.2906421422958374,0.13266105949878693,262144.0,0.0004860870404062974
56600,0.20961232483386993,0.19315466284751892,262144.0,0.00048607224204108324
56625,0.19496355950832367,0.10123544931411743,262144.0,0.00048605743603783976
56650,0.16935744881629944,0.11689245700836182,262144.0,0.0004860426223970508
56675,0.1473175585269928,0.12818604707717896,262144.0,0.0004860278011192008
56700,0.176912322640419,0.11328400671482086,262144.0,0.00048601297220477466
56725,0.27725231647491455,0.11210919916629791,262144.0,0.00048599813565425716
56750,0.13142386078834534,0.11447415500879288,524288.0,0.0004859832914681335
56775,0.2314973622560501,0.2175581157207489,524288.0,0.0004859684396468889
56800,0.251314252614975,0.10763165354728699,524288.0,0.0004859535801910093
56825,0.1700136810541153,0.16657836735248566,524288.0,0.0004859387131009805
56850,0.17337003350257874,0.19692736864089966,524288.0,0.00048592383837728874
56875,0.16513358056545258,0.1385861188173294,524288.0,0.0004859089560204202
56900,0.1988988220691681,0.1720082312822342,524288.0,0.00048589406603086183
56925,0.29824888706207275,0.14345240592956543,524288.0,0.0004858791684091005
56950,0.24224939942359924,0.1412312090396881,524288.0,0.00048586426315562324
56975,0.13608989119529724,0.16007490456104279,524288.0,0.00048584935027091747
57000,0.1451103389263153,0.1621357649564743,524288.0,0.00048583442975547116
57025,0.24140089750289917,0.13000395894050598,524288.0,0.00048581950160977175
57050,0.21185140311717987,0.15854975581169128,524288.0,0.0004858045658343078
57075,0.25071728229522705,0.12497102469205856,524288.0,0.0004857896224295675
57100,0.15269212424755096,0.16245043277740479,524288.0,0.0004857746713960396
57125,0.2054498791694641,0.13393861055374146,524288.0,0.000485759712734213
57150,0.19982406497001648,0.17566366493701935,524288.0,0.00048574474644457686
57175,0.2013133317232132,0.11667811870574951,524288.0,0.00048572977252762055
57200,0.25198736786842346,0.1403958946466446,524288.0,0.00048571479098383387
57225,0.26663729548454285,0.151388481259346,524288.0,0.00048569980181370644
57250,0.12425075471401215,0.13601696491241455,524288.0,0.00048568480501772875
57275,0.19995847344398499,0.14104972779750824,524288.0,0.00048566980059639104
57300,0.1550041139125824,0.1066490039229393,524288.0,0.00048565478855018394
57325,0.14523300528526306,0.12995237112045288,524288.0,0.00048563976887959856
57350,0.14180903136730194,0.16930760443210602,524288.0,0.0004856247415851258
57375,0.15054532885551453,0.1399339884519577,524288.0,0.0004856097066672573
57400,0.2240144908428192,0.12538035213947296,524288.0,0.0004855946641264844
57425,0.21036741137504578,0.18698985874652863,524288.0,0.0004855796139632994
57450,0.14077261090278625,0.1299102008342743,524288.0,0.0004855645561781941
57475,0.14018404483795166,0.12639035284519196,524288.0,0.00048554949077166104
57500,0.17891857028007507,0.10678189992904663,524288.0,0.0004855344177441931
57525,0.2289351522922516,0.16753998398780823,524288.0,0.00048551933709628276
57550,0.18641802668571472,0.13294175267219543,524288.0,0.0004855042488284235
57575,0.2239220291376114,0.15924744307994843,524288.0,0.00048548915294110854
57600,0.2521037757396698,0.1516754925251007,524288.0,0.00048547404943483167
57625,0.17523111402988434,0.11795946955680847,524288.0,0.0004854589383100866
57650,0.17518873512744904,0.16075953841209412,524288.0,0.0004854438195673677
57675,0.15281203389167786,0.1482968032360077,524288.0,0.00048542869320716917
57700,0.13537979125976562,0.10569757968187332,524288.0,0.0004854135592299858
57725,0.17490717768669128,0.14242345094680786,524288.0,0.0004853984176363124
57750,0.21921508014202118,0.2045956403017044,524288.0,0.00048538326842664423
57775,0.12318465113639832,0.11422379314899445,524288.0,0.00048536811160147656
57800,0.20902445912361145,0.151288241147995,524288.0,0.000485352947161305
57825,0.22763992846012115,0.11732535809278488,524288.0,0.0004853377751066256
57850,0.13082808256149292,0.15707813203334808,524288.0,0.00048532259543793426
57875,0.1824459433555603,0.10875833034515381,524288.0,0.0004853074081557277
57900,0.15619772672653198,0.1367088258266449,524288.0,0.0004852922132605022
57925,0.26315245032310486,0.11426439136266708,524288.0,0.000485277010752755
57950,0.20738524198532104,0.1400621384382248,524288.0,0.00048526180063298294
57975,0.24929745495319366,0.12546353042125702,524288.0,0.00048524658290168357
58000,0.23397433757781982,0.13311326503753662,524288.0,0.00048523135755935444
58025,0.20164711773395538,0.1624056100845337,524288.0,0.0004852161246064936
58050,0.2139129489660263,0.13505405187606812,524288.0,0.00048520088404359877
58075,0.21932190656661987,0.15516676008701324,524288.0,0.000485185635871169
58100,0.15760210156440735,0.13813601434230804,524288.0,0.0004851703800897022
58125,0.18205879628658295,0.16126351058483124,524288.0,0.00048515511669969773
58150,0.2215881645679474,0.13681066036224365,524288.0,0.00048513984570165464
58175,0.20140229165554047,0.11309152096509933,524288.0,0.00048512456709607206
58200,0.2196059674024582,0.12414193153381348,524288.0,0.00048510928088345
58225,0.17010308802127838,0.11696267873048782,524288.0,0.000485093987064288
58250,0.3087863624095917,0.16554638743400574,524288.0,0.00048507868563908626
58275,0.1597633808851242,0.0994151160120964,524288.0,0.00048506337660834535
58300,0.20962104201316833,0.14620830118656158,524288.0,0.00048504805997256556
58325,0.18724779784679413,0.13745331764221191,524288.0,0.00048503273573224806
58350,0.19695395231246948,0.10240154713392258,524288.0,0.0004850174038878938
58375,0.2015896886587143,0.13972295820713043,524288.0,0.0004850020644400041
58400,0.12223831564188004,0.15148943662643433,262144.0,0.00048498671738908083
58425,0.21115075051784515,0.1326715350151062,262144.0,0.00048497136273562556
58450,0.2114570438861847,0.15768158435821533,262144.0,0.00048495600048014054
58475,0.17222373187541962,0.13618142902851105,262144.0,0.0004849406306231282
58500,0.18165071308612823,0.11388632655143738,262144.0,0.0004849252531650909
58525,0.24590104818344116,0.12679645419120789,262144.0,0.00048490986810653176
58550,0.2350509613752365,0.13657397031784058,262144.0,0.00048489447544795394
58575,0.18305377662181854,0.21907734870910645,262144.0,0.0004848790751898604
58600,0.2524310350418091,0.18096312880516052,262144.0,0.00048486366733275506
58625,0.17938727140426636,0.13652125000953674,262144.0,0.0004848482518771418
58650,0.12454929202795029,0.1404576599597931,262144.0,0.00048483282882352444
58675,0.16450664401054382,0.16131244599819183,262144.0,0.0004848173981724076
58700,0.2075667828321457,0.17577266693115234,262144.0,0.00048480195992429585
58725,0.14765401184558868,0.11464626342058182,262144.0,0.00048478651407969387
58750,0.14265702664852142,0.14634951949119568,262144.0,0.0004847710606391069
58775,0.20934970676898956,0.12388668954372406,262144.0,0.00048475559960304014
58800,0.1686747521162033,0.14295169711112976,262144.0,0.00048474013097199925
58825,0.17985890805721283,0.11724917590618134,262144.0,0.0004847246547464903
58850,0.1655469685792923,0.12404872477054596,262144.0,0.00048470917092701896
58875,0.17579464614391327,0.1428232192993164,262144.0,0.0004846936795140918
58900,0.27993738651275635,0.14132460951805115,262144.0,0.00048467818050821547
58925,0.19204889237880707,0.12744486331939697,262144.0,0.0004846626739098967
58950,0.1767270714044571,0.11809563636779785,262144.0,0.00048464715971964246
58975,0.2388574182987213,0.1075008288025856,262144.0,0.0004846316379379603
59000,0.2470536231994629,0.15077126026153564,262144.0,0.00048461610856535755
59025,0.25284475088119507,0.14673003554344177,262144.0,0.0004846005716023423
59050,0.2882736325263977,0.1411389261484146,262144.0,0.0004845850270494225
59075,0.27965888381004333,0.15935370326042175,262144.0,0.00048456947490710655
59100,0.22287854552268982,0.13032060861587524,262144.0,0.00048455391517590287
59125,0.20766450464725494,0.14065539836883545,262144.0,0.0004845383478563203
59150,0.1164729967713356,0.15136483311653137,262144.0,0.000484522772948868
59175,0.20695064961910248,0.1512855440378189,262144.0,0.00048450719045405516
59200,0.3583398759365082,0.13415929675102234,262144.0,0.00048449160037239154
59225,0.15323714911937714,0.12125696986913681,262144.0,0.0004844760027043867
59250,0.20409533381462097,0.16607026755809784,262144.0,0.0004844603974505509
59275,0.21062545478343964,0.17347945272922516,262144.0,0.0004844447846113944
59300,0.16807229816913605,0.16725222766399384,262144.0,0.00048442916418742763
59325,0.15792475640773773,0.14269250631332397,262144.0,0.0004844135361791616
59350,0.21917808055877686,0.13352596759796143,262144.0,0.00048439790058710724
59375,0.22484701871871948,0.16740569472312927,262144.0,0.0004843822574117759
59400,0.22350434958934784,0.13373522460460663,262144.0,0.00048436660665367897
59425,0.17706003785133362,0.10011573880910873,262144.0,0.0004843509483133284
59450,0.15269428491592407,0.13020670413970947,262144.0,0.0004843352823912362
59475,0.2046700268983841,0.14769801497459412,262144.0,0.00048431960888791473
59500,0.23739060759544373,0.11668847501277924,262144.0,0.0004843039278038764
59525,0.27180778980255127,0.16779088973999023,262144.0,0.00048428823913963413
59550,0.18715478479862213,0.10997405648231506,262144.0,0.0004842725428957006
59575,0.16072718799114227,0.10605011135339737,262144.0,0.00048425683907258964
59600,0.2032502442598343,0.1860884726047516,262144.0,0.00048424112767081435
59625,0.24812623858451843,0.18869377672672272,262144.0,0.0004842254086908887
59650,0.17944374680519104,0.12892569601535797,262144.0,0.0004842096821333268
59675,0.1358451545238495,0.1659218817949295,262144.0,0.00048419394799864264
59700,0.12894362211227417,0.1640312522649765,262144.0,0.0004841782062873509
59725,0.10047198086977005,0.12143298238515854,262144.0,0.00048416245699996646
59750,0.14517298340797424,0.13731320202350616,262144.0,0.00048414670013700417
59775,0.2631262242794037,0.16824886202812195,262144.0,0.00048413093569897933
59800,0.21085043251514435,0.1437026560306549,262144.0,0.00048411516368640755
59825,0.2709347605705261,0.1303761601448059,262144.0,0.0004840993840998044
59850,0.2707401216030121,0.1050654873251915,262144.0,0.00048408359693968606
59875,0.24019017815589905,0.14620015025138855,262144.0,0.00048406780220656867
59900,0.2849096655845642,0.15899036824703217,262144.0,0.00048405199990096876
59925,0.2210806906223297,0.1616670787334442,262144.0,0.00048403619002340334
59950,0.20266152918338776,0.1605287492275238,262144.0,0.0004840203725743889
59975,0.1610931158065796,0.17249169945716858,262144.0,0.00048400454755444304
60000,0.14023512601852417,0.15374836325645447,262144.0,0.00048398871496408325
60025,0.21004527807235718,0.13423292338848114,262144.0,0.0004839728748038272
60050,0.23519353568553925,0.16873502731323242,262144.0,0.0004839570270741927
60075,0.1688091903924942,0.13446547091007233,262144.0,0.0004839411717756982
60100,0.2742335796356201,0.13150164484977722,262144.0,0.00048392530890886226
60125,0.26407167315483093,0.13795582950115204,262144.0,0.00048390943847420343
60150,0.14071916043758392,0.10840759426355362,262144.0,0.0004838935604722407
60175,0.17033401131629944,0.12394862622022629,262144.0,0.0004838776749034935
60200,0.1457095891237259,0.17405018210411072,262144.0,0.00048386178176848093
60225,0.16598065197467804,0.14397764205932617,262144.0,0.0004838458810677231
60250,0.18740421533584595,0.11971811950206757,262144.0,0.0004838299728017398
60275,0.20047594606876373,0.11979001015424728,262144.0,0.0004838140569710511
60300,0.21474768221378326,0.14931201934814453,262144.0,0.00048379813357617775
60325,0.19561585783958435,0.1357046663761139,262144.0,0.0004837822026176402
60350,0.14908963441848755,0.12500402331352234,262144.0,0.00048376626409595957
60375,0.3072114884853363,0.14650771021842957,262144.0,0.000483750318011657
60400,0.23548614978790283,0.13399021327495575,524288.0,0.00048373436436525405
60425,0.1834871917963028,0.13393373787403107,524288.0,0.0004837184031572722
60450,0.2964511811733246,0.11761172860860825,524288.0,0.00048370243438823363
60475,0.21275602281093597,0.1107228472828865,524288.0,0.0004836864580586605
60500,0.21274064481258392,0.13143141567707062,524288.0,0.000483670474169075
60525,0.28087982535362244,0.12814226746559143,262144.0,0.0004836544827200002
60550,0.2275717705488205,0.14116503298282623,262144.0,0.00048363848371195856
60575,0.18409492075443268,0.18387138843536377,262144.0,0.0004836224771454737
60600,0.2149527221918106,0.14905545115470886,262144.0,0.000483606463021069
60625,0.186074361205101,0.12596826255321503,262144.0,0.0004835904413392679
60650,0.22145844995975494,0.12136202305555344,262144.0,0.0004835744121005945
60675,0.27646228671073914,0.10228278487920761,262144.0,0.0004835583753055728
60700,0.29485008120536804,0.13444261252880096,262144.0,0.0004835423309547275
60725,0.10840411484241486,0.1228080615401268,262144.0,0.0004835262790485831
60750,0.23955467343330383,0.1372782438993454,262144.0,0.0004835102195876644
60775,0.19373638927936554,0.15628774464130402,262144.0,0.00048349415257249674
60800,0.22756938636302948,0.10046496242284775,262144.0,0.0004834780780036054
60825,0.2249380648136139,0.13660573959350586,262144.0,0.0004834619958815163
60850,0.195912167429924,0.1294282078742981,262144.0,0.0004834459062067549
60875,0.1822161227464676,0.11856488138437271,262144.0,0.00048342980897984764
60900,0.14601755142211914,0.13705775141716003,262144.0,0.0004834137042013208
60925,0.1731249988079071,0.15002772212028503,262144.0,0.00048339759187170117
60950,0.2086530327796936,0.17668183147907257,262144.0,0.0004833814719915156
60975,0.15497925877571106,0.12825003266334534,262144.0,0.00048336534456129104
61000,0.18907706439495087,0.13541565835475922,262144.0,0.0004833492095815551
61025,0.19006630778312683,0.10160008817911148,262144.0,0.0004833330670528353
61050,0.17597466707229614,0.12340909242630005,262144.0,0.0004833169169756594
61075,0.21370181441307068,0.15235696732997894,262144.0,0.0004833007593505558
61100,0.2045898586511612,0.14621491730213165,262144.0,0.00048328459417805274
61125,0.24971677362918854,0.10694414377212524,262144.0,0.0004832684214586787
61150,0.30300888419151306,0.16139107942581177,262144.0,0.0004832522411929627
61175,0.19318899512290955,0.10607939958572388,262144.0,0.0004832360533814339
61200,0.1863621324300766,0.12028107047080994,262144.0,0.00048321985802462147
61225,0.30598345398902893,0.1341228038072586,262144.0,0.00048320365512305506
61250,0.2239322066307068,0.2494209259748459,262144.0,0.0004831874446772647
61275,0.2259770780801773,0.10031907260417938,262144.0,0.00048317122668778027
61300,0.19302742183208466,0.12067051976919174,262144.0,0.00048315500115513223
61325,0.31151196360588074,0.10271017998456955,262144.0,0.000483138768079851
61350,0.2076430469751358,0.1261204332113266,262144.0,0.00048312252746246775
61375,0.2544591724872589,0.1669536679983139,262144.0,0.0004831062793035133
61400,0.1673630326986313,0.1553189754486084,262144.0,0.00048309002360351913
61425,0.23203164339065552,0.13913634419441223,262144.0,0.0004830737603630166
61450,0.20811980962753296,0.1890895962715149,262144.0,0.0004830574895825377
61475,0.1988871991634369,0.13838715851306915,262144.0,0.00048304121126261447
61500,0.17452006042003632,0.16340850293636322,262144.0,0.0004830249254037793
61525,0.19817288219928741,0.14303909242153168,262144.0,0.00048300863200656464
61550,0.2446984052658081,0.14173126220703125,262144.0,0.0004829923310715033
61575,0.16203930974006653,0.11636372655630112,262144.0,0.00048297602259912833
61600,0.26994919776916504,0.15034101903438568,262144.0,0.0004829597065899732
61625,0.21807129681110382,0.15728934109210968,262144.0,0.0004829433830445712
61650,0.25171446800231934,0.12256647646427155,262144.0,0.0004829270519634563
61675,0.12582574784755707,0.09612251073122025,262144.0,0.0004829107133471625
61700,0.25696316361427307,0.23989835381507874,262144.0,0.0004828943671962241
61725,0.17869442701339722,0.12201406806707382,262144.0,0.00048287801351117564
61750,0.20212678611278534,0.13170470297336578,262144.0,0.0004828616522925518
61775,0.14872591197490692,0.14732326567173004,262144.0,0.0004828452835408878
61800,0.3066016733646393,0.12733301520347595,262144.0,0.00048282890725671873
61825,0.13218796253204346,0.11355165392160416,262144.0,0.0004828125234405804
61850,0.18561998009681702,0.13588815927505493,262144.0,0.00048279613209300804
61875,0.267694890499115,0.1911020129919052,262144.0,0.0004827797332145381
61900,0.15936832129955292,0.13210701942443848,262144.0,0.00048276332680570667
61925,0.23580792546272278,0.15300127863883972,262144.0,0.00048274691286705044
61950,0.22761809825897217,0.17797258496284485,262144.0,0.00048273049139910593
61975,0.1601257026195526,0.13877277076244354,262144.0,0.00048271406240241025
62000,0.258303701877594,0.14216721057891846,262144.0,0.0004826976258775005
62025,0.17584529519081116,0.10803423076868057,262144.0,0.0004826811818249145
62050,0.12626199424266815,0.13844236731529236,262144.0,0.00048266473024518973
62075,0.1858067363500595,0.10156650841236115,262144.0,0.00048264827113886415
62100,0.18362312018871307,0.17460495233535767,262144.0,0.00048263180450647605
62125,0.24181097745895386,0.13957369327545166,262144.0,0.000482615330348564
62150,0.15142792463302612,0.11242512613534927,262144.0,0.0004825988486656666
62175,0.16904984414577484,0.10663801431655884,262144.0,0.000482582359458323
62200,0.17131254076957703,0.1341570019721985,262144.0,0.000482565862727072
62225,0.22599849104881287,0.13172605633735657,262144.0,0.00048254935847245336
62250,0.14708244800567627,0.12117645144462585,262144.0,0.0004825328466950069
62275,0.15300188958644867,0.09840788692235947,262144.0,0.00048251632739527235
62300,0.2906845510005951,0.1240071952342987,262144.0,0.00048249980057378994
62325,0.1413688063621521,0.1383780539035797,262144.0,0.0004824832662311002
62350,0.1872948706150055,0.12426331639289856,262144.0,0.0004824667243677437
62375,0.11479004472494125,0.10371139645576477,262144.0,0.0004824501749842616
62400,0.17127224802970886,0.12482792139053345,262144.0,0.0004824336180811947
62425,0.12555746734142303,0.13707293570041656,262144.0,0.00048241705365908473
62450,0.24855168163776398,0.1525501161813736,262144.0,0.00048240048171847334
62475,0.11896731704473495,0.1278838813304901,262144.0,0.00048238390225990234
62500,0.15177935361862183,0.12013358622789383,262144.0,0.0004823673152839139
62525,0.24231505393981934,0.10637088119983673,524288.0,0.0004823507207910506
62550,0.15609502792358398,0.12247192114591599,524288.0,0.0004823341187818548
62575,0.22326934337615967,0.11545085161924362,524288.0,0.00048231750925686965
62600,0.15622086822986603,0.12582480907440186,262144.0,0.0004823008922166382
62625,0.17565293610095978,0.16309085488319397,262144.0,0.00048228426766170387
62650,0.20902813971042633,0.17211692035198212,262144.0,0.00048226763559261037
62675,0.14754299819469452,0.1258126199245453,262144.0,0.00048225099600990133
62700,0.167646124958992,0.169315367937088,262144.0,0.00048223434891412107
62725,0.18436428904533386,0.14078353345394135,262144.0,0.00048221769430581397
62750,0.18546798825263977,0.1748673915863037,262144.0,0.00048220103218552467
62775,0.21553842723369598,0.14189012348651886,262144.0,0.0004821843625537979
62800,0.17452368140220642,0.11427602171897888,262144.0,0.00048216768541117896
62825,0.299059122800827,0.10426653921604156,262144.0,0.000482151000758213
62850,0.13515368103981018,0.13252809643745422,262144.0,0.00048213430859544597
62875,0.107990562915802,0.1022113710641861,262144.0,0.0004821176089234233
62900,0.15048769116401672,0.13284926116466522,262144.0,0.00048210090174269127
62925,0.08481626957654953,0.12773388624191284,262144.0,0.00048208418705379615
62950,0.30660828948020935,0.16469836235046387,262144.0,0.0004820674648572848
62975,0.18002477288246155,0.11349331587553024,262144.0,0.00048205073515370374
63000,0.15246208012104034,0.18743668496608734,262144.0,0.00048203399794360014
63025,0.12274616956710815,0.1516149491071701,262144.0,0.0004820172532275213
63050,0.16161008179187775,0.13138602674007416,262144.0,0.00048200050100601484
63075,0.15451881289482117,0.1169884130358696,262144.0,0.0004819837412796287
63100,0.34148722887039185,0.1269283890724182,262144.0,0.0004819669740489107
63125,0.19091062247753143,0.1299668401479721,262144.0,0.0004819501993144092
63150,0.16437216103076935,0.1335010528564453,262144.0,0.00048193341707667266
63175,0.1790623962879181,0.14485260844230652,262144.0,0.0004819166273362502
63200,0.20064996182918549,0.16147862374782562,262144.0,0.0004818998300936907
63225,0.131057009100914,0.13307447731494904,262144.0,0.0004818830253495434
63250,0.12346295267343521,0.12444771081209183,262144.0,0.0004818662131043577
63275,0.2372765988111496,0.14400561153888702,262144.0,0.0004818493933586836
63300,0.16552262008190155,0.1396983414888382,262144.0,0.0004818325661130709
63325,0.1570294350385666,0.1455007791519165,262144.0,0.00048181573136807024
63350,0.1533481925725937,0.14200279116630554,262144.0,0.0004817988891242317
63375,0.25877735018730164,0.1554393768310547,262144.0,0.00048178203938210634
63400,0.13317330181598663,0.12274590879678726,262144.0,0.000481765182142245
63425,0.24712829291820526,0.1362488716840744,262144.0,0.000481748317405199
63450,0.09553339332342148,0.11864218860864639,262144.0,0.0004817314451715198
63475,0.111300989985466,0.16139408946037292,262144.0,0.0004817145654417593
63500,0.1787685602903366,0.14354094862937927,262144.0,0.00048169767821646916
63525,0.1910567730665207,0.20573750138282776,262144.0,0.0004816807834962018
63550,0.18704940378665924,0.13377931714057922,262144.0,0.0004816638812815097
63575,0.16723069548606873,0.1492624282836914,262144.0,0.00048164697157294565
63600,0.20530036091804504,0.11992193013429642,262144.0,0.0004816300543710624
63625,0.17853552103042603,0.10719398409128189,262144.0,0.0004816131296764134
63650,0.13990646600723267,0.1345975399017334,262144.0,0.00048159619748955177
63675,0.26133614778518677,0.13814839720726013,262144.0,0.0004815792578110317
63700,0.324738472700119,0.1477489024400711,262144.0,0.00048156231064140664
63725,0.17612852156162262,0.09737876802682877,262144.0,0.000481545355981231
63750,0.1802881509065628,0.1507086604833603,262144.0,0.00048152839383105924
63775,0.1475425809621811,0.12893988192081451,262144.0,0.00048151142419144597
63800,0.2140546292066574,0.1149710938334465,262144.0,0.00048149444706294613
63825,0.14652876555919647,0.1452435553073883,262144.0,0.000481477462446115
63850,0.23398472368717194,0.12408421188592911,262144.0,0.00048146047034150784
63875,0.12164859473705292,0.13874311745166779,262144.0,0.00048144347074968036
63900,0.18668009340763092,0.13893885910511017,262144.0,0.00048142646367118843
63925,0.20678265392780304,0.11158408969640732,262144.0,0.00048140944910658837
63950,0.2160230576992035,0.1254890263080597,262144.0,0.0004813924270564363
63975,0.17033234238624573,0.11290011554956436,262144.0,0.00048137539752128903
64000,0.1709064543247223,0.14043046534061432,262144.0,0.00048135836050170345
64025,0.17455096542835236,0.14464454352855682,262144.0,0.0004813413159982366
64050,0.09855224937200546,0.131539449095726,262144.0,0.0004813242640114459
64075,0.18638728559017181,0.20208404958248138,262144.0,0.00048130720454188884
64100,0.09180743247270584,0.12054769694805145,262144.0,0.00048129013759012353
64125,0.22992828488349915,0.1121218204498291,262144.0,0.00048127306315670794
64150,0.16844123601913452,0.11052060127258301,262144.0,0.00048125598124220027
64175,0.17421405017375946,0.11235997080802917,262144.0,0.0004812388918471593
64200,0.15276102721691132,0.12509223818778992,262144.0,0.000481221794972144
64225,0.21754105389118195,0.14513710141181946,262144.0,0.0004812046906177133
64250,0.19526584446430206,0.10825365781784058,262144.0,0.0004811875787844263
64275,0.2597530484199524,0.13861669600009918,262144.0,0.0004811704594728429
64300,0.18159908056259155,0.14499817788600922,262144.0,0.0004811533326835228
64325,0.19613154232501984,0.12802504003047943,262144.0,0.0004811361984170262
64350,0.15469670295715332,0.15789800882339478,262144.0,0.0004811190566739131
64375,0.18721100687980652,0.12791475653648376,262144.0,0.0004811019074547443
64400,0.2457229197025299,0.11978647857904434,262144.0,0.0004810847507600805
64425,0.15533773601055145,0.13680586218833923,262144.0,0.00048106758659048274
64450,0.16416427493095398,0.10996893793344498,262144.0,0.0004810504149465124
64475,0.20853053033351898,0.16353368759155273,262144.0,0.0004810332358287309
64500,0.13185922801494598,0.14165261387825012,262144.0,0.0004810160492377
64525,0.1577230542898178,0.10541540384292603,262144.0,0.0004809988551739818
64550,0.1490532010793686,0.13698503375053406,262144.0,0.00048098165363813847
64575,0.15935754776000977,0.1459537297487259,262144.0,0.0004809644446307327
64600,0.12133493274450302,0.1265757828950882,524288.0,0.000480947228152327
64625,0.146061971783638,0.09912964701652527,524288.0,0.0004809300042034846
64650,0.2026572972536087,0.14474992454051971,524288.0,0.00048091277278476853
64675,0.2226211130619049,0.12605227530002594,524288.0,0.00048089553389674236
64700,0.21284697949886322,0.13305288553237915,524288.0,0.0004808782875399698
64725,0.2804259657859802,0.14567673206329346,524288.0,0.00048086103371501495
64750,0.1721772849559784,0.1339408904314041,524288.0,0.0004808437724224418
64775,0.2092583030462265,0.11271090060472488,524288.0,0.00048082650366281497
64800,0.13158264756202698,0.1482688933610916,524288.0,0.00048080922743669915
64825,0.27858561277389526,0.09677504748106003,524288.0,0.00048079194374465924
64850,0.1749618649482727,0.12852397561073303,524288.0,0.0004807746525872604
64875,0.1720304638147354,0.12005079537630081,524288.0,0.0004807573539650682
64900,0.21779699623584747,0.11638885736465454,524288.0,0.0004807400478786482
64925,0.16129527986049652,0.0989801362156868,524288.0,0.0004807227343285663
64950,0.17495852708816528,0.1586182415485382,524288.0,0.00048070541331538886
64975,0.21443310379981995,0.14305882155895233,524288.0,0.0004806880848396821
65000,0.15782231092453003,0.12871527671813965,524288.0,0.00048067074890201277
65025,0.20044387876987457,0.12227874994277954,524288.0,0.0004806534055029477
65050,0.1956780105829239,0.12004275619983673,524288.0,0.0004806360546430542
65075,0.27301090955734253,0.12595711648464203,524288.0,0.00048061869632289934
65100,0.22169165313243866,0.12685626745224,524288.0,0.0004806013305430511
65125,0.1926819533109665,0.17526207864284515,524288.0,0.0004805839573040773
65150,0.17345266044139862,0.16434377431869507,524288.0,0.00048056657660654586
65175,0.15437696874141693,0.13054624199867249,262144.0,0.0004805491884510252
65200,0.19182854890823364,0.138264998793602,262144.0,0.000480531792838084
65225,0.1465647667646408,0.13526186347007751,262144.0,0.0004805143897682912
65250,0.21429838240146637,0.13169100880622864,262144.0,0.0004804969792422158
65275,0.12939970195293427,0.12178317457437515,262144.0,0.0004804795612604271
65300,0.20562531054019928,0.128535196185112,262144.0,0.0004804621358234946
65325,0.2084958255290985,0.12258485704660416,262144.0,0.00048044470293198845
65350,0.1963595747947693,0.1228308379650116,262144.0,0.0004804272625864784
65375,0.2141919583082199,0.138373002409935,262144.0,0.0004804098147875349
65400,0.28856563568115234,0.18044863641262054,262144.0,0.00048039235953572856
65425,0.154144749045372,0.1274987906217575,262144.0,0.00048037489683163
65450,0.23208309710025787,0.12216239422559738,262144.0,0.00048035742667581046
65475,0.1521281898021698,0.13295713067054749,262144.0,0.0004803399490688412
65500,0.1824706643819809,0.1639055758714676,262144.0,0.0004803224640112937
65525,0.16482949256896973,0.09208675473928452,262144.0,0.00048030497150373973
65550,0.18366411328315735,0.12315144389867783,262144.0,0.0004802874715467512
65575,0.214981809258461,0.13000424206256866,262144.0,0.00048026996414090055
65600,0.28027278184890747,0.12160691618919373,262144.0,0.0004802524492867604
65625,0.23313012719154358,0.132018581032753,262144.0,0.0004802349269849032
65650,0.2364947348833084,0.13153335452079773,262144.0,0.00048021739723590217
65675,0.21179823577404022,0.13174213469028473,262144.0,0.0004801998600403304
65700,0.24088366329669952,0.16609367728233337,262144.0,0.0004801823153987615
65725,0.23993387818336487,0.12506744265556335,262144.0,0.0004801647633117691
65750,0.21399512887001038,0.11802807450294495,262144.0,0.00048014720377992706
65775,0.19429460167884827,0.12371571362018585,262144.0,0.00048012963680381
65800,0.2401202917098999,0.14772656559944153,262144.0,0.000480112062383992
65825,0.14302468299865723,0.09750892221927643,262144.0,0.00048009448052104795
65850,0.1584186851978302,0.12147356569766998,262144.0,0.00048007689121555265
65875,0.1441185027360916,0.14649775624275208,262144.0,0.00048005929446808123
65900,0.1837296038866043,0.1355222761631012,262144.0,0.00048004169027920945
65925,0.2868111729621887,0.1368236243724823,262144.0,0.00048002407864951275
65950,0.1635701060295105,0.18442118167877197,262144.0,0.000480006459579567
65975,0.1894386112689972,0.11482437700033188,262144.0,0.0004799888330699484
66000,0.1663029044866562,0.15843673050403595,262144.0,0.00047997119912123343
66025,0.24175286293029785,0.1014876514673233,262144.0,0.0004799535577339988
66050,0.16102604568004608,0.13714972138404846,262144.0,0.00047993590890882116
66075,0.2007579505443573,0.13343964517116547,262144.0,0.00047991825264627794
66100,0.2187575250864029,0.11535758525133133,262144.0,0.00047990058894694623
66125,0.2247467041015625,0.09707091748714447,262144.0,0.00047988291781140386
66150,0.1756816953420639,0.1539919078350067,262144.0,0.0004798652392402285
66175,0.21524634957313538,0.10316980630159378,262144.0,0.00047984755323399837
66200,0.1349615454673767,0.17224131524562836,262144.0,0.0004798298597932919
66225,0.14771519601345062,0.1574660986661911,262144.0,0.0004798121589186875
66250,0.18044963479042053,0.15538977086544037,262144.0,0.00047979445061076416
66275,0.15257522463798523,0.12466932833194733,262144.0,0.00047977673487010087
66300,0.15884509682655334,0.1311354637145996,262144.0,0.000479759011697277
66325,0.21296614408493042,0.09784866124391556,262144.0,0.000479741281092872
66350,0.15160731971263885,0.14844775199890137,262144.0,0.00047972354305746585
66375,0.2331417351961136,0.10009623318910599,262144.0,0.0004797057975916386
66400,0.23013360798358917,0.12251345068216324,262144.0,0.0004796880446959704
66425,0.18908056616783142,0.13995571434497833,262144.0,0.0004796702843710418
66450,0.19870802760124207,0.12094973027706146,262144.0,0.0004796525166174336
66475,0.18839387595653534,0.1312997043132782,262144.0,0.00047963474143572683
66500,0.1887134611606598,0.1313115954399109,262144.0,0.0004796169588265029
66525,0.27458664774894714,0.16855233907699585,262144.0,0.0004795991687903432
66550,0.2072654515504837,0.18306776881217957,262144.0,0.0004795813713278293
66575,0.16493430733680725,0.12436939030885696,262144.0,0.0004795635664395436
66600,0.22044488787651062,0.12159416079521179,262144.0,0.00047954575412606797
66625,0.2646152377128601,0.1425924450159073,262144.0,0.000479527934387985
66650,0.16946038603782654,0.11762897670269012,262144.0,0.0004795101072258775
66675,0.24691075086593628,0.15369829535484314,262144.0,0.0004794922726403284
66700,0.1644630879163742,0.10864537954330444,262144.0,0.00047947443063192066
66725,0.2730303406715393,0.13382743299007416,262144.0,0.0004794565812012382
66750,0.21568170189857483,0.12090962380170822,262144.0,0.00047943872434886447
66775,0.1399834156036377,0.11587154120206833,262144.0,0.00047942086007538313
66800,0.1647728979587555,0.11256669461727142,262144.0,0.00047940298838137883
66825,0.2710363566875458,0.14589081704616547,262144.0,0.00047938510926743584
66850,0.16088655591011047,0.12404797971248627,262144.0,0.00047936722273413855
66875,0.12877880036830902,0.10338415205478668,262144.0,0.0004793493287820723
66900,0.1528378576040268,0.14321546256542206,262144.0,0.0004793314274118218
66925,0.12369290739297867,0.14004506170749664,262144.0,0.0004793135186239728
66950,0.14506518840789795,0.1241057887673378,262144.0,0.0004792956024191109
66975,0.13179278373718262,0.12221705168485641,262144.0,0.00047927767879782184
67000,0.2743217945098877,0.1268211007118225,262144.0,0.0004792597477606916
67025,0.08176364749670029,0.08926121890544891,262144.0,0.0004792418093083069
67050,0.15589511394500732,0.12722814083099365,262144.0,0.0004792238634412541
67075,0.3185407221317291,0.1520206183195114,262144.0,0.00047920591016012003
67100,0.14135365188121796,0.15627481043338776,262144.0,0.00047918794946549196
67125,0.21744921803474426,0.13166427612304688,262144.0,0.0004791699813579571
67150,0.20458106696605682,0.12932449579238892,262144.0,0.00047915200583810295
67175,0.14191173017024994,0.13310176134109497,524288.0,0.00047913402290651754
67200,0.13805106282234192,0.1319989711046219,524288.0,0.00047911603256378877
67225,0.20290037989616394,0.12192071229219437,524288.0,0.0004790980348105049
67250,0.22220726311206818,0.15803320705890656,524288.0,0.00047908002964725476
67275,0.14296573400497437,0.11837951838970184,524288.0,0.0004790620170746268
67300,0.22817587852478027,0.1459577977657318,524288.0,0.00047904399709321004
67325,0.2090865671634674,0.11343953758478165,524288.0,0.000479025969703594
67350,0.32841789722442627,0.1434328258037567,524288.0,0.0004790079349063681
67375,0.14385810494422913,0.1435537338256836,524288.0,0.000478989892702122
67400,0.12617653608322144,0.1428859978914261,524288.0,0.0004789718430914458
67425,0.2290283590555191,0.13363204896450043,524288.0,0.0004789537860749298
67450,0.15758298337459564,0.13475266098976135,524288.0,0.00047893572165316425
67475,0.22392019629478455,0.11459022760391235,524288.0,0.0004789176498267401
67500,0.14601866900920868,0.14586086571216583,524288.0,0.00047889957059624817
67525,0.25807851552963257,0.15855766832828522,524288.0,0.0004788814839622799
67550,0.1811797022819519,0.13758069276809692,524288.0,0.0004788633899254263
67575,0.19776637852191925,0.10404913872480392,524288.0,0.00047884528848627945
67600,0.20030145347118378,0.11150400340557098,524288.0,0.00047882717964543116
67625,0.17644073069095612,0.12996232509613037,524288.0,0.0004788090634034736
67650,0.18997135758399963,0.11203689873218536,524288.0,0.0004787909397609992
67675,0.1385630965232849,0.15027667582035065,524288.0,0.0004787728087186007
67700,0.15204378962516785,0.1136690229177475,262144.0,0.0004787546702768707
67725,0.19767028093338013,0.10875891894102097,262144.0,0.0004787365244364027
67750,0.23044231534004211,0.13598789274692535,262144.0,0.00047871837119779
67775,0.1565823256969452,0.13156774640083313,262144.0,0.0004787002105616261
67800,0.19398540258407593,0.09340754896402359,262144.0,0.0004786820425285049
67825,0.2212950736284256,0.10116128623485565,262144.0,0.00047866386709902067
67850,0.17470142245292664,0.16567713022232056,262144.0,0.0004786456842737676
67875,0.16037093102931976,0.12424399703741074,262144.0,0.00047862749405334036
67900,0.20431382954120636,0.13615307211875916,262144.0,0.00047860929643833374
67925,0.1762160360813141,0.1573597490787506,262144.0,0.00047859109142934283
67950,0.10809466987848282,0.14251215755939484,262144.0,0.0004785728790269629
67975,0.17508548498153687,0.21201246976852417,262144.0,0.0004785546592317896
68000,0.2650849521160126,0.1000014916062355,262144.0,0.00047853643204441874
68025,0.15482817590236664,0.1426706612110138,262144.0,0.00047851819746544643
68050,0.20449258387088776,0.12581953406333923,262144.0,0.0004784999554954688
68075,0.10393433272838593,0.12206605076789856,262144.0,0.00047848170613508227
68100,0.24908366799354553,0.12304231524467468,262144.0,0.0004784634493848839
68125,0.17347759008407593,0.0913088321685791,262144.0,0.0004784451852454707
68150,0.14036041498184204,0.13666768372058868,262144.0,0.0004784269137174396
68175,0.1783982813358307,0.11996005475521088,262144.0,0.0004784086348013885
68200,0.14015479385852814,0.12395543605089188,262144.0,0.0004783903484979148
68225,0.21366120874881744,0.1410287618637085,262144.0,0.0004783720548076168
68250,0.27333205938339233,0.137115478515625,262144.0,0.00047835375373109223
68275,0.2782817482948303,0.12359629571437836,262144.0,0.0004783354452689402
68300,0.1573677808046341,0.12746167182922363,262144.0,0.0004783171294217589
68325,0.1478489488363266,0.19094066321849823,262144.0,0.00047829880619014746
68350,0.20603953301906586,0.2109672576189041,262144.0,0.00047828047557470514
68375,0.13584329187870026,0.1335352212190628,262144.0,0.0004782621375760312
68400,0.22915217280387878,0.15167221426963806,262144.0,0.0004782437921947254
68425,0.15366524457931519,0.12352782487869263,262144.0,0.00047822543943138774
68450,0.1606411635875702,0.12954910099506378,262144.0,0.0004782070792866182
68475,0.1651216447353363,0.11976847797632217,262144.0,0.0004781887117610173
68500,0.18754300475120544,0.12824799120426178,262144.0,0.0004781703368551856
68525,0.19311581552028656,0.1060214638710022,262144.0,0.000478151954569724
68550,0.16799494624137878,0.10259488970041275,262144.0,0.0004781335649052337
68575,0.18993636965751648,0.1494770050048828,262144.0,0.0004781151678623159
68600,0.16438451409339905,0.11085466295480728,262144.0,0.00047809676344157223
68625,0.20757776498794556,0.14421632885932922,262144.0,0.0004780783516436047
68650,0.23323604464530945,0.15042054653167725,262144.0,0.0004780599324690153
68675,0.14592468738555908,0.10449958592653275,262144.0,0.0004780415059184062
68700,0.14535707235336304,0.1955357939004898,262144.0,0.00047802307199238016
68725,0.2182188779115677,0.12126117944717407,262144.0,0.00047800463069154
68750,0.19342182576656342,0.1269288957118988,262144.0,0.0004779861820164887
68775,0.15311890840530396,0.13002899289131165,262144.0,0.00047796772596782935
68800,0.17320717871189117,0.11483762413263321,262144.0,0.00047794926254616577
68825,0.18719908595085144,0.15794041752815247,262144.0,0.00047793079175210165
68850,0.1918870061635971,0.12744960188865662,262144.0,0.00047791231358624105
68875,0.20756027102470398,0.14679032564163208,262144.0,0.0004778938280491881
68900,0.1541672796010971,0.16109859943389893,262144.0,0.00047787533514154733
68925,0.17366912961006165,0.140531986951828,262144.0,0.0004778568348639234
68950,0.20847655832767487,0.14592446386814117,262144.0,0.00047783832721692165
68975,0.21094828844070435,0.14555658400058746,262144.0,0.0004778198122011468
69000,0.19692493975162506,0.15906234085559845,262144.0,0.0004778012898172046
69025,0.23876583576202393,0.14407387375831604,262144.0,0.0004777827600657007
69050,0.2646215558052063,0.1291675567626953,262144.0,0.00047776422294724106
69075,0.1334470510482788,0.14376437664031982,262144.0,0.0004777456784624318
69100,0.12270953506231308,0.10178407281637192,262144.0,0.00047772712661187946
69125,0.18137484788894653,0.13007672131061554,262144.0,0.0004777085673961904
69150,0.2563140392303467,0.14581094682216644,262144.0,0.000477690000815972
69175,0.1670769304037094,0.11361397802829742,262144.0,0.00047767142687183095
69200,0.17458860576152802,0.15484309196472168,262144.0,0.0004776528455643749
69225,0.297540545463562,0.15996241569519043,262144.0,0.00047763425689421125
69250,0.15777117013931274,0.167648047208786,262144.0,0.0004776156608619483
69275,0.15554118156433105,0.11336693912744522,262144.0,0.0004775970574681937
69300,0.21870096027851105,0.15559442341327667,262144.0,0.00047757844671355594
69325,0.18560610711574554,0.11298496276140213,262144.0,0.00047755982859864387
69350,0.13251511752605438,0.12041755020618439,262144.0,0.0004775412031240659
69375,0.12570162117481232,0.14174817502498627,262144.0,0.0004775225702904312
69400,0.20749644935131073,0.09773862361907959,262144.0,0.0004775039300983494
69425,0.12677520513534546,0.12762027978897095,262144.0,0.0004774852825484298
69450,0.17995654046535492,0.14346295595169067,262144.0,0.0004774666276412822
69475,0.16906698048114777,0.12234879285097122,262144.0,0.00047744796537751646
69500,0.2567755877971649,0.1027752086520195,262144.0,0.00047742929575774325
69525,0.19039171934127808,0.09588441252708435,262144.0,0.00047741061878257287
69550,0.13976985216140747,0.1285804957151413,262144.0,0.000477391934452616
69575,0.18537181615829468,0.13177496194839478,262144.0,0.00047737324276848377
69600,0.16878698766231537,0.10400872677564621,262144.0,0.0004773545437307873
69625,0.27397269010543823,0.11676298826932907,262144.0,0.00047733583734013826
69650,0.2123117595911026,0.12675444781780243,262144.0,0.0004773171235971482
69675,0.22664476931095123,0.16497239470481873,262144.0,0.00047729840250242903
69700,0.20452214777469635,0.13897863030433655,524288.0,0.0004772796740565931
69725,0.20090538263320923,0.12776051461696625,524288.0,0.00047726093826025277
69750,0.1948680728673935,0.12806987762451172,524288.0,0.0004772421951140206
69775,0.3426533341407776,0.1446973979473114,524288.0,0.00047722344461850985
69800,0.2720944285392761,0.131637841463089,524288.0,0.0004772046867743333
69825,0.2174910306930542,0.12070782482624054,524288.0,0.0004771859215821046
69850,0.2523725926876068,0.1039850264787674,524288.0,0.0004771671490424374
69875,0.17249064147472382,0.0928834080696106,524288.0,0.0004771483691559452
69900,0.20673681795597076,0.11375046521425247,524288.0,0.00047712958192324263
69925,0.18091410398483276,0.1265680491924286,524288.0,0.00047711078734494374
69950,0.18056485056877136,0.1080612987279892,524288.0,0.0004770919854216632
69975,0.1172112450003624,0.18043549358844757,524288.0,0.00047707317615401586
70000,0.1667833775281906,0.12969030439853668,524288.0,0.0004770543595426168
70025,0.18130679428577423,0.1276281774044037,524288.0,0.00047703553558808143
70050,0.17932350933551788,0.1426434963941574,524288.0,0.0004770167042910251
70075,0.33812984824180603,0.13104845583438873,524288.0,0.0004769978656520638
70100,0.18219056725502014,0.16971080005168915,262144.0,0.0004769790196718135
70125,0.22810688614845276,0.1348268985748291,262144.0,0.00047696016635089054
70150,0.2316758930683136,0.12529823184013367,262144.0,0.00047694130568991136
70175,0.256419837474823,0.12277406454086304,262144.0,0.0004769224376894927
70200,0.19916674494743347,0.14450481534004211,262144.0,0.0004769035623502516
70225,0.19437113404273987,0.16024668514728546,262144.0,0.0004768846796728053
70250,0.1550930291414261,0.16357631981372833,262144.0,0.00047686578965777145
70275,0.15157049894332886,0.11232376843690872,262144.0,0.0004768468923057674
70300,0.17262370884418488,0.10617943108081818,262144.0,0.00047682798761741155
70325,0.22147661447525024,0.10457895696163177,262144.0,0.00047680907559332177
70350,0.14972834289073944,0.10111743956804276,262144.0,0.00047679015623411657
70375,0.18203002214431763,0.1102697029709816,262144.0,0.00047677122954041464
70400,0.2047063410282135,0.10764060914516449,262144.0,0.0004767522955128349
70425,0.17147202789783478,0.10251147300004959,262144.0,0.0004767333541519966
70450,0.1450338065624237,0.13094937801361084,262144.0,0.0004767144054585192
70475,0.18616589903831482,0.183249831199646,262144.0,0.000476695449433022
70500,0.16896745562553406,0.12023333460092545,262144.0,0.00047667648607612514
70525,0.27541956305503845,0.19448980689048767,262144.0,0.00047665751538844884
70550,0.177886500954628,0.12617500126361847,262144.0,0.00047663853737061327
70575,0.11982538551092148,0.10190221667289734,262144.0,0.000476619552023239
70600,0.24286380410194397,0.15719002485275269,262144.0,0.0004766005593469469
70625,0.2214958220720291,0.12387585639953613,262144.0,0.0004765815593423583
70650,0.1548650860786438,0.1261267364025116,262144.0,0.00047656255201009414
70675,0.1695360690355301,0.13222308456897736,262144.0,0.00047654353735077613
70700,0.09280905872583389,0.15096741914749146,262144.0,0.00047652451536502613
70725,0.13009291887283325,0.20422817766666412,262144.0,0.0004765054860534662
70750,0.22287853062152863,0.13777078688144684,262144.0,0.00047648644941671844
70775,0.24909824132919312,0.131149560213089,262144.0,0.00047646740545540553
70800,0.21869094669818878,0.1208835318684578,262144.0,0.0004764483541701502
70825,0.22313006222248077,0.17855970561504364,262144.0,0.0004764292955615753
70850,0.14980491995811462,0.10828609019517899,262144.0,0.0004764102296303044
70875,0.19295598566532135,0.11347602307796478,262144.0,0.0004763911563769606
70900,0.1767742782831192,0.15781129896640778,262144.0,0.00047637207580216763
70925,0.19180403649806976,0.2068583071231842,262144.0,0.0004763529879065497
70950,0.1777351051568985,0.08518791943788528,262144.0,0.0004763338926907309
70975,0.15012986958026886,0.1047036424279213,262144.0,0.0004763147901553356
71000,0.22130975127220154,0.15094731748104095,262144.0,0.00047629568030098856
71025,0.23025836050510406,0.11826229840517044,262144.0,0.00047627656312831463
71050,0.12067020684480667,0.11168091744184494,262144.0,0.0004762574386379389
71075,0.19360949099063873,0.197646364569664,262144.0,0.00047623830683048683
71100,0.12617407739162445,0.12099575251340866,262144.0,0.00047621916770658414
71125,0.39030492305755615,0.16818611323833466,262144.0,0.0004762000212668565
71150,0.3365280032157898,0.11798403412103653,262144.0,0.0004761808675119303
71175,0.17442886531352997,0.105166494846344,262144.0,0.0004761617064424315
71200,0.19469158351421356,0.1242741122841835,262144.0,0.0004761425380589869
71225,0.17965355515480042,0.1007968932390213,262144.0,0.00047612336236222346
71250,0.1829914152622223,0.13267828524112701,262144.0,0.0004761041793527679
71275,0.256701797246933,0.14090920984745026,262144.0,0.00047608498903124795
71300,0.25864753127098083,0.1348080039024353,262144.0,0.0004760657913982907
71325,0.17581239342689514,0.15738719701766968,262144.0,0.0004760465864545243
71350,0.17960211634635925,0.1585441678762436,262144.0,0.0004760273742005766
71375,0.20952405035495758,0.14324666559696198,262144.0,0.0004760081546370759
71400,0.2035040557384491,0.10008420795202255,262144.0,0.00047598892776465064
71425,0.13480669260025024,0.106491819024086,262144.0,0.00047596969358392946
71450,0.19494959712028503,0.106193408370018,262144.0,0.0004759504520955416
71475,0.146824911236763,0.12324103713035583,262144.0,0.0004759312033001162
71500,0.14508068561553955,0.12562520802021027,262144.0,0.00047591194719828257
71525,0.21869461238384247,0.11330124735832214,262144.0,0.0004758926837906705
71550,0.15673811733722687,0.12546618282794952,262144.0,0.0004758734130779099
71575,0.2758082151412964,0.18335382640361786,262144.0,0.000475854135060631
71600,0.2164129614830017,0.11083000898361206,262144.0,0.00047583484973946413
71625,0.2287748157978058,0.1493794173002243,262144.0,0.00047581555711503996
71650,0.12664131820201874,0.11487684398889542,262144.0,0.0004757962571879894
71675,0.15906555950641632,0.11676588654518127,262144.0,0.0004757769499589435
71700,0.23770898580551147,0.125939279794693,262144.0,0.00047575763542853373
71725,0.17170573770999908,0.1770651489496231,262144.0,0.00047573831359739167
71750,0.23304957151412964,0.11548789590597153,262144.0,0.00047571898446614915
71775,0.11949364095926285,0.15162715315818787,262144.0,0.00047569964803543814
71800,0.2340574860572815,0.10214763879776001,262144.0,0.00047568030430589117
71825,0.23124505579471588,0.11832649260759354,262144.0,0.0004756609532781406
71850,0.166671022772789,0.10459306836128235,262144.0,0.0004756415949528194
71875,0.17147426307201385,0.12383288890123367,262144.0,0.0004756222293305605
71900,0.12419638782739639,0.1299961656332016,262144.0,0.0004756028564119972
71925,0.1702118068933487,0.09567633271217346,262144.0,0.00047558347619776293
71950,0.1254652589559555,0.10829739272594452,262144.0,0.0004755640886884916
71975,0.22372794151306152,0.14054830372333527,262144.0,0.00047554469388481695
72000,0.1818286031484604,0.16450846195220947,262144.0,0.00047552529178737364
72025,0.1416655331850052,0.10494348406791687,262144.0,0.0004755058823967957
72050,0.25824499130249023,0.11572127044200897,262144.0,0.000475486465713718
72075,0.31962665915489197,0.11646464467048645,262144.0,0.00047546704173877556
72100,0.10527350753545761,0.1312931776046753,524288.0,0.00047544761047260345
72125,0.20105233788490295,0.13298365473747253,524288.0,0.00047542817191583716
72150,0.2274540662765503,0.13369296491146088,524288.0,0.00047540872606911225
72175,0.12998245656490326,0.10976781696081161,524288.0,0.00047538927293306476
72200,0.23256947100162506,0.1557287722826004,524288.0,0.00047536981250833075
72225,0.23537209630012512,0.13487093150615692,524288.0,0.0004753503447955466
72250,0.12980753183364868,0.11561284214258194,524288.0,0.00047533086979534885
72275,0.14845645427703857,0.13609331846237183,524288.0,0.0004753113875083745
72300,0.17441926896572113,0.13526147603988647,524288.0,0.0004752918979352605
72325,0.15549345314502716,0.11331691592931747,524288.0,0.0004752724010766443
72350,0.21098537743091583,0.13385765254497528,524288.0,0.0004752528969331633
72375,0.23689457774162292,0.14062857627868652,524288.0,0.0004752333855054555
72400,0.272900253534317,0.13504044711589813,524288.0,0.00047521386679415885
72425,0.15242257714271545,0.12032698839902878,524288.0,0.0004751943407999117
72450,0.15549427270889282,0.10888651758432388,524288.0,0.0004751748075233523
72475,0.21525351703166962,0.19329841434955597,262144.0,0.0004751552669651196
72500,0.23863713443279266,0.12494616955518723,262144.0,0.0004751357191258528
72525,0.17077726125717163,0.11031199246644974,262144.0,0.00047511616400619077
72550,0.19218358397483826,0.12254046648740768,262144.0,0.00047509660160677323
72575,0.19764873385429382,0.13181884586811066,262144.0,0.00047507703192823975
72600,0.2955828607082367,0.1722717136144638,262144.0,0.00047505745497123026
72625,0.161363884806633,0.1217738538980484,262144.0,0.0004750378707363851
72650,0.14360244572162628,0.1374502182006836,262144.0,0.00047501827922434456
72675,0.1991536021232605,0.09977342188358307,262144.0,0.0004749986804357494
72700,0.19602414965629578,0.11494966596364975,262144.0,0.00047497907437124044
72725,0.19736093282699585,0.12117528915405273,262144.0,0.0004749594610314588
72750,0.15736258029937744,0.12746590375900269,262144.0,0.000474939840417046
72775,0.1829095035791397,0.11135504394769669,262144.0,0.00047492021252864343
72800,0.17479826509952545,0.11223525553941727,262144.0,0.0004749005773668931
72825,0.14293789863586426,0.11305283010005951,262144.0,0.000474880934932437
72850,0.1880386620759964,0.0980672761797905,262144.0,0.00047486128522591757
72875,0.2334456890821457,0.11315698176622391,262144.0,0.0004748416282479773
72900,0.13220298290252686,0.12150043249130249,262144.0,0.00047482196399925884
72925,0.25885891914367676,0.09483811259269714,262144.0,0.00047480229248040564
72950,0.19078312814235687,0.1474909633398056,262144.0,0.00047478261369206064
72975,0.23010258376598358,0.13456428050994873,262144.0,0.0004747629276348675
73000,0.14912870526313782,0.12204553186893463,262144.0,0.00047474323430946985
73025,0.256320059299469,0.13517984747886658,262144.0,0.0004747235337165117
73050,0.1755468249320984,0.1067798063158989,262144.0,0.00047470382585663746
73075,0.24922028183937073,0.16932931542396545,262144.0,0.00047468411073049136
73100,0.16834069788455963,0.10385456681251526,262144.0,0.00047466438833871825
73125,0.2003871500492096,0.12190981954336166,262144.0,0.0004746446586819629
73150,0.21674327552318573,0.10220044106245041,262144.0,0.0004746249217608707
73175,0.10942719876766205,0.13304582238197327,262144.0,0.00047460517757608704
73200,0.2513173520565033,0.1456131488084793,262144.0,0.0004745854261282575
73225,0.2084111124277115,0.1175915002822876,262144.0,0.00047456566741802794
73250,0.20875512063503265,0.12833398580551147,262144.0,0.0004745459014460445
73275,0.19865776598453522,0.141984224319458,262144.0,0.00047452612821295356
73300,0.14536504447460175,0.14795750379562378,262144.0,0.0004745063477194018
73325,0.20866721868515015,0.17856742441654205,262144.0,0.00047448655996603603
73350,0.1878051906824112,0.09527802467346191,262144.0,0.00047446676495350326
73375,0.15581071376800537,0.11237496137619019,262144.0,0.00047444696268245074
73400,0.21662676334381104,0.10686574876308441,262144.0,0.0004744271531535263
73425,0.14185731112957,0.10122141987085342,262144.0,0.0004744073363673775
73450,0.35486236214637756,0.1372879147529602,262144.0,0.00047438751232465237
73475,0.22939538955688477,0.12955409288406372,262144.0,0.0004743676810259992
73500,0.1175585389137268,0.13503782451152802,262144.0,0.0004743478424720665
73525,0.11381122469902039,0.10817471891641617,262144.0,0.0004743279966635032
73550,0.17929360270500183,0.11783120036125183,262144.0,0.000474308143600958
73575,0.22763052582740784,0.1177293062210083,262144.0,0.0004742882832850802
73600,0.16481740772724152,0.12692789733409882,262144.0,0.00047426841571651933
73625,0.22873055934906006,0.11162784695625305,262144.0,0.00047424854089592503
73650,0.24332775175571442,0.13121479749679565,262144.0,0.00047422865882394715
73675,0.1683931052684784,0.10007038712501526,262144.0,0.00047420876950123584
73700,0.15717752277851105,0.1138242781162262,262144.0,0.00047418887292844167
73725,0.15903234481811523,0.10629516839981079,262144.0,0.00047416896910621516
73750,0.14907342195510864,0.12294118106365204,262144.0,0.0004741490580352072
73775,0.2127857655286789,0.13696977496147156,262144.0,0.00047412913971606906
73800,0.15140609443187714,0.10780266672372818,262144.0,0.0004741092141494517
73825,0.2599550187587738,0.09599001705646515,262144.0,0.00047408928133600703
73850,0.20021027326583862,0.12552277743816376,262144.0,0.0004740693412763868
73875,0.22626538574695587,0.13195393979549408,262144.0,0.000474049393971243
73900,0.2556898593902588,0.14158357679843903,262144.0,0.0004740294394212281
73925,0.24815121293067932,0.15057744085788727,262144.0,0.0004740094776269943
73950,0.17112751305103302,0.12333980202674866,262144.0,0.00047398950858919465
73975,0.11521746963262558,0.17069599032402039,262144.0,0.0004739695323084821
74000,0.1890736073255539,0.1209150105714798,262144.0,0.0004739495487855098
74025,0.15405471622943878,0.12138362228870392,262144.0,0.0004739295580209315
74050,0.14227208495140076,0.12536074221134186,262144.0,0.0004739095600154005
74075,0.10173675417900085,0.12220702320337296,262144.0,0.00047388955476957106
74100,0.14676761627197266,0.12289442867040634,262144.0,0.0004738695422840973
74125,0.2420293092727661,0.12609103322029114,262144.0,0.00047384952255963357
74150,0.16149531304836273,0.10696634650230408,262144.0,0.0004738294955968346
74175,0.18054558336734772,0.13045081496238708,262144.0,0.0004738094613963554
74200,0.24452640116214752,0.11543497443199158,262144.0,0.0004737894199588509
74225,0.316105455160141,0.16133804619312286,262144.0,0.0004737693712849766
74250,0.12486061453819275,0.11854294687509537,262144.0,0.00047374931537538795
74275,0.22281572222709656,0.10125570744276047,262144.0,0.00047372925223074117
74300,0.1600225269794464,0.12999959290027618,262144.0,0.00047370918185169185
74325,0.21525759994983673,0.1424739807844162,262144.0,0.0004736891042388966
74350,0.17211082577705383,0.1182006448507309,262144.0,0.00047366901939301207
74375,0.2681390643119812,0.13006751239299774,262144.0,0.00047364892731469483
74400,0.28349119424819946,0.11024779081344604,262144.0,0.0004736288280046019
74425,0.14424723386764526,0.1240115612745285,262144.0,0.0004736087214633908
74450,0.11837001144886017,0.12183681130409241,262144.0,0.0004735886076917187
74475,0.22363679111003876,0.11334004998207092,524288.0,0.00047356848669024367
74500,0.256563276052475,0.13849487900733948,524288.0,0.0004735483584596234
74525,0.2692353427410126,0.09739469736814499,524288.0,0.0004735282230005163
74550,0.25491300225257874,0.09788930416107178,524288.0,0.0004735080803135808
74575,0.15637575089931488,0.10308023542165756,524288.0,0.0004734879303994755
74600,0.12755124270915985,0.1011277586221695,524288.0,0.00047346777325885927
74625,0.21486860513687134,0.11822719126939774,524288.0,0.0004734476088923914
74650,0.17994843423366547,0.09502015262842178,524288.0,0.00047342743730073117
74675,0.25374317169189453,0.1095089241862297,524288.0,0.0004734072584845383
74700,0.15178203582763672,0.11422586441040039,524288.0,0.0004733870724444728
74725,0.15418727695941925,0.13760830461978912,524288.0,0.00047336687918119445
74750,0.13604430854320526,0.12107475101947784,524288.0,0.0004733466786953638
74775,0.14158527553081512,0.11678057909011841,524288.0,0.0004733264709876413
74800,0.21398942172527313,0.11652800440788269,524288.0,0.00047330625605868787
74825,0.18788975477218628,0.11152050644159317,524288.0,0.00047328603390916444
74850,0.18604429066181183,0.1051117479801178,524288.0,0.0004732658045397324
74875,0.07805648446083069,0.11250912398099899,524288.0,0.0004732455679510533
74900,0.1530730128288269,0.09705353528261185,524288.0,0.0004732253241437888
74925,0.18386007845401764,0.19162510335445404,524288.0,0.0004732050731186009
74950,0.15242356061935425,0.12324558943510056,524288.0,0.00047318481487615183
74975,0.13509173691272736,0.13401393592357635,524288.0,0.00047316454941710414
75000,0.13986189663410187,0.13158772885799408,524288.0,0.0004731442767421204
75025,0.18723462522029877,0.11275620758533478,524288.0,0.0004731239968518635
75050,0.19272896647453308,0.13778337836265564,524288.0,0.00047310370974699696
75075,0.14878472685813904,0.11461348831653595,524288.0,0.0004730834154281838
75100,0.2266438603401184,0.1545189768075943,524288.0,0.0004730631138960878
75125,0.18246908485889435,0.12961162626743317,524288.0,0.00047304280515137294
75150,0.1824556142091751,0.09622552245855331,524288.0,0.0004730224891947032
75175,0.16590182483196259,0.14923474192619324,524288.0,0.0004730021660267429
75200,0.1812099814414978,0.13055235147476196,524288.0,0.0004729818356481568
75225,0.20668132603168488,0.15278972685337067,524288.0,0.0004729614980596095
75250,0.18736706674098969,0.12889041006565094,524288.0,0.00047294115326176634
75275,0.17382459342479706,0.12296449393033981,524288.0,0.00047292080125529236
75300,0.17166323959827423,0.11921997368335724,524288.0,0.00047290044204085325
75325,0.15964949131011963,0.11486814171075821,524288.0,0.00047288007561911466
75350,0.14260327816009521,0.09976920485496521,524288.0,0.0004728597019907426
75375,0.15728256106376648,0.11412780731916428,524288.0,0.0004728393211564034
75400,0.20401833951473236,0.14121755957603455,524288.0,0.00047281893311676345
75425,0.18144525587558746,0.0997435599565506,524288.0,0.0004727985378724894
75450,0.18577371537685394,0.13307711482048035,524288.0,0.00047277813542424845
75475,0.2108456939458847,0.10430433601140976,524288.0,0.0004727577257727076
75500,0.17910243570804596,0.1044837087392807,524288.0,0.0004727373089185341
75525,0.12827365100383759,0.12480142712593079,262144.0,0.0004727168848623959
75550,0.17232078313827515,0.10104285925626755,262144.0,0.00047269645360496076
75575,0.15480902791023254,0.1636621505022049,262144.0,0.0004726760151468968
75600,0.18746799230575562,0.13303185999393463,262144.0,0.0004726555694888723
75625,0.14298127591609955,0.11142916232347488,262144.0,0.00047263511663155603
75650,0.17800645530223846,0.12638022005558014,262144.0,0.00047261465657561663
75675,0.20331011712551117,0.12231343239545822,262144.0,0.00047259418932172324
75700,0.2097502201795578,0.1231321170926094,262144.0,0.0004725737148705453
75725,0.23121215403079987,0.11252233386039734,262144.0,0.00047255323322275216
75750,0.22585429251194,0.11598283052444458,262144.0,0.00047253274437901357
75775,0.14532777667045593,0.1386902779340744,262144.0,0.00047251224833999957
75800,0.14510804414749146,0.10073760896921158,262144.0,0.0004724917451063805
75825,0.15088874101638794,0.1315971314907074,262144.0,0.00047247123467882674
75850,0.1140693798661232,0.09497978538274765,262144.0,0.0004724507170580091
75875,0.14092355966567993,0.1331932097673416,262144.0,0.00047243019224459836
75900,0.1550135612487793,0.09316787868738174,262144.0,0.0004724096602392659
75925,0.1266057938337326,0.12185754626989365,262144.0,0.00047238912104268296
75950,0.20675548911094666,0.1276288628578186,262144.0,0.00047236857465552133
75975,0.1828766018152237,0.10047923028469086,262144.0,0.0004723480210784527
76000,0.16930367052555084,0.10398708283901215,262144.0,0.00047232746031214943
76025,0.2279062569141388,0.1421077400445938,262144.0,0.0004723068923572837
76050,0.2679694592952728,0.10528343915939331,262144.0,0.0004722863172145282
76075,0.13856881856918335,0.10133612155914307,262144.0,0.00047226573488455564
76100,0.16542759537696838,0.11884583532810211,262144.0,0.0004722451453680393
76125,0.21789667010307312,0.10836818814277649,262144.0,0.00047222454866565234
76150,0.26141563057899475,0.10754449665546417,262144.0,0.00047220394477806815
76175,0.14281503856182098,0.10234737396240234,262144.0,0.0004721833337059607
76200,0.10671872645616531,0.16063211858272552,262144.0,0.000472162715450004
76225,0.17700879275798798,0.1173560619354248,262144.0,0.00047214209001087207
76250,0.1682167798280716,0.17183665931224823,262144.0,0.00047212145738923964
76275,0.1683390587568283,0.09537037461996078,262144.0,0.0004721008175857812
76300,0.1520499587059021,0.1122686043381691,262144.0,0.000472080170601172
76325,0.2246258556842804,0.11472129076719284,262144.0,0.00047205951643608675
76350,0.2713666558265686,0.09352777153253555,262144.0,0.0004720388550912012
76375,0.23582589626312256,0.1256636530160904,262144.0,0.0004720181865671909
76400,0.25077056884765625,0.1292518675327301,262144.0,0.00047199751086473185
76425,0.1381637156009674,0.09570351988077164,262144.0,0.0004719768279845
76450,0.11571437865495682,0.11320453882217407,262144.0,0.00047195613792717185
76475,0.14748817682266235,0.1096789762377739,262144.0,0.00047193544069342374
76500,0.1763242930173874,0.12475787103176117,262144.0,0.0004719147362839327
76525,0.2488941103219986,0.11321371048688889,262144.0,0.00047189402469937573
76550,0.17997722327709198,0.09368150681257248,262144.0,0.0004718733059404301
76575,0.23437371850013733,0.10004176199436188,262144.0,0.0004718525800077733
76600,0.1677754670381546,0.11164474487304688,262144.0,0.0004718318469020831
76625,0.22488078474998474,0.10400436818599701,262144.0,0.0004718111066240376
76650,0.17697343230247498,0.11161510646343231,262144.0,0.000471790359174315
76675,0.11437896639108658,0.10784518718719482,262144.0,0.0004717696045535937
76700,0.17514488101005554,0.12472385168075562,262144.0,0.00047174884276255226
76725,0.13434118032455444,0.124725840985775,262144.0,0.00047172807380186987
76750,0.2000502496957779,0.09957792609930038,262144.0,0.00047170729767222566
76775,0.1716173142194748,0.1107802763581276,262144.0,0.0004716865143742987
76800,0.1885482370853424,0.10994044691324234,262144.0,0.00047166572390876905
76825,0.2383958399295807,0.12257879227399826,262144.0,0.0004716449262763164
76850,0.25577878952026367,0.12588736414909363,262144.0,0.0004716241214776209
76875,0.1235291138291359,0.09677737206220627,262144.0,0.00047160330951336266
76900,0.1672305464744568,0.09964592009782791,262144.0,0.00047158249038422266
76925,0.20273664593696594,0.1162094920873642,262144.0,0.00047156166409088125
76950,0.22971171140670776,0.21253424882888794,262144.0,0.00047154083063401985
76975,0.1804150491952896,0.12411943078041077,262144.0,0.00047151999001431954
77000,0.1873813271522522,0.16384004056453705,262144.0,0.0004714991422324618
77025,0.13714715838432312,0.0953257754445076,262144.0,0.0004714782872891284
77050,0.18710508942604065,0.17210157215595245,262144.0,0.00047145742518500157
77075,0.17580638825893402,0.12332287430763245,262144.0,0.00047143655592076303
77100,0.1920691281557083,0.12925969064235687,262144.0,0.0004714156794970957
77125,0.19528552889823914,0.09666458517313004,262144.0,0.00047139479591468196
77150,0.13796505331993103,0.10857216268777847,262144.0,0.0004713739051742048
77175,0.22924716770648956,0.10235008597373962,262144.0,0.0004713530072763474
77200,0.23552757501602173,0.11348681151866913,262144.0,0.00047133210222179324
77225,0.19787195324897766,0.10456575453281403,262144.0,0.00047131119001122564
77250,0.27645111083984375,0.1125902310013771,262144.0,0.0004712902706453287
77275,0.24231688678264618,0.11203552037477493,262144.0,0.0004712693441247864
77300,0.1562187373638153,0.10155393183231354,262144.0,0.0004712484104502832
77325,0.13805849850177765,0.11968431621789932,262144.0,0.00047122746962250344
77350,0.1959366500377655,0.1018528938293457,262144.0,0.00047120652164213205
77375,0.1709088236093521,0.16852784156799316,262144.0,0.00047118556650985394
77400,0.13314154744148254,0.12053404748439789,262144.0,0.00047116460422635443
77425,0.17967303097248077,0.11608491092920303,262144.0,0.00047114363479231906
77450,0.27876198291778564,0.11733617633581161,262144.0,0.0004711226582084335
77475,0.14016889035701752,0.10117098689079285,262144.0,0.00047110167447538367
77500,0.1964322030544281,0.10378105938434601,262144.0,0.00047108068359385575
77525,0.16419585049152374,0.12048688530921936,524288.0,0.0004710596855645362
77550,0.1377774327993393,0.09077427536249161,524288.0,0.0004710386803881117
77575,0.2298341989517212,0.11830195039510727,524288.0,0.000471017668065269
77600,0.12509921193122864,0.11641377210617065,524288.0,0.0004709966485966955
77625,0.2086922526359558,0.09904524683952332,524288.0,0.0004709756219830781
77650,0.2181507796049118,0.15638016164302826,524288.0,0.00047095458822510506
77675,0.15446190536022186,0.11272057890892029,524288.0,0.00047093354732346355
77700,0.24273909628391266,0.10031069815158844,524288.0,0.000470912499278842
77725,0.19658276438713074,0.13514865934848785,524288.0,0.00047089144409192846
77750,0.21615281701087952,0.1307399868965149,262144.0,0.0004708703817634117
77775,0.1874256730079651,0.11799906194210052,262144.0,0.0004708493122939804
77800,0.2605733573436737,0.11971909552812576,262144.0,0.0004708282356843235
77825,0.174007847905159,0.09990932047367096,262144.0,0.0004708071519351302
77850,0.26070916652679443,0.11534734070301056,262144.0,0.00047078606104709
77875,0.18111149966716766,0.1132231056690216,262144.0,0.00047076496302089267
77900,0.1422835886478424,0.1506430059671402,262144.0,0.000470743857857228
77925,0.1266048550605774,0.13871102035045624,262144.0,0.0004707227455567862
77950,0.2044883519411087,0.13138200342655182,262144.0,0.00047070162612025766
77975,0.1338309496641159,0.19578853249549866,262144.0,0.000470680499548333
78000,0.20227248966693878,0.09946513175964355,262144.0,0.0004706593658417032
78025,0.1754230111837387,0.10401004552841187,262144.0,0.0004706382250010592
78050,0.12229210138320923,0.11206802725791931,262144.0,0.0004706170770270923
78075,0.14952094852924347,0.11439242213964462,262144.0,0.0004705959219204941
78100,0.16667388379573822,0.11058808863162994,262144.0,0.00047057475968195647
78125,0.21209825575351715,0.11150899529457092,262144.0,0.00047055359031217145
78150,0.1375318169593811,0.17829079926013947,262144.0,0.00047053241381183117
78175,0.18825891613960266,0.12881143391132355,262144.0,0.0004705112301816282
78200,0.19857065379619598,0.12363304197788239,131072.0,0.0004704900394222553
78225,0.1334056556224823,0.1521507352590561,131072.0,0.0004704688415344053
78250,0.22314895689487457,0.16329488158226013,131072.0,0.0004704476365187715
78275,0.21596010029315948,0.1060335785150528,131072.0,0.0004704264243760473
78300,0.18131591379642487,0.09893149137496948,131072.0,0.00047040520510692626
78325,0.1688477098941803,0.12798386812210083,131072.0,0.00047038397871210246
78350,0.1411036252975464,0.1119152307510376,131072.0,0.00047036274519226986
78375,0.18944665789604187,0.0938720628619194,131072.0,0.00047034150454812294
78400,0.19419308006763458,0.13350938260555267,131072.0,0.0004703202567803562
78425,0.216032475233078,0.12080962210893631,131072.0,0.0004702990018896644
78450,0.23935134708881378,0.10409057140350342,131072.0,0.0004702777398767427
78475,0.1586589217185974,0.13987278938293457,131072.0,0.0004702564707422865
78500,0.14760315418243408,0.09648360311985016,131072.0,0.000470235194486991
78525,0.2633638381958008,0.09533427655696869,131072.0,0.0004702139111115523
78550,0.20567522943019867,0.127720445394516,131072.0,0.00047019262061666616
78575,0.21279631555080414,0.10833413898944855,131072.0,0.0004701713230030289
78600,0.21648037433624268,0.09810751676559448,131072.0,0.00047015001827133693
78625,0.21960489451885223,0.1173558384180069,131072.0,0.00047012870642228693
78650,0.21491344273090363,0.11412341892719269,131072.0,0.0004701073874565758
78675,0.141027569770813,0.12609921395778656,131072.0,0.0004700860613749008
78700,0.25514861941337585,0.11692243069410324,131072.0,0.0004700647281779592
78725,0.19346289336681366,0.12059307098388672,131072.0,0.00047004338786644855
78750,0.19771318137645721,0.09155739098787308,131072.0,0.00047002204044106695
78775,0.23707057535648346,0.09482939541339874,131072.0,0.00047000068590251224
78800,0.1600193977355957,0.1189684271812439,131072.0,0.00046997932425148285
78825,0.23197808861732483,0.10815243422985077,131072.0,0.00046995795548867723
78850,0.19668468832969666,0.11459985375404358,131072.0,0.0004699365796147944
78875,0.2668064832687378,0.13037045300006866,131072.0,0.00046991519663053304
78900,0.1720018982887268,0.10554869472980499,131072.0,0.00046989380653659265
78925,0.213496133685112,0.11390534788370132,131072.0,0.0004698724093336724
78950,0.21591193974018097,0.1017770767211914,131072.0,0.00046985100502247237
78975,0.23225462436676025,0.12220191210508347,131072.0,0.00046982959360369235
79000,0.21665604412555695,0.10233849287033081,131072.0,0.0004698081750780325
79025,0.17591401934623718,0.10998763889074326,131072.0,0.0004697867494461932
79050,0.14963825047016144,0.09968633949756622,131072.0,0.0004697653167088751
79075,0.21039406955242157,0.10562990605831146,131072.0,0.00046974387686677906
79100,0.18598918616771698,0.0855664536356926,131072.0,0.0004697224299206062
79125,0.19990195333957672,0.15449106693267822,131072.0,0.00046970097587105793
79150,0.20626382529735565,0.13511580228805542,131072.0,0.0004696795147188356
79175,0.17339353263378143,0.11009875684976578,131072.0,0.0004696580464646413
79200,0.12430872768163681,0.09651617705821991,131072.0,0.00046963657110917693
79225,0.20034505426883698,0.129975825548172,131072.0,0.00046961508865314466
79250,0.2191009521484375,0.0883437991142273,131072.0,0.0004695935990972471
79275,0.11736005544662476,0.13942112028598785,131072.0,0.00046957210244218686
79300,0.24078921973705292,0.1713743358850479,131072.0,0.0004695505986886672
79325,0.1935705542564392,0.10201224684715271,131072.0,0.0004695290878373909
79350,0.23805515468120575,0.12411602586507797,131072.0,0.00046950756988906175
79375,0.24517135322093964,0.12472601979970932,131072.0,0.00046948604484438306
79400,0.25228631496429443,0.10749790817499161,131072.0,0.00046946451270405906
79425,0.19600719213485718,0.08698778599500656,131072.0,0.0004694429734687937
79450,0.1411176174879074,0.11323784291744232,131072.0,0.0004694214271392912
79475,0.2157721221446991,0.09732643514871597,131072.0,0.00046939987371625647
79500,0.1526423543691635,0.12887173891067505,131072.0,0.00046937831320039417
79525,0.18912772834300995,0.10212590545415878,131072.0,0.000469356745592409
79550,0.14419333636760712,0.10601223260164261,131072.0,0.00046933517089300686
79575,0.15851303935050964,0.1251935362815857,131072.0,0.000469313589102893
79600,0.17326311767101288,0.1469394862651825,131072.0,0.000469292000222773
79625,0.20487871766090393,0.11117096245288849,131072.0,0.000469270404253353
79650,0.18174192309379578,0.11201721429824829,131072.0,0.00046924880119533915
79675,0.2163853794336319,0.10557590425014496,131072.0,0.000469227191049438
79700,0.21900925040245056,0.11313830316066742,131072.0,0.0004692055738163562
79725,0.1694544404745102,0.12212363630533218,131072.0,0.0004691839494968004
79750,0.14665792882442474,0.15675145387649536,131072.0,0.000469162318091478
79775,0.22417129576206207,0.13522130250930786,131072.0,0.00046914067960109637
79800,0.1717025637626648,0.1029389500617981,131072.0,0.00046911903402636294
79825,0.14000719785690308,0.10262972861528397,131072.0,0.0004690973813679857
79850,0.24735897779464722,0.11006076633930206,131072.0,0.0004690757216266727
79875,0.15985894203186035,0.10780017077922821,131072.0,0.00046905405480313214
79900,0.2462228536605835,0.11216483265161514,131072.0,0.00046903238089807255
79925,0.10109765082597733,0.17680634558200836,131072.0,0.0004690106999122028
79950,0.2139062136411667,0.10348942875862122,131072.0,0.00046898901184623163
79975,0.2385959029197693,0.1227424144744873,131072.0,0.0004689673167008687
80000,0.20611898601055145,0.12788739800453186,131072.0,0.00046894561447682296
80025,0.15471558272838593,0.1540757119655609,131072.0,0.00046892390517480446
80050,0.18471483886241913,0.1202283576130867,131072.0,0.00046890218879552293
80075,0.1446523368358612,0.12686078250408173,131072.0,0.0004688804653396885
80100,0.2181224524974823,0.11765062808990479,131072.0,0.0004688587348080117
80125,0.15054073929786682,0.10259021818637848,131072.0,0.0004688369972012031
80150,0.17742937803268433,0.12301325052976608,131072.0,0.00046881525251997344
80175,0.21031591296195984,0.128777876496315,131072.0,0.00046879350076503383
80200,0.29284587502479553,0.1064653992652893,262144.0,0.0004687717419370956
80225,0.22582300007343292,0.11408507823944092,262144.0,0.00046874997603687027
80250,0.1965363472700119,0.12527841329574585,262144.0,0.00046872820306506966
80275,0.14000029861927032,0.10249309241771698,262144.0,0.00046870642302240573
80300,0.17802661657333374,0.10520941019058228,262144.0,0.0004686846359095905
80325,0.24265266954898834,0.10247968882322311,262144.0,0.0004686628417273368
80350,0.23694148659706116,0.1044081300497055,262144.0,0.000468641040476357
80375,0.15906332433223724,0.2522784471511841,262144.0,0.0004686192321573642
80400,0.19740289449691772,0.08422505110502243,262144.0,0.00046859741677107166
80425,0.1900392323732376,0.1043984517455101,262144.0,0.0004685755943181925
80450,0.17464642226696014,0.11759679019451141,262144.0,0.00046855376479944044
80475,0.1390141099691391,0.08917621523141861,262144.0,0.0004685319282155294
80500,0.19095833599567413,0.10342110693454742,262144.0,0.00046851008456717336
80525,0.1490345299243927,0.10669832676649094,262144.0,0.0004684882338550867
80550,0.1755008101463318,0.10818764567375183,262144.0,0.00046846637607998384
80575,0.11305372416973114,0.1970870941877365,262144.0,0.0004684445112425796
80600,0.17706970870494843,0.10132942348718643,262144.0,0.0004684226393435891
80625,0.2106463611125946,0.11355600506067276,262144.0,0.0004684007603837275
80650,0.1652180254459381,0.10193643718957901,262144.0,0.0004683788743637101
80675,0.11269411444664001,0.12110041081905365,262144.0,0.0004683569812842529
80700,0.19118180871009827,0.11663088202476501,262144.0,0.0004683350811460716
80725,0.19114843010902405,0.09106875211000443,262144.0,0.0004683131739498824
80750,0.23406703770160675,0.09981575608253479,262144.0,0.00046829125969640166
80775,0.2107437700033188,0.08988991379737854,262144.0,0.0004682693383863461
80800,0.3160507380962372,0.10009020566940308,262144.0,0.0004682474100204325
80825,0.1201532632112503,0.11952859908342361,262144.0,0.00046822547459937804
80850,0.3081834316253662,0.1243496984243393,262144.0,0.00046820353212389973
80875,0.13026706874370575,0.121885284781456,262144.0,0.0004681815825947155
80900,0.18800310790538788,0.19091597199440002,262144.0,0.0004681596260125428
80925,0.23670467734336853,0.12089952081441879,262144.0,0.0004681376623780998
80950,0.18200498819351196,0.12085011601448059,262144.0,0.00046811569169210476
80975,0.15607920289039612,0.12293440103530884,262144.0,0.0004680937139552759
81000,0.18514664471149445,0.10184156894683838,262144.0,0.00046807172916833224
81025,0.23301243782043457,0.10114289075136185,262144.0,0.0004680497373319925
81050,0.19779904186725616,0.13630209863185883,262144.0,0.00046802773844697586
81075,0.21408821642398834,0.11217952519655228,262144.0,0.00046800573251400184
81100,0.17450936138629913,0.12364418059587479,262144.0,0.00046798371953378975
81125,0.2391284704208374,0.14275138080120087,262144.0,0.0004679616995070599
81150,0.24720056354999542,0.11341248452663422,262144.0,0.00046793967243453184
81175,0.19546391069889069,0.12316106259822845,262144.0,0.0004679176383169262
81200,0.15038429200649261,0.09726712107658386,262144.0,0.0004678955971549634
81225,0.21191422641277313,0.1187688559293747,262144.0,0.0004678735489493643
81250,0.175282821059227,0.12733818590641022,262144.0,0.00046785149370084987
81275,0.17832566797733307,0.13148967921733856,262144.0,0.00046782943141014134
81300,0.23310667276382446,0.12755391001701355,262144.0,0.00046780736207796
81325,0.16239753365516663,0.10488256067037582,262144.0,0.0004677852857050279
81350,0.18245567381381989,0.11634289473295212,262144.0,0.00046776320229206656
81375,0.260485976934433,0.12585775554180145,262144.0,0.00046774111183979847
81400,0.19958998262882233,0.10479395091533661,262144.0,0.0004677190143489457
81425,0.1263813078403473,0.1159612163901329,262144.0,0.000467696909820231
81450,0.1694190800189972,0.14581185579299927,262144.0,0.0004676747982543773
81475,0.127041757106781,0.1084451675415039,262144.0,0.0004676526796521076
81500,0.17634791135787964,0.09596969187259674,262144.0,0.000467630554014145
81525,0.2591840922832489,0.0852106437087059,262144.0,0.00046760842134121333
81550,0.16251853108406067,0.12904751300811768,262144.0,0.0004675862816340363
81575,0.1819072663784027,0.10479887574911118,262144.0,0.0004675641348933377
81600,0.13159625232219696,0.12737135589122772,262144.0,0.00046754198111984187
81625,0.15234613418579102,0.11981614679098129,262144.0,0.0004675198203142733
81650,0.24088633060455322,0.09029603004455566,262144.0,0.00046749765247735674
81675,0.20523446798324585,0.14134834706783295,262144.0,0.0004674754776098169
81700,0.23895670473575592,0.10115691274404526,262144.0,0.00046745329571237895
81725,0.19780570268630981,0.09755739569664001,262144.0,0.0004674311067857684
81750,0.16453419625759125,0.10479073226451874,262144.0,0.00046740891083071076
81775,0.20626817643642426,0.10208452492952347,262144.0,0.0004673867078479318
81800,0.19053490459918976,0.12553177773952484,262144.0,0.0004673644978381578
81825,0.1936846226453781,0.11073488742113113,262144.0,0.00046734228080211473
81850,0.2264336347579956,0.12179917842149734,262144.0,0.00046732005674052934
81875,0.1690947413444519,0.09657634049654007,262144.0,0.00046729782565412833
81900,0.1846626102924347,0.12561504542827606,262144.0,0.00046727558754363854
81925,0.16761621832847595,0.1382259875535965,262144.0,0.0004672533424097874
81950,0.14351814985275269,0.09821289032697678,262144.0,0.0004672310902533022
81975,0.16091680526733398,0.1196342408657074,262144.0,0.0004672088310749106
82000,0.2243884950876236,0.09693733602762222,262144.0,0.0004671865648753407
82025,0.13233384490013123,0.10796059668064117,262144.0,0.0004671642916553203
82050,0.13713569939136505,0.13687360286712646,262144.0,0.00046714201141557804
82075,0.1430620700120926,0.08326436579227448,262144.0,0.0004671197241568423
82100,0.16621087491512299,0.1255507916212082,262144.0,0.00046709742987984193
82125,0.19874195754528046,0.12085773050785065,262144.0,0.0004670751285853061
82150,0.29131782054901123,0.13842688500881195,262144.0,0.00046705282027396407
82175,0.14016398787498474,0.11380383372306824,262144.0,0.0004670305049465452
82200,0.243448406457901,0.1406855434179306,524288.0,0.00046700818260377936
82225,0.14183801412582397,0.17223669588565826,524288.0,0.00046698585324639645
82250,0.1460731029510498,0.08657284080982208,524288.0,0.00046696351687512656
82275,0.167221799492836,0.10138685256242752,524288.0,0.00046694117349070034
82300,0.120810367166996,0.11921477317810059,524288.0,0.0004669188230938482
82325,0.16549186408519745,0.13461869955062866,524288.0,0.0004668964656853011
82350,0.18577954173088074,0.10098959505558014,524288.0,0.00046687410126579034
82375,0.11604813486337662,0.09308736771345139,524288.0,0.0004668517298360469
82400,0.277932733297348,0.09758051484823227,524288.0,0.00046682935139680265
82425,0.17933985590934753,0.08897051960229874,524288.0,0.0004668069659487894
82450,0.2117747813463211,0.11184100806713104,524288.0,0.00046678457349273896
82475,0.2194414883852005,0.12029194086790085,524288.0,0.0004667621740293835
82500,0.16611164808273315,0.09325560927391052,524288.0,0.00046673976755945597
82525,0.17316628992557526,0.10794498026371002,524288.0,0.00046671735408368854
82550,0.1686851680278778,0.11461185663938522,524288.0,0.0004666949336028146
82575,0.1853523999452591,0.12451117485761642,524288.0,0.000466672506117567
82600,0.16790707409381866,0.10312576591968536,524288.0,0.0004666500716286794
82625,0.23475831747055054,0.1267356127500534,524288.0,0.00046662763013688517
82650,0.23691508173942566,0.14162896573543549,524288.0,0.00046660518164291835
82675,0.23602159321308136,0.09829964488744736,524288.0,0.0004665827261475129
82700,0.17590683698654175,0.11932799220085144,262144.0,0.0004665602636514032
82725,0.2290153056383133,0.10269659012556076,262144.0,0.00046653779415532396
82750,0.220175102353096,0.10859901458024979,262144.0,0.0004665153176600096
82775,0.29191726446151733,0.10767538100481033,262144.0,0.0004664928341661954
82800,0.18336240947246552,0.10664289444684982,262144.0,0.0004664703436746165
82825,0.17433150112628937,0.10375095158815384,262144.0,0.00046644784618600835
82850,0.226342111825943,0.1016230434179306,262144.0,0.00046642534170110667
82875,0.18029138445854187,0.13020138442516327,262144.0,0.0004664028302206474
82900,0.18411964178085327,0.1173582375049591,262144.0,0.00046638031174536657
82925,0.20186232030391693,0.09889595955610275,262144.0,0.0004663577862760006
82950,0.17506805062294006,0.12148264050483704,262144.0,0.00046633525381328616
82975,0.2377227544784546,0.11686643213033676,262144.0,0.0004663127143579602
83000,0.14821739494800568,0.10467914491891861,262144.0,0.0004662901679107594
83025,0.111670583486557,0.09763319045305252,262144.0,0.0004662676144724215
83050,0.1332016885280609,0.10479907691478729,262144.0,0.00046624505404368376
83075,0.11589623987674713,0.16955313086509705,262144.0,0.00046622248662528377
83100,0.22178113460540771,0.17580075562000275,262144.0,0.00046619991221795985
83125,0.1950877159833908,0.11650334298610687,262144.0,0.00046617733082245
83150,0.2079811841249466,0.1324852705001831,262144.0,0.00046615474243949273
83175,0.22780773043632507,0.13775070011615753,262144.0,0.0004661321470698267
83200,0.13423089683055878,0.10204262286424637,262144.0,0.0004661095447141908
83225,0.09729406237602234,0.09243326634168625,262144.0,0.00046608693537332415
83250,0.1927560269832611,0.14048682153224945,262144.0,0.00046606431904796597
83275,0.23365867137908936,0.1136179193854332,262144.0,0.000466041695738856
83300,0.17489108443260193,0.10693918168544769,262144.0,0.0004660190654467339
83325,0.17770390212535858,0.12727655470371246,262144.0,0.00046599642817233986
83350,0.2555321455001831,0.11406342685222626,262144.0,0.0004659737839164141
83375,0.18756921589374542,0.11188943684101105,262144.0,0.0004659511326796971
83400,0.1787862628698349,0.10044366866350174,262144.0,0.0004659284744629294
83425,0.21758489310741425,0.10812043398618698,262144.0,0.0004659058092668522
83450,0.22273020446300507,0.11832814663648605,262144.0,0.00046588313709220645
83475,0.10812380909919739,0.12599582970142365,262144.0,0.00046586045793973384
83500,0.1645697057247162,0.07699152827262878,262144.0,0.0004658377718101757
83525,0.1902034431695938,0.10843753814697266,262144.0,0.0004658150787042741
83550,0.15993770956993103,0.14993008971214294,262144.0,0.0004657923786227709
83575,0.2023366093635559,0.11323527991771698,262144.0,0.00046576967156640865
83600,0.20823794603347778,0.10485503077507019,262144.0,0.00046574695753592973
83625,0.16262802481651306,0.13278794288635254,262144.0,0.000465724236532077
83650,0.22754840552806854,0.13236656785011292,262144.0,0.00046570150855559353
83675,0.1990007907152176,0.10814964771270752,262144.0,0.00046567877360722236
83700,0.173030823469162,0.0990382507443428,262144.0,0.00046565603168770704
83725,0.17602714896202087,0.12220874428749084,262144.0,0.0004656332827977912
83750,0.1599443405866623,0.11509097367525101,262144.0,0.00046561052693821895
83775,0.12892858684062958,0.10668415576219559,262144.0,0.00046558776410973414
83800,0.13426344096660614,0.10594283789396286,262144.0,0.00046556499431308127
83825,0.13862977921962738,0.11954135447740555,262144.0,0.00046554221754900496
83850,0.20718353986740112,0.10620667785406113,262144.0,0.00046551943381825
83875,0.20492948591709137,0.10005854070186615,262144.0,0.00046549664312156146
83900,0.16955965757369995,0.10554829984903336,262144.0,0.0004654738454596847
83925,0.16831810772418976,0.11185214668512344,262144.0,0.00046545104083336493
83950,0.18908283114433289,0.13095241785049438,262144.0,0.0004654282292433481
83975,0.13454949855804443,0.11437144130468369,262144.0,0.0004654054106903802
84000,0.2050117403268814,0.09881964325904846,262144.0,0.00046538258517520736
84025,0.16010445356369019,0.10945721715688705,262144.0,0.0004653597526985761
84050,0.17451325058937073,0.1059807762503624,262144.0,0.00046533691326123276
84075,0.17998340725898743,0.09788667410612106,262144.0,0.00046531406686392454
84100,0.17417223751544952,0.08571844547986984,262144.0,0.00046529121350739834
84125,0.16028252243995667,0.10651951283216476,262144.0,0.0004652683531924017
84150,0.2452976107597351,0.1139296293258667,262144.0,0.00046524548591968186
84175,0.20236952602863312,0.12155036628246307,262144.0,0.00046522261168998686
84200,0.18817971646785736,0.10220258682966232,262144.0,0.00046519973050406464
84225,0.22225415706634521,0.09941697865724564,262144.0,0.0004651768423626633
84250,0.26936575770378113,0.09714879095554352,262144.0,0.00046515394726653154
84275,0.20897945761680603,0.10641498863697052,262144.0,0.000465131045216418
84300,0.1430458128452301,0.09317190945148468,262144.0,0.00046510813621307136
84325,0.25192272663116455,0.1265760362148285,262144.0,0.000465085220257241
84350,0.17601677775382996,0.14886225759983063,262144.0,0.00046506229734967627
84375,0.16920003294944763,0.09259241074323654,262144.0,0.00046503936749112666
84400,0.1115671768784523,0.11936982721090317,262144.0,0.0004650164306823421
84425,0.2325758934020996,0.11307760328054428,262144.0,0.00046499348692407265
84450,0.2292208969593048,0.09899505227804184,262144.0,0.0004649705362170685
84475,0.16420800983905792,0.10674789547920227,262144.0,0.0004649475785620803
84500,0.15924802422523499,0.12406592071056366,262144.0,0.00046492461395985856
84525,0.1113806739449501,0.12650495767593384,262144.0,0.0004649016424111545
84550,0.2569997310638428,0.11778541654348373,262144.0,0.0004648786639167192
84575,0.17845411598682404,0.09075354784727097,262144.0,0.00046485567847730393
84600,0.1731288582086563,0.10564886033535004,262144.0,0.00046483268609366055
84625,0.18450741469860077,0.09736286848783493,262144.0,0.000464809686766541
84650,0.2277488261461258,0.11758477240800858,262144.0,0.0004647866804966971
84675,0.15120291709899902,0.09848358482122421,262144.0,0.0004647636672848814
84700,0.14252610504627228,0.09481935948133469,262144.0,0.00046474064713184616
84725,0.16764512658119202,0.09893113374710083,262144.0,0.0004647176200383446
84750,0.16195450723171234,0.10413901507854462,262144.0,0.00046469458600512944
84775,0.23370595276355743,0.10375901311635971,262144.0,0.000464671545032954
84800,0.13107170164585114,0.10003264248371124,262144.0,0.00046464849712257153
84825,0.18789049983024597,0.1011963039636612,262144.0,0.0004646254422747361
84850,0.23412242531776428,0.10011555254459381,262144.0,0.00046460238049020135
84875,0.2960661053657532,0.12833485007286072,262144.0,0.0004645793117697216
84900,0.1976943463087082,0.11434921622276306,262144.0,0.0004645562361140509
84925,0.11730144917964935,0.11940255761146545,262144.0,0.00046453315352394426
84950,0.1673838049173355,0.12371248751878738,262144.0,0.0004645100640001562
84975,0.19426457583904266,0.09015078842639923,262144.0,0.00046448696754344186
85000,0.1917598992586136,0.1080460250377655,262144.0,0.0004644638641545567
85025,0.23957177996635437,0.0928911566734314,262144.0,0.00046444075383425586
85050,0.17438998818397522,0.09752990305423737,262144.0,0.00046441763658329536
85075,0.18796640634536743,0.1172047033905983,262144.0,0.00046439451240243106
85100,0.2052873969078064,0.1066456064581871,262144.0,0.00046437138129241907
85125,0.21328026056289673,0.11073435842990875,262144.0,0.0004643482432540159
85150,0.14354023337364197,0.07808063179254532,262144.0,0.00046432509828797815
85175,0.17201904952526093,0.10060518234968185,262144.0,0.0004643019463950627
85200,0.12139315158128738,0.08012609928846359,262144.0,0.0004642787875760267
85225,0.19152799248695374,0.10999560356140137,262144.0,0.0004642556218316272
85250,0.15639714896678925,0.13761445879936218,262144.0,0.00046423244916262205
85275,0.20091404020786285,0.11477872729301453,262144.0,0.0004642092695697689
85300,0.22474075853824615,0.19820469617843628,262144.0,0.00046418608305382576
85325,0.1451456993818283,0.12417126446962357,262144.0,0.0004641628896155507
85350,0.21728864312171936,0.11538774520158768,262144.0,0.0004641396892557024
85375,0.17862388491630554,0.10103854537010193,262144.0,0.00046411648197503945
85400,0.2617374062538147,0.12380661815404892,262144.0,0.0004640932677743207
85425,0.24284493923187256,0.10365596413612366,262144.0,0.0004640700466543053
85450,0.19263820350170135,0.10973308980464935,262144.0,0.0004640468186157527
85475,0.22611166536808014,0.14418739080429077,262144.0,0.0004640235836594222
85500,0.13672547042369843,0.09418018162250519,262144.0,0.00046400034178607395
85525,0.17171511054039001,0.09893222153186798,262144.0,0.0004639770929964677
85550,0.2723805606365204,0.11691564321517944,262144.0,0.00046395383729136387
85575,0.16326038539409637,0.11994543671607971,262144.0,0.000463930574671523
85600,0.22265462577342987,0.11248026043176651,262144.0,0.0004639073051377057
85625,0.10731397569179535,0.1347450613975525,262144.0,0.00046388402869067274
85650,0.1868482381105423,0.13094669580459595,262144.0,0.00046386074533118557
85675,0.13760514557361603,0.1224343478679657,262144.0,0.0004638374550600055
85700,0.15929102897644043,0.11026416718959808,262144.0,0.00046381415787789403
85725,0.22952274978160858,0.09950349479913712,262144.0,0.000463790853785613
85750,0.2380637228488922,0.10539878904819489,262144.0,0.00046376754278392476
85775,0.21318784356117249,0.11604037135839462,262144.0,0.0004637442248735912
85800,0.19173875451087952,0.1632096916437149,262144.0,0.00046372090005537516
85825,0.16327814757823944,0.09277891367673874,262144.0,0.00046369756833003923
85850,0.1326097697019577,0.11736955493688583,262144.0,0.00046367422969834625
85875,0.2057468742132187,0.09174273908138275,262144.0,0.0004636508841610597
85900,0.17108699679374695,0.12479173392057419,262144.0,0.0004636275317189428
85925,0.21099016070365906,0.11685851216316223,262144.0,0.0004636041723727594
85950,0.15226048231124878,0.1031908318400383,262144.0,0.00046358080612327306
85975,0.11469815671443939,0.10476020723581314,262144.0,0.0004635574329712481
86000,0.14012467861175537,0.11591849476099014,262144.0,0.00046353405291744867
86025,0.15177103877067566,0.1560262143611908,262144.0,0.0004635106659626397
86050,0.2233191281557083,0.13381141424179077,262144.0,0.0004634872721075856
86075,0.14323726296424866,0.09056765586137772,262144.0,0.0004634638713530514
86100,0.22002366185188293,0.13506478071212769,262144.0,0.0004634404636998025
86125,0.21588009595870972,0.11701591312885284,262144.0,0.0004634170491486042
86150,0.18149955570697784,0.1416814923286438,262144.0,0.0004633936277002223
86175,0.203565776348114,0.10269172489643097,262144.0,0.0004633701993554226
86200,0.128480464220047,0.10615547746419907,262144.0,0.0004633467641149713
86225,0.12997356057167053,0.12380718439817429,262144.0,0.00046332332197963465
86250,0.22131958603858948,0.0901576578617096,262144.0,0.0004632998729501793
86275,0.18826843798160553,0.10040895640850067,262144.0,0.0004632764170273721
86300,0.20341940224170685,0.1572156697511673,262144.0,0.00046325295421198
86325,0.19059713184833527,0.09853873401880264,262144.0,0.00046322948450477035
86350,0.20235103368759155,0.10223201662302017,262144.0,0.00046320600790651054
86375,0.14152882993221283,0.10692808777093887,262144.0,0.0004631825244179684
86400,0.1658492535352707,0.10300341993570328,262144.0,0.00046315903403991167
86425,0.2643533945083618,0.10122596472501755,262144.0,0.0004631355367731085
86450,0.1573401540517807,0.10077499598264694,262144.0,0.0004631120326183277
86475,0.25026968121528625,0.13498155772686005,262144.0,0.0004630885215763373
86500,0.128486767411232,0.11372830718755722,262144.0,0.0004630650036479064
86525,0.19140547513961792,0.11012859642505646,262144.0,0.0004630414788338041
86550,0.18862394988536835,0.18087394535541534,262144.0,0.00046301794713479976
86575,0.13929171860218048,0.08949393779039383,262144.0,0.0004629944085516626
86600,0.1602737307548523,0.11798106133937836,262144.0,0.0004629708630851626
86625,0.28528615832328796,0.1178278923034668,262144.0,0.00046294731073606964
86650,0.1812579482793808,0.10381162166595459,262144.0,0.0004629237515051538
86675,0.17343369126319885,0.11375723034143448,262144.0,0.00046290018539318564
86700,0.23078984022140503,0.12456230819225311,524288.0,0.00046287661240093577
86725,0.16631752252578735,0.08712645620107651,524288.0,0.000462853032529175
86750,0.15635117888450623,0.10628397762775421,524288.0,0.00046282944577867444
86775,0.2067984789609909,0.09040340781211853,524288.0,0.0004628058521502054
86800,0.1751723736524582,0.10978098213672638,524288.0,0.00046278225164453937
86825,0.2730797231197357,0.10412963479757309,262144.0,0.00046275864426244815
86850,0.14015161991119385,0.12185799330472946,262144.0,0.0004627350300047037
86875,0.14567559957504272,0.1142306998372078,262144.0,0.00046271140887207827
86900,0.12668125331401825,0.09669673442840576,262144.0,0.0004626877808653444
86925,0.27946704626083374,0.11162053793668747,262144.0,0.00046266414598527443
86950,0.1598026305437088,0.10257037729024887,262144.0,0.0004626405042326415
86975,0.16276125609874725,0.10545522719621658,262144.0,0.0004626168556082186
87000,0.17688824236392975,0.1156892478466034,262144.0,0.0004625932001127792
87025,0.20389685034751892,0.0930204689502716,262144.0,0.0004625695377470967
87050,0.16841766238212585,0.1537802666425705,262144.0,0.00046254586851194495
87075,0.19187046587467194,0.09359633922576904,262144.0,0.00046252219240809796
87100,0.2792743146419525,0.10933831334114075,262144.0,0.00046249850943633
87125,0.15542517602443695,0.14031702280044556,262144.0,0.00046247481959741537
87150,0.17554838955402374,0.09037388116121292,262144.0,0.0004624511228921289
87175,0.14398160576820374,0.14443792402744293,262144.0,0.0004624274193212456
87200,0.2106425017118454,0.11397073417901993,262144.0,0.0004624037088855403
87225,0.1714208871126175,0.11664734780788422,262144.0,0.00046237999158578854
87250,0.18985427916049957,0.10605271905660629,262144.0,0.0004623562674227659
87275,0.24427491426467896,0.11071900278329849,262144.0,0.00046233253639724805
87300,0.21642722189426422,0.13441422581672668,262144.0,0.00046230879851001113
87325,0.19707506895065308,0.11787249147891998,262144.0,0.00046228505376183146
87350,0.14612703025341034,0.12174322456121445,262144.0,0.00046226130215348534
87375,0.17363955080509186,0.0962333232164383,262144.0,0.0004622375436857495
87400,0.23989668488502502,0.12739406526088715,262144.0,0.0004622137783594011
87425,0.23385390639305115,0.1097034215927124,262144.0,0.0004621900061752171
87450,0.19256776571273804,0.11597049981355667,262144.0,0.00046216622713397473
87475,0.11397720128297806,0.09793660789728165,262144.0,0.00046214244123645186
87500,0.31482958793640137,0.15756310522556305,262144.0,0.000462118648483426
87525,0.17016509175300598,0.12979282438755035,262144.0,0.0004620948488756756
87550,0.16165469586849213,0.11570125818252563,262144.0,0.0004620710424139787
87575,0.1990414708852768,0.11218832433223724,262144.0,0.00046204722909911364
87600,0.27894672751426697,0.11967398971319199,262144.0,0.00046202340893185945
87625,0.20467621088027954,0.11971248686313629,262144.0,0.00046199958191299494
87650,0.20016194880008698,0.0987057015299797,262144.0,0.00046197574804329917
87675,0.1441691368818283,0.10817462205886841,262144.0,0.00046195190732355174
87700,0.15591666102409363,0.11006756126880646,262144.0,0.000461928059754532
87725,0.21693210303783417,0.09325123578310013,262144.0,0.0004619042053370201
87750,0.2786097228527069,0.09673407673835754,262144.0,0.0004618803440717957
87775,0.2071865051984787,0.1271582692861557,262144.0,0.0004618564759596395
87800,0.11132366955280304,0.1169235110282898,262144.0,0.0004618326010013318
87825,0.15049996972084045,0.1222030520439148,262144.0,0.00046180871919765333
87850,0.21326471865177155,0.08887085318565369,262144.0,0.0004617848305493852
87875,0.26709070801734924,0.1302712857723236,262144.0,0.00046176093505730835
87900,0.17562955617904663,0.12875810265541077,262144.0,0.00046173703272220433
87925,0.18347838521003723,0.13678184151649475,262144.0,0.00046171312354485473
87950,0.2025875747203827,0.09650640934705734,262144.0,0.0004616892075260414
87975,0.2559465765953064,0.11033457517623901,262144.0,0.0004616652846665465
88000,0.1996312439441681,0.10053634643554688,262144.0,0.0004616413549671523
88025,0.1844060868024826,0.1198059618473053,262144.0,0.0004616174184286411
88050,0.19565345346927643,0.11655429750680923,262144.0,0.000461593475051796
88075,0.19702251255512238,0.09996780008077621,262144.0,0.00046156952483739983
88100,0.22756461799144745,0.14756399393081665,262144.0,0.0004615455677862358
88125,0.17381392419338226,0.10634635388851166,262144.0,0.0004615216038990871
88150,0.13328704237937927,0.09115142375230789,262144.0,0.0004614976331767376
88175,0.17117908596992493,0.10492216795682907,262144.0,0.0004614736556199711
88200,0.23976269364356995,0.13967327773571014,262144.0,0.00046144967122957177
88225,0.14227406680583954,0.09635289013385773,262144.0,0.00046142568000632383
88250,0.20826707780361176,0.1787324994802475,262144.0,0.0004614016819510119
88275,0.2491103857755661,0.10332447290420532,262144.0,0.00046137767706442065
88300,0.18058624863624573,0.12448696047067642,262144.0,0.00046135366534733513
88325,0.2294439673423767,0.14552296698093414,262144.0,0.0004613296468005405
88350,0.17974361777305603,0.09888532757759094,262144.0,0.00046130562142482226
88375,0.15489894151687622,0.0999339148402214,262144.0,0.0004612815892209659
88400,0.24044163525104523,0.13890396058559418,262144.0,0.00046125755018975743
88425,0.216062992811203,0.09147422760725021,262144.0,0.00046123350433198293
88450,0.12833790481090546,0.18144851922988892,262144.0,0.00046120945164842875
88475,0.14480221271514893,0.10336849838495255,262144.0,0.0004611853921398813
88500,0.1728948950767517,0.09239140897989273,262144.0,0.00046116132580712767
88525,0.1747157871723175,0.10299394279718399,262144.0,0.0004611372526509544
88550,0.2677808105945587,0.10828738659620285,262144.0,0.000461113172672149
88575,0.15403909981250763,0.09745059907436371,262144.0,0.00046108908587149885
88600,0.1827322542667389,0.11460397392511368,262144.0,0.0004610649922497916
88625,0.235011488199234,0.11927555501461029,262144.0,0.000461040891807815
88650,0.18891148269176483,0.08478434383869171,262144.0,0.0004610167845463576
88675,0.24207013845443726,0.16907434165477753,262144.0,0.00046099267046620715
88700,0.30498963594436646,0.09444217383861542,262144.0,0.00046096854956815256
88725,0.20933398604393005,0.11094938218593597,262144.0,0.0004609444218529826
88750,0.1674722135066986,0.0888209417462349,262144.0,0.000460920287321486
88775,0.15841875970363617,0.11433137953281403,262144.0,0.00046089614597445233
88800,0.2352624237537384,0.09583781659603119,262144.0,0.0004608719978126708
88825,0.18716509640216827,0.11155155301094055,524288.0,0.0004608478428369312
88850,0.21792252361774445,0.12156596779823303,524288.0,0.0004608236810480233
88875,0.15170632302761078,0.11879536509513855,524288.0,0.00046079951244673735
88900,0.2168513834476471,0.10663364827632904,524288.0,0.0004607753370338636
88925,0.20418788492679596,0.09315621852874756,524288.0,0.00046075115481019257
88950,0.14675816893577576,0.10600928217172623,524288.0,0.0004607269657765152
88975,0.1836639940738678,0.14735040068626404,524288.0,0.00046070276993362235
89000,0.19409619271755219,0.11085768789052963,524288.0,0.00046067856728230534
89025,0.32350704073905945,0.10615498572587967,524288.0,0.0004606543578233554
89050,0.23515817523002625,0.10307250916957855,524288.0,0.0004606301415575646
89075,0.19459523260593414,0.0930318683385849,524288.0,0.0004606059184857245
89100,0.15527912974357605,0.0778515413403511,524288.0,0.00046058168860862726
89125,0.19045747816562653,0.08658692240715027,524288.0,0.0004605574519270654
89150,0.24965660274028778,0.12088888138532639,524288.0,0.00046053320844183124
89175,0.24763457477092743,0.09891333431005478,524288.0,0.00046050895815371776
89200,0.3030673563480377,0.11639353632926941,524288.0,0.00046048470106351794
89225,0.10768964141607285,0.111827552318573,524288.0,0.00046046043717202486
89250,0.17857596278190613,0.11195439100265503,524288.0,0.0004604361664800321
89275,0.18105164170265198,0.11803548783063889,524288.0,0.00046041188898833334
89300,0.09005013108253479,0.10852964222431183,524288.0,0.00046038760469772243
89325,0.1552894115447998,0.1107368990778923,524288.0,0.0004603633136089936
89350,0.15031090378761292,0.10620782524347305,524288.0,0.000460339015722941
89375,0.25491952896118164,0.1209147572517395,524288.0,0.0004603147110403594
89400,0.12859126925468445,0.12122724950313568,524288.0,0.00046029039956204325
89425,0.21805386245250702,0.12636160850524902,524288.0,0.00046026608128878807
89450,0.18074533343315125,0.13993865251541138,524288.0,0.0004602417562213886
89475,0.18265202641487122,0.12053777277469635,524288.0,0.00046021742436064056
89500,0.16455501317977905,0.09146150201559067,524288.0,0.0004601930857073396
89525,0.289110004901886,0.10953572392463684,524288.0,0.00046016874026228154
89550,0.1648070365190506,0.10481163114309311,524288.0,0.0004601443880262626
89575,0.19076679646968842,0.10564122349023819,524288.0,0.00046012002900007904
89600,0.22722169756889343,0.07977703213691711,524288.0,0.0004600956631845273
89625,0.19516435265541077,0.10450263321399689,262144.0,0.0004600712905804044
89650,0.19188186526298523,0.14110545814037323,262144.0,0.0004600469111885072
89675,0.18936045467853546,0.10165559500455856,262144.0,0.00046002252500963313
89700,0.1294826716184616,0.12011615186929703,262144.0,0.0004599981320445793
89725,0.20118127763271332,0.106561578810215,262144.0,0.0004599737322941437
89750,0.31877565383911133,0.10855329781770706,262144.0,0.0004599493257591241
89775,0.13036377727985382,0.1019415482878685,262144.0,0.0004599249124403185
89800,0.1899985820055008,0.11910291761159897,262144.0,0.0004599004923385256
89825,0.16649632155895233,0.1276385337114334,262144.0,0.00045987606545454355
89850,0.18355189263820648,0.10945920646190643,262144.0,0.00045985163178917116
89875,0.16094215214252472,0.19405151903629303,262144.0,0.0004598271913432077
89900,0.2226778268814087,0.10294650495052338,262144.0,0.0004598027441174524
89925,0.17267946898937225,0.11395203322172165,262144.0,0.00045977829011270446
89950,0.12427926063537598,0.10804338753223419,262144.0,0.00045975382932976364
89975,0.26364436745643616,0.15155306458473206,262144.0,0.0004597293617694298
90000,0.14873290061950684,0.10919006168842316,262144.0,0.0004597048874325032
90025,0.14211736619472504,0.10923434793949127,262144.0,0.00045968040631978393
90050,0.18585282564163208,0.13954387605190277,262144.0,0.0004596559184320728
90075,0.2032487541437149,0.10096877068281174,262144.0,0.00045963142377017054
90100,0.14364010095596313,0.08908423781394958,262144.0,0.00045960692233487806
90125,0.1855260282754898,0.11149382591247559,262144.0,0.0004595824141269966
90150,0.18134553730487823,0.09466762095689774,262144.0,0.00045955789914732753
90175,0.18845997750759125,0.09663880616426468,262144.0,0.0004595333773966727
90200,0.19831936061382294,0.08261612057685852,262144.0,0.00045950884887583374
90225,0.15178270637989044,0.16417446732521057,262144.0,0.000459484313585613
90250,0.13071541488170624,0.11009223759174347,262144.0,0.0004594597715268127
90275,0.27521732449531555,0.11122343689203262,262144.0,0.0004594352227002353
90300,0.20948690176010132,0.10186176002025604,262144.0,0.00045941066710668374
90325,0.19088110327720642,0.10126445442438126,262144.0,0.000459386104746961
90350,0.19235393404960632,0.09368595480918884,262144.0,0.0004593615356218702
90375,0.16602717339992523,0.09484171122312546,262144.0,0.00045933695973221473
90400,0.13283869624137878,0.1156805008649826,262144.0,0.0004593123770787982
90425,0.196146160364151,0.11176542937755585,262144.0,0.0004592877876624248
90450,0.21343092620372772,0.0895976573228836,262144.0,0.0004592631914838984
90475,0.18298521637916565,0.22326596081256866,262144.0,0.00045923858854402335
90500,0.15313643217086792,0.12521129846572876,262144.0,0.0004592139788436042
90525,0.1459922343492508,0.10618802160024643,262144.0,0.0004591893623834456
90550,0.1676444709300995,0.0983925312757492,262144.0,0.0004591647391643527
90575,0.167576864361763,0.10085223615169525,262144.0,0.00045914010918713055
90600,0.1668267846107483,0.09997369349002838,262144.0,0.0004591154724525846
90625,0.16917699575424194,0.11454974114894867,262144.0,0.0004590908289615208
90650,0.13362863659858704,0.1059328094124794,262144.0,0.0004590661787147445
90675,0.15556371212005615,0.0920208990573883,262144.0,0.00045904152171306217
90700,0.19481025636196136,0.12171654403209686,262144.0,0.00045901685795727995
90725,0.15041494369506836,0.11906775832176208,262144.0,0.0004589921874482044
90750,0.12423010915517807,0.14553353190422058,262144.0,0.0004589675101866424
90775,0.15947739779949188,0.15108723938465118,262144.0,0.0004589428261734007
90800,0.24608731269836426,0.10160303860902786,262144.0,0.0004589181354092866
90825,0.21966779232025146,0.14175206422805786,262144.0,0.0004588934378951074
90850,0.11415795236825943,0.10148803889751434,262144.0,0.00045886873363167095
90875,0.1595897376537323,0.11262563616037369,262144.0,0.000458844022619785
90900,0.19227871298789978,0.09923926740884781,262144.0,0.0004588193048602575
90925,0.28183022141456604,0.10685086995363235,262144.0,0.00045879458035389694
90950,0.1469254195690155,0.18758313357830048,262144.0,0.00045876984910151174
90975,0.224237322807312,0.10822849720716476,262144.0,0.0004587451111039105
91000,0.17920078337192535,0.1228891983628273,262144.0,0.0004587203663619025
91025,0.18146730959415436,0.08229340612888336,262144.0,0.00045869561487629665
91050,0.14610618352890015,0.1290874481201172,262144.0,0.0004586708566479025
91075,0.14911754429340363,0.09878624230623245,262144.0,0.00045864609167752945
91100,0.12512700259685516,0.11173529922962189,262144.0,0.0004586213199659876
91125,0.20768104493618011,0.13463252782821655,262144.0,0.0004585965415140868
91150,0.3125905692577362,0.12304124981164932,262144.0,0.0004585717563226375
91175,0.19029618799686432,0.11514386534690857,262144.0,0.0004585469643924501
91200,0.17832981050014496,0.10619837790727615,262144.0,0.0004585221657243353
91225,0.25094395875930786,0.120697982609272,262144.0,0.00045849736031910413
91250,0.3364056348800659,0.12983539700508118,262144.0,0.00045847254817756765
91275,0.15948806703090668,0.10873262584209442,262144.0,0.0004584477293005373
91300,0.18182221055030823,0.08830507844686508,131072.0,0.0004584229036888247
91325,0.12294626981019974,0.09962920099496841,131072.0,0.00045839807134324153
91350,0.1466490924358368,0.09829038381576538,131072.0,0.00045837323226460006
91375,0.15785235166549683,0.10043887794017792,131072.0,0.00045834838645371237
91400,0.2664467692375183,0.09610623866319656,131072.0,0.0004583235339113911
91425,0.15065231919288635,0.11412324011325836,131072.0,0.0004582986746384487
91450,0.10868334770202637,0.11031131446361542,131072.0,0.0004582738086356983
91475,0.15445148944854736,0.08885997533798218,131072.0,0.0004582489359039529
91500,0.14712105691432953,0.09559973329305649,131072.0,0.0004582240564440261
91525,0.15417584776878357,0.11415714770555496,131072.0,0.00045819917025673125
91550,0.2041793018579483,0.11598894745111465,131072.0,0.00045817427734288227
91575,0.16195707023143768,0.10952414572238922,131072.0,0.0004581493777032931
91600,0.24272462725639343,0.13896839320659637,131072.0,0.0004581244713387781
91625,0.1906726062297821,0.13534080982208252,131072.0,0.00045809955825015146
91650,0.2171541452407837,0.15387366712093353,131072.0,0.0004580746384382282
91675,0.20212529599666595,0.0918208435177803,131072.0,0.0004580497119038231
91700,0.15788041055202484,0.10653027147054672,131072.0,0.0004580247786477512
91725,0.21792201697826385,0.08550067991018295,131072.0,0.0004579998386708279
91750,0.183433398604393,0.10197911411523819,131072.0,0.0004579748919738687
91775,0.17654310166835785,0.10468589514493942,131072.0,0.0004579499385576896
91800,0.17307928204536438,0.1366582065820694,131072.0,0.0004579249784231062
91825,0.1508762538433075,0.09531514346599579,131072.0,0.0004579000115709351
91850,0.15857134759426117,0.09947402775287628,131072.0,0.00045787503800199256
91875,0.18618734180927277,0.15837007761001587,131072.0,0.00045785005771709536
91900,0.3128882944583893,0.09533201158046722,131072.0,0.0004578250707170601
91925,0.18198804557323456,0.09886489808559418,131072.0,0.00045780007700270436
91950,0.20908279716968536,0.12043937295675278,131072.0,0.0004577750765748449
91975,0.1307513266801834,0.07762197405099869,131072.0,0.0004577500694342996
92000,0.19330736994743347,0.10239499062299728,131072.0,0.00045772505558188623
92025,0.19614101946353912,0.09560554474592209,131072.0,0.0004577000350184227
92050,0.1935812085866928,0.09342702478170395,131072.0,0.00045767500774472695
92075,0.20656375586986542,0.12689463794231415,131072.0,0.0004576499737616179
92100,0.28387609124183655,0.09435135871171951,131072.0,0.00045762493306991377
92125,0.18819087743759155,0.10681748390197754,131072.0,0.0004575998856704336
92150,0.15423274040222168,0.08420075476169586,131072.0,0.00045757483156399646
92175,0.14377284049987793,0.09198075532913208,131072.0,0.0004575497707514216
92200,0.16064080595970154,0.0978248193860054,131072.0,0.00045752470323352844
92225,0.19216282665729523,0.19684743881225586,131072.0,0.00045749962901113684
92250,0.1773093342781067,0.203155055642128,131072.0,0.00045747454808506673
92275,0.1599331945180893,0.08156386762857437,131072.0,0.0004574494604561383
92300,0.17488126456737518,0.09550897777080536,131072.0,0.00045742436612517185
92325,0.14116166532039642,0.0746096819639206,131072.0,0.00045739926509298813
92350,0.19907285273075104,0.10076291114091873,131072.0,0.0004573741573604078
92375,0.1747318059206009,0.14222700893878937,131072.0,0.0004573490429282521
92400,0.17820195853710175,0.09768470376729965,131072.0,0.000457323921797342
92425,0.23533691465854645,0.08891650289297104,131072.0,0.0004572987939684992
92450,0.17872995138168335,0.15307724475860596,131072.0,0.00045727365944254545
92475,0.1191018670797348,0.09575767815113068,131072.0,0.0004572485182203026
92500,0.16242854297161102,0.08353147655725479,131072.0,0.0004572233703025927
92525,0.20870719850063324,0.09791994094848633,131072.0,0.00045719821569023837
92550,0.11213863641023636,0.09153984487056732,131072.0,0.0004571730543840618
92575,0.13824240863323212,0.10372595489025116,131072.0,0.00045714788638488615
92600,0.19227074086666107,0.0990978255867958,131072.0,0.00045712271169353415
92625,0.12401355803012848,0.11955077946186066,131072.0,0.0004570975303108293
92650,0.16994351148605347,0.09802776575088501,131072.0,0.0004570723422375948
92675,0.19817277789115906,0.09436549991369247,131072.0,0.00045704714747465464
92700,0.14102061092853546,0.10209158807992935,131072.0,0.00045702194602283234
92725,0.14353302121162415,0.12052907794713974,131072.0,0.00045699673788295237
92750,0.17508986592292786,0.0892641693353653,131072.0,0.0004569715230558388
92775,0.13886727392673492,0.12085261940956116,131072.0,0.00045694630154231625
92800,0.2904290556907654,0.10105284303426743,131072.0,0.00045692107334320954
92825,0.13039013743400574,0.11281551420688629,131072.0,0.00045689583845934354
92850,0.1786927878856659,0.11503931134939194,131072.0,0.00045687059689154363
92875,0.2684486508369446,0.1081102043390274,131072.0,0.0004568453486406351
92900,0.2004576474428177,0.1172313243150711,131072.0,0.0004568200937074436
92925,0.20559029281139374,0.11113368719816208,131072.0,0.000456794832092795
92950,0.13617967069149017,0.10526873171329498,131072.0,0.0004567695637975154
92975,0.1489289402961731,0.09090570360422134,131072.0,0.0004567442888224311
93000,0.18120957911014557,0.09762930870056152,131072.0,0.00045671900716836856
93025,0.13037510216236115,0.10504782944917679,131072.0,0.00045669371883615454
93050,0.22570526599884033,0.10701178759336472,131072.0,0.00045666842382661614
93075,0.1528993844985962,0.12620961666107178,131072.0,0.0004566431221405803
93100,0.19269661605358124,0.09549210220575333,131072.0,0.0004566178137788746
93125,0.17661088705062866,0.1285938173532486,131072.0,0.0004565924987423264
93150,0.22661849856376648,0.1121649369597435,131072.0,0.0004565671770317638
93175,0.19124232232570648,0.09712070226669312,131072.0,0.00045654184864801474
93200,0.13372988998889923,0.1072411835193634,131072.0,0.0004565165135919074
93225,0.2083849310874939,0.10168956965208054,131072.0,0.00045649117186427027
93250,0.14821872115135193,0.08766539394855499,131072.0,0.0004564658234659322
93275,0.15407903492450714,0.10498910397291183,131072.0,0.000456440468397722
93300,0.1788342148065567,0.08979479968547821,262144.0,0.00045641510666046887
93325,0.26471301913261414,0.07863198220729828,262144.0,0.000456389738255002
93350,0.24682284891605377,0.11474171280860901,262144.0,0.0004563643631821511
93375,0.15344396233558655,0.09363600611686707,262144.0,0.0004563389814427459
93400,0.16577956080436707,0.0970691666007042,262144.0,0.0004563135930376165
93425,0.15941528975963593,0.08011813461780548,262144.0,0.0004562881979675931
93450,0.11290798336267471,0.10879828035831451,262144.0,0.00045626279623350597
93475,0.14947950839996338,0.1083056628704071,262144.0,0.0004562373878361859
93500,0.18389321863651276,0.10674570500850677,262144.0,0.0004562119727764639
93525,0.2100030779838562,0.09598853439092636,262144.0,0.00045618655105517087
93550,0.22457416355609894,0.11400116235017776,262144.0,0.0004561611226731382
93575,0.18342798948287964,0.09273702651262283,262144.0,0.00045613568763119735
93600,0.13191349804401398,0.11106400936841965,262144.0,0.0004561102459301802
93625,0.13120515644550323,0.10210971534252167,262144.0,0.0004560847975709186
93650,0.15516363084316254,0.10324286669492722,262144.0,0.00045605934255424477
93675,0.22980886697769165,0.0989670529961586,262144.0,0.0004560338808809911
93700,0.2271318882703781,0.14896135032176971,262144.0,0.00045600841255199033
93725,0.11833043396472931,0.1169612780213356,262144.0,0.0004559829375680751
93750,0.22389408946037292,0.0923742800951004,262144.0,0.0004559574559300787
93775,0.1974303126335144,0.11363514512777328,262144.0,0.0004559319676388341
93800,0.1503545343875885,0.14707516133785248,262144.0,0.0004559064726951751
93825,0.166667640209198,0.11436605453491211,262144.0,0.00045588097109993525
93850,0.14152613282203674,0.12150771170854568,262144.0,0.00045585546285394844
93875,0.17320838570594788,0.12356036901473999,262144.0,0.000455829947958049
93900,0.16145670413970947,0.11116679012775421,262144.0,0.00045580442641307095
93925,0.1787921041250229,0.08693645149469376,262144.0,0.0004557788982198492
93950,0.18349137902259827,0.09329196065664291,262144.0,0.00045575336337921846
93975,0.13990549743175507,0.10989600419998169,262144.0,0.00045572782189201366
94000,0.1494866907596588,0.08676149696111679,262144.0,0.00045570227375907015
94025,0.15402314066886902,0.09989090263843536,262144.0,0.0004556767189812232
94050,0.33041563630104065,0.10015903413295746,262144.0,0.0004556511575593086
94075,0.24307963252067566,0.09360610693693161,262144.0,0.0004556255894941622
94100,0.1654776781797409,0.08538910746574402,262144.0,0.00045560001478662013
94125,0.17032600939273834,0.10468129813671112,262144.0,0.0004555744334375187
94150,0.19653788208961487,0.11280398815870285,262144.0,0.00045554884544769456
94175,0.27510830760002136,0.12185011804103851,262144.0,0.00045552325081798416
94200,0.19782452285289764,0.09552449733018875,262144.0,0.0004554976495492246
94225,0.16435512900352478,0.10890140384435654,262144.0,0.00045547204164225324
94250,0.21984057128429413,0.10174360126256943,262144.0,0.0004554464270979073
94275,0.20877668261528015,0.09348191320896149,262144.0,0.0004554208059170246
94300,0.19264031946659088,0.16424301266670227,262144.0,0.0004553951781004426
94325,0.1556001752614975,0.11676697432994843,262144.0,0.0004553695436489996
94350,0.24949195981025696,0.07453522831201553,262144.0,0.000455343902563534
94375,0.1554545760154724,0.09427186101675034,262144.0,0.00045531825484488404
94400,0.1460038721561432,0.11526566743850708,262144.0,0.00045529260049388844
94425,0.1920851618051529,0.09936279058456421,262144.0,0.00045526693951138635
94450,0.1270419955253601,0.09237132221460342,262144.0,0.0004552412718982167
94475,0.23695304989814758,0.12204357981681824,262144.0,0.0004552155976552189
94500,0.13391517102718353,0.0988013967871666,262144.0,0.0004551899167832326
94525,0.14317074418067932,0.09235434234142303,262144.0,0.0004551642292830974
94550,0.2194911539554596,0.10713770240545273,262144.0,0.0004551385351556535
94575,0.15506969392299652,0.09847370535135269,262144.0,0.00045511283440174104
94600,0.21526439487934113,0.09155861288309097,262144.0,0.00045508712702220044
94625,0.1887805163860321,0.10537375509738922,262144.0,0.0004550614130178724
94650,0.19547303020954132,0.10874300450086594,262144.0,0.00045503569238959765
94675,0.21892787516117096,0.09554459899663925,262144.0,0.0004550099651382175
94700,0.1483188271522522,0.09972040355205536,262144.0,0.00045498423126457316
94725,0.22008614242076874,0.09992611408233643,262144.0,0.00045495849076950613
94750,0.22169917821884155,0.10571072995662689,262144.0,0.0004549327436538581
94775,0.2558140456676483,0.09392087161540985,262144.0,0.0004549069899184713
94800,0.11596542596817017,0.10687215626239777,262144.0,0.00045488122956418735
94825,0.24058499932289124,0.10991445183753967,262144.0,0.0004548554625918492
94850,0.13017776608467102,0.12555618584156036,262144.0,0.00045482968900229924
94875,0.2058817446231842,0.12800459563732147,262144.0,0.00045480390879638026
94900,0.10765954852104187,0.09786584228277206,262144.0,0.0004547781219749352
94925,0.21017374098300934,0.1040327250957489,262144.0,0.00045475232853880754
94950,0.20618070662021637,0.096176378428936,262144.0,0.0004547265284888406
94975,0.15729355812072754,0.09327960014343262,262144.0,0.0004547007218258781
95000,0.1690293401479721,0.09114304184913635,262144.0,0.00045467490855076394
95025,0.18272720277309418,0.10940681397914886,262144.0,0.0004546490886643423
95050,0.16712799668312073,0.08596489578485489,262144.0,0.00045462326216745737
95075,0.14507441222667694,0.08884910494089127,262144.0,0.00045459742906095386
95100,0.23462370038032532,0.10359807312488556,262144.0,0.00045457158934567645
95125,0.16631141304969788,0.11776981502771378,262144.0,0.0004545457430224701
95150,0.1868066042661667,0.0902877151966095,262144.0,0.0004545198900921801
95175,0.15396857261657715,0.16160830855369568,262144.0,0.0004544940305556518
95200,0.12357553839683533,0.11375503987073898,262144.0,0.00045446816441373065
95225,0.22271795570850372,0.08543117344379425,262144.0,0.000454442291667263
95250,0.15623405575752258,0.09801027923822403,262144.0,0.0004544164123170945
95275,0.18085525929927826,0.11268655955791473,262144.0,0.00045439052636407146
95300,0.17325586080551147,0.11245333403348923,524288.0,0.0004543646338090404
95325,0.20530185103416443,0.11243893206119537,524288.0,0.0004543387346528482
95350,0.14385190606117249,0.12737207114696503,524288.0,0.0004543128288963416
95375,0.182512104511261,0.09288080036640167,524288.0,0.0004542869165403679
95400,0.22855453193187714,0.09419181197881699,524288.0,0.00045426099758577425
95425,0.23067200183868408,0.09543824195861816,524288.0,0.0004542350720334083
95450,0.1820250302553177,0.10617032647132874,262144.0,0.00045420913988411803
95475,0.2162061631679535,0.08942941576242447,262144.0,0.00045418320113875115
95500,0.15977375209331512,0.102920301258564,262144.0,0.0004541572557981561
95525,0.15012946724891663,0.10242663323879242,262144.0,0.00045413130386318123
95550,0.20771218836307526,0.10784154385328293,262144.0,0.00045410534533467525
95575,0.20382897555828094,0.12729761004447937,262144.0,0.00045407938021348686
95600,0.1908876597881317,0.08654405921697617,262144.0,0.00045405340850046533
95625,0.09020202606916428,0.10443995147943497,262144.0,0.00045402743019645997
95650,0.18048931658267975,0.1262591928243637,262144.0,0.0004540014453023201
95675,0.1941547691822052,0.09982426464557648,262144.0,0.00045397545381889557
95700,0.1554882824420929,0.10290366411209106,262144.0,0.00045394945574703645
95725,0.15620246529579163,0.10037988424301147,262144.0,0.0004539234510875927
95750,0.20977255702018738,0.09475085884332657,262144.0,0.0004538974398414147
95775,0.2083318680524826,0.09416938573122025,262144.0,0.00045387142200935325
95800,0.24513700604438782,0.10245504230260849,262144.0,0.00045384539759225895
95825,0.2451796531677246,0.12727828323841095,262144.0,0.00045381936659098283
95850,0.2272074818611145,0.13849841058254242,262144.0,0.00045379332900637626
95875,0.1603507548570633,0.09420973807573318,262144.0,0.0004537672848392906
95900,0.17710274457931519,0.09879209101200104,262144.0,0.00045374123409057756
95925,0.14794275164604187,0.17933697998523712,262144.0,0.000453715176761089
95950,0.1746121495962143,0.1280842423439026,262144.0,0.00045368911285167707
95975,0.1826975792646408,0.10117138177156448,262144.0,0.00045366304236319404
96000,0.21550090610980988,0.10714224725961685,262144.0,0.00045363696529649236
96025,0.32501405477523804,0.09583394974470139,262144.0,0.00045361088165242486
96050,0.13677556812763214,0.08177617937326431,262144.0,0.0004535847914318446
96075,0.1863979697227478,0.10683182626962662,262144.0,0.0004535586946356046
96100,0.169972762465477,0.14985540509223938,262144.0,0.00045353259126455824
96125,0.1942799985408783,0.11614663153886795,262144.0,0.0004535064813195591
96150,0.15481799840927124,0.10352372378110886,262144.0,0.0004534803648014613
96175,0.15984360873699188,0.0903284102678299,262144.0,0.00045345424171111857
96200,0.2245488315820694,0.12070523202419281,262144.0,0.00045342811204938515
96225,0.18928071856498718,0.09809703379869461,262144.0,0.0004534019758171156
96250,0.18878716230392456,0.08838801831007004,262144.0,0.00045337583301516477
96275,0.1989385187625885,0.10823433101177216,262144.0,0.0004533496836443872
96300,0.24361497163772583,0.09862637519836426,262144.0,0.0004533235277056384
96325,0.2373161017894745,0.11263943463563919,262144.0,0.0004532973651997733
96350,0.1057613268494606,0.10111802071332932,262144.0,0.0004532711961276477
96375,0.16669242084026337,0.096319280564785,262144.0,0.00045324502049011716
96400,0.20273849368095398,0.08247172087430954,262144.0,0.0004532188382880377
96425,0.19343754649162292,0.11641239374876022,262144.0,0.00045319264952226566
96450,0.1467771977186203,0.06706361472606659,262144.0,0.00045316645419365737
96475,0.2207183539867401,0.09354796260595322,262144.0,0.0004531402523030694
96500,0.244501531124115,0.09810586273670197,262144.0,0.00045311404385135854
96525,0.180313378572464,0.08125732839107513,262144.0,0.00045308782883938186
96550,0.1708049476146698,0.0977918952703476,262144.0,0.0004530616072679967
96575,0.1558017134666443,0.10746224969625473,262144.0,0.0004530353791380604
96600,0.20283453166484833,0.09183856099843979,262144.0,0.0004530091444504307
96625,0.14031098783016205,0.09555912017822266,262144.0,0.00045298290320596547
96650,0.13598409295082092,0.09781590104103088,262144.0,0.00045295665540552284
96675,0.16651496291160583,0.10367200523614883,262144.0,0.0004529304010499612
96700,0.25936323404312134,0.10679864138364792,262144.0,0.000452904140140139
96725,0.15972110629081726,0.10936333984136581,262144.0,0.0004528778726769151
96750,0.20674258470535278,0.18901829421520233,262144.0,0.0004528515986611484
96775,0.21074925363063812,0.1064097210764885,262144.0,0.00045282531809369804
96800,0.24655203521251678,0.10019584000110626,262144.0,0.00045279903097542355
96825,0.23356159031391144,0.11860522627830505,262144.0,0.0004527727373071843
96850,0.1804073005914688,0.11777635663747787,262144.0,0.00045274643708984047
96875,0.1690816432237625,0.11275884509086609,262144.0,0.0004527201303242519
96900,0.17073924839496613,0.08020160347223282,262144.0,0.0004526938170112787
96925,0.23261678218841553,0.09670798480510712,262144.0,0.0004526674971517817
96950,0.18401311337947845,0.10247515141963959,262144.0,0.0004526411707466212
96975,0.12897996604442596,0.12477465718984604,262144.0,0.0004526148377966584
97000,0.18528322875499725,0.13719306886196136,262144.0,0.00045258849830275423
97025,0.16406935453414917,0.15137624740600586,262144.0,0.0004525621522657701
97050,0.13983167707920074,0.1163262352347374,262144.0,0.0004525357996865676
97075,0.18739570677280426,0.08911546319723129,262144.0,0.0004525094405660083
97100,0.08560320734977722,0.12485035508871078,262144.0,0.00045248307490495447
97125,0.16145047545433044,0.10627181828022003,262144.0,0.00045245670270426783
97150,0.14510896801948547,0.0816795751452446,262144.0,0.0004524303239648112
97175,0.15285250544548035,0.10183209180831909,262144.0,0.000452403938687447
97200,0.1377287060022354,0.15251216292381287,262144.0,0.00045237754687303813
97225,0.1562803089618683,0.0761127844452858,262144.0,0.0004523511485224476
97250,0.14443489909172058,0.1201820895075798,262144.0,0.0004523247436365386
97275,0.18186679482460022,0.12659713625907898,262144.0,0.0004522983322161746
97300,0.179818794131279,0.0934017226099968,262144.0,0.00045227191426221934
97325,0.1326708048582077,0.08928635716438293,262144.0,0.00045224548977553674
97350,0.17474038898944855,0.09430984407663345,262144.0,0.00045221905875699093
97375,0.17729412019252777,0.11097400635480881,262144.0,0.000452192621207446
97400,0.18702010810375214,0.09708017855882645,262144.0,0.00045216617712776677
97425,0.16993537545204163,0.12927363812923431,262144.0,0.00045213972651881776
97450,0.1555776447057724,0.11386989057064056,524288.0,0.0004521132693814641
97475,0.23394730687141418,0.1109747439622879,524288.0,0.00045208680571657075
97500,0.18306252360343933,0.0941704735159874,524288.0,0.0004520603355250034
97525,0.2001924067735672,0.10890303552150726,524288.0,0.0004520338588076274
97550,0.18543554842472076,0.11884725838899612,524288.0,0.00045200737556530855
97575,0.1576671600341797,0.10659345984458923,524288.0,0.0004519808857989131
97600,0.19806522130966187,0.1006530150771141,524288.0,0.00045195438950930715
97625,0.15871399641036987,0.09782618284225464,524288.0,0.0004519278866973572
97650,0.17511393129825592,0.10890284180641174,524288.0,0.00045190137736392976
97675,0.09953384846448898,0.12210549414157867,524288.0,0.000451874861509892
97700,0.22258703410625458,0.11225435882806778,524288.0,0.00045184833913611077
97725,0.2880447804927826,0.10659272223711014,524288.0,0.0004518218102434533
97750,0.24898827075958252,0.238311767578125,524288.0,0.0004517952748327874
97775,0.22166892886161804,0.10329543054103851,524288.0,0.0004517687329049808
97800,0.18439941108226776,0.0879216268658638,524288.0,0.00045174218446090113
97825,0.19049187004566193,0.10150200873613358,524288.0,0.0004517156295014168
97850,0.17219987511634827,0.10452813655138016,524288.0,0.0004516890680273961
97875,0.23015454411506653,0.08986298739910126,524288.0,0.0004516625000397076
97900,0.12803210318088531,0.11044850945472717,524288.0,0.00045163592553922006
97925,0.18437400460243225,0.0986664891242981,524288.0,0.0004516093445268027
97950,0.10653845220804214,0.0897010788321495,524288.0,0.00045158275700332446
97975,0.2273831069469452,0.09268347173929214,524288.0,0.000451556162969655
98000,0.15742318332195282,0.10016407817602158,524288.0,0.000451529562426664
98025,0.22264403104782104,0.1412905901670456,524288.0,0.0004515029553752209
98050,0.1478676199913025,0.0938623920083046,524288.0,0.00045147634181619636
98075,0.23709945380687714,0.10117059201002121,524288.0,0.0004514497217504602
98100,0.16696259379386902,0.10284645110368729,524288.0,0.0004514230951788832
98125,0.18020620942115784,0.11275945603847504,524288.0,0.000451396462102336
98150,0.09768491238355637,0.13203375041484833,524288.0,0.0004513698225216895
98175,0.2787071168422699,0.09622044116258621,524288.0,0.0004513431764378148
98200,0.17569367587566376,0.11979208886623383,524288.0,0.0004513165238515834
98225,0.17638495564460754,0.1142663061618805,524288.0,0.00045128986476386675
98250,0.1729278266429901,0.08346595615148544,524288.0,0.00045126319917553656
98275,0.11759818345308304,0.13301433622837067,524288.0,0.000451236527087465
98300,0.15241003036499023,0.12760287523269653,524288.0,0.00045120984850052407
98325,0.2133363038301468,0.11307302117347717,524288.0,0.0004511831634155863
98350,0.22452351450920105,0.08947905153036118,524288.0,0.00045115647183352443
98375,0.26475873589515686,0.10645072907209396,524288.0,0.000451129773755211
98400,0.17956417798995972,0.09570217877626419,524288.0,0.0004511030691815194
98425,0.22050395607948303,0.08567691594362259,524288.0,0.0004510763581133227
98450,0.1588449478149414,0.12667697668075562,524288.0,0.0004510496405514943
98475,0.18148736655712128,0.1007535457611084,524288.0,0.00045102291649690813
98500,0.18491068482398987,0.11304273456335068,524288.0,0.0004509961859504379
98525,0.10457275807857513,0.09879932552576065,262144.0,0.0004509694489129578
98550,0.16861380636692047,0.09251608699560165,262144.0,0.0004509427053853422
98575,0.1910136342048645,0.11783014982938766,262144.0,0.00045091595536846547
98600,0.20415392518043518,0.11228878796100616,262144.0,0.0004508891988632025
98625,0.16925594210624695,0.10444384813308716,262144.0,0.0004508624358704282
98650,0.19673283398151398,0.10592885315418243,262144.0,0.00045083566639101785
98675,0.1814766526222229,0.13501571118831635,262144.0,0.00045080889042584663
98700,0.15634816884994507,0.09425009042024612,262144.0,0.0004507821079757903
98725,0.08980771899223328,0.0795571357011795,262144.0,0.00045075531904172474
98750,0.24651266634464264,0.12465520203113556,262144.0,0.00045072852362452575
98775,0.21926942467689514,0.09792132675647736,262144.0,0.0004507017217250697
98800,0.14433234930038452,0.07964388281106949,262144.0,0.000450674913344233
98825,0.13416260480880737,0.12078305333852768,262144.0,0.00045064809848289247
98850,0.24753740429878235,0.10504019260406494,262144.0,0.00045062127714192476
98875,0.1701117306947708,0.08575431257486343,262144.0,0.0004505944493222069
98900,0.14610624313354492,0.0999411940574646,262144.0,0.0004505676150246165
98925,0.18592198193073273,0.11172716319561005,262144.0,0.0004505407742500307
98950,0.09192540496587753,0.10108715295791626,262144.0,0.00045051392699932755
98975,0.18350346386432648,0.12620477378368378,262144.0,0.00045048707327338477
99000,0.18872497975826263,0.08509477972984314,262144.0,0.0004504602130730805
99025,0.12406657636165619,0.08451594412326813,262144.0,0.00045043334639929323
99050,0.1730925738811493,0.09408220648765564,262144.0,0.00045040647325290153
99075,0.22158637642860413,0.11598490178585052,262144.0,0.00045037959363478395
99100,0.1365194320678711,0.1188741996884346,262144.0,0.0004503527075458198
99125,0.23223714530467987,0.09030402451753616,262144.0,0.0004503258149868879
99150,0.16019418835639954,0.11737643927335739,262144.0,0.00045029891595886796
99175,0.2020370364189148,0.092483751475811,262144.0,0.0004502720104626395
99200,0.20113833248615265,0.11564615368843079,262144.0,0.0004502450984990824
99225,0.1426512449979782,0.11955391615629196,262144.0,0.00045021818006907673
99250,0.11795073747634888,0.11510508507490158,262144.0,0.00045019125517350257
99275,0.12709800899028778,0.10973360389471054,262144.0,0.0004501643238132405
99300,0.18104729056358337,0.10439235717058182,262144.0,0.0004501373859891713
99325,0.14675311744213104,0.12521396577358246,262144.0,0.0004501104417021757
99350,0.3090840280056,0.08729463815689087,262144.0,0.00045008349095313496
99375,0.16136324405670166,0.08055885136127472,262144.0,0.00045005653374293017
99400,0.18156205117702484,0.09501855820417404,262144.0,0.00045002957007244315
99425,0.21904738247394562,0.09310941398143768,262144.0,0.00045000259994255534
99450,0.20041997730731964,0.10193520039319992,262144.0,0.000449975623354149
99475,0.21806223690509796,0.09732872992753983,262144.0,0.000449948640308106
99500,0.11101992428302765,0.09942259639501572,262144.0,0.0004499216508053089
99525,0.11985702812671661,0.08973236382007599,262144.0,0.00044989465484664013
99550,0.16166935861110687,0.12760987877845764,262144.0,0.0004498676524329826
99575,0.14252479374408722,0.10138172656297684,262144.0,0.0004498406435652192
99600,0.19739243388175964,0.08472582697868347,262144.0,0.00044981362824423335
99625,0.19474151730537415,0.11960466206073761,262144.0,0.00044978660647090836
99650,0.18133309483528137,0.08729004859924316,262144.0,0.0004497595782461277
99675,0.22130157053470612,0.0966368317604065,262144.0,0.0004497325435707756
99700,0.2064831703901291,0.12161275744438171,262144.0,0.00044970550244573563
99725,0.2113257795572281,0.08025789260864258,262144.0,0.00044967845487189255
99750,0.15585339069366455,0.11336230486631393,262144.0,0.0004496514008501306
99775,0.16563473641872406,0.09700671583414078,262144.0,0.0004496243403813343
99800,0.2530010938644409,0.09907527267932892,262144.0,0.00044959727346638895
99825,0.14218436181545258,0.10861363261938095,262144.0,0.00044957020010617934
99850,0.17900937795639038,0.09431633353233337,262144.0,0.0004495431203015909
99875,0.11870819330215454,0.08290626853704453,262144.0,0.00044951603405350926
99900,0.13872943818569183,0.09202232211828232,262144.0,0.00044948894136281995
99925,0.15257225930690765,0.1185595765709877,262144.0,0.0004494618422304092
99950,0.16207687556743622,0.10071250796318054,262144.0,0.00044943473665716297
99975,0.1900450885295868,0.09399406611919403,262144.0,0.00044940762464396766
100000,0.19680802524089813,0.08082897216081619,262144.0,0.00044938050619170984
100025,0.18860594928264618,0.098416768014431,262144.0,0.0004493533813012765
100050,0.20370851457118988,0.09619524329900742,262144.0,0.00044932624997355444
100075,0.142066091299057,0.12487155199050903,262144.0,0.000449299112209431
100100,0.161712646484375,0.08843305706977844,262144.0,0.0004492719680097936
100125,0.19351167976856232,0.09095057845115662,262144.0,0.00044924481737552974
100150,0.13684973120689392,0.09826718270778656,262144.0,0.0004492176603075274
100175,0.2464282065629959,0.12145832180976868,262144.0,0.00044919049680667466
100200,0.22453513741493225,0.086337611079216,262144.0,0.00044916332687385967
100225,0.1980949193239212,0.09343033283948898,262144.0,0.0004491361505099711
100250,0.13585355877876282,0.11655779182910919,262144.0,0.00044910896771589747
100275,0.1488800346851349,0.08615429699420929,262144.0,0.00044908177849252765
100300,0.16492609679698944,0.11801132559776306,262144.0,0.00044905458284075103
100325,0.19512520730495453,0.10690382868051529,262144.0,0.00044902738076145666
100350,0.17233671247959137,0.09337980300188065,262144.0,0.0004490001722555342
100375,0.17995230853557587,0.09738463908433914,262144.0,0.00044897295732387323
100400,0.13599978387355804,0.10623006522655487,262144.0,0.000448945735967364
100425,0.16976214945316315,0.11883345991373062,262144.0,0.00044891850818689645
100450,0.1696271151304245,0.08868785202503204,262144.0,0.000448891273983361
100475,0.15222154557704926,0.14424222707748413,262144.0,0.0004488640333576482
100500,0.1411595344543457,0.10503003746271133,262144.0,0.0004488367863106489
100525,0.09114588052034378,0.09210323542356491,524288.0,0.0004488095328432542
100550,0.19745919108390808,0.11821825802326202,524288.0,0.00044878227295635506
100575,0.21966955065727234,0.09683295339345932,524288.0,0.0004487550066508431
100600,0.2237788885831833,0.08702008426189423,524288.0,0.00044872773392760993
100625,0.16700111329555511,0.10044939070940018,524288.0,0.0004487004547875473
100650,0.17004862427711487,0.08685547858476639,524288.0,0.0004486731692315474
100675,0.18770156800746918,0.09903360903263092,524288.0,0.0004486458772605023
100700,0.20732519030570984,0.08836881816387177,524288.0,0.0004486185788753048
100725,0.1890891045331955,0.10309479385614395,524288.0,0.0004485912740768473
100750,0.13064885139465332,0.10004711151123047,524288.0,0.00044856396286602267
100775,0.27340489625930786,0.12818188965320587,524288.0,0.00044853664524372415
100800,0.1619197577238083,0.0911547839641571,524288.0,0.00044850932121084507
100825,0.2280919998884201,0.10029034316539764,524288.0,0.00044848199076827887
100850,0.17104105651378632,0.10848505049943924,524288.0,0.0004484546539169192
100875,0.17707225680351257,0.1578223705291748,524288.0,0.0004484273106576602
100900,0.17848683893680573,0.09246274828910828,524288.0,0.00044839996099139593
100925,0.13227415084838867,0.09598993510007858,524288.0,0.0004483726049190208
100950,0.1358790397644043,0.10642273724079132,524288.0,0.0004483452424414292
100975,0.1329086571931839,0.10880535840988159,524288.0,0.00044831787355951606
101000,0.17518483102321625,0.14681513607501984,524288.0,0.0004482904982741765
101025,0.1814906895160675,0.09817332029342651,524288.0,0.00044826311658630535
101050,0.16925686597824097,0.09735380113124847,524288.0,0.0004482357284967983
101075,0.22391599416732788,0.11645113676786423,524288.0,0.0004482083340065509
101100,0.17204178869724274,0.110071562230587,524288.0,0.00044818093311645906
101125,0.1747484654188156,0.08674272894859314,524288.0,0.0004481535258274185
101150,0.20838633179664612,0.09662121534347534,524288.0,0.00044812611214032586
101175,0.21044009923934937,0.09075203537940979,524288.0,0.00044809869205607734
101200,0.17110665142536163,0.14114178717136383,524288.0,0.0004480712655755697
101225,0.17330510914325714,0.11536459624767303,524288.0,0.0004480438326996998
101250,0.13301560282707214,0.10222028195858002,524288.0,0.00044801639342936474
101275,0.1668931096792221,0.13364267349243164,524288.0,0.00044798894776546173
101300,0.2288929522037506,0.11698206514120102,524288.0,0.00044796149570888825
101325,0.17829027771949768,inf,262144.0,0.00044793403726054213
101350,0.25821372866630554,0.09661946445703506,262144.0,0.0004479065724213213
101375,0.18987935781478882,0.13795624673366547,262144.0,0.0004478791011921239
101400,0.2544670104980469,0.09751881659030914,262144.0,0.0004478516235738479
101425,0.16298429667949677,0.10610618442296982,262144.0,0.0004478241395673924
101450,0.23829132318496704,0.10883684456348419,262144.0,0.0004477966491736557
101475,0.1618533581495285,0.14175084233283997,262144.0,0.000447769152393537
101500,0.22081100940704346,0.08695903420448303,262144.0,0.00044774164922793544
101525,0.2284582108259201,0.08422069996595383,262144.0,0.00044771413967775037
101550,0.2273515909910202,0.11257049441337585,262144.0,0.0004476866237438814
101575,0.179656520485878,0.08633530139923096,262144.0,0.00044765910142722826
101600,0.13972601294517517,0.09790343791246414,262144.0,0.00044763157272869095
101625,0.18297718465328217,0.10547921061515808,262144.0,0.00044760403764916985
101650,0.12165161967277527,0.12195874005556107,262144.0,0.0004475764961895652
101675,0.20854058861732483,0.09530732780694962,262144.0,0.0004475489483507778
101700,0.16885226964950562,0.11082279682159424,262144.0,0.00044752139413370824
101725,0.18057186901569366,0.113190658390522,262144.0,0.0004474938335392578
101750,0.160352885723114,0.11583328247070312,262144.0,0.0004474662665683276
101775,0.20657047629356384,0.09811609983444214,262144.0,0.0004474386932218192
101800,0.19815221428871155,0.09634324163198471,262144.0,0.0004474111135006343
101825,0.1768503338098526,0.0800197422504425,262144.0,0.00044738352740567467
101850,0.20459720492362976,0.11292681097984314,262144.0,0.0004473559349378424
101875,0.2176918387413025,0.12191525101661682,262144.0,0.00044732833609803984
101900,0.1848974972963333,0.13849471509456635,262144.0,0.0004473007308871695
101925,0.13163813948631287,0.10724511742591858,262144.0,0.0004472731193061341
101950,0.23503658175468445,0.10665612667798996,262144.0,0.00044724550135583676
101975,0.19683749973773956,0.14132559299468994,262144.0,0.0004472178770371801
102000,0.2292390763759613,0.08738540858030319,262144.0,0.00044719024635106794
102025,0.14181894063949585,0.09151510894298553,262144.0,0.0004471626092984035
102050,0.17086155712604523,0.10980774462223053,262144.0,0.0004471349658800908
102075,0.1289079785346985,0.0843312069773674,262144.0,0.0004471073160970337
102100,0.25069597363471985,0.10664786398410797,262144.0,0.0004470796599501364
102125,0.20638009905815125,0.09694719314575195,262144.0,0.00044705199744030316
102150,0.1967497318983078,0.12573599815368652,262144.0,0.0004470243285684389
102175,0.2970919609069824,0.10225501656532288,262144.0,0.000446996653335448
102200,0.14004278182983398,0.07642359286546707,262144.0,0.00044696897174223557
102225,0.17085056006908417,0.08651557564735413,262144.0,0.0004469412837897071
102250,0.2044052630662918,0.0942167267203331,262144.0,0.00044691358947876773
102275,0.21731960773468018,0.09745557606220245,262144.0,0.00044688588881032314
102300,0.21838080883026123,0.1140872985124588,262144.0,0.00044685818178527933
102325,0.1462341845035553,0.0960564836859703,262144.0,0.000446830468404542
102350,0.13503633439540863,0.12489695847034454,262144.0,0.00044680274866901784
102375,0.1758858859539032,0.12220382690429688,262144.0,0.00044677502257961293
102400,0.168991357088089,0.08126086741685867,262144.0,0.00044674729013723406
102425,0.16627198457717896,0.08915717154741287,262144.0,0.00044671955134278836
102450,0.19355076551437378,0.10682427883148193,262144.0,0.00044669180619718267
102475,0.20052532851696014,0.10100100189447403,262144.0,0.0004466640547013242
102500,0.19108663499355316,0.12218665331602097,262144.0,0.0004466362968561206
102525,0.14532844722270966,0.10736940801143646,262144.0,0.00044660853266247964
102550,0.1836121827363968,0.10894089937210083,262144.0,0.00044658076212130896
102575,0.14481239020824432,0.09364344924688339,262144.0,0.00044655298523351697
102600,0.13047468662261963,0.11738131195306778,262144.0,0.0004465252020000118
102625,0.14365728199481964,0.09004601836204529,262144.0,0.00044649741242170217
102650,0.13094022870063782,0.09045131504535675,262144.0,0.00044646961649949675
102675,0.19855602085590363,0.09957355260848999,262144.0,0.0004464418142343044
102700,0.19838586449623108,0.11716464161872864,262144.0,0.0004464140056270344
102725,0.18574149906635284,0.08763927221298218,262144.0,0.0004463861906785961
102750,0.19566284120082855,0.08240296691656113,262144.0,0.00044635836938989904
102775,0.20680293440818787,0.09321445226669312,262144.0,0.00044633054176185287
102800,0.20506450533866882,0.08471933752298355,262144.0,0.0004463027077953678
102825,0.1645408570766449,0.09248945116996765,262144.0,0.00044627486749135406
102850,0.2545292377471924,0.1400497704744339,262144.0,0.0004462470208507218
102875,0.19173291325569153,0.10822061449289322,262144.0,0.00044621916787438175
102900,0.12394160777330399,0.08332757651805878,262144.0,0.0004461913085632448
102925,0.20536549389362335,0.11420804262161255,262144.0,0.0004461634429182219
102950,0.22305898368358612,0.10916087031364441,262144.0,0.00044613557094022447
102975,0.1442987322807312,0.07696337252855301,262144.0,0.0004461076926301637
103000,0.12423009425401688,0.1020675003528595,262144.0,0.0004460798079889512
103025,0.20817075669765472,0.09246662259101868,262144.0,0.0004460519170174989
103050,0.15864297747612,0.14780224859714508,262144.0,0.0004460240197167191
103075,0.20342881977558136,0.094523124396801,262144.0,0.00044599611608752386
103100,0.23220603168010712,0.0956135243177414,262144.0,0.0004459682061308256
103125,0.12167204171419144,0.07986970990896225,262144.0,0.0004459402898475371
103150,0.30122703313827515,0.10195080935955048,262144.0,0.00044591236723857117
103175,0.17854589223861694,0.09231481701135635,262144.0,0.00044588443830484095
103200,0.22542692720890045,0.11236956715583801,262144.0,0.0004458565030472599
103225,0.23119314014911652,0.11272579431533813,262144.0,0.0004458285614667411
103250,0.27038711309432983,0.10489870607852936,262144.0,0.0004458006135641988
103275,0.18097621202468872,0.1669713407754898,262144.0,0.0004457726593405465
103300,0.1896931529045105,0.09750178456306458,262144.0,0.00044574469879669855
103325,0.2816450595855713,0.10374480485916138,524288.0,0.0004457167319335693
103350,0.11258994042873383,0.12009021639823914,524288.0,0.00044568875875207307
103375,0.15186278522014618,0.084974505007267,524288.0,0.00044566077925312493
103400,0.2869032621383667,0.09056263417005539,524288.0,0.0004456327934376395
103425,0.1585443764925003,0.12983213365077972,524288.0,0.00044560480130653214
103450,0.11933771520853043,0.08327198773622513,524288.0,0.00044557680286071833
103475,0.17770329117774963,inf,262144.0,0.00044554879810111334
103500,0.19231988489627838,0.11499543488025665,262144.0,0.0004455207870286331
103525,0.15700572729110718,0.08938528597354889,262144.0,0.0004454927696441937
103550,0.16312210261821747,0.10510903596878052,262144.0,0.0004454647459487113
103575,0.149540975689888,0.09985766559839249,262144.0,0.0004454367159431021
103600,0.19208721816539764,0.10749787092208862,262144.0,0.0004454086796282829
103625,0.17590683698654175,0.08966304361820221,262144.0,0.00044538063700517056
103650,0.11748183518648148,0.11172100156545639,262144.0,0.00044535258807468193
103675,0.23649175465106964,0.09807808697223663,262144.0,0.0004453245328377343
103700,0.1773848682641983,0.09971165657043457,262144.0,0.0004452964712952452
103725,0.24451155960559845,0.13641242682933807,262144.0,0.0004452684034481321
103750,0.2750224769115448,0.10634046792984009,262144.0,0.0004452403292973129
103775,0.15275727212429047,0.11911444365978241,262144.0,0.00044521224884370585
103800,0.21200701594352722,0.09405720233917236,262144.0,0.0004451841620882288
103825,0.22233030200004578,0.08276493847370148,262144.0,0.0004451560690318005
103850,0.18556824326515198,0.11200600117444992,262144.0,0.0004451279696753398
103875,0.12382867187261581,0.1321621835231781,262144.0,0.00044509986401976515
103900,0.18228155374526978,0.10353638976812363,262144.0,0.00044507175206599586
103925,0.1488988846540451,0.11206499487161636,262144.0,0.0004450436338149511
103950,0.14068618416786194,0.11820397526025772,262144.0,0.00044501550926755054
103975,0.25261473655700684,0.09259277582168579,262144.0,0.0004449873784247137
104000,0.18857139348983765,0.11098586022853851,262144.0,0.0004449592412873607
104025,0.2383374571800232,0.10668662190437317,262144.0,0.0004449310978564115
104050,0.21218593418598175,0.09111842513084412,262144.0,0.0004449029481327863
104075,0.17176462709903717,0.1062239408493042,262144.0,0.00044487479211740595
104100,0.1374593824148178,0.08337370306253433,262144.0,0.0004448466298111908
104125,0.1826428472995758,0.08921480178833008,262144.0,0.0004448184612150621
104150,0.21400544047355652,0.11351169645786285,262144.0,0.00044479028632994074
104175,0.21671275794506073,0.11193366348743439,262144.0,0.00044476210515674824
104200,0.14654219150543213,0.10064299404621124,262144.0,0.000444733917696406
104225,0.19280488789081573,0.12218068540096283,262144.0,0.0004447057239498361
104250,0.18166151642799377,0.10965871065855026,262144.0,0.00044467752391796016
104275,0.14914719760417938,0.11312271654605865,262144.0,0.0004446493176017004
104300,0.1250712275505066,0.08963428437709808,262144.0,0.00044462110500197925
104325,0.15656828880310059,0.10835346579551697,262144.0,0.0004445928861197194
104350,0.1512090265750885,0.10411541908979416,262144.0,0.00044456466095584344
104375,0.28757232427597046,0.11049453169107437,262144.0,0.0004445364295112744
104400,0.28639453649520874,0.09893385320901871,262144.0,0.0004445081917869356
104425,0.18037398159503937,0.1151701956987381,262144.0,0.00044447994778375037
104450,0.1652182638645172,0.10302320122718811,262144.0,0.00044445169750264224
104475,0.14341235160827637,0.1434389352798462,262144.0,0.00044442344094453506
104500,0.17146240174770355,0.11556904017925262,262144.0,0.00044439517811035295
104525,0.15481846034526825,0.11859831213951111,262144.0,0.00044436690900102004
104550,0.2284206748008728,0.11070352792739868,262144.0,0.00044433863361746087
104575,0.10344485193490982,0.1143542006611824,262144.0,0.00044431035196059967
104600,0.24854204058647156,0.08687131851911545,262144.0,0.0004442820640313618
104625,0.16442446410655975,0.11225330084562302,262144.0,0.00044425376983067195
104650,0.1826942265033722,0.10366305708885193,262144.0,0.0004442254693594556
104675,0.21029619872570038,0.11721987277269363,262144.0,0.00044419716261863797
104700,0.16818128526210785,0.0792994499206543,262144.0,0.00044416884960914497
104725,0.15654487907886505,0.09605907648801804,262144.0,0.00044414053033190224
104750,0.09042374044656754,0.08462928980588913,262144.0,0.00044411220478783614
104775,0.11979851126670837,0.0935058668255806,262144.0,0.0004440838729778725
104800,0.2687719464302063,0.14132221043109894,262144.0,0.0004440555349029381
104825,0.18700779974460602,0.11471834778785706,262144.0,0.0004440271905639596
104850,0.12443830817937851,0.09285599738359451,262144.0,0.00044399883996186376
104875,0.13244926929473877,0.1093432679772377,262144.0,0.00044397048309757797
104900,0.12902043759822845,0.08697225153446198,262144.0,0.00044394211997202896
104925,0.1885058730840683,0.09590386599302292,262144.0,0.0004439137505861448
104950,0.12416285276412964,0.09622155129909515,262144.0,0.0004438853749408529
104975,0.18107305467128754,0.09107310324907303,262144.0,0.00044385699303708134
105000,0.15998278558254242,0.12045519053936005,262144.0,0.00044382860487575816
105025,0.19100043177604675,0.11674025654792786,262144.0,0.0004438002104578116
105050,0.2086351066827774,0.08691810816526413,262144.0,0.0004437718097841703
105075,0.1615210473537445,0.08005355298519135,262144.0,0.00044374340285576277
105100,0.13975279033184052,0.08832570910453796,262144.0,0.00044371498967351827
105125,0.22144167125225067,0.09203924238681793,262144.0,0.0004436865702383658
105150,0.17185565829277039,0.09701189398765564,262144.0,0.00044365814455123463
105175,0.28421056270599365,0.10226808488368988,262144.0,0.00044362971261305425
105200,0.14845797419548035,0.11564449965953827,262144.0,0.0004436012744247546
105225,0.1136222779750824,0.10350406914949417,262144.0,0.0004435728299872656
105250,0.19209954142570496,0.1008264422416687,262144.0,0.00044354437930151715
105275,0.2197479009628296,0.11341938376426697,262144.0,0.00044351592236844005
105300,0.21075250208377838,0.10947204381227493,262144.0,0.0004434874591889645
105325,0.23168203234672546,0.08615870028734207,262144.0,0.0004434589897640215
105350,0.16342034935951233,0.12476453185081482,262144.0,0.0004434305140945419
105375,0.18423710763454437,0.10610449314117432,262144.0,0.00044340203218145696
105400,0.11298474669456482,0.09322220832109451,262144.0,0.00044337354402569786
105425,0.19946728646755219,0.10112306475639343,262144.0,0.00044334504962819667
105450,0.17644640803337097,0.1065211072564125,262144.0,0.0004433165489898845
105475,0.160171777009964,0.11490202695131302,524288.0,0.00044328804211169387
105500,0.1488610953092575,0.13015247881412506,524288.0,0.0004432595289945569
105525,0.21790127456188202,0.09442391246557236,524288.0,0.0004432310096394059
105550,0.18327897787094116,0.0951167568564415,524288.0,0.0004432024840471735
105575,0.17086513340473175,0.09346454590559006,262144.0,0.0004431739522187924
105600,0.15497061610221863,0.09924592822790146,262144.0,0.00044314541415519586
105625,0.13540975749492645,0.13023200631141663,262144.0,0.00044311686985731694
105650,0.18811796605587006,0.07441569119691849,262144.0,0.0004430883193260891
105675,0.20921450853347778,0.09086937457323074,262144.0,0.00044305976256244596
105700,0.220245361328125,0.09334233403205872,262144.0,0.00044303119956732136
105725,0.14407047629356384,0.0927196517586708,262144.0,0.0004430026303416492
105750,0.14323216676712036,0.09948860853910446,262144.0,0.0004429740548863642
105775,0.14514324069023132,0.10660623013973236,262144.0,0.0004429454732024002
105800,0.15977254509925842,0.08679969608783722,262144.0,0.00044291688529069217
105825,0.09735458344221115,0.09994860738515854,262144.0,0.0004428882911521748
105850,0.23983646929264069,0.09201458841562271,262144.0,0.0004428596907877833
105875,0.18254362046718597,0.10246024280786514,262144.0,0.000442831084198453
105900,0.16977648437023163,0.08754194527864456,262144.0,0.00044280247138511904
105925,0.17791597545146942,0.09867679327726364,262144.0,0.0004427738523487174
105950,0.18261829018592834,0.1150084137916565,262144.0,0.0004427452270901839
105975,0.21945366263389587,0.1295977532863617,262144.0,0.00044271659561045436
106000,0.24842631816864014,0.13102716207504272,262144.0,0.0004426879579104653
106025,0.15278322994709015,0.07901106774806976,262144.0,0.0004426593139911532
106050,0.1382170468568802,0.11127230525016785,262144.0,0.00044263066385345475
106075,0.15968218445777893,0.10395398736000061,262144.0,0.00044260200749830667
106100,0.24573354423046112,0.09798091650009155,262144.0,0.0004425733449266461
106125,0.1458616852760315,0.09946060925722122,262144.0,0.00044254467613941037
106150,0.11171263456344604,0.10155730694532394,262144.0,0.000442516001137537
106175,0.1911369413137436,0.09698222577571869,262144.0,0.00044248731992196374
106200,0.1350421905517578,0.15397000312805176,262144.0,0.0004424586324936284
106225,0.17056037485599518,0.08519597351551056,262144.0,0.00044242993885346913
106250,0.13857953250408173,0.20626425743103027,262144.0,0.00044240123900242417
106275,0.1701536774635315,0.11437933892011642,262144.0,0.0004423725329414321
106300,0.09926502406597137,0.11956333369016647,262144.0,0.0004423438206714316
106325,0.1366698443889618,0.11313465237617493,262144.0,0.00044231510219336167
106350,0.20531846582889557,0.11757693439722061,262144.0,0.00044228637750816125
106375,0.1412457972764969,0.08983420580625534,262144.0,0.00044225764661676994
106400,0.13679498434066772,0.09453894197940826,262144.0,0.00044222890952012704
106425,0.20336636900901794,0.09871512651443481,262144.0,0.00044220016621917223
106450,0.15940117835998535,0.09352216124534607,262144.0,0.0004421714167148458
106475,0.16053812205791473,0.10207760334014893,262144.0,0.0004421426610080875
106500,0.19669322669506073,0.0881703794002533,262144.0,0.00044211389909983777
106525,0.23359128832817078,0.09433869272470474,262144.0,0.00044208513099103724
106550,0.19964902102947235,0.09979540854692459,262144.0,0.0004420563566826266
106575,0.3042893409729004,0.11106854677200317,262144.0,0.0004420275761755468
106600,0.18212784826755524,0.07728949934244156,262144.0,0.0004419987894707391
106625,0.22546792030334473,0.10517539083957672,262144.0,0.0004419699965691446
106650,0.25322669744491577,0.11311635375022888,262144.0,0.0004419411974717051
106675,0.1937454640865326,0.0975990816950798,262144.0,0.0004419123921793621
106700,0.1832450032234192,0.09255518019199371,262144.0,0.00044188358069305783
106725,0.22335316240787506,0.10618681460618973,262144.0,0.0004418547630137345
106750,0.1268284022808075,0.09375277161598206,262144.0,0.0004418259391423341
106775,0.2000931352376938,0.1085628941655159,262144.0,0.0004417971090797994
106800,0.20269544422626495,0.10244634747505188,262144.0,0.0004417682728270733
106825,0.2659235894680023,0.099930539727211,262144.0,0.0004417394303850987
106850,0.1476210653781891,0.112188421189785,262144.0,0.0004417105817548186
106875,0.13254642486572266,0.09560185670852661,262144.0,0.00044168172693717655
106900,0.17315007746219635,0.08995287865400314,262144.0,0.0004416528659331161
106925,0.19548603892326355,0.1112198680639267,262144.0,0.00044162399874358093
106950,0.2161368727684021,0.09999394416809082,262144.0,0.0004415951253695152
106975,0.18174415826797485,0.10376742482185364,262144.0,0.0004415662458118631
107000,0.11643330752849579,0.10772295296192169,262144.0,0.00044153736007156874
107025,0.1874120980501175,0.08752556890249252,262144.0,0.00044150846814957695
107050,0.21061040461063385,0.09795752167701721,262144.0,0.00044147957004683254
107075,0.1946609765291214,0.12754499912261963,262144.0,0.00044145066576428037
107100,0.1171141043305397,0.08363290131092072,262144.0,0.00044142175530286577
107125,0.14317423105239868,0.11508320271968842,262144.0,0.00044139283866353394
107150,0.17572002112865448,0.09591849893331528,262144.0,0.00044136391584723075
107175,0.19104573130607605,0.09174684435129166,262144.0,0.0004413349868549019
107200,0.25978729128837585,0.08804149180650711,262144.0,0.0004413060516874932
107225,0.1891699880361557,0.09948249161243439,262144.0,0.0004412771103459511
107250,0.15548722445964813,0.11727125942707062,262144.0,0.00044124816283122185
107275,0.17081397771835327,0.11686577647924423,262144.0,0.0004412192091442523
107300,0.15613161027431488,0.08354122936725616,262144.0,0.00044119024928598893
107325,0.09915147721767426,0.10529058426618576,262144.0,0.000441161283257379
107350,0.16583296656608582,0.09168072789907455,262144.0,0.00044113231105936956
107375,0.12648248672485352,0.11355584114789963,262144.0,0.00044110333269290825
107400,0.18266670405864716,0.09464463591575623,262144.0,0.00044107434815894255
107425,0.1913643777370453,0.12115475535392761,262144.0,0.0004410453574584202
107450,0.2048117220401764,0.09046772122383118,262144.0,0.0004410163605922893
107475,0.23689505457878113,0.12258517742156982,262144.0,0.0004409873575614982
107500,0.20061109960079193,0.09252510219812393,262144.0,0.00044095834836699506
107525,0.1722603738307953,0.1006360873579979,262144.0,0.00044092933300972874
107550,0.13993142545223236,0.09505736082792282,262144.0,0.0004409003114906481
107575,0.16974586248397827,0.09259605407714844,524288.0,0.00044087128381070184
107600,0.2810448408126831,0.09300144016742706,524288.0,0.0004408422499708396
107625,0.18721717596054077,0.1288587749004364,524288.0,0.00044081320997201045
107650,0.23787911236286163,0.12259688973426819,524288.0,0.0004407841638151643
107675,0.16012540459632874,0.10530667752027512,524288.0,0.0004407551115012508
107700,0.21261315047740936,0.1645643562078476,524288.0,0.00044072605303122027
107725,0.14198140799999237,0.10165490210056305,524288.0,0.0004406969884060225
107750,0.20996080338954926,0.09820127487182617,524288.0,0.0004406679176266084
107775,0.11507569253444672,0.10864907503128052,524288.0,0.00044063884069392835
107800,0.15757952630519867,0.12469162791967392,524288.0,0.000440609757608933
107825,0.1466560959815979,0.08846040070056915,524288.0,0.00044058066837257385
107850,0.22309738397598267,0.09809251129627228,524288.0,0.00044055157298580194
107875,0.16060085594654083,0.09263498336076736,524288.0,0.0004405224714495687
107900,0.1707957237958908,0.07157368212938309,524288.0,0.0004404933637648257
107925,0.14122988283634186,0.08274770528078079,524288.0,0.00044046424993252504
107950,0.11481839418411255,0.11463288217782974,524288.0,0.00044043512995361843
107975,0.30282607674598694,0.11388731002807617,524288.0,0.0004404060038290583
108000,0.15775436162948608,0.14530068635940552,524288.0,0.00044037687155979707
108025,0.2710205614566803,0.08468252420425415,524288.0,0.0004403477331467874
108050,0.15402650833129883,0.09294363856315613,524288.0,0.00044031858859098225
108075,0.17499728500843048,0.08546005189418793,524288.0,0.00044028943789333456
108100,0.14305591583251953,0.10138268768787384,524288.0,0.0004402602810547975
108125,0.2216387540102005,0.0744645968079567,524288.0,0.0004402311180763248
108150,0.12696675956249237,0.1205434501171112,524288.0,0.00044020194895886975
108175,0.20045973360538483,0.08286803960800171,524288.0,0.00044017277370338653
108200,0.15811605751514435,0.10844652354717255,524288.0,0.00044014359231082896
108225,0.2774682939052582,0.09094753116369247,524288.0,0.0004401144047821515
108250,0.16486291587352753,0.10017164051532745,524288.0,0.00044008521111830854
108275,0.13576261699199677,0.09991108626127243,524288.0,0.0004400560113202546
108300,0.22715337574481964,0.09372613579034805,524288.0,0.0004400268053889448
108325,0.19339953362941742,0.08758442103862762,524288.0,0.000439997593325334
108350,0.15457065403461456,0.09625406563282013,524288.0,0.00043996837513037755
108375,0.17267544567584991,0.08889344334602356,524288.0,0.00043993915080503077
108400,0.15421445667743683,0.10416212677955627,524288.0,0.0004399099203502496
108425,0.2150551676750183,0.13208287954330444,524288.0,0.0004398806837669895
108450,0.17151235044002533,0.09093475341796875,524288.0,0.0004398514410562071
108475,0.2681856155395508,0.09876780211925507,524288.0,0.00043982219221885816
108500,0.23425638675689697,0.09773921221494675,524288.0,0.0004397929372558993
108525,0.13550561666488647,0.09720068424940109,524288.0,0.0004397636761682872
108550,0.12856152653694153,0.15753474831581116,524288.0,0.0004397344089569788
108575,0.1956825852394104,0.08663927763700485,524288.0,0.00043970513562293105
108600,0.15697817504405975,0.11037749797105789,524288.0,0.0004396758561671013
108625,0.2120557725429535,0.10569918900728226,524288.0,0.00043964657059044693
108650,0.1387947052717209,0.07781130075454712,524288.0,0.0004396172788939257
108675,0.2042437195777893,0.1043238639831543,262144.0,0.0004395879810784954
108700,0.23497559130191803,0.10412469506263733,262144.0,0.0004395586771451142
108725,0.22307226061820984,0.10561292618513107,262144.0,0.00043952936709474005
108750,0.21679407358169556,0.08678099513053894,262144.0,0.0004395000509283319
108775,0.0947585478425026,0.11326780170202255,262144.0,0.00043947072864684806
108800,0.16135390102863312,0.10511095076799393,262144.0,0.0004394414002512475
108825,0.12109292298555374,0.09213511645793915,262144.0,0.0004394120657424894
108850,0.22705331444740295,0.08644229173660278,262144.0,0.0004393827251215328
108875,0.11569434404373169,0.15873970091342926,262144.0,0.00043935337838933735
108900,0.2683628499507904,0.08801313489675522,262144.0,0.00043932402554686253
108925,0.2054133117198944,0.12443497776985168,262144.0,0.00043929466659506854
108950,0.26422548294067383,0.11222130805253983,262144.0,0.00043926530153491503
108975,0.17643484473228455,0.09861740469932556,262144.0,0.0004392359303673626
109000,0.18009673058986664,0.11571229994297028,262144.0,0.00043920655309337154
109025,0.13387978076934814,0.10981322824954987,262144.0,0.0004391771697139025
109050,0.21037551760673523,0.09515374153852463,262144.0,0.00043914778022991646
109075,0.2015463262796402,0.1113867238163948,262144.0,0.0004391183846423744
109100,0.1870691329240799,0.0997302234172821,262144.0,0.0004390889829522376
109125,0.22773392498493195,0.10225561261177063,262144.0,0.0004390595751604675
109150,0.13284415006637573,0.1282818764448166,262144.0,0.00043903016126802576
109175,0.16093039512634277,0.1189262792468071,262144.0,0.00043900074127587433
109200,0.15485325455665588,0.10906010121107101,262144.0,0.0004389713151849752
109225,0.10780789703130722,0.12002196907997131,262144.0,0.0004389418829962906
109250,0.1929468810558319,0.11211641877889633,262144.0,0.00043891244471078313
109275,0.2027653008699417,0.09679904580116272,262144.0,0.00043888300032941525
109300,0.1783951073884964,0.09722591191530228,262144.0,0.00043885354985315005
109325,0.18610472977161407,0.10417203605175018,262144.0,0.00043882409328295036
109350,0.23610848188400269,0.11373405158519745,262144.0,0.00043879463061977954
109375,0.12420091032981873,0.08648794144392014,262144.0,0.000438765161864601
109400,0.11154232919216156,0.10863379389047623,262144.0,0.00043873568701837843
109425,0.17955651879310608,0.11186030507087708,262144.0,0.0004387062060820758
109450,0.2187720090150833,0.08883009850978851,262144.0,0.000438676719056657
109475,0.19670817255973816,0.09994824230670929,262144.0,0.00043864722594308625
109500,0.1586933135986328,0.11303984373807907,262144.0,0.0004386177267423282
109525,0.17985184490680695,0.08510511368513107,262144.0,0.00043858822145534745
109550,0.24367037415504456,0.07696425914764404,262144.0,0.00043855871008310866
109575,0.12573598325252533,0.09965991973876953,262144.0,0.0004385291926265771
109600,0.20867972075939178,0.09227471798658371,262144.0,0.00043849966908671785
109625,0.17575642466545105,0.09974601119756699,262144.0,0.00043847013946449653
109650,0.1571488231420517,0.08697065711021423,262144.0,0.00043844060376087854
109675,0.12724241614341736,0.09374692291021347,262144.0,0.0004384110619768302
109700,0.206658273935318,0.10629613697528839,262144.0,0.0004383815141133168
109725,0.23789241909980774,0.10118275135755539,262144.0,0.00043835196017130533
109750,0.1884450614452362,0.08464208245277405,262144.0,0.0004383224001517618
109775,0.2078111469745636,0.1276787966489792,262144.0,0.00043829283405565295
109800,0.1893126517534256,0.1456497609615326,262144.0,0.0004382632618839458
109825,0.2038515955209732,0.08902255445718765,262144.0,0.000438233683637607
109850,0.2017861157655716,0.08702687919139862,262144.0,0.0004382040993176041
109875,0.10027659684419632,0.08704490959644318,262144.0,0.00043817450892490444
109900,0.16123715043067932,0.09915585070848465,262144.0,0.0004381449124604756
109925,0.21272669732570648,0.16511043906211853,262144.0,0.0004381153099252856
109950,0.21823923289775848,0.1366725116968155,262144.0,0.0004380857013203023
109975,0.14797042310237885,0.0803983062505722,262144.0,0.00043805608664649394
110000,0.19317175447940826,0.1017523780465126,262144.0,0.000438026465904829
110025,0.15384319424629211,0.08048810809850693,262144.0,0.00043799683909627593
110050,0.20381446182727814,0.11935434490442276,262144.0,0.00043796720622180395
110075,0.14796695113182068,0.08099763095378876,262144.0,0.00043793756728238166
110100,0.14690236747264862,0.09933044016361237,262144.0,0.0004379079222789785
110125,0.21031349897384644,0.10416125506162643,262144.0,0.0004378782712125639
110150,0.17336980998516083,0.08943334221839905,262144.0,0.00043784861408410736
110175,0.16646845638751984,0.09098897874355316,262144.0,0.00043781895089457876
110200,0.2919069826602936,0.16167587041854858,262144.0,0.00043778928164494815
110225,0.20568743348121643,0.08665063977241516,262144.0,0.00043775960633618565
110250,0.1777210533618927,0.09650033712387085,262144.0,0.00043772992496926187
110275,0.17352229356765747,0.10398507118225098,262144.0,0.0004377002375451471
110300,0.11719053983688354,0.09098193794488907,262144.0,0.0004376705440648125
110325,0.19503456354141235,0.09565214067697525,262144.0,0.0004376408445292288
110350,0.1512192040681839,0.10674387216567993,262144.0,0.00043761113893936736
110375,0.1755831092596054,0.09702850878238678,262144.0,0.00043758142729619944
110400,0.14117713272571564,0.10072695463895798,262144.0,0.0004375517096006968
110425,0.19840040802955627,0.0977439135313034,262144.0,0.00043752198585383104
110450,0.15186186134815216,0.08727801591157913,262144.0,0.0004374922560565743
110475,0.17234450578689575,0.13211676478385925,262144.0,0.0004374625202098987
110500,0.1352808177471161,0.11555524170398712,262144.0,0.0004374327783147768
110525,0.15881532430648804,0.0926041454076767,262144.0,0.00043740303037218095
110550,0.17991863191127777,0.08625366538763046,262144.0,0.0004373732763830841
110575,0.1547369658946991,0.12662436068058014,262144.0,0.0004373435163484593
110600,0.22126823663711548,0.10750024020671844,262144.0,0.0004373137502692795
110625,0.27895236015319824,0.07983287423849106,262144.0,0.0004372839781465181
110650,0.13925254344940186,0.08448374271392822,262144.0,0.0004372541999811487
110675,0.24122124910354614,0.10160297155380249,524288.0,0.00043722441577414526
110700,0.1764875203371048,0.09486294537782669,524288.0,0.00043719462552648165
110725,0.22561687231063843,0.10061002522706985,524288.0,0.000437164829239132
110750,0.268376886844635,0.10795989632606506,524288.0,0.0004371350269130707
110775,0.22348737716674805,0.09291291236877441,524288.0,0.00043710521854927224
110800,0.21796965599060059,0.19001755118370056,524288.0,0.00043707540414871144
110825,0.1451219618320465,0.08995828032493591,524288.0,0.00043704558371236333
110850,0.22605100274085999,0.10617779940366745,524288.0,0.00043701575724120314
110875,0.1955966055393219,0.11693418771028519,524288.0,0.00043698592473620583
110900,0.250320702791214,0.13779012858867645,524288.0,0.0004369560861983473
110925,0.33106184005737305,0.09216739237308502,524288.0,0.0004369262416286032
110950,0.26383501291275024,0.08584816008806229,524288.0,0.0004368963910279495
110975,0.30546289682388306,0.0926675871014595,524288.0,0.00043686653439736235
111000,0.10065291821956635,0.07632085680961609,524288.0,0.00043683667173781795
111025,0.16058258712291718,0.10562802851200104,524288.0,0.000436806803050293
111050,0.1711539626121521,0.0936228483915329,524288.0,0.0004367769283357642
111075,0.14325204491615295,0.17524400353431702,524288.0,0.00043674704759520845
111100,0.21745611727237701,0.09724712371826172,524288.0,0.000436717160829603
111125,0.12756302952766418,0.09861040115356445,524288.0,0.0004366872680399249
111150,0.21922020614147186,0.10124903917312622,524288.0,0.0004366573692271519
111175,0.19275900721549988,0.09388644248247147,524288.0,0.0004366274643922617
111200,0.1353973150253296,0.10358554124832153,524288.0,0.00043659755353623204
111225,0.19913946092128754,0.09189809858798981,524288.0,0.00043656763666004127
111250,0.14664024114608765,0.0848286971449852,524288.0,0.0004365377137646677
111275,0.19490687549114227,0.10918816924095154,524288.0,0.00043650778485108954
111300,0.1210266500711441,0.07713405042886734,524288.0,0.0004364778499202858
111325,0.22486987709999084,0.09708400070667267,524288.0,0.0004364479089732351
111350,0.13641095161437988,0.0934087485074997,262144.0,0.0004364179620109169
111375,0.13536930084228516,0.10032147169113159,262144.0,0.0004363880090343102
111400,0.17409798502922058,0.11078161746263504,262144.0,0.00043635805004439454
111425,0.26188716292381287,0.1132984608411789,262144.0,0.00043632808504214974
111450,0.20844562351703644,0.10758335888385773,262144.0,0.0004362981140285556
111475,0.14174829423427582,0.09366875141859055,262144.0,0.00043626813700459215
111500,0.19432775676250458,0.11126971989870071,262144.0,0.0004362381539712398
111525,0.16683954000473022,0.12284375727176666,262144.0,0.0004362081649294787
111550,0.21955610811710358,0.10512517392635345,262144.0,0.0004361781698802901
111575,0.2091682106256485,0.11380451172590256,262144.0,0.00043614816882465437
111600,0.23815374076366425,0.11512501537799835,262144.0,0.0004361181617635526
111625,0.14615541696548462,0.14498382806777954,262144.0,0.0004360881486979662
111650,0.19322793185710907,0.09375336021184921,262144.0,0.0004360581296288767
111675,0.19945918023586273,0.09328200668096542,262144.0,0.00043602810455726555
111700,0.09135815501213074,0.07624563574790955,262144.0,0.0004359980734841148
111725,0.14093774557113647,0.09162375330924988,262144.0,0.0004359680364104063
111750,0.15796422958374023,0.11840997636318207,262144.0,0.0004359379933371224
111775,0.14452624320983887,0.08311955630779266,262144.0,0.00043590794426524556
111800,0.1292123645544052,0.1082228571176529,262144.0,0.0004358778891957583
111825,0.12168283760547638,0.09452174603939056,262144.0,0.0004358478281296437
111850,0.154942125082016,0.09692642837762833,262144.0,0.0004358177610678845
111875,0.19062167406082153,0.0922057032585144,262144.0,0.00043578768801146386
111900,0.19777622818946838,0.11868932098150253,262144.0,0.0004357576089613655
111925,0.17579303681850433,0.10139600187540054,262144.0,0.0004357275239185729
111950,0.16024987399578094,0.1068849042057991,262144.0,0.00043569743288406987
111975,0.13336926698684692,0.08389215916395187,262144.0,0.0004356673358588403
112000,0.22306950390338898,0.10710635036230087,262144.0,0.00043563723284386865
112025,0.15887662768363953,0.0900086760520935,262144.0,0.00043560712384013906
112050,0.21665550768375397,0.08190462738275528,262144.0,0.0004355770088486363
112075,0.16672053933143616,0.08974193781614304,262144.0,0.00043554688787034504
112100,0.16113285720348358,0.10124719887971878,262144.0,0.0004355167609062504
112125,0.07621531933546066,0.08460582047700882,262144.0,0.00043548662795733734
112150,0.17842750251293182,0.11081517487764359,262144.0,0.00043545648902459136
112175,0.1691608726978302,0.08181053400039673,262144.0,0.0004354263441089981
112200,0.1918380707502365,0.08534762263298035,262144.0,0.0004353961932115433
112225,0.156931072473526,0.12429797649383545,262144.0,0.0004353660363332128
112250,0.22764234244823456,0.09287328273057938,262144.0,0.0004353358734749928
112275,0.1424083709716797,0.1074928492307663,262144.0,0.00043530570463786984
112300,0.26745617389678955,0.09902507066726685,262144.0,0.0004352755298228303
112325,0.16231074929237366,0.08144324272871017,262144.0,0.00043524534903086087
112350,0.21355095505714417,0.1067410558462143,262144.0,0.0004352151622629487
112375,0.145929753780365,0.09262844920158386,262144.0,0.00043518496952008056
112400,0.18531331419944763,0.0894317477941513,262144.0,0.0004351547708032442
112425,0.13205038011074066,0.09639816731214523,262144.0,0.000435124566113427
112450,0.22672513127326965,0.09383966028690338,262144.0,0.0004350943554516165
112475,0.2014644891023636,0.101805180311203,262144.0,0.00043506413881880084
112500,0.11317712068557739,0.08098872750997543,262144.0,0.00043503391621596804
112525,0.17395691573619843,0.10613414645195007,262144.0,0.0004350036876441065
112550,0.19481639564037323,0.09767882525920868,262144.0,0.0004349734531042045
112575,0.17297248542308807,0.09846305102109909,262144.0,0.0004349432125972509
112600,0.1652674674987793,0.08567832410335541,262144.0,0.00043491296612423457
112625,0.13404563069343567,0.0920654684305191,262144.0,0.0004348827136861446
112650,0.1710384041070938,0.07606928795576096,262144.0,0.00043485245528397036
112675,0.15519796311855316,0.07421848177909851,262144.0,0.00043482219091870117
112700,0.17971499264240265,0.09118208289146423,262144.0,0.0004347919205913268
112725,0.14486704766750336,0.14727245271205902,262144.0,0.00043476164430283714
112750,0.17914411425590515,0.08382852375507355,262144.0,0.0004347313620542222
112775,0.23949886858463287,0.10298703610897064,262144.0,0.00043470107384647224
112800,0.18609613180160522,0.14995233714580536,262144.0,0.00043467077968057765
112825,0.17027750611305237,0.08548681437969208,262144.0,0.00043464047955752913
112850,0.19580112397670746,0.09955473244190216,262144.0,0.00043461017347831764
112875,0.2254832237958908,0.13115736842155457,262144.0,0.0004345798614439339
112900,0.19947688281536102,0.08139394223690033,262144.0,0.0004345495434553696
112925,0.17177516222000122,0.09700863808393478,262144.0,0.0004345192195136157
112950,0.25403425097465515,0.100654736161232,262144.0,0.0004344888896196642
112975,0.1961049884557724,0.11885764449834824,262144.0,0.0004344585537745067
113000,0.10573413223028183,0.07754121720790863,262144.0,0.00043442821197913525
113025,0.19976180791854858,0.08986584842205048,262144.0,0.00043439786423454205
113050,0.1726580113172531,0.07543376833200455,262144.0,0.00043436751054171953
113075,0.15897521376609802,0.10208167880773544,262144.0,0.0004343371509016604
113100,0.24061758816242218,0.13579349219799042,262144.0,0.00043430678531535726
113125,0.21923226118087769,0.09988158196210861,262144.0,0.000434276413783803
113150,0.11662767827510834,0.0837821513414383,262144.0,0.00043424603630799123
113175,0.2321123331785202,0.11463624238967896,262144.0,0.0004342156528889148
113200,0.3026007413864136,0.09618296474218369,262144.0,0.0004341852635275677
113225,0.17815355956554413,0.08352378755807877,262144.0,0.0004341548682249434
113250,0.15769062936306,0.10295283049345016,262144.0,0.0004341244669820359
113275,0.1755656898021698,0.088222935795784,262144.0,0.0004340940597998395
113300,0.20759283006191254,0.09997507184743881,262144.0,0.0004340636466793486
113325,0.2334473580121994,0.0739087462425232,262144.0,0.00043403322762155746
113350,0.22054636478424072,0.0975673645734787,524288.0,0.0004340028026274608
113375,0.17019470036029816,0.09130427986383438,524288.0,0.00043397237169805387
113400,0.20023411512374878,0.12892811000347137,524288.0,0.0004339419348343316
113425,0.1284985989332199,0.10807036608457565,524288.0,0.0004339114920372895
113450,0.1782396286725998,0.14251640439033508,524288.0,0.0004338810433079226
113475,0.10741546005010605,0.17258228361606598,524288.0,0.00043385058864722694
113500,0.20589469373226166,0.07960163056850433,524288.0,0.0004338201280561984
113525,0.1419125497341156,0.09192212671041489,524288.0,0.00043378966153583313
113550,0.14322993159294128,0.1256152093410492,524288.0,0.0004337591890871273
113575,0.16011229157447815,0.10200092941522598,524288.0,0.0004337287107110773
113600,0.11670108884572983,0.08669222146272659,524288.0,0.00043369822640868
113625,0.13571304082870483,0.08869095146656036,524288.0,0.0004336677361809322
113650,0.1431298553943634,0.09845397621393204,524288.0,0.0004336372400288309
113675,0.19813087582588196,0.09919742494821548,524288.0,0.0004336067379533734
113700,0.3044470250606537,0.09830328077077866,524288.0,0.000433576229955557
113725,0.1665804088115692,0.09763612598180771,524288.0,0.00043354571603637974
113750,0.13301438093185425,0.12799201905727386,524288.0,0.00043351519619683903
113775,0.18756431341171265,0.11356664448976517,524288.0,0.0004334846704379331
113800,0.24649421870708466,0.08942767232656479,524288.0,0.00043345413876065997
113825,0.1344100534915924,0.07987675815820694,524288.0,0.00043342360116601844
113850,0.11658386886119843,0.09643543511629105,524288.0,0.0004333930576550068
113875,0.17740826308727264,0.09038186073303223,524288.0,0.00043336250822862397
113900,0.24488045275211334,0.12453386187553406,524288.0,0.00043333195288786883
113925,0.16149885952472687,0.09226255863904953,524288.0,0.0004333013916337407
113950,0.10778830945491791,0.10624164342880249,524288.0,0.0004332708244672389
113975,0.13818764686584473,0.11681420356035233,524288.0,0.00043324025138936304
114000,0.20535415410995483,0.08566649258136749,262144.0,0.00043320967240111286
114025,0.14224857091903687,0.08686426281929016,262144.0,0.0004331790875034883
114050,0.2073725312948227,0.09636174142360687,262144.0,0.0004331484966974896
114075,0.14527958631515503,0.10247910022735596,262144.0,0.000433117899984117
114100,0.1932627558708191,0.09111440926790237,262144.0,0.00043308729736437127
114125,0.1304667741060257,0.09614162147045135,262144.0,0.0004330566888392527
114150,0.12945067882537842,0.10297675430774689,262144.0,0.0004330260744097626
114175,0.21558824181556702,0.12052328139543533,262144.0,0.000432995454076902
114200,0.14679844677448273,0.10033295303583145,262144.0,0.0004329648278416722
114225,0.2014218419790268,0.08342254906892776,262144.0,0.0004329341957050746
114250,0.14314255118370056,0.11225845664739609,262144.0,0.000432903557668111
114275,0.23440153896808624,0.090541772544384,262144.0,0.00043287291373178343
114300,0.1883019059896469,0.10126137733459473,262144.0,0.00043284226389709375
114325,0.14934873580932617,0.10844423621892929,262144.0,0.00043281160816504427
114350,0.18207021057605743,0.07950402796268463,262144.0,0.0004327809465366375
114375,0.18146631121635437,0.0832541212439537,262144.0,0.00043275027901287615
114400,0.12084710597991943,0.09457862377166748,262144.0,0.00043271960559476306
114425,0.10954655706882477,0.09255918860435486,262144.0,0.00043268892628330123
114450,0.20018057525157928,0.09710486233234406,262144.0,0.0004326582410794939
114475,0.1192418709397316,0.08828871697187424,262144.0,0.00043262754998434457
114500,0.16162317991256714,0.07127060741186142,262144.0,0.00043259685299885687
114525,0.1705823689699173,0.09968625754117966,262144.0,0.0004325661501240346
114550,0.15793266892433167,0.10133174806833267,262144.0,0.0004325354413608817
114575,0.16156664490699768,0.09678028523921967,262144.0,0.00043250472671040247
114600,0.2227512151002884,0.10351116955280304,262144.0,0.0004324740061736012
114625,0.12563808262348175,0.0938478484749794,262144.0,0.00043244327975148263
114650,0.2190529704093933,0.09310690313577652,262144.0,0.00043241254744505144
114675,0.15217839181423187,0.09856628626585007,262144.0,0.0004323818092553126
114700,0.20064419507980347,0.14634601771831512,262144.0,0.0004323510651832712
114725,0.1413157880306244,0.10679823160171509,262144.0,0.0004323203152299329
114750,0.19698792695999146,0.09060900658369064,262144.0,0.00043228955939630297
114775,0.19477051496505737,0.09637193381786346,262144.0,0.00043225879768338737
114800,0.259901762008667,0.10684505850076675,262144.0,0.00043222803009219165
114825,0.21015425026416779,0.10800480097532272,262144.0,0.0004321972566237224
114850,0.23699314892292023,0.09958060085773468,262144.0,0.00043216647727898553
114875,0.13164876401424408,0.08608905971050262,262144.0,0.00043213569205898786
114900,0.14760732650756836,0.12396299839019775,262144.0,0.00043210490096473613
114925,0.17259341478347778,0.1141543760895729,262144.0,0.00043207410399723694
114950,0.13804328441619873,0.09785488247871399,262144.0,0.00043204330115749766
114975,0.15295737981796265,0.0877646952867508,262144.0,0.00043201249244652525
115000,0.18163993954658508,0.11339681595563889,262144.0,0.0004319816778653277
115025,0.1745958924293518,0.09629660099744797,262144.0,0.00043195085741491214
115050,0.16638389229774475,0.109452985227108,262144.0,0.0004319200310962867
115075,0.22246761620044708,0.12403175979852676,262144.0,0.00043188919891045936
115100,0.2306322455406189,0.10782439261674881,262144.0,0.00043185836085843837
115125,0.1821911782026291,0.07853023707866669,262144.0,0.0004318275169412322
115150,0.18785272538661957,0.08956918865442276,262144.0,0.0004317966671598494
115175,0.14032693207263947,0.07655639201402664,262144.0,0.00043176581151529894
115200,0.14246907830238342,0.06912196427583694,262144.0,0.00043173495000858967
115225,0.16984878480434418,0.07944130152463913,262144.0,0.0004317040826407308
115250,0.161591038107872,0.08742309361696243,262144.0,0.00043167320941273177
115275,0.19507987797260284,0.12856034934520721,262144.0,0.00043164233032560225
115300,0.20200444757938385,0.08740846067667007,262144.0,0.00043161144538035183
115325,0.1251797378063202,0.1428700089454651,262144.0,0.0004315805545779906
115350,0.1665465384721756,0.09986769407987595,262144.0,0.00043154965791952863
115375,0.18835359811782837,0.09960707277059555,262144.0,0.0004315187554059765
115400,0.14568166434764862,0.11797662824392319,262144.0,0.0004314878470383444
115425,0.14374969899654388,0.08966170996427536,262144.0,0.0004314569328176433
115450,0.18941287696361542,0.09310459345579147,262144.0,0.00043142601274488403
115475,0.2636125981807709,0.10530117154121399,262144.0,0.0004313950868210778
115500,0.2064279168844223,0.09851019084453583,262144.0,0.0004313641550472358
115525,0.18197016417980194,0.07666431367397308,262144.0,0.0004313332174243697
115550,0.12964706122875214,0.10106702893972397,262144.0,0.00043130227395349086
115575,0.22762173414230347,0.12289117276668549,262144.0,0.0004312713246356115
115600,0.16720452904701233,0.12495516240596771,262144.0,0.0004312403694717435
115625,0.15898387134075165,0.08579809218645096,262144.0,0.0004312094084628993
115650,0.15012367069721222,0.0998777374625206,262144.0,0.00043117844161009116
115675,0.183548703789711,0.1953025609254837,262144.0,0.00043114746891433184
115700,0.1667385697364807,0.1425422728061676,262144.0,0.00043111649037663415
115725,0.16736377775669098,0.07977297902107239,262144.0,0.00043108550599801107
115750,0.19941507279872894,0.09115386754274368,262144.0,0.00043105451577947593
115775,0.17936673760414124,0.10532679408788681,262144.0,0.000431023519722042
115800,0.15417030453681946,0.08102940768003464,131072.0,0.0004309925178267229
115825,0.17402586340904236,0.07620186358690262,131072.0,0.0004309615100945325
115850,0.1609075367450714,0.12842535972595215,131072.0,0.00043093049652648475
115875,0.21545612812042236,0.08887847512960434,131072.0,0.00043089947712359383
115900,0.19167381525039673,0.09580525755882263,131072.0,0.0004308684518868742
115925,0.20450837910175323,0.10191657394170761,131072.0,0.00043083742081734006
115950,0.10074365884065628,0.13792148232460022,131072.0,0.00043080638391600657
115975,0.1837715208530426,0.10766388475894928,131072.0,0.00043077534118388843
116000,0.15698379278182983,0.08009548485279083,131072.0,0.0004307442926220009
116025,0.16884280741214752,0.08937009423971176,131072.0,0.0004307132382313593
116050,0.16361576318740845,0.12465471774339676,131072.0,0.0004306821780129789
116075,0.17401066422462463,0.08228246122598648,131072.0,0.0004306511119678757
116100,0.19141708314418793,0.10642164200544357,131072.0,0.00043062004009706536
116125,0.22716295719146729,0.11306796967983246,131072.0,0.00043058896240156407
116150,0.20161554217338562,0.08784125000238419,131072.0,0.00043055787888238807
116175,0.14643257856369019,0.08342105150222778,131072.0,0.00043052678954055395
116200,0.16457469761371613,0.10929632186889648,131072.0,0.00043049569437707817
116225,0.11785994470119476,0.10072406381368637,131072.0,0.0004304645933929775
116250,0.225245863199234,0.0878714919090271,131072.0,0.00043043348658926923
116275,0.21324627101421356,0.09183794260025024,131072.0,0.00043040237396697054
116300,0.14485107362270355,0.1555127203464508,131072.0,0.00043037125552709875
116325,0.10544843226671219,0.07858279347419739,131072.0,0.00043034013127067134
116350,0.1588512361049652,0.09419471025466919,131072.0,0.0004303090011987065
116375,0.20417903363704681,0.09653830528259277,131072.0,0.00043027786531222163
116400,0.19314058125019073,0.10111142694950104,131072.0,0.00043024672361223536
116425,0.14494085311889648,0.10117507725954056,131072.0,0.000430215576099766
116450,0.18174877762794495,0.08145418018102646,131072.0,0.00043018442277583204
116475,0.30021506547927856,0.08513050526380539,131072.0,0.00043015326364145216
116500,0.16109751164913177,0.11606208235025406,131072.0,0.0004301220986976453
116525,0.15911957621574402,0.09917452931404114,131072.0,0.0004300909279454306
116550,0.13639645278453827,0.0875493735074997,131072.0,0.0004300597513858274
116575,0.18544559180736542,0.09329532831907272,131072.0,0.00043002856901985527
116600,0.11411405354738235,0.11379441618919373,131072.0,0.00042999738084853375
116625,0.1858965903520584,0.09000202268362045,131072.0,0.0004299661868728829
116650,0.16514575481414795,0.07863707840442657,131072.0,0.0004299349870939226
116675,0.1543700098991394,0.06862471252679825,131072.0,0.00042990378151267324
116700,0.1402166336774826,0.17457932233810425,131072.0,0.00042987257013015525
116725,0.16247138381004333,0.10727857798337936,131072.0,0.0004298413529473892
116750,0.14260496199131012,0.1058003380894661,131072.0,0.00042981012996539595
116775,0.14973336458206177,0.08914260566234589,131072.0,0.00042977890118519663
116800,0.19410930573940277,0.12499447166919708,131072.0,0.00042974766660781237
116825,0.2113039195537567,0.07877641171216965,131072.0,0.0004297164262342646
116850,0.20480461418628693,0.08012805134057999,131072.0,0.0004296851800655748
116875,0.22222186625003815,0.09068521112203598,131072.0,0.00042965392810276484
116900,0.10841237008571625,0.09487242251634598,131072.0,0.0004296226703468567
116925,0.18262554705142975,0.09667413681745529,131072.0,0.00042959140679887237
116950,0.15772780776023865,0.09434451162815094,131072.0,0.0004295601374598345
116975,0.28710418939590454,0.1113252192735672,131072.0,0.0004295288623307654
117000,0.23620593547821045,0.1321948915719986,131072.0,0.000429497581412688
117025,0.14918886125087738,0.08559193462133408,131072.0,0.000429466294706625
117050,0.2662200927734375,0.08556108176708221,131072.0,0.0004294350022135994
117075,0.17529736459255219,0.11084657162427902,131072.0,0.0004294037039346349
117100,0.16838563978672028,0.09458497911691666,131072.0,0.00042937239987075464
117125,0.17420534789562225,0.08972297608852386,131072.0,0.00042934109002298236
117150,0.19900940358638763,0.11839845776557922,131072.0,0.00042930977439234214
117175,0.08253788203001022,0.16942709684371948,131072.0,0.0004292784529798578
117200,0.10809372365474701,0.13367636501789093,131072.0,0.00042924712578655365
117225,0.16355831921100616,0.09080273658037186,131072.0,0.0004292157928134541
117250,0.11555101722478867,0.12054719030857086,131072.0,0.00042918445406158373
117275,0.17896918952465057,0.10069848597049713,131072.0,0.00042915310953196736
117300,0.09856508672237396,0.07126063853502274,131072.0,0.0004291217592256301
117325,0.18012115359306335,0.08897159993648529,131072.0,0.000429090403143597
117350,0.12758499383926392,0.0756382867693901,131072.0,0.0004290590412868935
117375,0.17900368571281433,0.130546435713768,131072.0,0.0004290276736565451
117400,0.1823551207780838,0.12261759489774704,131072.0,0.0004289963002535777
117425,0.191364124417305,0.16000790894031525,131072.0,0.00042896492107901703
117450,0.2592035233974457,0.08632585406303406,131072.0,0.00042893353613388945
117475,0.17188064754009247,0.11771702021360397,131072.0,0.00042890214541922104
117500,0.16197755932807922,0.07496967911720276,131072.0,0.00042887074893603844
117525,0.1947467029094696,0.10682787746191025,131072.0,0.0004288393466853684
117550,0.1620621383190155,0.12428074330091476,131072.0,0.0004288079386682377
117575,0.15017186105251312,0.11678499728441238,131072.0,0.00042877652488567335
117600,0.14950667321681976,0.10621409863233566,131072.0,0.0004287451053387028
117625,0.15839281678199768,0.10847406089305878,131072.0,0.00042871368002835334
117650,0.14259308576583862,0.08023678511381149,131072.0,0.00042868224895565264
117675,0.19060932099819183,0.12038223445415497,131072.0,0.00042865081212162856
117700,0.16785195469856262,0.10670236498117447,131072.0,0.000428619369527309
117725,0.18232136964797974,0.08877821266651154,131072.0,0.0004285879211737225
117750,0.21417739987373352,0.10841905325651169,131072.0,0.000428556467061897
117775,0.1422518640756607,0.09701374173164368,131072.0,0.0004285250071928614
117800,0.22629377245903015,0.10082899034023285,262144.0,0.00042849354156764436
117825,0.1763915717601776,0.09052416682243347,262144.0,0.0004284620701872748
117850,0.18536175787448883,0.08429595828056335,262144.0,0.0004284305930527819
117875,0.1995181441307068,0.0919099971652031,262144.0,0.000428399110165195
117900,0.21030093729496002,0.10573732107877731,262144.0,0.0004283676215255435
117925,0.1088009625673294,0.07499702274799347,262144.0,0.00042833612713485736
117950,0.1258370280265808,0.11339254677295685,262144.0,0.00042830462699416623
117975,0.29024648666381836,0.12630362808704376,262144.0,0.0004282731211045004
118000,0.15540733933448792,0.11818834394216537,262144.0,0.00042824160946689
118025,0.15446063876152039,0.08913266658782959,262144.0,0.0004282100920823655
118050,0.19036389887332916,0.10817547142505646,262144.0,0.0004281785689519576
118075,0.15994048118591309,0.10171400010585785,262144.0,0.0004281470400766972
118100,0.1529948115348816,0.07200172543525696,262144.0,0.00042811550545761496
118125,0.2322709560394287,0.12099114060401917,262144.0,0.00042808396509574264
118150,0.15541933476924896,0.08292428404092789,262144.0,0.00042805241899211114
118175,0.16068695485591888,0.11622529476881027,262144.0,0.0004280208671477525
118200,0.12330560386180878,0.08773364871740341,262144.0,0.00042798930956369823
118225,0.19593486189842224,0.13031454384326935,262144.0,0.0004279577462409801
118250,0.14562582969665527,0.08495718240737915,262144.0,0.00042792617718063065
118275,0.19157829880714417,0.0852506086230278,262144.0,0.0004278946023836821
118300,0.21442386507987976,0.08897842466831207,262144.0,0.00042786302185116693
118325,0.20822866261005402,0.08848689496517181,262144.0,0.00042783143558411776
118350,0.1681733876466751,0.08464593440294266,262144.0,0.00042779984358356767
118375,0.16579502820968628,0.1418219953775406,262144.0,0.00042776824585054964
118400,0.10946770012378693,0.08293300122022629,262144.0,0.00042773664238609697
118425,0.09212137013673782,0.10110034793615341,262144.0,0.0004277050331912431
118450,0.17233993113040924,0.13406027853488922,262144.0,0.00042767341826702165
118475,0.2092607468366623,0.09742677956819534,262144.0,0.00042764179761446664
118500,0.2028299868106842,0.09117456525564194,262144.0,0.00042761017123461186
118525,0.17372435331344604,0.09044621139764786,262144.0,0.0004275785391284916
118550,0.2386332005262375,0.09440933912992477,262144.0,0.0004275469012971404
118575,0.16606149077415466,0.11811865121126175,262144.0,0.0004275152577415926
118600,0.17852474749088287,0.12208865582942963,262144.0,0.00042748360846288315
118625,0.1993597149848938,0.11886483430862427,262144.0,0.0004274519534620471
118650,0.22789892554283142,0.09092429280281067,262144.0,0.0004274202927401192
118675,0.17842523753643036,0.07731383293867111,262144.0,0.00042738862629813527
118700,0.19030381739139557,0.07150706648826599,262144.0,0.0004273569541371305
118725,0.21866923570632935,0.11268793046474457,262144.0,0.00042732527625814076
118750,0.10123267024755478,0.1011229008436203,262144.0,0.0004272935926622019
118775,0.2133314311504364,0.09699034690856934,262144.0,0.00042726190335034994
118800,0.2035680115222931,0.09236639738082886,262144.0,0.00042723020832362117
118825,0.19459564983844757,0.09809061884880066,262144.0,0.0004271985075830522
118850,0.14350956678390503,0.0790584608912468,262144.0,0.0004271668011296795
118875,0.11052379757165909,0.10922473669052124,262144.0,0.00042713508896454004
118900,0.22539612650871277,0.08802512288093567,262144.0,0.00042710337108867066
118925,0.204640731215477,0.09550010412931442,262144.0,0.00042707164750310875
118950,0.15606553852558136,0.10808958858251572,262144.0,0.00042703991820889156
118975,0.20263917744159698,0.10305144637823105,262144.0,0.0004270081832070566
119000,0.16527780890464783,0.08826465159654617,262144.0,0.0004269764424986419
119025,0.28223317861557007,0.08175037056207657,262144.0,0.00042694469608468524
119050,0.23668837547302246,0.08746329694986343,262144.0,0.0004269129439662248
119075,0.16567158699035645,0.07714084535837173,262144.0,0.00042688118614429886
119100,0.18579691648483276,0.10267516225576401,262144.0,0.00042684942261994585
119125,0.14348147809505463,0.08940955996513367,262144.0,0.00042681765339420475
119150,0.11645057052373886,0.11758451908826828,262144.0,0.0004267858784681142
119175,0.2042427808046341,0.12826193869113922,262144.0,0.00042675409784271337
119200,0.2588333487510681,0.08450009673833847,262144.0,0.00042672231151904134
119225,0.16859862208366394,0.09028905630111694,262144.0,0.00042669051949813784
119250,0.13830669224262238,0.10733206570148468,262144.0,0.0004266587217810423
119275,0.2456967979669571,0.09181741625070572,262144.0,0.0004266269183687946
119300,0.1384333223104477,0.10440928488969803,262144.0,0.00042659510926243476
119325,0.13421370089054108,0.09615306556224823,262144.0,0.0004265632944630028
119350,0.16036462783813477,0.0969817265868187,262144.0,0.00042653147397153933
119375,0.21297700703144073,0.09600178897380829,262144.0,0.0004264996477890848
119400,0.20052029192447662,0.09587817639112473,262144.0,0.0004264678159166799
119425,0.12564803659915924,0.15247219800949097,262144.0,0.0004264359783553657
119450,0.17387400567531586,0.10312480479478836,262144.0,0.0004264041351061833
119475,0.20151105523109436,0.10119520127773285,262144.0,0.00042637228617017377
119500,0.1256076842546463,0.10350252687931061,262144.0,0.00042634043154837894
119525,0.1469740867614746,0.11193256080150604,262144.0,0.00042630857124184026
119550,0.21617859601974487,0.08662235736846924,262144.0,0.0004262767052515997
119575,0.1803549826145172,0.11830923706293106,262144.0,0.00042624483357869917
119600,0.14666491746902466,0.08994262665510178,262144.0,0.00042621295622418103
119625,0.14175859093666077,0.10353071987628937,262144.0,0.0004261810731890877
119650,0.15545469522476196,0.09204653650522232,262144.0,0.00042614918447446176
119675,0.17989639937877655,0.10371829569339752,262144.0,0.00042611729008134593
119700,0.18966476619243622,0.09065334498882294,262144.0,0.00042608539001078326
119725,0.13555249571800232,0.07804004102945328,262144.0,0.0004260534842638169
119750,0.13591451942920685,0.1096402257680893,262144.0,0.0004260215728414903
119775,0.14209167659282684,0.0878545492887497,262144.0,0.00042598965574484676
119800,0.1499481499195099,0.08538895100355148,524288.0,0.0004259577329749302
119825,0.16877464950084686,0.12979814410209656,524288.0,0.0004259258045327844
119850,0.17160144448280334,0.07937319576740265,524288.0,0.00042589387041945363
119875,0.24515673518180847,0.09847836941480637,524288.0,0.0004258619306359818
119900,0.18240591883659363,0.09560021758079529,524288.0,0.00042582998518341387
119925,0.1841808408498764,0.12396013736724854,524288.0,0.000425798034062794
119950,0.16957412660121918,0.07825251668691635,524288.0,0.00042576607727516733
119975,0.20244231820106506,0.09529753029346466,524288.0,0.00042573411482157877
120000,0.15730397403240204,0.0982612743973732,524288.0,0.00042570214670307365
120025,0.19620615243911743,0.10668414831161499,524288.0,0.0004256701729206972
120050,0.1660693734884262,0.10229717195034027,524288.0,0.00042563819347549495
120075,0.1397920846939087,0.10857376456260681,524288.0,0.0004256062083685129
120100,0.19000841677188873,0.10711707919836044,524288.0,0.0004255742176007967
120125,0.15545859932899475,0.08064878731966019,524288.0,0.0004255422211733927
120150,0.1873905509710312,0.11542428284883499,524288.0,0.0004255102190873471
120175,0.2481916844844818,0.09414705634117126,524288.0,0.0004254782113437065
120200,0.1756507009267807,0.10808391124010086,524288.0,0.0004254461979435175
120225,0.14683493971824646,0.10349799692630768,524288.0,0.0004254141788878269
120250,0.23973700404167175,0.0845302864909172,524288.0,0.0004253821541776819
120275,0.20733150839805603,0.08598623424768448,524288.0,0.0004253501238141297
120300,0.1701897233724594,0.0845387876033783,524288.0,0.0004253180877982176
120325,0.21251462399959564,0.08600562810897827,524288.0,0.0004252860461309934
120350,0.13918715715408325,0.0866704136133194,524288.0,0.0004252539988135047
120375,0.1289033591747284,0.09833145141601562,524288.0,0.00042522194584679974
120400,0.13485607504844666,0.09542882442474365,524288.0,0.0004251898872319264
120425,0.16577479243278503,0.09068255871534348,524288.0,0.0004251578229699332
120450,0.1504477858543396,0.11311379820108414,524288.0,0.0004251257530618685
120475,0.1381351351737976,0.09813571721315384,524288.0,0.0004250936775087812
120500,0.11198174953460693,0.07567689567804337,524288.0,0.0004250615963117202
120525,0.24453146755695343,0.09186752885580063,524288.0,0.0004250295094717344
120550,0.11928559839725494,0.09087272733449936,524288.0,0.0004249974169898732
120575,0.15619032084941864,0.10906439274549484,524288.0,0.0004249653188671861
120600,0.14014527201652527,0.09353703260421753,524288.0,0.0004249332151047226
120625,0.18288831412792206,0.09118440002202988,524288.0,0.0004249011057035328
120650,0.10974536836147308,0.10451710224151611,524288.0,0.00042486899066466625
120675,0.2433459460735321,0.09555602073669434,524288.0,0.0004248368699891735
120700,0.2182791531085968,0.10886538028717041,524288.0,0.0004248047436781048
120725,0.16400694847106934,0.09476345777511597,524288.0,0.0004247726117325108
120750,0.13144589960575104,0.06956584751605988,524288.0,0.00042474047415344215
120775,0.10018356144428253,0.10448804497718811,524288.0,0.0004247083309419498
120800,0.18777625262737274,0.13252949714660645,524288.0,0.0004246761820990848
120825,0.13679730892181396,0.10849346965551376,524288.0,0.00042464402762589854
120850,0.24665206670761108,0.10666103661060333,524288.0,0.0004246118675234426
120875,0.1315368413925171,0.11523931473493576,524288.0,0.0004245797017927684
120900,0.16699033975601196,0.08532996475696564,524288.0,0.0004245475304349281
120925,0.15191809833049774,0.09178050607442856,524288.0,0.0004245153534509733
120950,0.10810769349336624,0.10500910878181458,524288.0,0.00042448317084195665
120975,0.122522734105587,0.07477659732103348,524288.0,0.00042445098260893025
121000,0.1618751883506775,0.12666203081607819,524288.0,0.00042441878875294694
121025,0.14941683411598206,0.0985521599650383,524288.0,0.00042438658927505915
121050,0.2402661144733429,0.16586656868457794,524288.0,0.00042435438417632015
121075,0.15786223113536835,0.08213913440704346,524288.0,0.00042432217345778295
121100,0.19998227059841156,0.0841713547706604,524288.0,0.0004242899571205008
121125,0.1645643413066864,0.07549137622117996,524288.0,0.0004242577351655274
121150,0.2349238097667694,0.07630827277898788,524288.0,0.0004242255075939162
121175,0.1291588544845581,0.09700355678796768,524288.0,0.0004241932744067213
121200,0.13996607065200806,0.10797425359487534,524288.0,0.0004241610356049967
121225,0.1944931447505951,0.08819036930799484,524288.0,0.0004241287911897965
121250,0.2064894288778305,0.09209556877613068,524288.0,0.0004240965411621752
121275,0.13264799118041992,0.10189132392406464,524288.0,0.00042406428552318743
121300,0.2114436775445938,0.09608237445354462,524288.0,0.000424032024273888
121325,0.14968344569206238,0.11014200747013092,524288.0,0.0004239997574153317
121350,0.1061328873038292,0.10339878499507904,524288.0,0.00042396748494857406
121375,0.16254965960979462,0.08338598161935806,524288.0,0.00042393520687467013
121400,0.18262448906898499,0.11088982224464417,524288.0,0.0004239029231946754
121425,0.10391838848590851,0.10653723776340485,524288.0,0.0004238706339096457
121450,0.16845621168613434,0.08675870299339294,524288.0,0.0004238383390206368
121475,0.25231170654296875,0.10012175887823105,524288.0,0.0004238060385287051
121500,0.24941658973693848,0.09305868297815323,524288.0,0.00042377373243490646
121525,0.17175978422164917,0.10273316502571106,524288.0,0.00042374142074029763
121550,0.1294187307357788,0.11948416382074356,524288.0,0.000423709103445935
121575,0.13919121026992798,0.08740980178117752,524288.0,0.0004236767805528754
121600,0.15222042798995972,0.08322186768054962,524288.0,0.00042364445206217587
121625,0.2239474058151245,0.09214156866073608,524288.0,0.0004236121179748937
121650,0.24564553797245026,0.09724553674459457,524288.0,0.00042357977829208604
121675,0.1638103425502777,0.0895886942744255,524288.0,0.00042354743301481056
121700,0.16675356030464172,0.09465865790843964,524288.0,0.0004235150821441249
121725,0.17908219993114471,0.11131105571985245,524288.0,0.00042348272568108703
121750,0.15236817300319672,0.13150523602962494,524288.0,0.0004234503636267551
121775,0.14998504519462585,0.09725777059793472,524288.0,0.0004234179959821871
121800,0.16107533872127533,0.08681447058916092,1048576.0,0.00042338562274844176
121825,0.230478435754776,0.10223185271024704,1048576.0,0.00042335324392657773
121850,0.28839147090911865,0.1013350784778595,1048576.0,0.0004233208595176537
121875,0.25032201409339905,0.11230100691318512,524288.0,0.0004232884695227287
121900,0.2376737743616104,0.09390188008546829,524288.0,0.0004232560739428618
121925,0.1932748258113861,0.07694888114929199,262144.0,0.00042322367277911245
121950,0.18280692398548126,0.08447956293821335,262144.0,0.0004231912660325404
121975,0.1955386996269226,0.09947030991315842,262144.0,0.000423158853704205
122000,0.15498100221157074,0.09386131167411804,262144.0,0.0004231264357951666
122025,0.19765929877758026,0.12436041235923767,262144.0,0.00042309401230648493
122050,0.13040432333946228,0.14025995135307312,262144.0,0.0004230615832392204
122075,0.1680094450712204,0.13315801322460175,262144.0,0.00042302914859443353
122100,0.11368373036384583,0.07577385753393173,262144.0,0.00042299670837318484
122125,0.18719762563705444,0.10065075010061264,262144.0,0.0004229642625765353
122150,0.25557005405426025,0.09359175711870193,262144.0,0.00042293181120554575
122175,0.20813150703907013,0.07742121070623398,262144.0,0.0004228993542612775
122200,0.15332147479057312,0.10512304306030273,262144.0,0.00042286689174479193
122225,0.13630583882331848,0.13360704481601715,262144.0,0.00042283442365715056
122250,0.16648024320602417,0.12943270802497864,262144.0,0.00042280194999941506
122275,0.1358383148908615,0.09396234899759293,262144.0,0.00042276947077264746
122300,0.1855071634054184,0.06880028545856476,262144.0,0.0004227369859779097
122325,0.22345152497291565,0.10473798215389252,262144.0,0.00042270449561626427
122350,0.17945437133312225,0.08948598057031631,262144.0,0.00042267199968877355
122375,0.21393534541130066,0.11162415891885757,262144.0,0.0004226394981965001
122400,0.1993323415517807,0.11182522028684616,262144.0,0.0004226069911405069
122425,0.16550783812999725,0.08017738163471222,262144.0,0.0004225744785218569
122450,0.14148041605949402,0.13934281468391418,262144.0,0.0004225419603416132
122475,0.14563119411468506,0.09671149402856827,262144.0,0.00042250943660083936
122500,0.18397293984889984,0.09336037188768387,262144.0,0.00042247690730059877
122525,0.1706821769475937,0.11042193323373795,262144.0,0.0004224443724419553
122550,0.2021065503358841,0.09535770863294601,262144.0,0.0004224118320259727
122575,0.10383371263742447,0.07300049811601639,262144.0,0.0004223792860537152
122600,0.1824691742658615,0.10582486540079117,262144.0,0.00042234673452624705
122625,0.21906745433807373,0.09260683506727219,262144.0,0.0004223141774446327
122650,0.1326589435338974,0.11653060466051102,262144.0,0.0004222816148099368
122675,0.11879384517669678,0.10397275537252426,262144.0,0.00042224904662322425
122700,0.13304316997528076,0.12930190563201904,262144.0,0.00042221647288556
122725,0.10847635567188263,0.125346839427948,262144.0,0.0004221838935980093
122750,0.13641983270645142,0.09104473143815994,262144.0,0.0004221513087616374
122775,0.1760704219341278,0.10805542021989822,262144.0,0.00042211871837750985
122800,0.16485130786895752,0.09891141951084137,262144.0,0.0004220861224466926
122825,0.1679292768239975,0.08677905052900314,262144.0,0.0004220535209702514
122850,0.11784794181585312,0.08669134229421616,262144.0,0.0004220209139492523
122875,0.11601722985506058,0.07410497963428497,262144.0,0.0004219883013847617
122900,0.19564560055732727,0.10119175165891647,262144.0,0.0004219556832778461
122925,0.22406122088432312,0.10234034806489944,262144.0,0.00042192305962957183
122950,0.24360841512680054,0.09371162950992584,262144.0,0.0004218904304410062
122975,0.15369470417499542,0.09590698778629303,262144.0,0.0004218577957132159
123000,0.20160707831382751,0.15304191410541534,262144.0,0.00042182515544726803
123025,0.151937797665596,0.09188360720872879,262144.0,0.00042179250964423024
123050,0.190843865275383,0.16772833466529846,262144.0,0.00042175985830516984
123075,0.20339784026145935,0.1025659516453743,262144.0,0.00042172720143115474
123100,0.18340952694416046,0.07488561421632767,262144.0,0.00042169453902325275
123125,0.21500232815742493,0.12213041633367538,262144.0,0.00042166187108253205
123150,0.1727985441684723,0.13715329766273499,262144.0,0.00042162919761006066
123175,0.14761823415756226,0.12295305728912354,262144.0,0.0004215965186069074
123200,0.14784756302833557,0.0925614982843399,262144.0,0.0004215638340741406
123225,0.17484761774539948,0.07651519775390625,262144.0,0.00042153114401282933
123250,0.30916881561279297,0.08486371487379074,262144.0,0.00042149844842404233
123275,0.17369864881038666,0.08946415781974792,262144.0,0.0004214657473088488
123300,0.1331285983324051,0.09280924499034882,262144.0,0.0004214330406683183
123325,0.18258263170719147,0.08017224073410034,262144.0,0.00042140032850352034
123350,0.17979365587234497,0.0953177735209465,262144.0,0.0004213676108155245
123375,0.15488764643669128,0.08842369168996811,262144.0,0.0004213348876054006
123400,0.1843675822019577,0.09258150309324265,262144.0,0.00042130215887421904
123425,0.19572876393795013,0.08209505677223206,262144.0,0.0004212694246230499
123450,0.11142627894878387,0.11852072924375534,262144.0,0.00042123668485296353
123475,0.16999997198581696,0.08700775355100632,262144.0,0.0004212039395650306
123500,0.11328131705522537,0.09000782668590546,262144.0,0.000421171188760322
123525,0.18495222926139832,0.08979252725839615,262144.0,0.00042113843243990874
123550,0.21174727380275726,0.09213508665561676,262144.0,0.0004211056706048617
123575,0.13277800381183624,0.10070057958364487,262144.0,0.00042107290325625244
123600,0.17389361560344696,0.13895447552204132,262144.0,0.00042104013039515276
123625,0.2713002860546112,0.09325117617845535,262144.0,0.00042100735202263385
123650,0.23887254297733307,0.1210009977221489,262144.0,0.0004209745681397677
123675,0.20103080570697784,0.06823846697807312,262144.0,0.00042094177874762675
123700,0.1291217803955078,0.1189732477068901,262144.0,0.0004209089838472829
123725,0.21995708346366882,0.14556565880775452,262144.0,0.00042087618343980863
123750,0.278246134519577,0.09671179950237274,262144.0,0.0004208433775262765
123775,0.19955675303936005,0.08452671766281128,262144.0,0.00042081056610775944
123800,0.22803515195846558,0.23492473363876343,262144.0,0.0004207777491853303
123825,0.1794334203004837,0.08472302556037903,262144.0,0.00042074492676006227
123850,0.21709680557250977,0.08559446036815643,262144.0,0.00042071209883302863
123875,0.1743747591972351,0.08429909497499466,262144.0,0.000420679265405303
123900,0.15837536752223969,0.08334510028362274,262144.0,0.0004206464264779588
123925,0.12624095380306244,0.09004644304513931,524288.0,0.0004206135820520704
123950,0.2036665976047516,0.10143684595823288,524288.0,0.0004205807321287113
123975,0.12425931543111801,0.0838579535484314,524288.0,0.00042054787670895593
124000,0.14457795023918152,0.08330628275871277,524288.0,0.0004205150157938788
124025,0.23932914435863495,0.08557011187076569,524288.0,0.0004204821493845543
124050,0.18107053637504578,0.11356458812952042,524288.0,0.00042044927748205734
124075,0.16427570581436157,0.08540371060371399,524288.0,0.00042041640008746273
124100,0.1533965766429901,0.0942964255809784,524288.0,0.0004203835172018457
124125,0.17673085629940033,0.10966256260871887,524288.0,0.0004203506288262817
124150,0.24899354577064514,0.08363016694784164,524288.0,0.00042031773496184574
124175,0.16423611342906952,0.088365338742733,524288.0,0.000420284835609614
124200,0.22118093073368073,0.10326176881790161,524288.0,0.00042025193077066195
124225,0.17892707884311676,0.1188586950302124,524288.0,0.0004202190204460659
124250,0.22652192413806915,0.1254209280014038,524288.0,0.0004201861046369018
124275,0.14344513416290283,0.09769216179847717,524288.0,0.0004201531833442462
124300,0.2237195074558258,0.09672295302152634,524288.0,0.0004201202565691755
124325,0.12986281514167786,0.09131668508052826,524288.0,0.0004200873243127666
124350,0.1934659630060196,0.13235406577587128,524288.0,0.0004200543865760963
124375,0.2290293127298355,0.09023917466402054,524288.0,0.0004200214433602416
124400,0.19735565781593323,0.08443128317594528,524288.0,0.00041998849466628004
124425,0.2175094485282898,0.09403760731220245,524288.0,0.00041995554049528895
124450,0.20065222680568695,0.08878444135189056,524288.0,0.0004199225808483458
124475,0.15141859650611877,0.08390116691589355,524288.0,0.0004198896157265287
124500,0.168049618601799,0.08849064260721207,524288.0,0.00041985664513091557
124525,0.1943841129541397,0.09235677123069763,524288.0,0.00041982366906258436
124550,0.13770486414432526,0.10320243239402771,524288.0,0.0004197906875226135
124575,0.09627440571784973,0.09458082169294357,524288.0,0.00041975770051208165
124600,0.15321198105812073,0.07400104403495789,524288.0,0.00041972470803206745
124625,0.2857120633125305,0.09111002832651138,524288.0,0.00041969171008364984
124650,0.16504070162773132,0.11096774786710739,524288.0,0.0004196587066679078
124675,0.22610816359519958,0.10319868475198746,524288.0,0.0004196256977859205
124700,0.12825119495391846,0.09681452065706253,524288.0,0.0004195926834387675
124725,0.12856589257717133,0.09528051316738129,262144.0,0.00041955966362752827
124750,0.14063076674938202,0.06924290210008621,262144.0,0.0004195266383532828
124775,0.12950707972049713,0.0778813362121582,262144.0,0.0004194936076171108
124800,0.14108547568321228,0.07687374204397202,262144.0,0.0004194605714200926
124825,0.1882440745830536,0.13093946874141693,262144.0,0.0004194275297633084
124850,0.18353459239006042,0.07320229709148407,262144.0,0.0004193944826478387
124875,0.1323537528514862,0.09701843559741974,262144.0,0.00041936143007476436
124900,0.2214810997247696,0.0926765576004982,262144.0,0.0004193283720451659
124925,0.1733468472957611,0.10370639711618423,262144.0,0.0004192953085601246
124950,0.16437001526355743,0.0871642678976059,262144.0,0.0004192622396207216
124975,0.13576921820640564,0.0947476476430893,262144.0,0.0004192291652280382
125000,0.11268868297338486,0.09480609744787216,262144.0,0.00041919608538315616
125025,0.1532922387123108,0.12967613339424133,262144.0,0.00041916300008715696
125050,0.17400816082954407,0.11686820536851883,262144.0,0.0004191299093411227
125075,0.2100948989391327,0.07192721962928772,262144.0,0.00041909681314613554
125100,0.16372767090797424,0.11362429708242416,262144.0,0.00041906371150327753
125125,0.1615941971540451,0.09473206847906113,262144.0,0.0004190306044136312
125150,0.18851639330387115,0.1268848031759262,262144.0,0.0004189974918782793
125175,0.15551446378231049,0.08379758894443512,262144.0,0.00041896437389830465
125200,0.18730899691581726,0.08906224370002747,262144.0,0.0004189312504747901
125225,0.2175566554069519,0.08749210834503174,262144.0,0.00041889812160881884
125250,0.14917108416557312,0.2038712203502655,262144.0,0.0004188649873014742
125275,0.27799201011657715,0.08119291812181473,262144.0,0.0004188318475538398
125300,0.1378607451915741,0.09150152653455734,262144.0,0.00041879870236699937
125325,0.1812073290348053,0.09160993993282318,262144.0,0.00041876555174203664
125350,0.22496943175792694,0.07845056802034378,262144.0,0.0004187323956800359
125375,0.11995396763086319,0.13103950023651123,262144.0,0.00041869923418208103
125400,0.11998994648456573,0.14381389319896698,262144.0,0.0004186660672492566
125425,0.1876193881034851,0.09684795886278152,262144.0,0.0004186328948826473
125450,0.2514963746070862,0.07909201085567474,262144.0,0.0004185997170833378
125475,0.13607293367385864,0.12555083632469177,262144.0,0.0004185665338524133
125500,0.23531724512577057,0.10238245129585266,262144.0,0.00041853334519095835
125525,0.19409722089767456,0.0852060541510582,262144.0,0.00041850015110005877
125550,0.13032416999340057,0.07216159254312515,262144.0,0.0004184669515807999
125575,0.20442159473896027,0.0714082345366478,262144.0,0.0004184337466342673
125600,0.18139870464801788,0.08047986030578613,262144.0,0.000418400536261547
125625,0.2078581005334854,0.10420513153076172,262144.0,0.00041836732046372457
125650,0.17914701998233795,0.0904712975025177,262144.0,0.0004183340992418867
125675,0.19535917043685913,0.08895056694746017,262144.0,0.0004183008725971196
125700,0.11908316612243652,0.11793500930070877,262144.0,0.0004182676405305097
125725,0.198825865983963,0.09627656638622284,262144.0,0.00041823440304314386
125750,0.10192253440618515,0.07561995089054108,262144.0,0.0004182011601361088
125775,0.11574941873550415,0.08641107380390167,262144.0,0.00041816791181049174
125800,0.11075294762849808,0.10175121575593948,262144.0,0.00041813465806737985
125825,0.17047184705734253,0.1072462871670723,262144.0,0.00041810139890786067
125850,0.21315068006515503,0.09406020492315292,262144.0,0.00041806813433302177
125875,0.20596052706241608,0.07637181878089905,262144.0,0.0004180348643439508
125900,0.19057601690292358,0.08597177267074585,262144.0,0.0004180015889417357
125925,0.1433165818452835,0.12354116141796112,262144.0,0.00041796830812746496
125950,0.16300252079963684,0.08267682045698166,262144.0,0.0004179350219022265
125975,0.14589565992355347,0.08747884631156921,262144.0,0.0004179017302671091
126000,0.15514026582241058,0.10727066546678543,262144.0,0.00041786843322320124
126025,0.21643610298633575,0.08863954246044159,262144.0,0.00041783513077159166
126050,0.10635934770107269,0.08873287588357925,262144.0,0.0004178018229133697
126075,0.16089782118797302,0.08311770856380463,262144.0,0.00041776850964962437
126100,0.20548030734062195,0.11072773486375809,262144.0,0.00041773519098144515
126125,0.18645305931568146,0.07750911265611649,262144.0,0.0004177018669099214
126150,0.2238858938217163,0.1326482594013214,262144.0,0.00041766853743614306
126175,0.17008014023303986,0.08234548568725586,262144.0,0.0004176352025611998
126200,0.3197139501571655,0.1400156468153,262144.0,0.0004176018622861819
126225,0.1931351274251938,0.11480318754911423,262144.0,0.0004175685166121796
126250,0.1838662028312683,0.10869957506656647,262144.0,0.0004175351655402832
126275,0.13462243974208832,0.0944393053650856,262144.0,0.00041750180907158347
126300,0.17757712304592133,0.10279566794633865,262144.0,0.0004174684472071711
126325,0.15657693147659302,0.0942859947681427,262144.0,0.0004174350799481371
126350,0.1899150162935257,0.07726237177848816,262144.0,0.00041740170729557256
126375,0.10713311284780502,0.07435683906078339,262144.0,0.00041736832925056886
126400,0.19134590029716492,0.0973379835486412,262144.0,0.00041733494581421747
126425,0.1522173434495926,0.10563397407531738,262144.0,0.0004173015569876101
126450,0.2465541809797287,0.11280465871095657,262144.0,0.00041726816277183837
126475,0.10706779360771179,0.07676345854997635,262144.0,0.0004172347631679947
126500,0.12648358941078186,0.08695428818464279,262144.0,0.00041720135817717094
126525,0.15482695400714874,0.08687533438205719,262144.0,0.00041716794780045956
126550,0.16857144236564636,0.10194255411624908,262144.0,0.00041713453203895325
126575,0.18125729262828827,0.10089536011219025,262144.0,0.00041710111089374456
126600,0.1637444794178009,0.09508928656578064,262144.0,0.00041706768436592653
126625,0.1686696708202362,0.10526933521032333,262144.0,0.0004170342524565921
126650,0.300577849149704,0.08782117813825607,262144.0,0.00041700081516683453
126675,0.13866852223873138,0.11004896461963654,262144.0,0.00041696737249774746
126700,0.14514286816120148,0.1533469259738922,262144.0,0.00041693392445042417
126725,0.2162773609161377,0.10064075142145157,524288.0,0.0004169004710259588
126750,0.12014094740152359,0.09161640703678131,524288.0,0.0004168670122254451
126775,0.1578306257724762,0.10925951600074768,524288.0,0.0004168335480499772
126800,0.24250972270965576,0.0952049195766449,524288.0,0.0004168000785006495
126825,0.1718227118253708,0.13061510026454926,524288.0,0.00041676660357855644
126850,0.14760354161262512,0.08406304568052292,524288.0,0.00041673312328479266
126875,0.15583938360214233,0.10092920064926147,524288.0,0.0004166996376204529
126900,0.17522819340229034,0.11707256734371185,524288.0,0.00041666614658663226
126925,0.12982335686683655,0.0733046680688858,524288.0,0.0004166326501844261
126950,0.15800967812538147,0.08353811502456665,524288.0,0.0004165991484149295
126975,0.19979555904865265,0.12344130873680115,524288.0,0.00041656564127923824
127000,0.14328444004058838,0.10347743332386017,524288.0,0.00041653212877844787
127025,0.14741578698158264,0.09273992478847504,524288.0,0.00041649861091365436
127050,0.162460595369339,0.124900683760643,524288.0,0.0004164650876859538
127075,0.2011791318655014,0.10898452997207642,524288.0,0.00041643155909644236
127100,0.19728268682956696,0.081252321600914,524288.0,0.0004163980251462163
127125,0.1647934913635254,0.11285094171762466,524288.0,0.0004163644858363726
127150,0.11905750632286072,0.10464325547218323,524288.0,0.0004163309411680077
127175,0.18392141163349152,0.06822143495082855,524288.0,0.0004162973911422187
127200,0.24427136778831482,0.09009413421154022,524288.0,0.0004162638357601028
127225,0.25229987502098083,0.10805506259202957,524288.0,0.000416230275022757
127250,0.17225566506385803,0.08043119311332703,524288.0,0.00041619670893127894
127275,0.12198687344789505,0.10491202026605606,524288.0,0.00041616313748676627
127300,0.13089439272880554,0.09697435796260834,524288.0,0.0004161295606903168
127325,0.19668027758598328,0.08712773025035858,524288.0,0.0004160959785430286
127350,0.1826193928718567,0.08732829988002777,524288.0,0.0004160623910459997
127375,0.13585101068019867,0.08541850000619888,524288.0,0.0004160287982003284
127400,0.1705036461353302,0.08260650932788849,524288.0,0.0004159952000071134
127425,0.14841553568840027,0.0867462009191513,524288.0,0.00041596159646745335
127450,0.15276725590229034,0.0897117629647255,524288.0,0.000415927987582447
127475,0.1739625632762909,0.1267087757587433,524288.0,0.0004158943733531935
127500,0.1645618975162506,0.12915962934494019,524288.0,0.00041586075378079206
127525,0.19814103841781616,0.0797908827662468,524288.0,0.000415827128866342
127550,0.1534629464149475,0.09263066947460175,524288.0,0.00041579349861094287
127575,0.1941075474023819,0.08966771513223648,524288.0,0.0004157598630156945
127600,0.151792511343956,0.16753986477851868,524288.0,0.0004157262220816968
127625,0.1401033103466034,0.09255091845989227,524288.0,0.0004156925758100499
127650,0.17370592057704926,0.09216416627168655,524288.0,0.00041565892420185395
127675,0.22407345473766327,0.08945369720458984,524288.0,0.0004156252672582094
127700,0.1889256089925766,0.10036425292491913,524288.0,0.000415591604980217
127725,0.1266491860151291,0.13038547337055206,524288.0,0.0004155579373689773
127750,0.16883237659931183,0.08012734353542328,524288.0,0.00041552426442559157
127775,0.14490662515163422,0.11844530701637268,524288.0,0.0004154905861511607
127800,0.16757996380329132,0.0934915840625763,524288.0,0.000415456902546786
127825,0.22329607605934143,0.07037139683961868,524288.0,0.00041542321361356905
127850,0.14946356415748596,0.10820264369249344,262144.0,0.00041538951935261154
127875,0.25401630997657776,0.09450668841600418,262144.0,0.0004153558197650152
127900,0.2051752358675003,0.11624836176633835,262144.0,0.0004153221148518822
127925,0.20713326334953308,0.10790146142244339,262144.0,0.0004152884046143146
127950,0.20260164141654968,0.07846200466156006,262144.0,0.00041525468905341474
127975,0.2240835726261139,0.11247134208679199,262144.0,0.0004152209681702852
128000,0.12352819740772247,0.09949939697980881,262144.0,0.0004151872419660286
128025,0.19601388275623322,0.09817549586296082,262144.0,0.00041515351044174787
128050,0.21275146305561066,0.11693224310874939,262144.0,0.0004151197735985462
128075,0.1278098225593567,0.10494810342788696,262144.0,0.0004150860314375266
128100,0.1366053819656372,0.1131613701581955,262144.0,0.0004150522839597925
128125,0.19828051328659058,0.11084076017141342,262144.0,0.0004150185311664477
128150,0.14895103871822357,0.09619773179292679,262144.0,0.00041498477305859573
128175,0.1362183541059494,0.09687042981386185,262144.0,0.00041495100963734056
128200,0.19606855511665344,0.09453106671571732,262144.0,0.00041491724090378634
128225,0.1326029747724533,0.09138759225606918,262144.0,0.0004148834668590371
128250,0.17187157273292542,0.19898155331611633,262144.0,0.00041484968750419757
128275,0.19537538290023804,0.09402453154325485,262144.0,0.0004148159028403724
128300,0.19286546111106873,0.09053592383861542,262144.0,0.00041478211286866617
128325,0.21631421148777008,0.09530630707740784,262144.0,0.0004147483175901839
128350,0.20983478426933289,0.08568038046360016,262144.0,0.00041471451700603076
128375,0.14154477417469025,0.09368427097797394,262144.0,0.000414680711117312
128400,0.14972613751888275,0.07373329997062683,262144.0,0.00041464689992513323
128425,0.16601328551769257,0.16429369151592255,262144.0,0.00041461308343060003
128450,0.19997602701187134,0.11622149497270584,262144.0,0.0004145792616348183
128475,0.13905034959316254,0.12252342700958252,262144.0,0.0004145454345388938
128500,0.15884104371070862,0.09365681558847427,262144.0,0.00041451160214393286
128525,0.1349770873785019,0.08839399367570877,262144.0,0.0004144777644510421
128550,0.20840686559677124,0.0897647961974144,262144.0,0.0004144439214613276
128575,0.1675911396741867,0.07726167887449265,262144.0,0.0004144100731758964
128600,0.18457086384296417,0.12489862740039825,262144.0,0.0004143762195958551
128625,0.14782913029193878,0.08271071314811707,262144.0,0.00041434236072231096
128650,0.15070326626300812,0.14152170717716217,262144.0,0.00041430849655637106
128675,0.20777328312397003,0.08685426414012909,262144.0,0.0004142746270991429
128700,0.16357463598251343,0.11637295037508011,262144.0,0.0004142407523517339
128725,0.1687946766614914,0.08911862224340439,262144.0,0.00041420687231525185
128750,0.17776493728160858,0.0897626280784607,262144.0,0.0004141729869908047
128775,0.20163379609584808,0.08976705372333527,262144.0,0.0004141390963795007
128800,0.1608022004365921,0.10997233539819717,262144.0,0.0004141052004824477
128825,0.274533212184906,0.11436491459608078,262144.0,0.0004140712993007545
128850,0.15671372413635254,0.148026242852211,262144.0,0.0004140373928355293
128875,0.18449433147907257,0.09003883600234985,262144.0,0.0004140034810878814
128900,0.14001035690307617,0.07710226625204086,262144.0,0.0004139695640589194
128925,0.20214132964611053,0.09672153741121292,262144.0,0.0004139356417497524
128950,0.12444821745157242,0.0939711257815361,262144.0,0.00041390171416148987
128975,0.18474406003952026,0.1374358832836151,262144.0,0.0004138677812952411
129000,0.252298504114151,0.09795565158128738,262144.0,0.00041383384315211584
129025,0.16348692774772644,0.10150177776813507,262144.0,0.00041379989973322386
129050,0.16545891761779785,0.09485580772161484,262144.0,0.0004137659510396751
129075,0.18294061720371246,0.1338571161031723,262144.0,0.00041373199707257986
129100,0.2841579020023346,0.1173684149980545,262144.0,0.0004136980378330484
129125,0.17110420763492584,0.07716875523328781,262144.0,0.000413664073322191
129150,0.19190923869609833,0.09387124329805374,262144.0,0.0004136301035411186
129175,0.17962592840194702,0.07724776118993759,262144.0,0.000413596128490942
129200,0.23078562319278717,0.14245034754276276,262144.0,0.00041356214817277225
129225,0.13353855907917023,0.08631615340709686,262144.0,0.0004135281625877204
129250,0.13190732896327972,0.09577613323926926,262144.0,0.00041349417173689774
129275,0.1853896528482437,0.10380224138498306,262144.0,0.000413460175621416
129300,0.18692322075366974,0.10735183954238892,262144.0,0.00041342617424238695
129325,0.13913412392139435,0.10199445486068726,262144.0,0.0004133921676009222
129350,0.1973586529493332,0.0786917433142662,262144.0,0.000413358155698134
129375,0.13206714391708374,0.07604542374610901,262144.0,0.00041332413853513455
129400,0.10882345587015152,0.09937392920255661,262144.0,0.0004132901161130361
129425,0.1460689753293991,0.07968992739915848,262144.0,0.00041325608843295137
129450,0.14789532124996185,0.08210676908493042,262144.0,0.000413222055495993
129475,0.1898711770772934,0.09589722752571106,262144.0,0.000413188017303274
129500,0.17493732273578644,0.09980237483978271,262144.0,0.00041315397385590735
129525,0.18565240502357483,0.08281116187572479,262144.0,0.0004131199251550063
129550,0.18347963690757751,0.08225898444652557,262144.0,0.0004130858712016844
129575,0.18680395185947418,0.11706537008285522,262144.0,0.00041305181199705515
129600,0.17811118066310883,0.11687613278627396,262144.0,0.0004130177475422322
129625,0.14698441326618195,0.1752500981092453,262144.0,0.00041298367783832986
129650,0.1934821903705597,0.11720660328865051,262144.0,0.00041294960288646186
129675,0.14064869284629822,0.10380058735609055,262144.0,0.0004129155226877427
129700,0.17972621321678162,0.10322526097297668,262144.0,0.00041288143724328675
129725,0.18252091109752655,0.08353077620267868,262144.0,0.00041284734655420844
129750,0.1140376627445221,0.10650598257780075,262144.0,0.000412813250621623
129775,0.1962173730134964,0.08900778740644455,262144.0,0.000412779149446645
129800,0.1256057471036911,0.08942151814699173,262144.0,0.00041274504303038997
129825,0.19645503163337708,0.10623008012771606,262144.0,0.00041271093137397284
129850,0.17865820229053497,0.10980022698640823,524288.0,0.00041267681447850927
129875,0.13282763957977295,0.0885877013206482,524288.0,0.00041264269234511495
129900,0.22486551105976105,0.1098136454820633,262144.0,0.0004126085649749056
129925,0.19610652327537537,0.08740266412496567,262144.0,0.00041257443236899724
129950,0.20625339448451996,0.09146285802125931,262144.0,0.0004125402945285062
129975,0.1290401667356491,0.10963812470436096,262144.0,0.0004125061514545486
130000,0.17596514523029327,0.09600456058979034,262144.0,0.0004124720031482411
130025,0.17585451900959015,0.08197107166051865,262144.0,0.00041243784961070024
130050,0.17387059330940247,0.09581399708986282,262144.0,0.00041240369084304297
130075,0.23937983810901642,0.09584648907184601,262144.0,0.00041236952684638634
130100,0.22545412182807922,0.10494187474250793,262144.0,0.0004123353576218474
130125,0.22492477297782898,0.12946908175945282,262144.0,0.00041230118317054374
130150,0.2408825308084488,0.11376619338989258,262144.0,0.0004122670034935928
130175,0.14844484627246857,0.08729413151741028,262144.0,0.00041223281859211207
130200,0.22418548166751862,0.07637679576873779,262144.0,0.0004121986284672197
130225,0.16935954988002777,0.08746957033872604,262144.0,0.00041216443312003373
130250,0.2085782140493393,0.07890935987234116,262144.0,0.00041213023255167223
130275,0.14916077256202698,0.0805048942565918,262144.0,0.0004120960267632537
130300,0.18773287534713745,0.07136444002389908,262144.0,0.00041206181575589656
130325,0.19424845278263092,0.10564528405666351,262144.0,0.0004120275995307198
130350,0.15838570892810822,0.08193985372781754,262144.0,0.0004119933780888422
130375,0.11865122616291046,0.0763581395149231,262144.0,0.00041195915143138283
130400,0.14430400729179382,0.08598518371582031,262144.0,0.0004119249195594606
130425,0.2491723597049713,0.11527713388204575,262144.0,0.0004118906824741955
130450,0.21125896275043488,0.07925402373075485,262144.0,0.0004118564401767068
130475,0.17740802466869354,0.0748034194111824,262144.0,0.00041182219266811427
130500,0.17227612435817719,0.11699571460485458,262144.0,0.00041178793994953785
130525,0.14034663140773773,0.08967216312885284,262144.0,0.0004117536820220977
130550,0.24890249967575073,0.1243242621421814,262144.0,0.0004117194188869141
130575,0.1724139302968979,0.08949078619480133,262144.0,0.0004116851505451072
130600,0.17870445549488068,0.07538783550262451,262144.0,0.000411650876997798
130625,0.1373223513364792,0.08750196546316147,262144.0,0.0004116165982461072
130650,0.1083170548081398,0.09385902434587479,262144.0,0.0004115823142911555
130675,0.2620280683040619,0.1208963543176651,262144.0,0.0004115480251340642
130700,0.16148625314235687,0.08757930248975754,262144.0,0.0004115137307759546
130725,0.2482718527317047,0.16312852501869202,262144.0,0.00041147943121794804
130750,0.25251543521881104,0.07998466491699219,262144.0,0.0004114451264611663
130775,0.13234952092170715,0.09725389629602432,262144.0,0.00041141081650673106
130800,0.1496768742799759,0.07857315242290497,262144.0,0.0004113765013557644
130825,0.16565018892288208,0.09765706956386566,262144.0,0.00041134218100938834
130850,0.13944172859191895,0.16262869536876678,262144.0,0.0004113078554687251
130875,0.21855954825878143,0.10142306983470917,262144.0,0.00041127352473489755
130900,0.1577758491039276,0.09904620796442032,262144.0,0.0004112391888090279
130925,0.19761626422405243,0.1284557431936264,262144.0,0.00041120484769223924
130950,0.2163163721561432,0.08410815894603729,262144.0,0.00041117050138565433
130975,0.16532978415489197,0.10892859846353531,262144.0,0.00041113614989039663
131000,0.1711607724428177,0.09011869132518768,262144.0,0.00041110179320758927
131025,0.14398419857025146,0.07152821868658066,262144.0,0.0004110674313383556
131050,0.17097817361354828,0.09153791517019272,262144.0,0.0004110330642838195
131075,0.132839173078537,0.08709284663200378,262144.0,0.0004109986920451049
131100,0.1993894875049591,0.09366278350353241,262144.0,0.0004109643146233356
131125,0.26899048686027527,0.11716491729021072,262144.0,0.0004109299320196357
131150,0.1560015231370926,0.14314882457256317,262144.0,0.00041089554423512993
131175,0.14650176465511322,0.09264686703681946,262144.0,0.0004108611512709424
131200,0.23430135846138,0.0885576531291008,262144.0,0.000410826753128198
131225,0.18685470521450043,0.10166801512241364,262144.0,0.0004107923498080215
131250,0.15898671746253967,0.09571263939142227,262144.0,0.0004107579413115379
131275,0.1421334594488144,0.10182022303342819,262144.0,0.00041072352763987243
131300,0.14358918368816376,0.09598883241415024,262144.0,0.00041068910879415055
131325,0.09475792199373245,0.08221938461065292,262144.0,0.00041065468477549763
131350,0.15523552894592285,0.08411365002393723,262144.0,0.00041062025558503946
131375,0.18632204830646515,0.08017991483211517,262144.0,0.0004105858212239019
131400,0.13691644370555878,0.09533203393220901,262144.0,0.00041055138169321083
131425,0.15627799928188324,0.10704611241817474,262144.0,0.00041051693699409276
131450,0.18626831471920013,0.0867299810051918,262144.0,0.00041048248712767375
131475,0.23676443099975586,0.08421105891466141,262144.0,0.0004104480320950806
131500,0.12959407269954681,0.07162744551897049,262144.0,0.0004104135718974399
131525,0.19726811349391937,0.0886969268321991,262144.0,0.0004103791065358784
131550,0.14062872529029846,0.0851581022143364,262144.0,0.00041034463601152344
131575,0.20564775168895721,0.09489540755748749,262144.0,0.000410310160325502
131600,0.14949128031730652,0.08688179403543472,262144.0,0.0004102756794789415
131625,0.2537551522254944,0.14042505621910095,262144.0,0.0004102411934729697
131650,0.13598330318927765,0.10079029947519302,262144.0,0.00041020670230871404
131675,0.21166040003299713,0.1304667592048645,262144.0,0.0004101722059873025
131700,0.1870233416557312,0.10158006101846695,262144.0,0.0004101377045098634
131725,0.18746010959148407,0.07507345080375671,262144.0,0.0004101031978775245
131750,0.2518865168094635,0.08863683044910431,262144.0,0.00041006868609141467
131775,0.13723605871200562,0.09091918170452118,262144.0,0.0004100341691526622
131800,0.1242278665304184,0.08193319290876389,262144.0,0.00040999964706239583
131825,0.19621938467025757,0.12640263140201569,262144.0,0.0004099651198217445
131850,0.17679660022258759,0.12107278406620026,262144.0,0.00040993058743183736
131875,0.21253617107868195,0.09763205796480179,262144.0,0.00040989604989380375
131900,0.1526351422071457,0.0978206992149353,524288.0,0.0004098615072087728
131925,0.1566423922777176,0.07898357510566711,524288.0,0.0004098269593778741
131950,0.17426930367946625,0.09562511742115021,524288.0,0.00040979240640223773
131975,0.1862073540687561,0.0826178789138794,524288.0,0.0004097578482829932
132000,0.1636301726102829,0.09656801074743271,524288.0,0.0004097232850212708
132025,0.21520352363586426,0.09157361835241318,524288.0,0.0004096887166182009
132050,0.23962752521038055,0.09451866149902344,524288.0,0.00040965414307491364
132075,0.15046200156211853,0.09372604638338089,524288.0,0.0004096195643925397
132100,0.12714485824108124,0.08382665365934372,524288.0,0.00040958498057221
132125,0.2068503499031067,0.11007572710514069,524288.0,0.00040955039161505533
132150,0.20122314989566803,0.083533875644207,524288.0,0.00040951579752220664
132175,0.2353769689798355,0.1013425663113594,524288.0,0.0004094811982947956
132200,0.16358497738838196,0.09974978119134903,524288.0,0.0004094465939339533
132225,0.2518242597579956,0.11084212362766266,524288.0,0.0004094119844408113
132250,0.13397371768951416,0.08525782078504562,524288.0,0.0004093773698165016
132275,0.15977370738983154,0.11381029337644577,524288.0,0.0004093427500621559
132300,0.1834077537059784,0.07262316346168518,524288.0,0.00040930812517890646
132325,0.1498556137084961,0.0809471607208252,524288.0,0.0004092734951678854
132350,0.16309550404548645,0.09997948259115219,524288.0,0.00040923886003022545
132375,0.20039348304271698,0.12719696760177612,524288.0,0.00040920421976705886
132400,0.23137184977531433,0.07511322945356369,524288.0,0.00040916957437951853
132425,0.0864148661494255,0.08948441594839096,524288.0,0.0004091349238687375
132450,0.16136465966701508,0.10289943218231201,524288.0,0.0004091002682358488
132475,0.19970956444740295,0.08947619795799255,524288.0,0.0004090656074819857
132500,0.15513750910758972,0.08430663496255875,524288.0,0.0004090309416082815
132525,0.21019262075424194,0.10756812244653702,524288.0,0.0004089962706158699
132550,0.1332232654094696,0.09002935141324997,524288.0,0.00040896159450588485
132575,0.16484063863754272,0.10220881551504135,524288.0,0.0004089269132794601
132600,0.18923422694206238,0.10086344182491302,524288.0,0.00040889222693772984
132625,0.13270074129104614,0.08194319903850555,524288.0,0.00040885753548182825
132650,0.19790707528591156,0.1025928482413292,524288.0,0.0004088228389128898
132675,0.1623028963804245,0.1011912152171135,524288.0,0.0004087881372320492
132700,0.1728326827287674,0.0808681771159172,524288.0,0.00040875343044044114
132725,0.18492431938648224,0.12719078361988068,524288.0,0.0004087187185392007
132750,0.17488780617713928,0.1013047993183136,524288.0,0.0004086840015294627
132775,0.17697840929031372,0.08985775709152222,524288.0,0.00040864927941236263
132800,0.22692576050758362,0.09029658883810043,524288.0,0.000408614552189036
132825,0.20039650797843933,0.11169803142547607,524288.0,0.00040857981986061826
132850,0.13952142000198364,0.19391854107379913,524288.0,0.0004085450824282453
132875,0.17238351702690125,0.100107841193676,524288.0,0.0004085103398930529
132900,0.1972097009420395,0.07985188812017441,524288.0,0.00040847559225617736
132925,0.14045807719230652,0.10590557008981705,524288.0,0.0004084408395187549
132950,0.14573033154010773,0.08654054999351501,524288.0,0.00040840608168192196
132975,0.19103564321994781,0.0791826918721199,524288.0,0.0004083713187468151
133000,0.15785735845565796,0.12197902798652649,524288.0,0.00040833655071457125
133025,0.1545076221227646,0.10082419961690903,524288.0,0.00040830177758632727
133050,0.2720736265182495,0.0978342592716217,524288.0,0.0004082669993632202
133075,0.1420196294784546,0.10794391483068466,524288.0,0.00040823221604638734
133100,0.17700287699699402,0.08066954463720322,524288.0,0.00040819742763696627
133125,0.18213030695915222,0.14443983137607574,524288.0,0.0004081626341360945
133150,0.1823502480983734,0.09370618313550949,524288.0,0.00040812783554490984
133175,0.21464040875434875,0.08496395498514175,524288.0,0.00040809303186455017
133200,0.15899109840393066,0.09820611774921417,524288.0,0.0004080582230961537
133225,0.1844465434551239,0.10727021098136902,524288.0,0.0004080234092408586
133250,0.20127542316913605,0.09091100841760635,524288.0,0.00040798859029980337
133275,0.17265798151493073,0.08734627068042755,524288.0,0.00040795376627412674
133300,0.20684808492660522,0.09043117612600327,524288.0,0.0004079189371649672
133325,0.2111862748861313,0.1749247908592224,524288.0,0.00040788410297346397
133350,0.18064053356647491,0.10257895290851593,524288.0,0.0004078492637007561
133375,0.20195654034614563,0.09078402072191238,524288.0,0.00040781441934798277
133400,0.18249553442001343,0.08616756647825241,524288.0,0.0004077795699162836
133425,0.1842040717601776,0.09899767488241196,524288.0,0.00040774471540679796
133450,0.18921692669391632,0.08674237132072449,524288.0,0.0004077098558206658
133475,0.22172078490257263,0.11627326160669327,524288.0,0.00040767499115902705
133500,0.20303627848625183,0.08734890073537827,524288.0,0.00040764012142302167
133525,0.1880679875612259,0.11045915633440018,524288.0,0.00040760524661379006
133550,0.11276119947433472,0.08000241219997406,524288.0,0.0004075703667324726
133575,0.1962941437959671,0.07983413338661194,524288.0,0.00040753548178020996
133600,0.17418847978115082,0.09321824461221695,524288.0,0.0004075005917581429
133625,0.19305355846881866,0.10207466781139374,524288.0,0.0004074656966674123
133650,0.10704566538333893,0.10575956851243973,524288.0,0.00040743079650915943
133675,0.2173209935426712,0.10243984311819077,524288.0,0.0004073958912845252
133700,0.16875086724758148,0.07926567643880844,262144.0,0.0004073609809946515
133725,0.18270118534564972,0.1180286779999733,262144.0,0.0004073260656406795
133750,0.2435549646615982,0.10235973447561264,262144.0,0.0004072911452237513
133775,0.19508136808872223,0.08707601577043533,262144.0,0.00040725621974500875
133800,0.21159256994724274,0.10498648881912231,262144.0,0.00040722128920559365
133825,0.12611433863639832,0.08864639699459076,262144.0,0.0004071863536066487
133850,0.1553473174571991,0.11745879799127579,262144.0,0.00040715141294931604
133875,0.210365429520607,0.13291168212890625,262144.0,0.00040711646723473843
133900,0.14285963773727417,0.09160099923610687,262144.0,0.0004070815164640584
133925,0.20546063780784607,0.10861805081367493,262144.0,0.00040704656063841914
133950,0.19503375887870789,0.08182772248983383,262144.0,0.00040701159975896356
133975,0.2789495885372162,0.09140758961439133,262144.0,0.00040697663382683507
134000,0.2670750617980957,0.1006341278553009,262144.0,0.00040694166284317685
134025,0.15481889247894287,0.08326412737369537,262144.0,0.00040690668680913274
134050,0.10733622312545776,0.08714981377124786,262144.0,0.0004068717057258463
134075,0.16497431695461273,0.08474142104387283,262144.0,0.0004068367195944614
134100,0.15042153000831604,0.12104607373476028,262144.0,0.0004068017284161224
134125,0.17300672829151154,0.08417070657014847,262144.0,0.0004067667321919734
134150,0.14586570858955383,0.0899958610534668,262144.0,0.00040673173092315866
134175,0.11529310047626495,0.14344394207000732,262144.0,0.00040669672461082296
134200,0.12976416945457458,0.10212267935276031,262144.0,0.0004066617132561109
134225,0.17505209147930145,0.10310220718383789,262144.0,0.0004066266968601674
134250,0.1446625292301178,0.1102883592247963,262144.0,0.00040659167542413777
134275,0.17276468873023987,0.10402631759643555,262144.0,0.0004065566489491668
134300,0.15592923760414124,0.0785306915640831,262144.0,0.00040652161743640026
134325,0.12962156534194946,0.09374266117811203,262144.0,0.00040648658088698365
134350,0.29248225688934326,0.08881724625825882,262144.0,0.0004064515393020625
134375,0.24649494886398315,0.10775098949670792,262144.0,0.00040641649268278286
134400,0.16570909321308136,0.0907617062330246,262144.0,0.0004063814410302909
134425,0.23792202770709991,0.08980725705623627,262144.0,0.0004063463843457326
134450,0.09115847945213318,0.11163759231567383,262144.0,0.0004063113226302544
134475,0.16209232807159424,0.09160581231117249,262144.0,0.000406276255885003
134500,0.11541099846363068,0.12185617536306381,262144.0,0.00040624118411112495
134525,0.12714138627052307,0.10441016405820847,262144.0,0.0004062061073097673
134550,0.1639428436756134,0.08203619718551636,262144.0,0.00040617102548207694
134575,0.1535796821117401,0.07712123543024063,262144.0,0.000406135938629201
134600,0.18119679391384125,0.08819211274385452,262144.0,0.00040610084675228716
134625,0.13394767045974731,0.1017308384180069,262144.0,0.0004060657498524826
134650,0.16536246240139008,0.08255179971456528,262144.0,0.00040603064793093545
134675,0.14741022884845734,0.09694168716669083,262144.0,0.0004059955409887931
134700,0.13701382279396057,0.07803525030612946,262144.0,0.0004059604290272039
134725,0.15564602613449097,0.09140133857727051,262144.0,0.00040592531204731606
134750,0.20215164124965668,0.11036033183336258,262144.0,0.0004058901900502776
134775,0.18350906670093536,0.12696152925491333,262144.0,0.00040585506303723737
134800,0.2700076997280121,0.10570484399795532,262144.0,0.000405819931009344
134825,0.17903093993663788,0.07558584213256836,262144.0,0.00040578479396774633
134850,0.14426898956298828,0.09778387099504471,262144.0,0.0004057496519135932
134875,0.16778255999088287,0.08273772150278091,262144.0,0.00040571450484803404
134900,0.16183558106422424,0.09140419960021973,262144.0,0.00040567935277221806
134925,0.10967548191547394,0.12725582718849182,262144.0,0.0004056441956872947
134950,0.196369007229805,0.08657608181238174,262144.0,0.00040560903359441374
134975,0.1366681158542633,0.09234467148780823,262144.0,0.00040557386649472515
135000,0.13550639152526855,0.09697389602661133,262144.0,0.00040553869438937856
135025,0.19762741029262543,0.11008528620004654,262144.0,0.00040550351727952443
135050,0.1968749463558197,0.09824646264314651,262144.0,0.0004054683351663129
135075,0.21612626314163208,0.10017837584018707,262144.0,0.00040543314805089464
135100,0.12079869210720062,0.10327904671430588,262144.0,0.0004053979559344202
135125,0.1937674880027771,0.07894376665353775,262144.0,0.0004053627588180404
135150,0.2023901790380478,0.10024033486843109,262144.0,0.00040532755670290624
135175,0.17339584231376648,0.08604206144809723,262144.0,0.00040529234959016874
135200,0.15400195121765137,0.08458591997623444,262144.0,0.00040525713748097936
135225,0.1886008232831955,0.10062092542648315,262144.0,0.0004052219203764895
135250,0.18224160373210907,0.07956721633672714,262144.0,0.0004051866982778509
135275,0.1535046547651291,0.09609568119049072,262144.0,0.00040515147118621523
135300,0.24692529439926147,0.09148035943508148,262144.0,0.00040511623910273437
135325,0.12364912778139114,0.09064776450395584,262144.0,0.00040508100202856065
135350,0.2222200185060501,0.13069330155849457,262144.0,0.0004050457599648463
135375,0.0790470540523529,0.09641401469707489,262144.0,0.00040501051291274377
135400,0.1471611112356186,0.10345521569252014,262144.0,0.0004049752608734055
135425,0.1449320763349533,0.08522593975067139,262144.0,0.00040494000384798444
135450,0.19406495988368988,0.07928977161645889,262144.0,0.00040490474183763346
135475,0.13958585262298584,0.07938957214355469,262144.0,0.00040486947484350564
135500,0.1384911984205246,0.10846351087093353,262144.0,0.0004048342028667545
135525,0.20955617725849152,0.10007646679878235,262144.0,0.00040479892590853305
135550,0.13712482154369354,0.08334605395793915,262144.0,0.00040476364396999515
135575,0.11914517730474472,0.08420728147029877,262144.0,0.0004047283570522944
135600,0.12683087587356567,0.10174556076526642,262144.0,0.0004046930651565848
135625,0.1471833735704422,0.08214280754327774,262144.0,0.0004046577682840206
135650,0.20837311446666718,0.07762029021978378,262144.0,0.00040462246643575573
135675,0.1176508292555809,0.10193392634391785,262144.0,0.00040458715961294475
135700,0.17135657370090485,0.0926995649933815,524288.0,0.00040455184781674217
135725,0.16207242012023926,0.10527525097131729,524288.0,0.0004045165310483028
135750,0.20813509821891785,0.10724973678588867,524288.0,0.0004044812093087815
135775,0.15617990493774414,0.12092222273349762,524288.0,0.0004044458825993333
135800,0.14409184455871582,0.08872944861650467,524288.0,0.0004044105509211134
135825,0.11956485360860825,0.11663416028022766,524288.0,0.0004043752142752772
135850,0.2406202256679535,0.10337372124195099,524288.0,0.0004043398726629804
135875,0.11195240914821625,0.10512561351060867,524288.0,0.0004043045260853784
135900,0.1469804346561432,0.12532202899456024,524288.0,0.00040426917454362723
135925,0.16145162284374237,0.0844344049692154,524288.0,0.0004042338180388829
135950,0.17841953039169312,0.1003907099366188,524288.0,0.00040419845657230165
135975,0.1904727816581726,0.08475219458341599,524288.0,0.0004041630901450398
136000,0.11259637773036957,0.09889409691095352,524288.0,0.00040412771875825376
136025,0.23543375730514526,0.10171253234148026,524288.0,0.00040409234241310025
136050,0.1775979846715927,0.09220930933952332,524288.0,0.0004040569611107364
136075,0.3123588562011719,0.0924392119050026,524288.0,0.00040402157485231875
136100,0.19092826545238495,0.09514347463846207,524288.0,0.0004039861836390047
136125,0.15275369584560394,0.09578479826450348,524288.0,0.00040395078747195167
136150,0.11583753675222397,0.08663105964660645,524288.0,0.0004039153863523169
136175,0.17223002016544342,0.08848491311073303,524288.0,0.00040387998028125835
136200,0.16272106766700745,0.09417613595724106,524288.0,0.0004038445692599336
136225,0.1720971167087555,0.08901210874319077,524288.0,0.0004038091532895006
136250,0.1426239162683487,0.09145624935626984,524288.0,0.00040377373237111765
136275,0.1389247328042984,0.09964151680469513,524288.0,0.00040373830650594297
136300,0.14021332561969757,0.09030719101428986,524288.0,0.00040370287569513504
136325,0.11782538890838623,0.09840153902769089,524288.0,0.0004036674399398523
136350,0.1364315301179886,0.1320493519306183,524288.0,0.0004036319992412538
136375,0.175308957695961,0.0925472304224968,524288.0,0.0004035965536004984
136400,0.130069762468338,0.09333112835884094,524288.0,0.0004035611030187451
136425,0.1782049834728241,0.07433661073446274,524288.0,0.00040352564749715324
136450,0.11381245404481888,0.08238445967435837,524288.0,0.0004034901870368823
136475,0.17321659624576569,0.08733214437961578,524288.0,0.0004034547216390917
136500,0.16835863888263702,0.08031856268644333,524288.0,0.00040341925130494145
136525,0.15350598096847534,0.11477215588092804,524288.0,0.0004033837760355912
136550,0.14811983704566956,0.09224062412977219,524288.0,0.0004033482958322012
136575,0.2156989723443985,0.09114816784858704,524288.0,0.00040331281069593174
136600,0.13641390204429626,0.08276166021823883,524288.0,0.00040327732062794304
136625,0.15362830460071564,0.1140190064907074,524288.0,0.00040324182562939567
136650,0.16109804809093475,0.10328424721956253,524288.0,0.0004032063257014505
136675,0.20192386209964752,0.09385950118303299,524288.0,0.0004031708208452682
136700,0.14218224585056305,0.0960090160369873,524288.0,0.0004031353110620101
136725,0.16309909522533417,0.13402685523033142,524288.0,0.00040309979635283716
136750,0.17651133239269257,0.1008845865726471,524288.0,0.00040306427671891077
136775,0.141670823097229,0.07331757247447968,524288.0,0.0004030287521613925
136800,0.11420474201440811,0.11772776395082474,524288.0,0.0004029932226814442
136825,0.12361021339893341,0.10888601839542389,524288.0,0.0004029576882802274
136850,0.1532765030860901,0.08365138620138168,524288.0,0.00040292214895890435
136875,0.20021088421344757,0.12191034853458405,524288.0,0.000402886604718637
136900,0.19418135285377502,0.08677704632282257,524288.0,0.0004028510555605879
136925,0.24779218435287476,0.08592691272497177,524288.0,0.00040281550148591936
136950,0.1508525162935257,0.0855385810136795,524288.0,0.0004027799424957942
136975,0.2522178888320923,0.08359623700380325,524288.0,0.0004027443785913752
137000,0.12672822177410126,0.09763449430465698,524288.0,0.00040270880977382525
137025,0.13853669166564941,0.11398173123598099,524288.0,0.0004026732360443076
137050,0.19131852686405182,0.1696588546037674,524288.0,0.0004026376574039853
137075,0.127107173204422,0.0971672311425209,524288.0,0.0004026020738540222
137100,0.12370619177818298,0.10793246328830719,524288.0,0.00040256648539558157
137125,0.16282044351100922,0.09299716353416443,524288.0,0.0004025308920298273
137150,0.1714346557855606,0.10168800503015518,524288.0,0.00040249529375792315
137175,0.2770896553993225,0.08061428368091583,524288.0,0.00040245969058103363
137200,0.09214120358228683,0.09719476103782654,524288.0,0.0004024240825003227
137225,0.15695278346538544,0.11695696413516998,524288.0,0.0004023884695169548
137250,0.1579602211713791,0.09935502707958221,524288.0,0.0004023528516320947
137275,0.13140615820884705,0.10212788730859756,524288.0,0.0004023172288469068
137300,0.15238045156002045,0.08235650509595871,524288.0,0.0004022816011625562
137325,0.2333715707063675,0.11475156247615814,524288.0,0.00040224596858020803
137350,0.15070660412311554,0.10964507609605789,524288.0,0.00040221033110102736
137375,0.13924364745616913,0.09086386114358902,524288.0,0.00040217468872617975
137400,0.13810603320598602,0.07889943569898605,524288.0,0.0004021390414568305
137425,0.08881613612174988,0.10088642686605453,524288.0,0.00040210338929414543
137450,0.14059877395629883,0.10010045021772385,524288.0,0.00040206773223929045
137475,0.11999199539422989,0.07593482732772827,524288.0,0.00040203207029343153
137500,0.16655030846595764,0.09596212208271027,524288.0,0.00040199640345773473
137525,0.14094236493110657,0.13051189482212067,524288.0,0.0004019607317333665
137550,0.1836813986301422,0.10429496318101883,524288.0,0.0004019250551214935
137575,0.2431642711162567,0.08946027606725693,524288.0,0.0004018893736232821
137600,0.19698701798915863,0.10688525438308716,524288.0,0.00040185368723989935
137625,0.09470078349113464,0.11374697834253311,524288.0,0.000401817995972512
137650,0.08695819228887558,0.09046915173530579,524288.0,0.00040178229982228744
137675,0.16353493928909302,0.08627664297819138,524288.0,0.0004017465987903928
137700,0.11801905930042267,0.1129356250166893,1048576.0,0.0004017108928779955
137725,0.2609046697616577,0.09627131372690201,1048576.0,0.0004016751820862633
137750,0.17251846194267273,0.09184382855892181,1048576.0,0.00040163946641636394
137775,0.1542215347290039,0.09036459773778915,1048576.0,0.00040160374586946525
137800,0.15820208191871643,0.07223762571811676,1048576.0,0.0004015680204467355
137825,0.11896826326847076,0.07901184260845184,1048576.0,0.0004015322901493427
137850,0.12478329241275787,0.1140487790107727,1048576.0,0.0004014965549784555
137875,0.15671609342098236,0.0747821182012558,1048576.0,0.0004014608149352424
137900,0.1742398887872696,0.0761743038892746,1048576.0,0.00040142507002087214
137925,0.2688804566860199,0.09759318828582764,1048576.0,0.0004013893202365135
137950,0.14758144319057465,0.07650187611579895,524288.0,0.0004013535655833356
137975,0.18472403287887573,0.10293254256248474,524288.0,0.0004013178060625077
138000,0.14904652535915375,0.14195643365383148,524288.0,0.0004012820416751992
138025,0.21818459033966064,0.15288111567497253,524288.0,0.0004012462724225795
138050,0.23145368695259094,0.081119105219841,524288.0,0.0004012104983058184
138075,0.12278005480766296,0.10870757699012756,524288.0,0.0004011747193260857
138100,0.1676073521375656,0.08779188245534897,524288.0,0.0004011389354845514
138125,0.13509580492973328,0.12816153466701508,524288.0,0.0004011031467823857
138150,0.13424333930015564,0.1009022668004036,524288.0,0.00040106735322075886
138175,0.16009777784347534,0.07948491722345352,524288.0,0.0004010315548008413
138200,0.1713300198316574,0.118921659886837,524288.0,0.00040099575152380393
138225,0.10721059888601303,0.0894833579659462,524288.0,0.0004009599433908173
138250,0.1840522438287735,0.09116002917289734,524288.0,0.0004009241304030525
138275,0.1613818109035492,0.1445319503545761,524288.0,0.00040088831256168055
138300,0.21073368191719055,0.09595480561256409,524288.0,0.0004008524898678728
138325,0.2310049682855606,0.0837058424949646,524288.0,0.0004008166623228006
138350,0.1937202513217926,0.0984436422586441,524288.0,0.0004007808299276356
138375,0.1561298668384552,0.08647409081459045,524288.0,0.0004007449926835497
138400,0.13051997125148773,0.08494161814451218,524288.0,0.0004007091505917145
138425,0.19165782630443573,0.1037852019071579,524288.0,0.0004006733036533023
138450,0.24583269655704498,0.07821788638830185,524288.0,0.00040063745186948526
138475,0.16710242629051208,0.08245798945426941,524288.0,0.00040060159524143583
138500,0.12522858381271362,0.09054991602897644,524288.0,0.0004005657337703265
138525,0.20417389273643494,0.0783742368221283,524288.0,0.00040052986745732987
138550,0.1673889011144638,0.0750674232840538,524288.0,0.000400493996303619
138575,0.1502392292022705,0.08954023569822311,524288.0,0.0004004581203103668
138600,0.18606577813625336,0.10057572275400162,524288.0,0.00040042223947874645
138625,0.16089120507240295,0.16908325254917145,524288.0,0.00040038635380993136
138650,0.18557702004909515,0.08090338855981827,524288.0,0.0004003504633050948
138675,0.1825137883424759,0.12189432233572006,524288.0,0.0004003145679654106
138700,0.15141661465168,0.095647431910038,524288.0,0.0004002786677920527
138725,0.1640525907278061,0.12348654121160507,524288.0,0.0004002427627861948
138750,0.1401345431804657,0.15645357966423035,524288.0,0.00040020685294901124
138775,0.17077551782131195,0.10014519840478897,524288.0,0.00040017093828167624
138800,0.15726888179779053,0.08220602571964264,524288.0,0.0004001350187853641
138825,0.3140997290611267,0.0957598015666008,524288.0,0.00040009909446124965
138850,0.1632070243358612,0.0941934660077095,524288.0,0.00040006316531050756
138875,0.1735524833202362,0.10627509653568268,524288.0,0.0004000272313343126
138900,0.17628805339336395,0.11918947845697403,524288.0,0.0003999912925338401
138925,0.20908156037330627,0.09824357181787491,524288.0,0.000399955348910265
138950,0.15702544152736664,0.107671357691288,524288.0,0.000399919400464763
138975,0.12935681641101837,0.08810798078775406,524288.0,0.0003998834471985095
139000,0.30271780490875244,0.10763118416070938,524288.0,0.00039984748911268015
139025,0.1649540513753891,0.08246243000030518,524288.0,0.00039981152620845086
139050,0.11622819304466248,0.11602628976106644,524288.0,0.00039977555848699775
139075,0.17193503677845,0.11242394894361496,524288.0,0.00039973958594949685
139100,0.1467210054397583,0.1117558479309082,524288.0,0.0003997036085971246
139125,0.13321231305599213,0.1073494404554367,524288.0,0.00039966762643105734
139150,0.17512446641921997,0.09741996973752975,524288.0,0.0003996316394524719
139175,0.17883524298667908,0.10270944237709045,524288.0,0.000399595647662545
139200,0.12436408549547195,0.10779212415218353,524288.0,0.0003995596510624536
139225,0.14672496914863586,0.0975918397307396,524288.0,0.00039952364965337487
139250,0.2011750042438507,0.10478734970092773,524288.0,0.00039948764343648597
139275,0.18494310975074768,0.08727236837148666,524288.0,0.0003994516324129646
139300,0.12243951112031937,0.09367447346448898,524288.0,0.00039941561658398815
139325,0.10285644978284836,0.09570413082838058,524288.0,0.0003993795959507343
139350,0.1970299780368805,0.09007087349891663,524288.0,0.00039934357051438115
139375,0.21647486090660095,0.11036355793476105,524288.0,0.0003993075402761065
139400,0.15963807702064514,0.1396595537662506,524288.0,0.00039927150523708896
139425,0.2197011411190033,0.14400815963745117,524288.0,0.0003992354653985066
139450,0.18862572312355042,0.10020767152309418,524288.0,0.0003991994207615381
139475,0.12001529335975647,0.07870638370513916,524288.0,0.00039916337132736205
139500,0.13048650324344635,0.20684053003787994,524288.0,0.0003991273170971574
139525,0.21508125960826874,0.07237788289785385,524288.0,0.00039909125807210315
139550,0.14865326881408691,0.12322841584682465,524288.0,0.00039905519425337835
139575,0.21675986051559448,0.09780094772577286,524288.0,0.00039901912564216244
139600,0.209945946931839,0.11050110310316086,524288.0,0.00039898305223963487
139625,0.16099464893341064,0.18395286798477173,524288.0,0.00039894697404697514
139650,0.1276037096977234,0.08311411738395691,524288.0,0.00039891089106536336
139675,0.15026752650737762,0.10361958295106888,524288.0,0.0003988748032959792
139700,0.14621874690055847,0.10796904563903809,524288.0,0.00039883871074000276
139725,0.15420304238796234,0.10339203476905823,524288.0,0.00039880261339861453
139750,0.19965264201164246,0.09119466692209244,524288.0,0.0003987665112729946
139775,0.14050839841365814,0.10795026272535324,524288.0,0.00039873040436432384
139800,0.18958228826522827,0.09255816787481308,524288.0,0.0003986942926737829
139825,0.12684790790081024,0.09705931693315506,524288.0,0.0003986581762025525
139850,0.25513237714767456,0.1353144347667694,524288.0,0.00039862205495181383
139875,0.12569659948349,0.06217441335320473,524288.0,0.00039858592892274804
139900,0.3031724691390991,0.10123438388109207,524288.0,0.00039854979811653656
139925,0.17963655292987823,0.10837115347385406,524288.0,0.00039851366253436084
139950,0.13837438821792603,0.10129649192094803,1048576.0,0.0003984775221774027
139975,0.17705264687538147,0.11020080000162125,1048576.0,0.00039844137704684365
140000,0.26435133814811707,0.08174634724855423,1048576.0,0.0003984052271438658
140025,0.16250896453857422,0.10648713260889053,1048576.0,0.00039836907246965157
140050,0.1370553970336914,0.09041933715343475,1048576.0,0.0003983329130253828
140075,0.15365031361579895,0.07835694402456284,1048576.0,0.00039829674881224216
140100,0.21582400798797607,0.0914904847741127,1048576.0,0.0003982605798314124
140125,0.16812489926815033,0.08278582990169525,1048576.0,0.0003982244060840759
140150,0.19165320694446564,0.08053853362798691,524288.0,0.0003981882275714159
140175,0.12736181914806366,0.09530529379844666,524288.0,0.0003981520442946154
140200,0.19752438366413116,0.08970145881175995,524288.0,0.0003981158562548576
140225,0.2267778515815735,0.12064049392938614,524288.0,0.00039807966345332583
140250,0.18764548003673553,0.07511594891548157,524288.0,0.00039804346589120354
140275,0.10310302674770355,0.07688532769680023,524288.0,0.00039800726356967474
140300,0.19215242564678192,0.09870080649852753,524288.0,0.00039797105648992315
140325,0.13610458374023438,0.14207714796066284,524288.0,0.00039793484465313245
140350,0.17940279841423035,0.08919096738100052,262144.0,0.0003978986280604873
140375,0.12090186774730682,0.11095023900270462,262144.0,0.00039786240671317173
140400,0.20018300414085388,0.10344298928976059,262144.0,0.00039782618061237027
140425,0.20969142019748688,0.0816008597612381,262144.0,0.0003977899497592676
140450,0.14915814995765686,0.08392714709043503,262144.0,0.0003977537141550484
140475,0.15668126940727234,0.11415030807256699,262144.0,0.0003977174738008976
140500,0.19581976532936096,0.11736398935317993,262144.0,0.0003976812286980004
140525,0.16284476220607758,0.08985914289951324,262144.0,0.000397644978847542
140550,0.09486821293830872,0.08660978823900223,262144.0,0.0003976087242507079
140575,0.18942691385746002,0.10296065360307693,262144.0,0.0003975724649086835
140600,0.17968685925006866,0.10074704140424728,262144.0,0.0003975362008226545
140625,0.1293836086988449,0.11179189383983612,262144.0,0.00039749993199380683
140650,0.18736973404884338,0.08957386761903763,262144.0,0.0003974636584233266
140675,0.12128569930791855,0.11614399403333664,262144.0,0.0003974273801124
140700,0.13452264666557312,0.08817161619663239,262144.0,0.0003973910970622131
140725,0.18306249380111694,0.11544499546289444,262144.0,0.00039735480927395285
140750,0.21072126924991608,0.10091846436262131,262144.0,0.0003973185167488054
140775,0.2547988295555115,0.07618661969900131,262144.0,0.0003972822194879578
140800,0.18916764855384827,0.08299028873443604,262144.0,0.000397245917492597
140825,0.20083409547805786,0.12083934992551804,262144.0,0.00039720961076390997
140850,0.19156195223331451,0.11677617579698563,262144.0,0.0003971732993030843
140875,0.12159523367881775,0.104012630879879,262144.0,0.00039713698311130696
140900,0.27020618319511414,0.14512379467487335,262144.0,0.0003971006621897659
140925,0.3020212650299072,0.09054606407880783,262144.0,0.0003970643365396487
140950,0.16823813319206238,0.09994632005691528,262144.0,0.0003970280061621433
140975,0.1409938633441925,0.09973230212926865,262144.0,0.00039699167105843757
141000,0.19019480049610138,0.08612138777971268,262144.0,0.0003969553312297198
141025,0.17368139326572418,0.10755769908428192,262144.0,0.0003969189866771784
141050,0.1988767683506012,0.11038555949926376,262144.0,0.00039688263740200193
141075,0.1491951048374176,0.06541049480438232,262144.0,0.00039684628340537877
141100,0.1328866332769394,0.07891875505447388,262144.0,0.00039680992468849806
141125,0.13015608489513397,0.12743258476257324,262144.0,0.0003967735612525483
141150,0.1453418731689453,0.1084262803196907,262144.0,0.0003967371930987192
141175,0.140154629945755,0.08161835372447968,262144.0,0.00039670082022819964
141200,0.15349867939949036,0.09825574606657028,262144.0,0.0003966644426421792
141225,0.17240844666957855,0.08362229913473129,262144.0,0.0003966280603418474
141250,0.11321903765201569,0.10113239288330078,262144.0,0.00039659167332839403
141275,0.13053956627845764,0.0846245288848877,262144.0,0.00039655528160300886
141300,0.12118015438318253,0.08752821385860443,262144.0,0.000396518885166882
141325,0.18034718930721283,0.1009860709309578,262144.0,0.00039648248402120374
141350,0.1643901765346527,0.09110388904809952,262144.0,0.00039644607816716426
141375,0.2020101696252823,0.08297562599182129,262144.0,0.0003964096676059541
141400,0.20516198873519897,0.08816420286893845,262144.0,0.000396373252338764
141425,0.12081281840801239,0.1073455810546875,262144.0,0.0003963368323667848
141450,0.16139169037342072,0.11042463034391403,262144.0,0.0003963004076912074
141475,0.19808505475521088,0.0789608433842659,262144.0,0.00039626397831322296
141500,0.15094226598739624,0.10761536657810211,262144.0,0.0003962275442340227
141525,0.17970077693462372,0.13813787698745728,262144.0,0.000396191105454798
141550,0.21954496204853058,0.08656805008649826,262144.0,0.0003961546619767406
141575,0.182639017701149,0.11043516546487808,262144.0,0.00039611821380104213
141600,0.14319738745689392,0.09795252978801727,262144.0,0.0003960817609288945
141625,0.24109475314617157,0.10705508291721344,262144.0,0.00039604530336148977
141650,0.1266176402568817,0.12812592089176178,262144.0,0.00039600884110002003
141675,0.1892433762550354,0.10294582694768906,262144.0,0.0003959723741456779
141700,0.10531320422887802,0.17017559707164764,262144.0,0.00039593590249965556
141725,0.18442890048027039,0.08803996443748474,262144.0,0.0003958994261631458
141750,0.15386183559894562,0.10620362311601639,262144.0,0.0003958629451373416
141775,0.176640585064888,0.09438756108283997,262144.0,0.00039582645942343555
141800,0.15987594425678253,0.1065528467297554,262144.0,0.00039578996902262117
141825,0.12494715303182602,0.17705631256103516,262144.0,0.0003957534739360914
141850,0.20879603922367096,0.10476334393024445,262144.0,0.0003957169741650399
141875,0.209599569439888,0.09920211136341095,262144.0,0.00039568046971066005
141900,0.13927395641803741,0.08058231323957443,262144.0,0.00039564396057414577
141925,0.12602244317531586,0.06894149631261826,262144.0,0.0003956074467566908
141950,0.16178803145885468,0.11539965122938156,262144.0,0.0003955709282594893
141975,0.17378880083560944,0.09417310357093811,262144.0,0.0003955344050837353
142000,0.27547499537467957,0.09530936181545258,262144.0,0.0003954978772306232
142025,0.2420291304588318,0.11947713047266006,262144.0,0.0003954613447013476
142050,0.16268157958984375,0.10127627104520798,262144.0,0.00039542480749710305
142075,0.18867532908916473,0.09384635835886002,262144.0,0.00039538826561908433
142100,0.1839645951986313,0.09258774667978287,262144.0,0.0003953517190684866
142125,0.18920370936393738,0.10069698095321655,262144.0,0.00039531516784650463
142150,0.17782025039196014,0.09287483245134354,262144.0,0.0003952786119543339
142175,0.14689558744430542,0.10203966498374939,262144.0,0.0003952420513931698
142200,0.17469996213912964,0.0883808434009552,262144.0,0.00039520548616420783
142225,0.19779273867607117,0.1537390798330307,262144.0,0.0003951689162686437
142250,0.20975694060325623,0.0882272943854332,262144.0,0.0003951323417076734
142275,0.11932172626256943,0.09923878312110901,262144.0,0.00039509576248249287
142300,0.2229958027601242,0.12449132651090622,262144.0,0.00039505917859429827
142325,0.1180342510342598,0.09781590104103088,262144.0,0.000395022590044286
142350,0.1725587099790573,0.09689847379922867,524288.0,0.00039498599683365245
142375,0.1686781495809555,0.11181053519248962,524288.0,0.0003949493989635942
142400,0.12808027863502502,0.15380403399467468,524288.0,0.0003949127964353083
142425,0.1792309731245041,0.09963759034872055,524288.0,0.0003948761892499914
142450,0.1919209063053131,0.10602853447198868,524288.0,0.0003948395774088406
142475,0.1763761341571808,0.13051410019397736,524288.0,0.00039480296091305337
142500,0.2565670609474182,0.08953157067298889,524288.0,0.00039476633976382694
142525,0.21786214411258698,0.11070922017097473,524288.0,0.00039472971396235893
142550,0.14796999096870422,0.10765004903078079,524288.0,0.000394693083509847
142575,0.12125613540410995,0.12234695255756378,524288.0,0.000394656448407489
142600,0.2775583267211914,0.11213985085487366,524288.0,0.00039461980865648284
142625,0.14401698112487793,0.11674408614635468,524288.0,0.00039458316425802683
142650,0.1964234858751297,0.08522070944309235,524288.0,0.00039454651521331923
142675,0.13549569249153137,0.09774233400821686,524288.0,0.0003945098615235584
142700,0.2125246375799179,0.13449209928512573,524288.0,0.00039447320318994306
142725,0.12900111079216003,0.08757877349853516,524288.0,0.00039443654021367193
142750,0.2174452841281891,0.10337645560503006,524288.0,0.000394399872595944
142775,0.1531446874141693,0.0996902659535408,524288.0,0.00039436320033795814
142800,0.14070716500282288,0.08940344303846359,524288.0,0.0003943265234409138
142825,0.15611238777637482,0.08707410097122192,524288.0,0.00039428984190601016
142850,0.13836227357387543,0.11581721156835556,524288.0,0.0003942531557344469
142875,0.1107529029250145,0.10015051811933517,524288.0,0.00039421646492742357
142900,0.2808213233947754,0.09637295454740524,524288.0,0.00039417976948614015
142925,0.1821206510066986,0.10463804006576538,524288.0,0.0003941430694117963
142950,0.11791232973337173,0.19567275047302246,524288.0,0.00039410636470559246
142975,0.1600344181060791,0.08018366992473602,524288.0,0.0003940696553687288
143000,0.13817135989665985,0.08486475050449371,524288.0,0.0003940329414024058
143025,0.26167818903923035,0.11896053701639175,524288.0,0.0003939962228078239
143050,0.12448736280202866,0.11904774606227875,262144.0,0.00039395949958618393
143075,0.13613611459732056,0.1116112470626831,262144.0,0.0003939227717386868
143100,0.12417307496070862,0.0963817909359932,262144.0,0.00039388603926653347
143125,0.12013834714889526,0.1018877848982811,262144.0,0.00039384930217092515
143150,0.25026920437812805,0.11719908565282822,262144.0,0.00039381256045306325
143175,0.1625470668077469,0.07813592255115509,262144.0,0.0003937758141141491
143200,0.209563747048378,0.1590726524591446,262144.0,0.0003937390631553846
143225,0.13755778968334198,0.11389786005020142,262144.0,0.00039370230757797124
143250,0.12481117248535156,0.09704773873090744,262144.0,0.00039366554738311113
143275,0.16011735796928406,0.11493714898824692,262144.0,0.00039362878257200647
143300,0.15300817787647247,0.1094115674495697,262144.0,0.00039359201314585925
143325,0.21982510387897491,0.11380085349082947,262144.0,0.00039355523910587195
143350,0.11749459058046341,0.15282376110553741,262144.0,0.000393518460453247
143375,0.13712584972381592,0.08121775090694427,262144.0,0.00039348167718918753
143400,0.27322646975517273,0.12340651452541351,262144.0,0.00039344488931489604
143425,0.11898529529571533,0.08257448673248291,262144.0,0.0003934080968315755
143450,0.11030617356300354,0.11284475028514862,262144.0,0.0003933712997404292
143475,0.24153843522071838,0.09696196019649506,262144.0,0.00039333449804266035
143500,0.17578712105751038,0.11676662415266037,262144.0,0.0003932976917394724
143525,0.1511785089969635,0.09186811000108719,262144.0,0.0003932608808320691
143550,0.15497349202632904,0.0865340307354927,262144.0,0.000393224065321654
143575,0.19436675310134888,0.12408299744129181,262144.0,0.00039318724520943113
143600,0.24672068655490875,0.11765242367982864,262144.0,0.0003931504204966045
143625,0.1232316717505455,0.10507801920175552,262144.0,0.00039311359118437836
143650,0.2435852289199829,0.0874096229672432,262144.0,0.0003930767572739569
143675,0.20543767511844635,0.13596972823143005,262144.0,0.0003930399187665448
143700,0.13442754745483398,0.10671328753232956,262144.0,0.0003930030756633467
143725,0.16000182926654816,0.11078450083732605,262144.0,0.0003929662279655672
143750,0.12247153371572495,0.11517032980918884,262144.0,0.00039292937567441153
143775,0.12394636869430542,0.08880489319562912,262144.0,0.0003928925187910847
143800,0.22105099260807037,0.13262511789798737,262144.0,0.0003928556573167919
143825,0.1812925785779953,0.10311148315668106,262144.0,0.0003928187912527385
143850,0.16910631954669952,0.09108740091323853,262144.0,0.0003927819206001301
143875,0.10410837829113007,0.09858651459217072,262144.0,0.0003927450453601726
143900,0.2106655389070511,0.07816676050424576,262144.0,0.00039270816553407166
143925,0.14836864173412323,0.12244583666324615,262144.0,0.00039267128112303315
143950,0.1866711974143982,0.10518888384103775,262144.0,0.00039263439212826356
143975,0.15356972813606262,0.119355209171772,262144.0,0.0003925974985509689
144000,0.18678420782089233,0.09244722872972488,262144.0,0.00039256060039235575
144025,0.1447691023349762,0.10882317274808884,262144.0,0.00039252369765363087
144050,0.16511741280555725,0.12471308559179306,262144.0,0.0003924867903360008
144075,0.20346233248710632,0.11443942040205002,262144.0,0.00039244987844067226
144100,0.14798887073993683,0.09405062347650528,262144.0,0.0003924129619688527
144125,0.14629559218883514,0.0900728777050972,262144.0,0.00039237604092174917
144150,0.25601354241371155,0.1131855919957161,262144.0,0.000392339115300569
144175,0.13536056876182556,0.11216304451227188,262144.0,0.00039230218510651977
144200,0.10682453960180283,0.14064891636371613,262144.0,0.00039226525034080894
144225,0.3163505494594574,0.3881796598434448,262144.0,0.00039222831100464467
144250,0.2165086716413498,0.1383943110704422,262144.0,0.00039219136709923443
144275,0.1839294582605362,0.09978453069925308,262144.0,0.0003921544186257867
144300,0.16921819746494293,0.15324972569942474,262144.0,0.00039211746558550953
144325,0.1579989790916443,0.11574145406484604,262144.0,0.0003920805079796114
144350,0.16039179265499115,0.15881749987602234,262144.0,0.0003920435458093009
144375,0.10015222430229187,0.12758837640285492,262144.0,0.0003920065790757867
144400,0.14959774911403656,0.12347154319286346,262144.0,0.00039196960778027754
144425,0.11050921678543091,0.1131841391324997,262144.0,0.0003919326319239825
144450,0.1221604123711586,0.09498351812362671,262144.0,0.0003918956515081107
144475,0.141255185008049,0.10857833176851273,262144.0,0.0003918586665338715
144500,0.17964474856853485,0.0803958848118782,262144.0,0.00039182167700247425
144525,0.20532645285129547,0.11282410472631454,262144.0,0.00039178468291512864
144550,0.1828232854604721,0.14789433777332306,262144.0,0.0003917476842730444
144575,0.1997450888156891,0.08979165554046631,262144.0,0.0003917106810774314
144600,0.25648385286331177,0.4549684524536133,262144.0,0.00039167367332949946
144625,0.2202175259590149,0.15056538581848145,262144.0,0.0003916366610304591
144650,0.12598790228366852,0.11216419190168381,262144.0,0.0003915996441815206
144675,0.17443159222602844,0.12657225131988525,262144.0,0.0003915626227838943
144700,0.13074734807014465,0.10482583194971085,262144.0,0.0003915255968387909
144725,0.23426738381385803,0.10044685751199722,262144.0,0.00039148856634742117
144750,0.24847646057605743,0.10876921564340591,262144.0,0.00039145153131099603
144775,0.2344912439584732,0.08778808265924454,262144.0,0.0003914144917307267
144800,0.17215536534786224,0.10483590513467789,262144.0,0.00039137744760782417
144825,0.13419446349143982,0.11823612451553345,262144.0,0.00039134039894349993
144850,0.10182835906744003,0.09068261831998825,262144.0,0.0003913033457389657
144875,0.24227267503738403,0.09378058463335037,262144.0,0.0003912662879954328
144900,0.18883763253688812,0.10442481189966202,262144.0,0.0003912292257141134
144925,0.22161400318145752,0.1744317263364792,262144.0,0.0003911921588962192
144950,0.17123441398143768,0.1000448614358902,262144.0,0.00039115508754296237
144975,0.15198838710784912,0.11752279847860336,262144.0,0.00039111801165555524
145000,0.15463393926620483,0.13537752628326416,262144.0,0.00039108093123521023
145025,0.15859012305736542,0.11514204740524292,262144.0,0.00039104384628313996
145050,0.20985572040081024,0.17660658061504364,524288.0,0.00039100675680055696
145075,0.17749963700771332,0.10679862648248672,524288.0,0.0003909696627886742
145100,0.18889614939689636,0.10455215722322464,524288.0,0.0003909325642487047
145125,0.26525628566741943,0.08994545787572861,524288.0,0.00039089546118186173
145150,0.13042177259922028,0.12993989884853363,524288.0,0.0003908583535893583
145175,0.15756908059120178,0.16921420395374298,262144.0,0.00039082124147240806
145200,0.15950441360473633,0.12799641489982605,262144.0,0.0003907841248322247
145225,0.1591814011335373,0.09377969056367874,262144.0,0.0003907470036700218
145250,0.22021034359931946,0.118800587952137,262144.0,0.00039070987798701327
145275,0.1097007691860199,0.11974886804819107,262144.0,0.0003906727477844131
145300,0.22105355560779572,0.11598717421293259,262144.0,0.0003906356130634358
145325,0.1653323471546173,0.11361867189407349,262144.0,0.0003905984738252953
145350,0.24439318478107452,0.13540060818195343,262144.0,0.0003905613300712063
145375,0.17520764470100403,0.12442100048065186,262144.0,0.0003905241818023834
145400,0.1601696014404297,0.10164448618888855,262144.0,0.0003904870290200416
145425,0.23893527686595917,0.0842161551117897,262144.0,0.0003904498717253954
145450,0.1785222887992859,0.09351273626089096,262144.0,0.00039041270991966014
145475,0.15568915009498596,0.11820206791162491,262144.0,0.000390375543604051
145500,0.1665801703929901,0.12477988004684448,262144.0,0.00039033837277978334
145525,0.17666524648666382,0.11873947083950043,262144.0,0.0003903011974480728
145550,0.14428681135177612,0.11152312159538269,262144.0,0.00039026401761013484
145575,0.16363266110420227,0.08571168780326843,262144.0,0.00039022683326718537
145600,0.1561444103717804,0.11545524001121521,262144.0,0.0003901896444204404
145625,0.17911002039909363,0.14112985134124756,262144.0,0.00039015245107111606
145650,0.22469252347946167,0.1048055961728096,262144.0,0.0003901152532204285
145675,0.1504363715648651,0.1057688519358635,262144.0,0.0003900780508695942
145700,0.1467439979314804,0.09275346249341965,262144.0,0.00039004084401982964
145725,0.18632303178310394,0.10948780179023743,262144.0,0.0003900036326723515
145750,0.15918640792369843,0.10838819295167923,262144.0,0.00038996641682837683
145775,0.1395702064037323,0.10274795442819595,262144.0,0.00038992919648912246
145800,0.12749537825584412,0.09802517294883728,262144.0,0.0003898919716558055
145825,0.15650957822799683,0.1102563664317131,262144.0,0.0003898547423296434
145850,0.11449208855628967,0.07551533728837967,262144.0,0.00038981750851185327
145875,0.13429956138134003,0.1377231329679489,262144.0,0.000389780270203653
145900,0.1934235841035843,0.10671598464250565,262144.0,0.0003897430274062604
145925,0.15320535004138947,0.11310077458620071,262144.0,0.00038970578012089297
145950,0.20028895139694214,0.09572219848632812,262144.0,0.000389668528348769
145975,0.14861968159675598,0.09613391757011414,262144.0,0.00038963127209110647
146000,0.2574153542518616,0.1562076210975647,262144.0,0.00038959401134912384
146025,0.1323150098323822,0.1458260416984558,262144.0,0.0003895567461240396
146050,0.18985015153884888,0.12252075970172882,262144.0,0.0003895194764170723
146075,0.10844118148088455,0.13567999005317688,262144.0,0.00038948220222944074
146100,0.2208281010389328,0.09143795818090439,262144.0,0.0003894449235623637
146125,0.15817299485206604,0.17757362127304077,262144.0,0.0003894076404170603
146150,0.22662851214408875,0.21848773956298828,262144.0,0.0003893703527947497
146175,0.1957581639289856,0.1369508057832718,262144.0,0.0003893330606966514
146200,0.2170143872499466,0.10928936302661896,262144.0,0.0003892957641239846
146225,0.19504548609256744,0.13065771758556366,262144.0,0.0003892584630779691
146250,0.15594589710235596,0.10171591490507126,262144.0,0.00038922115755982476
146275,0.20625145733356476,0.08421877026557922,262144.0,0.0003891838475707714
146300,0.19979359209537506,0.16301603615283966,262144.0,0.0003891465331120291
146325,0.14341676235198975,0.10641652345657349,262144.0,0.000389109214184818
146350,0.21849790215492249,0.1603265255689621,262144.0,0.0003890718907903585
146375,0.16456134617328644,0.11819571256637573,262144.0,0.0003890345629298714
146400,0.1212901696562767,0.09610509127378464,262144.0,0.00038899723060457697
146425,0.1835380643606186,0.09465613216161728,262144.0,0.0003889598938156962
146450,0.22492679953575134,0.11517117917537689,262144.0,0.0003889225525644498
146475,0.11784562468528748,0.11663871258497238,262144.0,0.00038888520685205935
146500,0.17557185888290405,0.12879851460456848,262144.0,0.00038884785667974564
146525,0.1778176873922348,0.11837347596883774,262144.0,0.00038881050204873024
146550,0.17260339856147766,0.0884455069899559,262144.0,0.0003887731429602346
146575,0.21757711470127106,0.09117767214775085,262144.0,0.0003887357794154806
146600,0.20498640835285187,0.11931657046079636,262144.0,0.00038869841141568975
146625,0.10165496170520782,0.12511490285396576,262144.0,0.0003886610389620842
146650,0.19524957239627838,0.09474995732307434,262144.0,0.00038862366205588613
146675,0.1546592116355896,0.10570240020751953,262144.0,0.00038858628069831773
146700,0.12590691447257996,0.08421734720468521,262144.0,0.0003885488948906012
146725,0.24036212265491486,0.13385231792926788,262144.0,0.0003885115046339594
146750,0.10948743671178818,0.12795381247997284,262144.0,0.0003884741099296149
146775,0.23642367124557495,0.11883038282394409,262144.0,0.0003884367107787905
146800,0.2876521646976471,0.24286000430583954,262144.0,0.00038839930718270933
146825,0.10086943954229355,0.14360450208187103,262144.0,0.00038836189914259435
146850,0.22567689418792725,0.12367067486047745,262144.0,0.000388324486659669
146875,0.1678638607263565,0.09058215469121933,262144.0,0.00038828706973515647
146900,0.17250816524028778,0.11398963630199432,262144.0,0.0003882496483702806
146925,0.17816738784313202,0.10685678571462631,262144.0,0.000388212222566265
146950,0.1432155966758728,0.08835558593273163,262144.0,0.0003881747923243333
146975,0.09097736328840256,0.12016050517559052,262144.0,0.00038813735764570996
147000,0.15695682168006897,0.11532993614673615,262144.0,0.0003880999185316188
147025,0.17758901417255402,0.11135033518075943,262144.0,0.0003880624749832841
147050,0.14804407954216003,0.08889056742191315,262144.0,0.0003880250270019305
147075,0.12308261543512344,0.18613427877426147,262144.0,0.0003879875745887824
147100,0.12543398141860962,0.12593446671962738,262144.0,0.00038795011774506465
147125,0.17741258442401886,0.10328885912895203,262144.0,0.000387912656472002
147150,0.2201053500175476,0.1270025223493576,262144.0,0.0003878751907708196
147175,0.16784590482711792,0.09065459668636322,524288.0,0.00038783772064274267
147200,0.12954425811767578,0.11682619899511337,524288.0,0.00038780024608899634
147225,0.1701647788286209,0.12379572540521622,524288.0,0.0003877627671108061
147250,0.21718353033065796,0.12775081396102905,524288.0,0.0003877252837093975
147275,0.10053087025880814,0.09016244858503342,524288.0,0.0003876877958859964
147300,0.13585969805717468,0.14015208184719086,524288.0,0.00038765030364182877
147325,0.20647865533828735,0.11711006611585617,524288.0,0.0003876128069781204
147350,0.1772005259990692,0.20081587135791779,524288.0,0.0003875753058960976
147375,0.18310068547725677,0.1498219519853592,524288.0,0.0003875378003969867
147400,0.1344057321548462,0.08916828036308289,262144.0,0.0003875002904820142
147425,0.15220656991004944,0.15394365787506104,262144.0,0.0003874627761524065
147450,0.15825948119163513,0.09691212326288223,262144.0,0.00038742525740939057
147475,0.14244051277637482,0.09947142004966736,262144.0,0.00038738773425419325
147500,0.25608229637145996,0.10626226663589478,262144.0,0.00038735020668804164
147525,0.23600786924362183,0.3240806460380554,262144.0,0.0003873126747121628
147550,0.18852810561656952,0.11750319600105286,262144.0,0.00038727513832778404
147575,0.1499788463115692,0.12327629327774048,262144.0,0.0003872375975361331
147600,0.1721607744693756,0.10104532539844513,262144.0,0.0003872000523384373
147625,0.15808160603046417,0.08954804390668869,262144.0,0.0003871625027359245
147650,0.17797258496284485,0.11622564494609833,262144.0,0.0003871249487298226
147675,0.2277488261461258,0.09202646464109421,262144.0,0.0003870873903213597
147700,0.21434035897254944,0.12559856474399567,262144.0,0.000387049827511764
147725,0.13763830065727234,0.1381111741065979,262144.0,0.00038701226030226385
147750,0.161133274435997,0.12145348638296127,262144.0,0.00038697468869408743
147775,0.13296188414096832,0.12350501865148544,262144.0,0.0003869371126884638
147800,0.2445792555809021,0.125359445810318,262144.0,0.0003868995322866217
147825,0.2057005763053894,0.10767599195241928,262144.0,0.0003868619474897897
147850,0.2149965465068817,0.1097363755106926,262144.0,0.0003868243582991972
147875,0.144778311252594,0.09749950468540192,262144.0,0.00038678676471607315
147900,0.22910469770431519,0.1566566824913025,262144.0,0.0003867491667416471
147925,0.17300353944301605,0.1323779970407486,262144.0,0.00038671156437714835
147950,0.1649896502494812,0.09818608313798904,262144.0,0.00038667395762380667
147975,0.19945596158504486,0.1001758798956871,262144.0,0.0003866363464828517
148000,0.20249322056770325,0.14071397483348846,262144.0,0.00038659873095551355
148025,0.1965523511171341,0.10412871092557907,262144.0,0.0003865611110430221
148050,0.15239062905311584,0.11039452999830246,262144.0,0.00038652348674660786
148075,0.15068764984607697,0.11808964610099792,262144.0,0.00038648585806750073
148100,0.19455774128437042,0.11031132936477661,262144.0,0.00038644822500693145
148125,0.18159112334251404,0.11306612938642502,262144.0,0.00038641058756613074
148150,0.16698616743087769,0.12071675062179565,262144.0,0.00038637294574632924
148175,0.1695079654455185,0.10561756044626236,262144.0,0.00038633529954875794
148200,0.10647483170032501,0.16526401042938232,262144.0,0.0003862976489746478
148225,0.15183305740356445,0.15441416203975677,262144.0,0.0003862599940252301
148250,0.05999470874667168,0.11401109397411346,262144.0,0.00038622233470173625
148275,0.13348697125911713,0.12876583635807037,262144.0,0.00038618467100539765
148300,0.1847793459892273,0.173686683177948,262144.0,0.00038614700293744606
148325,0.15013885498046875,0.13812337815761566,262144.0,0.0003861093304991131
148350,0.2021057903766632,0.08786755800247192,262144.0,0.00038607165369163076
148375,0.17232517898082733,0.10800179094076157,262144.0,0.00038603397251623116
148400,0.1513725370168686,0.10648688673973083,262144.0,0.00038599628697414654
148425,0.20478670299053192,0.1067655012011528,262144.0,0.00038595859706660904
148450,0.15718570351600647,0.11446540057659149,262144.0,0.0003859209027948514
148475,0.17835065722465515,0.12847600877285004,262144.0,0.0003858832041601061
148500,0.1742292195558548,0.10730145126581192,262144.0,0.00038584550116360606
148525,0.17352919280529022,0.10055441409349442,262144.0,0.00038580779380658405
148550,0.17037776112556458,0.09183840453624725,262144.0,0.0003857700820902731
148575,0.2111482173204422,0.23681452870368958,262144.0,0.00038573236601590656
148600,0.13022606074810028,0.10308047384023666,262144.0,0.000385694645584718
148625,0.11238941550254822,0.10471327602863312,262144.0,0.0003856569207979404
148650,0.17829783260822296,0.10942544043064117,262144.0,0.0003856191916568077
148675,0.15246884524822235,0.11087003350257874,262144.0,0.00038558145816255354
148700,0.11208494007587433,0.11443021893501282,262144.0,0.00038554372031641206
148725,0.13798263669013977,0.13703681528568268,262144.0,0.00038550597811961727
148750,0.15606877207756042,0.11968061327934265,262144.0,0.00038546823157340317
148775,0.1600126028060913,0.1319635957479477,262144.0,0.0003854304806790043
148800,0.15313361585140228,0.16509659588336945,262144.0,0.00038539272543765496
148825,0.2558014988899231,0.12275487184524536,262144.0,0.00038535496585059
148850,0.19786770641803741,0.11129865795373917,262144.0,0.0003853172019190441
148875,0.1718771606683731,0.11486651003360748,262144.0,0.0003852794336442522
148900,0.1681041568517685,0.11318885535001755,262144.0,0.00038524166102744923
148925,0.12069769948720932,0.1244485154747963,262144.0,0.0003852038840698706
148950,0.16751855611801147,0.1562468558549881,262144.0,0.00038516610277275146
148975,0.149400532245636,0.17519234120845795,262144.0,0.00038512831713732735
149000,0.17653249204158783,0.2126740962266922,262144.0,0.00038509052716483407
149025,0.19468766450881958,0.12153278291225433,262144.0,0.00038505273285650713
149050,0.13057836890220642,0.19938458502292633,262144.0,0.00038501493421358256
149075,0.255230188369751,0.20665161311626434,262144.0,0.0003849771312372964
149100,0.1358925998210907,0.11954326182603836,262144.0,0.00038493932392888485
149125,0.08804209530353546,0.13825957477092743,262144.0,0.0003849015122895843
149150,0.15211862325668335,0.24671360850334167,262144.0,0.00038486369632063103
149175,0.13400109112262726,0.1970510482788086,262144.0,0.0003848258760232619
149200,0.23494073748588562,0.2029239982366562,262144.0,0.0003847880513987136
149225,0.21595218777656555,0.09194083511829376,262144.0,0.0003847502224482229
149250,0.19533845782279968,0.11536932736635208,262144.0,0.00038471238917302687
149275,0.27056044340133667,0.11019858717918396,262144.0,0.0003846745515743628
149300,0.17193113267421722,0.1332128345966339,262144.0,0.0003846367096534681
149325,0.10769584029912949,0.12214481830596924,262144.0,0.00038459886341157986
149350,0.25746795535087585,0.09719062596559525,262144.0,0.0003845610128499362
149375,0.24931292235851288,0.11794915050268173,262144.0,0.0003845231579697744
149400,0.2546946108341217,0.13064655661582947,524288.0,0.0003844852987723326
149425,0.12283366918563843,0.11091144382953644,524288.0,0.00038444743525884877
149450,0.140484020113945,0.11849140375852585,524288.0,0.0003844095674305612
149475,0.1999768167734146,0.13921575248241425,524288.0,0.000384371695288708
149500,0.18216672539710999,0.15480920672416687,524288.0,0.00038433381883452785
149525,0.17207780480384827,0.11287160217761993,524288.0,0.00038429593806925904
149550,0.1415555328130722,0.1362917274236679,524288.0,0.00038425805299414044
149575,0.14666321873664856,0.11956039071083069,524288.0,0.0003842201636104112
149600,0.2789580821990967,0.10675974935293198,524288.0,0.00038418226991930994
149625,0.14223463833332062,0.09054157882928848,524288.0,0.00038414437192207604
149650,0.12489056587219238,0.14468376338481903,524288.0,0.0003841064696199487
149675,0.21637849509716034,0.12640582025051117,524288.0,0.0003840685630141675
149700,0.14773797988891602,0.1724824160337448,524288.0,0.00038403065210597197
149725,0.1298372745513916,0.1279137134552002,524288.0,0.00038399273689660156
149750,0.24046291410923004,0.11336301267147064,524288.0,0.0003839548173872965
149775,0.14125296473503113,0.10065903514623642,524288.0,0.00038391689357929665
149800,0.16885001957416534,0.16567622125148773,262144.0,0.00038387896547384214
149825,0.1431516706943512,0.13321949541568756,262144.0,0.00038384103307217336
149850,0.12772908806800842,0.1078532338142395,262144.0,0.00038380309637553055
149875,0.15956664085388184,0.15111181139945984,262144.0,0.0003837651553851544
149900,0.14704640209674835,0.14855797588825226,262144.0,0.0003837272101022856
149925,0.22960716485977173,0.10828397423028946,262144.0,0.00038368926052816495
149950,0.12306787073612213,0.12107470631599426,262144.0,0.0003836513066640335
149975,0.16357509791851044,0.16952776908874512,262144.0,0.0003836133485111325
150000,0.13630449771881104,0.13622616231441498,262144.0,0.0003835753860707029
150025,0.13348013162612915,0.1239570826292038,262144.0,0.0003835374193439862
150050,0.16265657544136047,0.18271523714065552,262144.0,0.00038349944833222403
150075,0.13013389706611633,0.10064799338579178,262144.0,0.00038346147303665827
150100,0.2020399421453476,0.11211501061916351,262144.0,0.0003834234934585304
150125,0.08938879519701004,0.1126132532954216,262144.0,0.0003833855095990826
150150,0.08276137709617615,0.12829256057739258,262144.0,0.0003833475214595568
150175,0.23728041350841522,0.16510821878910065,262144.0,0.0003833095290411954
150200,0.13129030168056488,0.11255808919668198,262144.0,0.0003832715323452408
150225,0.16819648444652557,0.16396382451057434,262144.0,0.0003832335313729355
150250,0.1433979868888855,0.11068381369113922,262144.0,0.0003831955261255221
150275,0.14869916439056396,0.23494920134544373,262144.0,0.00038315751660424334
150300,0.18538828194141388,0.11499620974063873,262144.0,0.00038311950281034237
150325,0.18264131247997284,0.16286404430866241,262144.0,0.00038308148474506214
150350,0.1392056792974472,0.12567639350891113,262144.0,0.0003830434624096459
150375,0.1431870460510254,0.1483062505722046,262144.0,0.0003830054358053371
150400,0.14658446609973907,0.13207460939884186,262144.0,0.0003829674049333792
150425,0.26426541805267334,0.12046576291322708,262144.0,0.0003829293697950158
150450,0.2640628516674042,0.24709084630012512,262144.0,0.00038289133039149065
150475,0.1822228729724884,0.10228100419044495,262144.0,0.0003828532867240477
150500,0.21308161318302155,0.30873388051986694,262144.0,0.00038281523879393124
150525,0.16689355671405792,0.11678285896778107,262144.0,0.000382777186602385
150550,0.15576741099357605,0.11929010599851608,262144.0,0.0003827391301506538
150575,0.24132034182548523,0.20071275532245636,262144.0,0.0003827010694399819
150600,0.18807452917099,0.12628932297229767,262144.0,0.0003826630044716139
150625,0.22911286354064941,0.13521714508533478,262144.0,0.00038262493524679453
150650,0.12621386349201202,0.14796887338161469,262144.0,0.0003825868617667689
150675,0.1805085837841034,0.13863840699195862,262144.0,0.0003825487840327817
150700,0.1762532889842987,0.15368977189064026,262144.0,0.0003825107020460785
150725,0.15523968636989594,0.1531493365764618,262144.0,0.0003824726158079043
150750,0.08333814889192581,0.10591016709804535,262144.0,0.00038243452531950477
150775,0.14590561389923096,0.1043010726571083,262144.0,0.0003823964305821254
150800,0.15783272683620453,0.136739581823349,262144.0,0.00038235833159701207
150825,0.09251919388771057,0.11776474863290787,262144.0,0.0003823202283654104
150850,0.24876172840595245,0.17484091222286224,262144.0,0.0003822821208885665
150875,0.11561954766511917,0.12182851135730743,262144.0,0.00038224400916772654
150900,0.11377949267625809,0.1306929737329483,262144.0,0.00038220589320413695
150925,0.1523350179195404,0.157363623380661,131072.0,0.00038216777299904383
150950,0.13461853563785553,0.3101733922958374,131072.0,0.0003821296485536941
150975,0.20590092241764069,0.14994612336158752,131072.0,0.0003820915198693342
151000,0.16513624787330627,0.21068835258483887,131072.0,0.0003820533869472112
151025,0.13079886138439178,0.10649638622999191,131072.0,0.00038201524978857175
151050,0.15195734798908234,0.13603684306144714,131072.0,0.00038197710839466334
151075,0.1601695418357849,0.17373357713222504,131072.0,0.00038193896276673305
151100,0.1460118293762207,0.1419234424829483,131072.0,0.0003819008129060283
151125,0.145626962184906,0.13332676887512207,131072.0,0.0003818626588137966
151150,0.09000813215970993,0.1979050636291504,131072.0,0.0003818245004912857
151175,0.13847695291042328,0.11205855011940002,131072.0,0.0003817863379397433
151200,0.17595215141773224,0.15682721138000488,131072.0,0.0003817481711604174
151225,0.19902469217777252,0.16107645630836487,131072.0,0.00038171000015455617
151250,0.15495358407497406,0.10871748626232147,131072.0,0.0003816718249234077
151275,0.16657184064388275,0.310914546251297,131072.0,0.00038163364546822036
151300,0.17618949711322784,0.21600030362606049,131072.0,0.0003815954617902429
151325,0.1386777013540268,0.16703855991363525,131072.0,0.0003815572738907237
151350,0.20308877527713776,0.1483246386051178,131072.0,0.0003815190817709116
151375,0.18456368148326874,0.17142874002456665,131072.0,0.0003814808854320555
151400,0.11695212125778198,0.11538849025964737,131072.0,0.00038144268487540456
151425,0.16255372762680054,0.17988790571689606,131072.0,0.00038140448010220784
151450,0.15536342561244965,0.11472571641206741,131072.0,0.0003813662711137147
151475,0.11168808490037918,0.1790757179260254,131072.0,0.0003813280579111747
151500,0.1910599321126938,0.10299130529165268,131072.0,0.0003812898404958375
151525,0.10574184358119965,0.2078404724597931,131072.0,0.0003812516188689525
151550,0.08901865035295486,0.13793699443340302,131072.0,0.00038121339303177
151575,0.11783605813980103,0.15209776163101196,131072.0,0.00038117516298553987
151600,0.19939644634723663,0.13153541088104248,131072.0,0.00038113692873151207
151625,0.13763754069805145,0.13315312564373016,131072.0,0.0003810986902709372
151650,0.1490635871887207,0.15395663678646088,131072.0,0.00038106044760506566
151675,0.20939797163009644,0.22011126577854156,131072.0,0.00038102220073514775
151700,0.22327372431755066,0.21030592918395996,131072.0,0.0003809839496624344
151725,0.14604710042476654,0.12858007848262787,131072.0,0.00038094569438817635
151750,0.17346607148647308,0.14135441184043884,131072.0,0.00038090743491362474
151775,0.09924591332674026,0.17667481303215027,131072.0,0.00038086917124003044
151800,0.18281707167625427,0.18609672784805298,131072.0,0.0003808309033686449
151825,0.1750776469707489,0.4436338543891907,131072.0,0.00038079263130071957
151850,0.20414628088474274,0.16780295968055725,131072.0,0.0003807543550375059
151875,0.12260980904102325,0.0920729860663414,131072.0,0.00038071607458025535
151900,0.13256531953811646,0.16498048603534698,131072.0,0.00038067778993022
151925,0.15730491280555725,0.18540000915527344,131072.0,0.0003806395010886518
151950,0.18065057694911957,0.16042394936084747,131072.0,0.0003806012080568027
151975,0.1344347596168518,0.15175731480121613,131072.0,0.000380562910835925
152000,0.14431187510490417,0.13062220811843872,131072.0,0.00038052460942727094
152025,0.16513362526893616,0.14143702387809753,131072.0,0.00038048630383209303
152050,0.0915951281785965,0.1155850738286972,131072.0,0.00038044799405164396
152075,0.1369314193725586,0.13395163416862488,131072.0,0.00038040968008717663
152100,0.18761830031871796,0.1616067737340927,131072.0,0.00038037136193994374
152125,0.3362567126750946,0.14604106545448303,131072.0,0.00038033303961119833
152150,0.13057513535022736,0.17145514488220215,131072.0,0.0003802947131021938
152175,0.24149295687675476,0.2238706797361374,131072.0,0.0003802563824141831
152200,0.1541418731212616,0.14061981439590454,131072.0,0.00038021804754842
152225,0.10976696759462357,0.14546722173690796,131072.0,0.00038017970850615795
152250,0.08751150965690613,0.169403538107872,131072.0,0.0003801413652886506
152275,0.16135931015014648,0.17310155928134918,131072.0,0.00038010301789715204
152300,0.16126827895641327,0.18194954097270966,131072.0,0.000380064666332916
152325,0.19023539125919342,0.14408119022846222,131072.0,0.00038002631059719683
152350,0.16770894825458527,0.08964426070451736,131072.0,0.00037998795069124863
152375,0.12934082746505737,0.16148293018341064,131072.0,0.00037994958661632597
152400,0.20286431908607483,0.1536768078804016,131072.0,0.00037991121837368315
152425,0.16113407909870148,0.16099151968955994,131072.0,0.00037987284596457504
152450,0.15500740706920624,0.13701771199703217,131072.0,0.00037983446939025644
152475,0.17159460484981537,0.13679850101470947,131072.0,0.00037979608865198225
152500,0.18789120018482208,0.11878456175327301,131072.0,0.0003797577037510076
152525,0.15300196409225464,0.2095089554786682,131072.0,0.0003797193146885876
152550,0.14488554000854492,0.14018015563488007,131072.0,0.0003796809214659778
152575,0.2406053990125656,0.19656029343605042,131072.0,0.00037964252408443364
152600,0.14166554808616638,0.15347912907600403,131072.0,0.00037960412254521054
152625,0.19072142243385315,0.12679973244667053,131072.0,0.00037956571684956447
152650,0.1531183421611786,0.189062237739563,131072.0,0.0003795273069987513
152675,0.16015881299972534,0.19559119641780853,131072.0,0.0003794888929940272
152700,0.1700030416250229,0.1898176521062851,131072.0,0.00037945047483664795
152725,0.17697784304618835,0.22765196859836578,131072.0,0.0003794120525278702
152750,0.184585839509964,0.15976817905902863,131072.0,0.00037937362606895033
152775,0.2023344784975052,0.3138657808303833,131072.0,0.00037933519546114484
152800,0.2237551212310791,0.11876913905143738,131072.0,0.0003792967607057106
152825,0.1629030704498291,0.14606381952762604,131072.0,0.0003792583218039043
152850,0.17740803956985474,0.18850602209568024,131072.0,0.00037921987875698295
152875,0.20038221776485443,0.14216727018356323,131072.0,0.00037918143156620375
152900,0.1622115820646286,0.19608299434185028,131072.0,0.00037914298023282396
152925,0.24116498231887817,0.2104475498199463,262144.0,0.00037910452475810086
152950,0.17510873079299927,0.19287897646427155,262144.0,0.00037906606514329213
152975,0.1569220870733261,0.16458313167095184,262144.0,0.00037902760138965535
153000,0.08007848262786865,0.18417492508888245,262144.0,0.00037898913349844823
153025,0.220347598195076,0.16210585832595825,262144.0,0.000378950661470929
153050,0.14975984394550323,0.15027600526809692,262144.0,0.0003789121853083553
153075,0.24535509943962097,0.1613200157880783,262144.0,0.0003788737050119857
153100,0.13496814668178558,0.1433965563774109,262144.0,0.00037883522058307844
153125,0.1712128221988678,0.12086594849824905,262144.0,0.0003787967320228919
153150,0.17704647779464722,0.11977752298116684,262144.0,0.00037875823933268484
153175,0.17175279557704926,0.19965822994709015,262144.0,0.0003787197425137159
153200,0.1610238254070282,0.11221376061439514,262144.0,0.0003786812415672439
153225,0.18345914781093597,0.17462565004825592,262144.0,0.0003786427364945281
153250,0.1444067656993866,0.1602863073348999,262144.0,0.0003786042272968274
153275,0.16393625736236572,0.23013749718666077,262144.0,0.0003785657139754013
153300,0.1840834766626358,0.1557270586490631,262144.0,0.000378527196531509
153325,0.18977509438991547,0.2049352377653122,262144.0,0.0003784886749664102
153350,0.11959776282310486,0.13425035774707794,262144.0,0.0003784501492813646
153375,0.1536136120557785,0.12028197944164276,262144.0,0.000378411619477632
153400,0.185035839676857,0.09860161691904068,262144.0,0.0003783730855564722
153425,0.12102410942316055,0.17915257811546326,262144.0,0.0003783345475191455
153450,0.17715880274772644,0.13991893827915192,262144.0,0.0003782960053669121
153475,0.1751091033220291,0.10452356189489365,262144.0,0.0003782574591010324
153500,0.21132466197013855,0.22895199060440063,262144.0,0.0003782189087227668
153525,0.19523075222969055,0.1221323311328888,262144.0,0.00037818035423337586
153550,0.16326741874217987,0.12520942091941833,262144.0,0.0003781417956341205
153575,0.14100955426692963,0.22469493746757507,262144.0,0.00037810323292626147
153600,0.130837082862854,0.15971902012825012,262144.0,0.0003780646661110601
153625,0.19657756388187408,0.1401103436946869,262144.0,0.00037802609518977723
153650,0.18812213838100433,0.22041432559490204,262144.0,0.00037798752016367443
153675,0.26730287075042725,0.2199822962284088,262144.0,0.000377948941034013
153700,0.14465317130088806,0.18845559656620026,262144.0,0.0003779103578020544
153725,0.20214059948921204,0.15655505657196045,131072.0,0.0003778717704690606
153750,0.14937666058540344,0.18068701028823853,131072.0,0.00037783317903629317
153775,0.19025589525699615,0.14098882675170898,131072.0,0.00037779458350501436
153800,0.19087602198123932,0.1293613761663437,131072.0,0.0003777559838764861
153825,0.06697086989879608,0.21280455589294434,131072.0,0.00037771738015197074
153850,0.1772708147764206,0.3246740698814392,131072.0,0.0003776787723327304
153875,0.16037602722644806,0.1911369264125824,131072.0,0.0003776401604200279
153900,0.3138875365257263,0.13489080965518951,131072.0,0.00037760154441512586
153925,0.171938955783844,0.12078627198934555,131072.0,0.0003775629243192868
153950,0.20080193877220154,0.16020257771015167,131072.0,0.0003775243001337739
153975,0.1414109319448471,0.12656110525131226,131072.0,0.0003774856718598501
154000,0.1656801700592041,0.11706570535898209,131072.0,0.0003774470394987786
154025,0.12018241733312607,0.11850680410861969,131072.0,0.0003774084030518227
154050,0.3052595555782318,0.13087378442287445,131072.0,0.00037736976252024596
154075,0.14486387372016907,0.20166383683681488,131072.0,0.0003773311179053116
154100,0.13185790181159973,0.1415724754333496,131072.0,0.00037729246920828387
154125,0.08452656120061874,0.13960078358650208,131072.0,0.00037725381643042606
154150,0.18573525547981262,0.1995265781879425,131072.0,0.0003772151595730026
154175,0.20455172657966614,0.21993379294872284,131072.0,0.00037717649863727753
154200,0.16892169415950775,0.2024288922548294,131072.0,0.00037713783362451484
154225,0.18754194676876068,0.11488797515630722,131072.0,0.00037709916453597907
154250,0.14206749200820923,0.23899371922016144,131072.0,0.00037706049137293466
154275,0.1328701674938202,0.3996550738811493,131072.0,0.00037702181413664656
154300,0.2322130650281906,0.16015203297138214,131072.0,0.00037698313282837916
154325,0.196171835064888,0.1786382496356964,131072.0,0.0003769444474493977
154350,0.17722280323505402,0.14313215017318726,131072.0,0.00037690575800096703
154375,0.09765087813138962,0.21012091636657715,131072.0,0.00037686706448435223
154400,0.11441448330879211,0.14927008748054504,131072.0,0.0003768283669008188
154425,0.13749419152736664,0.14392448961734772,131072.0,0.00037678966525163225
154450,0.24990350008010864,0.20666445791721344,131072.0,0.0003767509595380581
154475,0.22060804069042206,0.7919211387634277,131072.0,0.00037671224976136184
154500,0.1903345137834549,0.3253813087940216,131072.0,0.0003766735359228096
154525,0.20418201386928558,0.1693645566701889,131072.0,0.00037663481802366724
154550,0.20608729124069214,0.13403832912445068,131072.0,0.0003765960960652008
154575,0.11650218069553375,0.19046629965305328,131072.0,0.0003765573700486767
154600,0.15061146020889282,0.14255882799625397,131072.0,0.00037651863997536134
154625,0.1956299990415573,0.2764216661453247,131072.0,0.00037647990584652093
154650,0.19741205871105194,0.23862867057323456,131072.0,0.0003764411676634223
154675,0.1673315316438675,0.17722582817077637,131072.0,0.0003764024254273323
154700,0.19025377929210663,0.1602669209241867,131072.0,0.00037636367913951774
154725,0.16446331143379211,0.14840401709079742,131072.0,0.0003763249288012456
154750,0.17587710916996002,0.12443871051073074,131072.0,0.0003762861744137831
154775,0.10878602415323257,0.143316850066185,131072.0,0.0003762474159783977
154800,0.17991356551647186,0.32287079095840454,131072.0,0.00037620865349635664
154825,0.09646627306938171,0.13855232298374176,131072.0,0.00037616988696892754
154850,0.1459263116121292,0.14206534624099731,131072.0,0.00037613111639737826
154875,0.1507963240146637,0.18499308824539185,131072.0,0.00037609234178297634
154900,0.1866266131401062,0.23607072234153748,131072.0,0.00037605356312698997
154925,0.12959055602550507,0.13212420046329498,131072.0,0.0003760147804306871
154950,0.19430948793888092,0.19825299084186554,131072.0,0.0003759759936953362
154975,0.17216859757900238,0.41662532091140747,131072.0,0.00037593720292220537
155000,0.15826934576034546,0.10722094029188156,131072.0,0.0003758984081125632
155025,0.19413354992866516,0.5479328036308289,131072.0,0.0003758596092676783
155050,0.16535216569900513,0.2053990662097931,131072.0,0.0003758208063888195
155075,0.16886310279369354,0.14660634100437164,131072.0,0.0003757819994772556
155100,0.14663481712341309,0.14647385478019714,131072.0,0.0003757431885342557
155125,0.17577774822711945,0.1696804016828537,131072.0,0.0003757043735610888
155150,0.16860829293727875,0.1519804745912552,131072.0,0.0003756655545590245
155175,0.16494937241077423,0.20672370493412018,131072.0,0.00037562673152933195
155200,0.13699942827224731,1.0221408605575562,131072.0,0.00037558790447328076
155225,0.14266332983970642,0.15845553576946259,131072.0,0.00037554907339214043
155250,0.21322406828403473,0.15742595493793488,131072.0,0.00037551023828718123
155275,0.11415846645832062,0.16519418358802795,131072.0,0.0003754713991596727
155300,0.13986794650554657,0.21920640766620636,131072.0,0.00037543255601088515
155325,0.15931764245033264,0.22845079004764557,131072.0,0.0003753937088420886
155350,0.21472838521003723,0.361806720495224,131072.0,0.0003753548576545535
155375,0.18339364230632782,0.15621845424175262,131072.0,0.00037531600244955027
155400,0.2020503729581833,0.1322508305311203,131072.0,0.00037527714322834957
155425,0.20427589118480682,0.1843610554933548,131072.0,0.00037523827999222213
155450,0.1784873902797699,0.22233331203460693,131072.0,0.0003751994127424387
155475,0.22538939118385315,0.17599667608737946,131072.0,0.00037516054148027043
155500,0.19886215031147003,0.23393791913986206,131072.0,0.0003751216662069884
155525,0.1859675496816635,0.2223418802022934,131072.0,0.00037508278692386374
155550,0.16850504279136658,0.12229598313570023,131072.0,0.00037504390363216815
155575,0.1399236023426056,0.18870361149311066,131072.0,0.00037500501633317275
155600,0.11580527573823929,0.1994369775056839,131072.0,0.0003749661250281494
155625,0.15252387523651123,0.13021220266819,131072.0,0.00037492722971836987
155650,0.20988665521144867,0.1372123509645462,131072.0,0.00037488833040510614
155675,0.15570321679115295,0.14908373355865479,131072.0,0.00037484942708963017
155700,0.2043180763721466,0.20663243532180786,131072.0,0.00037481051977321416
155725,0.23102107644081116,0.16119714081287384,262144.0,0.00037477160845713036
155750,0.22365352511405945,0.17465300858020782,262144.0,0.0003747326931426512
155775,0.13708829879760742,0.19843871891498566,262144.0,0.00037469377383104937
155800,0.08214302361011505,0.2487206906080246,262144.0,0.0003746548505235974
155825,0.20304159820079803,0.1558813452720642,262144.0,0.0003746159232215683
155850,0.10261131078004837,0.16729708015918732,262144.0,0.00037457699192623494
155875,0.16950778663158417,0.4246777296066284,262144.0,0.0003745380566388704
155900,0.1932823359966278,0.234186589717865,262144.0,0.00037449911736074784
155925,0.14174596965312958,0.29305699467658997,262144.0,0.0003744601740931408
155950,0.14678815007209778,0.16420261561870575,262144.0,0.00037442122683732263
155975,0.18711011111736298,0.2570975124835968,262144.0,0.00037438227559456684
156000,0.18872572481632233,0.3010025918483734,262144.0,0.00037434332036614736
156025,0.14086930453777313,0.16355527937412262,262144.0,0.00037430436115333803
156050,0.1832282394170761,0.12467656284570694,262144.0,0.00037426539795741266
156075,0.14664514362812042,0.2164432853460312,262144.0,0.00037422643077964564
156100,0.16463306546211243,0.2719902992248535,262144.0,0.00037418745962131117
156125,0.19014327228069305,0.8521884679794312,262144.0,0.0003741484844836836
156150,0.12221500277519226,0.14644190669059753,131072.0,0.00037410950536803737
156175,0.12186512351036072,0.14943702518939972,131072.0,0.00037407052227564726
156200,0.21587567031383514,0.1454126387834549,131072.0,0.0003740315352077879
156225,0.26271960139274597,0.2700687348842621,131072.0,0.00037399254416573436
156250,0.14568468928337097,0.11044088751077652,131072.0,0.0003739535491507618
156275,0.13242626190185547,0.3128831684589386,131072.0,0.0003739145501641451
156300,0.22301849722862244,0.14308619499206543,131072.0,0.00037387554720715954
156325,0.13966402411460876,0.12223357707262039,131072.0,0.00037383654028108095
156350,0.2222824990749359,0.14838430285453796,131072.0,0.0003737975293871846
156375,0.200680211186409,0.14295212924480438,131072.0,0.00037375851452674616
156400,0.19951708614826202,0.1812431812286377,131072.0,0.0003737194957010415
156425,0.11546267569065094,0.16825835406780243,131072.0,0.0003736804729113467
156450,0.118575319647789,0.16963903605937958,131072.0,0.00037364144615893756
156475,0.1736028492450714,0.19514352083206177,131072.0,0.0003736024154450907
156500,0.11783811450004578,0.1253165453672409,131072.0,0.0003735633807710821
156525,0.18865300714969635,0.2149335891008377,131072.0,0.00037352434213818836
156550,0.12022034078836441,0.22458097338676453,131072.0,0.0003734852995476861
156575,0.24999326467514038,0.20403872430324554,131072.0,0.0003734462530008521
156600,0.14756818115711212,0.15413536131381989,131072.0,0.0003734072024989629
156625,0.14936469495296478,0.1441500335931778,131072.0,0.0003733681480432959
156650,0.11491827666759491,0.13870559632778168,131072.0,0.0003733290896351281
156675,0.0828268826007843,0.1576632261276245,131072.0,0.0003732900272757366
156700,0.220232293009758,0.16127239167690277,131072.0,0.0003732509609663989
156725,0.1299712359905243,0.14534161984920502,131072.0,0.00037321189070839254
156750,0.11349992454051971,0.16512496769428253,131072.0,0.00037317281650299495
156775,0.13297924399375916,0.17078480124473572,131072.0,0.0003731337383514841
156800,0.1044485941529274,0.14006830751895905,131072.0,0.0003730946562551379
156825,0.18175286054611206,0.1023864895105362,131072.0,0.00037305557021523415
156850,0.174904927611351,0.1504536271095276,131072.0,0.0003730164802330512
156875,0.18096943199634552,0.11578305810689926,131072.0,0.00037297738630986737
156900,0.12765204906463623,0.14983409643173218,131072.0,0.00037293828844696083
156925,0.12086687982082367,0.14589597284793854,131072.0,0.00037289918664561015
156950,0.1992274820804596,0.1061360090970993,131072.0,0.0003728600809070943
156975,0.19411700963974,0.15480563044548035,131072.0,0.00037282097123269176
157000,0.17649033665657043,0.25574982166290283,131072.0,0.0003727818576236816
157025,0.22997693717479706,0.13955625891685486,131072.0,0.00037274274008134274
157050,0.21958696842193604,0.16109463572502136,131072.0,0.00037270361860695456
157075,0.22967056930065155,0.16629618406295776,131072.0,0.0003726644932017962
157100,0.2137361615896225,0.1697022169828415,131072.0,0.0003726253638671472
157125,0.21567454934120178,0.19340963661670685,131072.0,0.0003725862306042871
157150,0.14006981253623962,0.21871952712535858,131072.0,0.0003725470934144955
157175,0.1374433934688568,0.1745736449956894,131072.0,0.00037250795229905233
157200,0.10971687734127045,0.18991735577583313,131072.0,0.0003724688072592376
157225,0.14804823696613312,0.1299920231103897,131072.0,0.0003724296582963311
157250,0.18565385043621063,0.19669269025325775,131072.0,0.00037239050541161344
157275,0.15041589736938477,0.18719732761383057,131072.0,0.00037235134860636463
157300,0.1572701334953308,0.1375454068183899,131072.0,0.00037231218788186525
157325,0.12898138165473938,0.13712041079998016,131072.0,0.000372273023239396
157350,0.18686296045780182,0.21373823285102844,131072.0,0.00037223385468023736
157375,0.20900605618953705,0.3128967583179474,131072.0,0.0003721946822056704
157400,0.13843126595020294,0.1700451821088791,131072.0,0.000372155505816976
157425,0.15776164829730988,0.13541781902313232,131072.0,0.0003721163255154354
157450,0.13068920373916626,0.31182053685188293,131072.0,0.00037207714130232955
157475,0.20226575434207916,0.1704820841550827,131072.0,0.00037203795317893994
157500,0.1381407380104065,0.27533936500549316,131072.0,0.00037199876114654814
157525,0.09985467791557312,0.4919317960739136,131072.0,0.0003719595652064359
157550,0.13009363412857056,0.12793825566768646,131072.0,0.0003719203653598845
157575,0.11416080594062805,0.15381929278373718,131072.0,0.0003718811616081763
157600,0.24437391757965088,0.21076691150665283,131072.0,0.0003718419539525929
157625,0.1071772426366806,0.17105889320373535,131072.0,0.0003718027423944168
157650,0.18141864240169525,0.2671874463558197,131072.0,0.00037176352693492993
157675,0.15504221618175507,0.1751556098461151,131072.0,0.0003717243075754148
157700,0.16587255895137787,0.18784953653812408,131072.0,0.00037168508431715397
157725,0.18553192913532257,0.15805482864379883,131072.0,0.00037164585716143014
157750,0.19942638278007507,0.16675756871700287,131072.0,0.0003716066261095259
157775,0.10782874375581741,0.18038304150104523,131072.0,0.0003715673911627242
157800,0.1797352433204651,0.1648620069026947,131072.0,0.00037152815232230807
157825,0.14849510788917542,0.1914687603712082,131072.0,0.00037148890958956063
157850,0.13630452752113342,0.21477355062961578,131072.0,0.00037144966296576517
157875,0.11894943565130234,0.2146240770816803,131072.0,0.00037141041245220517
157900,0.14378595352172852,0.32199040055274963,131072.0,0.00037137115805016405
157925,0.18937088549137115,0.10946071147918701,131072.0,0.0003713318997609256
157950,0.2127920687198639,0.1027648076415062,131072.0,0.0003712926375857735
157975,0.18603938817977905,0.7567243576049805,131072.0,0.00037125337152599166
158000,0.20411281287670135,0.17397280037403107,131072.0,0.000371214101582864
158025,0.1526581346988678,0.26788172125816345,131072.0,0.0003711748277576749
158050,0.15795736014842987,0.1300378441810608,131072.0,0.0003711355500517087
158075,0.16842468082904816,0.3107151687145233,131072.0,0.00037109626846624946
158100,0.19100609421730042,0.2952367067337036,131072.0,0.00037105698300258204
158125,0.14325089752674103,0.31029650568962097,131072.0,0.00037101769366199104
158150,0.17724868655204773,0.2206120789051056,262144.0,0.0003709784004457612
158175,0.17090216279029846,0.23635882139205933,262144.0,0.0003709391033551775
158200,0.20456942915916443,0.3678973913192749,131072.0,0.0003708998023915249
158225,0.12233642488718033,0.1551707535982132,131072.0,0.00037086049755608865
158250,0.1584140658378601,0.1389353722333908,131072.0,0.00037082118885015407
158275,0.15317125618457794,0.15320618450641632,131072.0,0.00037078187627500664
158300,0.19801822304725647,0.23759235441684723,131072.0,0.0003707425598319319
158325,0.18128928542137146,0.20483887195587158,131072.0,0.0003707032395222153
158350,0.1455405354499817,0.12286576628684998,131072.0,0.00037066391534714294
158375,0.14501705765724182,0.11621803045272827,131072.0,0.0003706245873080007
158400,0.11743980646133423,0.12516553699970245,131072.0,0.0003705852554060746
158425,0.10089614987373352,0.1333378106355667,131072.0,0.00037054591964265067
158450,0.14419205486774445,0.35613447427749634,131072.0,0.0003705065800190155
158475,0.1870323270559311,0.16610974073410034,131072.0,0.00037046723653645544
158500,0.18307526409626007,0.22022977471351624,131072.0,0.000370427889196257
158525,0.130423903465271,0.17850752174854279,131072.0,0.0003703885379997069
158550,0.18946915864944458,0.12346377968788147,131072.0,0.0003703491829480918
158575,0.19179736077785492,0.1472133845090866,131072.0,0.0003703098240426991
158600,0.22319430112838745,0.11498027294874191,131072.0,0.00037027046128481543
158625,0.14196717739105225,0.17897973954677582,131072.0,0.0003702310946757282
158650,0.10510290414094925,0.16548001766204834,131072.0,0.0003701917242167247
158675,0.24281863868236542,0.41466787457466125,131072.0,0.0003701523499090924
158700,0.1979890763759613,0.18103629350662231,131072.0,0.0003701129717541187
158725,0.11031703650951385,0.1763792783021927,131072.0,0.0003700735897530915
158750,0.15534189343452454,0.3059433698654175,131072.0,0.0003700342039072986
158775,0.1544921100139618,0.2567495107650757,131072.0,0.0003699948142180279
158800,0.20857839286327362,0.357880562543869,131072.0,0.00036995542068656744
158825,0.18493203818798065,0.1956735998392105,131072.0,0.00036991602331420563
158850,0.13982801139354706,0.16119235754013062,131072.0,0.0003698766221022306
158875,0.0716424211859703,0.1668408364057541,131072.0,0.00036983721705193077
158900,0.1730252355337143,0.3650853931903839,131072.0,0.0003697978081645949
158925,0.18719007074832916,0.23032405972480774,131072.0,0.00036975839544151165
158950,0.10408720374107361,0.2983067035675049,131072.0,0.0003697189788839698
158975,0.19327174127101898,0.1641557216644287,131072.0,0.00036967955849325824
159000,0.11341652274131775,0.22224025428295135,131072.0,0.00036964013427066616
159025,0.15147173404693604,0.2574717700481415,131072.0,0.00036960070621748286
159050,0.18411868810653687,0.15214796364307404,131072.0,0.00036956127433499745
159075,0.14443528652191162,0.22354701161384583,131072.0,0.00036952183862449953
159100,0.13555431365966797,0.38260990381240845,131072.0,0.00036948239908727866
159125,0.1984720677137375,0.49931418895721436,131072.0,0.00036944295572462454
159150,0.24131949245929718,0.18481017649173737,131072.0,0.00036940350853782706
159175,0.14559821784496307,0.16453558206558228,131072.0,0.000369364057528176
159200,0.24751466512680054,0.20291727781295776,131072.0,0.0003693246026969617
159225,0.1341049075126648,0.21007665991783142,131072.0,0.00036928514404547413
159250,0.1384822577238083,0.2647944390773773,131072.0,0.0003692456815750039
159275,0.15629476308822632,0.15109996497631073,131072.0,0.00036920621528684116
159300,0.12391418218612671,0.2225721776485443,131072.0,0.0003691667451822767
159325,0.15737882256507874,0.1269032061100006,131072.0,0.00036912727126260116
159350,0.19926470518112183,1.5702977180480957,131072.0,0.0003690877935291054
159375,0.113340362906456,0.33282706141471863,131072.0,0.00036904831198308045
159400,0.18105293810367584,0.1472182720899582,131072.0,0.0003690088266258171
159425,0.12139090895652771,0.2144000232219696,131072.0,0.0003689693374586068
159450,0.12679432332515717,0.40130871534347534,131072.0,0.0003689298444827409
159475,0.24922634661197662,0.18711881339550018,131072.0,0.00036889034769951087
159500,0.16145917773246765,0.18870505690574646,131072.0,0.0003688508471102082
159525,0.14944115281105042,0.27855968475341797,131072.0,0.00036881134271612455
159550,0.13497519493103027,0.2750827968120575,131072.0,0.0003687718345185519
159575,0.12567083537578583,0.2516312301158905,131072.0,0.00036873232251878206
159600,0.24892403185367584,0.12148212641477585,131072.0,0.0003686928067181072
159625,0.19305990636348724,0.21504604816436768,131072.0,0.0003686532871178194
159650,0.14465199410915375,0.1516217738389969,131072.0,0.0003686137637192113
159675,0.2225084751844406,0.21149617433547974,131072.0,0.00036857423652357507
159700,0.13139258325099945,0.1579105108976364,131072.0,0.00036853470553220325
159725,0.2005210518836975,0.174094557762146,131072.0,0.0003684951707463887
159750,0.23564080893993378,0.19013775885105133,131072.0,0.0003684556321674241
159775,0.17477406561374664,0.28017154335975647,131072.0,0.0003684160897966027
159800,0.21672184765338898,0.2089584320783615,131072.0,0.0003683765436352172
159825,0.1683005392551422,0.20509138703346252,131072.0,0.000368336993684561
159850,0.20405851304531097,0.13997021317481995,131072.0,0.00036829743994592736
159875,0.24593248963356018,0.2074040025472641,131072.0,0.0003682578824206097
159900,0.1624111533164978,0.27498921751976013,131072.0,0.0003682183211099018
159925,0.1635407656431198,0.21303018927574158,131072.0,0.00036817875601509697
159950,0.16099491715431213,0.2700279951095581,131072.0,0.0003681391871374893
159975,0.14143328368663788,0.15942923724651337,131072.0,0.00036809961447837263
160000,0.10719753056764603,0.2784067988395691,131072.0,0.00036806003803904123
160025,0.21900621056556702,0.1441563367843628,131072.0,0.0003680204578207889
160050,0.13184885680675507,0.3437677323818207,131072.0,0.0003679808738249104
160075,0.2856769561767578,0.12854328751564026,131072.0,0.0003679412860526996
160100,0.17005960643291473,0.16388827562332153,131072.0,0.0003679016945054517
160125,0.1917514055967331,0.18667392432689667,131072.0,0.0003678620991844608
160150,0.18479682505130768,0.167793869972229,131072.0,0.0003678225000910222
160175,0.10145315527915955,0.20340247452259064,131072.0,0.00036778289722643045
160200,0.17601510882377625,0.1433275043964386,262144.0,0.00036774329059198084
160225,0.1230679526925087,0.26255252957344055,262144.0,0.0003677036801889684
160250,0.12007144093513489,0.14420007169246674,262144.0,0.0003676640660186884
160275,0.20279809832572937,0.1832963228225708,262144.0,0.00036762444808243643
160300,0.13867521286010742,0.31764882802963257,131072.0,0.000367584826381508
160325,0.19238565862178802,0.21812178194522858,131072.0,0.00036754520091719867
160350,0.14095446467399597,0.2515109181404114,131072.0,0.0003675055716908041
160375,0.1704326719045639,0.1971646547317505,131072.0,0.00036746593870362056
160400,0.23989589512348175,0.17276844382286072,131072.0,0.0003674263019569438
160425,0.14852271974086761,0.2615860104560852,131072.0,0.00036738666145207024
160450,0.24119365215301514,0.1694553643465042,131072.0,0.00036734701719029586
160475,0.13947616517543793,0.246612548828125,131072.0,0.0003673073691729172
160500,0.15353403985500336,0.32277780771255493,131072.0,0.0003672677174012309
160525,0.15926629304885864,0.15209802985191345,131072.0,0.00036722806187653345
160550,0.17248287796974182,0.3466073274612427,131072.0,0.0003671884026001217
160575,0.18075816333293915,0.5923584699630737,131072.0,0.00036714873957329245
160600,0.19695092737674713,0.41192224621772766,131072.0,0.0003671090727973428
160625,0.20819984376430511,0.17509113252162933,131072.0,0.00036706940227357006
160650,0.2517648935317993,0.411467581987381,131072.0,0.00036702972800327116
160675,0.20548492670059204,0.13093958795070648,131072.0,0.00036699004998774363
160700,0.2042953222990036,0.25408831238746643,131072.0,0.00036695036822828505
160725,0.11405795812606812,0.2494342029094696,131072.0,0.0003669106827261929
160750,0.13875500857830048,0.2197410762310028,131072.0,0.0003668709934827651
160775,0.19995050132274628,0.2739059627056122,131072.0,0.00036683130049929946
160800,0.11530747264623642,0.12282048910856247,131072.0,0.00036679160377709385
160825,0.16481219232082367,0.21006149053573608,131072.0,0.00036675190331744657
160850,0.17763377726078033,0.13766853511333466,131072.0,0.0003667121991216559
160875,0.1863653063774109,0.14380653202533722,131072.0,0.00036667249119101995
160900,0.19454677402973175,0.15402653813362122,131072.0,0.00036663277952683743
160925,0.15803466737270355,0.18705537915229797,131072.0,0.00036659306413040684
160950,0.18152166903018951,0.43601372838020325,131072.0,0.00036655334500302695
160975,0.15798309445381165,0.2352941632270813,131072.0,0.0003665136221459966
161000,0.1498388648033142,0.27708426117897034,131072.0,0.00036647389556061473
161025,0.20360247790813446,0.17606514692306519,131072.0,0.00036643416524818055
161050,0.13240231573581696,0.11732099950313568,131072.0,0.0003663944312099932
161075,0.18448857963085175,0.20625576376914978,131072.0,0.00036635469344735195
161100,0.17165805399417877,0.18970288336277008,131072.0,0.0003663149519615565
161125,0.17981193959712982,0.3546980917453766,131072.0,0.00036627520675390615
161150,0.15351830422878265,0.19290213286876678,131072.0,0.00036623545782570076
161175,0.21954454481601715,0.13365505635738373,131072.0,0.00036619570517824
161200,0.13899043202400208,0.24992671608924866,131072.0,0.0003661559488128241
161225,0.13233256340026855,0.18466956913471222,131072.0,0.0003661161887307529
161250,0.1507832258939743,0.19747693836688995,131072.0,0.0003660764249333267
161275,0.2117607444524765,0.3448604643344879,131072.0,0.0003660366574218457
161300,0.19236646592617035,0.2263735681772232,131072.0,0.00036599688619761046
161325,0.09370673447847366,0.2281181514263153,131072.0,0.0003659571112619216
161350,0.17124751210212708,0.2636711001396179,131072.0,0.0003659173326160795
161375,0.20673198997974396,0.20773646235466003,131072.0,0.00036587755026138525
161400,0.15652868151664734,0.2235601395368576,131072.0,0.00036583776419913967
161425,0.15946780145168304,0.345901221036911,131072.0,0.00036579797443064366
161450,0.16128003597259521,0.2638884484767914,131072.0,0.0003657581809571986
161475,0.23410937190055847,0.5581380128860474,131072.0,0.00036571838378010574
161500,0.172959104180336,0.30991265177726746,131072.0,0.00036567858290066646
161525,0.18999387323856354,0.5400416851043701,131072.0,0.00036563877832018223
161550,0.16259759664535522,0.13168038427829742,131072.0,0.00036559897003995463
161575,0.12873992323875427,0.1133623793721199,65536.0,0.00036555915806128547
161600,0.13766509294509888,0.3380875885486603,65536.0,0.000365519342385477
161625,0.14547188580036163,0.19107240438461304,65536.0,0.0003654795230138307
161650,0.1421351283788681,2.1065523624420166,65536.0,0.0003654396999476489
161675,0.18637388944625854,0.27382299304008484,65536.0,0.00036539987318823393
161700,0.18358370661735535,0.1998235583305359,65536.0,0.00036536004273688826
161725,0.15761394798755646,0.25207316875457764,65536.0,0.00036532020859491405
161750,0.1947517693042755,0.13022871315479279,65536.0,0.0003652803707636141
161775,0.17052879929542542,0.26334622502326965,65536.0,0.00036524052924429115
161800,0.19541803002357483,0.2927757799625397,65536.0,0.0003652006840382481
161825,0.13322103023529053,0.24163050949573517,65536.0,0.0003651608351467879
161850,0.16596107184886932,0.24377559125423431,65536.0,0.00036512098257121344
161875,0.13997912406921387,0.14685377478599548,65536.0,0.0003650811263128283
161900,0.14230120182037354,0.13913239538669586,65536.0,0.0003650412663729355
161925,0.1548268049955368,0.12982210516929626,65536.0,0.00036500140275283867
161950,0.14270740747451782,0.2007644921541214,65536.0,0.00036496153545384133
161975,0.1831628680229187,0.13230720162391663,65536.0,0.00036492166447724714
162000,0.18572060763835907,0.21292872726917267,65536.0,0.00036488178982436005
162025,0.16747251152992249,0.1602720022201538,65536.0,0.0003648419114964839
162050,0.19112400710582733,0.1617954671382904,65536.0,0.00036480202949492273
162075,0.09496710449457169,0.13683894276618958,65536.0,0.00036476214382098076
162100,0.11084741353988647,0.38584423065185547,65536.0,0.00036472225447596227
162125,0.2158370167016983,0.3730487823486328,65536.0,0.0003646823614611718
162150,0.14273233711719513,0.20117057859897614,65536.0,0.0003646424647779136
162175,0.12564592063426971,0.25812381505966187,65536.0,0.00036460256442749265
162200,0.12806257605552673,0.26957929134368896,65536.0,0.00036456266041121353
162225,0.14134985208511353,0.24955695867538452,65536.0,0.0003645227527303812
162250,0.13837409019470215,0.7814543843269348,65536.0,0.00036448284138630076
162275,0.19088135659694672,0.18462613224983215,65536.0,0.00036444292638027705
162300,0.18652893602848053,0.2570016384124756,65536.0,0.0003644030077136157
162325,0.10917344689369202,0.44718098640441895,65536.0,0.0003643630853876219
162350,0.13712990283966064,0.4414338767528534,65536.0,0.0003643231594036011
162375,0.1384497880935669,0.48100459575653076,65536.0,0.00036428322976285915
162400,0.2143341600894928,0.14401870965957642,65536.0,0.0003642432964667015
162425,0.16995567083358765,0.2618442475795746,65536.0,0.00036420335951643405
162450,0.18680235743522644,0.23497274518013,65536.0,0.00036416341891336307
162475,0.10349293798208237,0.2679271996021271,65536.0,0.00036412347465879436
162500,0.1824953705072403,0.3474719524383545,65536.0,0.00036408352675403423
162525,0.18102508783340454,0.24507197737693787,65536.0,0.0003640435752003889
162550,0.14539912343025208,0.3075266182422638,65536.0,0.0003640036199991649
162575,0.19969025254249573,0.2470138669013977,65536.0,0.000363963661151669
162600,0.17482343316078186,0.23883767426013947,65536.0,0.00036392369865920763
162625,0.16652414202690125,0.2571342885494232,65536.0,0.0003638837325230877
162650,0.20899759232997894,0.13562899827957153,65536.0,0.0003638437627446161
162675,0.2112308293581009,0.158384308218956,65536.0,0.0003638037893250999
162700,0.1302279233932495,0.42549097537994385,65536.0,0.0003637638122658462
162725,0.15554724633693695,0.1980801522731781,65536.0,0.0003637238315681625
162750,0.08197758346796036,0.2407393902540207,65536.0,0.00036368384723335607
162775,0.15390148758888245,0.28485164046287537,65536.0,0.0003636438592627344
162800,0.24406255781650543,0.26481515169143677,65536.0,0.00036360386765760516
162825,0.1754973828792572,0.14337636530399323,65536.0,0.00036356387241927605
162850,0.11060389131307602,0.1278652399778366,65536.0,0.0003635238735490552
162875,0.12551869451999664,0.18326540291309357,65536.0,0.0003634838710482503
162900,0.10734090209007263,0.1720835119485855,65536.0,0.0003634438649181696
162925,0.15306618809700012,0.15973326563835144,65536.0,0.0003634038551601213
162950,0.15384764969348907,0.22272232174873352,65536.0,0.0003633638417754138
162975,0.1885187029838562,0.15506282448768616,65536.0,0.0003633238247653556
163000,0.18972252309322357,0.19075670838356018,65536.0,0.0003632838041312553
163025,0.16761034727096558,0.2854936718940735,65536.0,0.00036324377987442157
163050,0.11561793088912964,0.3481203019618988,65536.0,0.0003632037519961632
163075,0.1418052613735199,0.45651906728744507,65536.0,0.0003631637204977892
163100,0.10493417084217072,0.2760891914367676,65536.0,0.0003631236853806086
163125,0.18492406606674194,0.20561404526233673,65536.0,0.00036308364664593064
163150,0.12656912207603455,0.33004841208457947,65536.0,0.0003630436042950646
163175,0.21414847671985626,0.23279531300067902,65536.0,0.0003630035583293198
163200,0.16147010028362274,0.217570498585701,65536.0,0.00036296350875000594
163225,0.269858181476593,0.20008255541324615,65536.0,0.0003629234555584327
163250,0.11706613004207611,0.26135945320129395,65536.0,0.0003628833987559097
163275,0.10158731788396835,0.19489245116710663,65536.0,0.0003628433383437468
163300,0.3426963984966278,0.23301644623279572,65536.0,0.00036280327432325414
163325,0.18522825837135315,0.2606545388698578,65536.0,0.0003627632066957419
163350,0.1389714777469635,0.27666324377059937,65536.0,0.00036272313546252034
163375,0.12772609293460846,0.3067367374897003,65536.0,0.00036268306062489956
163400,0.15457436442375183,0.1716567426919937,65536.0,0.00036264298218419025
163425,0.18405471742153168,0.23937289416790009,65536.0,0.00036260290014170315
163450,0.1734091341495514,0.41500282287597656,65536.0,0.0003625628144987487
163475,0.14220665395259857,0.3308711051940918,65536.0,0.0003625227252566378
163500,0.18247291445732117,0.22748909890651703,65536.0,0.0003624826324166816
163525,0.13165612518787384,0.14441794157028198,65536.0,0.0003624425359801908
163550,0.2024179995059967,0.3318782150745392,65536.0,0.00036240243594847703
163575,0.17536109685897827,0.5947480797767639,131072.0,0.0003623623323228514
163600,0.14728836715221405,0.24845536053180695,131072.0,0.00036232222510462525
163625,0.18760551512241364,0.1517464518547058,131072.0,0.0003622821142951102
163650,0.11880858242511749,0.19293886423110962,131072.0,0.0003622419998956179
163675,0.10709815472364426,0.17370712757110596,131072.0,0.00036220188190746024
163700,0.12232675403356552,0.2272079586982727,131072.0,0.000362161760331949
163725,0.17157913744449615,0.29747217893600464,131072.0,0.0003621216351703961
163750,0.1332082599401474,0.1513700634241104,131072.0,0.0003620815064241138
163775,0.2015974074602127,0.40505826473236084,131072.0,0.0003620413740944144
163800,0.17182956635951996,0.46153849363327026,131072.0,0.0003620012381826101
163825,0.23178888857364655,0.30838918685913086,131072.0,0.00036196109869001357
163850,0.15347976982593536,0.1736682504415512,131072.0,0.0003619209556179372
163875,0.13040438294410706,0.21240177750587463,131072.0,0.000361880808967694
163900,0.11530621349811554,0.25552457571029663,131072.0,0.0003618406587405965
163925,0.20632226765155792,0.15871775150299072,131072.0,0.0003618005049379577
163950,0.09459521621465683,0.18980824947357178,131072.0,0.0003617603475610909
163975,0.12828555703163147,0.44247815012931824,131072.0,0.0003617201866113091
164000,0.14397168159484863,0.45589855313301086,131072.0,0.00036168002208992556
164025,0.14672048389911652,0.4101734757423401,131072.0,0.0003616398539982537
164050,0.19795353710651398,0.2380070835351944,131072.0,0.00036159968233760714
164075,0.23392657935619354,0.3366518020629883,131072.0,0.00036155950710929955
164100,0.1761292815208435,0.2740192115306854,131072.0,0.0003615193283146446
164125,0.3137419819831848,0.3255981504917145,131072.0,0.00036147914595495624
164150,0.19311942160129547,0.33616524934768677,131072.0,0.0003614389600315485
164175,0.18962663412094116,0.34941065311431885,131072.0,0.00036139877054573553
164200,0.16460378468036652,0.21814517676830292,131072.0,0.00036135857749883135
164225,0.15287518501281738,0.2411118596792221,131072.0,0.00036131838089215046
164250,0.18753311038017273,0.4367823302745819,131072.0,0.0003612781807270073
164275,0.1677677184343338,0.41661837697029114,131072.0,0.0003612379770047165
164300,0.11658933758735657,0.23303405940532684,131072.0,0.00036119776972659274
164325,0.1410224586725235,0.43852370977401733,131072.0,0.0003611575588939507
164350,0.1587221324443817,0.39355024695396423,65536.0,0.0003611173445081055
164375,0.27465808391571045,0.29163631796836853,65536.0,0.0003610771265703722
164400,0.2200240194797516,0.2129993438720703,65536.0,0.00036103690508206584
164425,0.28753936290740967,0.5618487596511841,65536.0,0.00036099668004450165
164450,0.19340471923351288,0.47470906376838684,65536.0,0.0003609564514589952
164475,0.1297709196805954,0.19025477766990662,65536.0,0.00036091621932686193
164500,0.12504886090755463,0.19509342312812805,65536.0,0.00036087598364941743
164525,0.18631012737751007,0.37426722049713135,65536.0,0.0003608357444279775
164550,0.1733890324831009,0.39543864130973816,65536.0,0.00036079550166385793
164575,0.12032686173915863,0.2585773766040802,65536.0,0.0003607552553583748
164600,0.1714443564414978,0.3692014217376709,65536.0,0.00036071500551284415
164625,0.19102999567985535,0.20739425718784332,65536.0,0.00036067475212858203
164650,0.157850980758667,0.19489191472530365,65536.0,0.0003606344952069051
164675,0.14752748608589172,0.32337716221809387,65536.0,0.00036059423474912953
164700,0.18385817110538483,0.4251037836074829,65536.0,0.00036055397075657186
164725,0.15648216009140015,0.14354749023914337,65536.0,0.00036051370323054907
164750,0.17662125825881958,0.17656658589839935,65536.0,0.00036047343217237757
164775,0.17372716963291168,0.6506999135017395,65536.0,0.00036043315758337436
164800,0.16118332743644714,0.19926153123378754,65536.0,0.00036039287946485664
164825,0.12387635558843613,0.2786625027656555,65536.0,0.00036035259781814143
164850,0.2187698632478714,0.20908387005329132,65536.0,0.0003603123126445459
164875,0.18765945732593536,0.6344788074493408,65536.0,0.0003602720239453875
164900,0.19926020503044128,0.34329473972320557,65536.0,0.00036023173172198365
164925,0.10692907869815826,0.2672661542892456,65536.0,0.00036019143597565206
164950,0.17605724930763245,0.2968655824661255,65536.0,0.0003601511367077103
164975,0.1866367608308792,0.5093690752983093,65536.0,0.0003601108339194763
165000,0.11433620005846024,0.592953622341156,65536.0,0.0003600705276122679
165025,0.12545160949230194,0.28532347083091736,65536.0,0.0003600302177874032
165050,0.2526378333568573,0.14675426483154297,65536.0,0.00035998990444620045
165075,0.1317673772573471,0.7119503021240234,65536.0,0.0003599495875899778
165100,0.10341573506593704,0.21137866377830505,65536.0,0.0003599092672200537
165125,0.12928925454616547,0.21594083309173584,65536.0,0.0003598689433377467
165150,0.11196155846118927,0.3011122941970825,65536.0,0.00035982861594437534
165175,0.1715044528245926,0.30012789368629456,65536.0,0.0003597882850412585
165200,0.14117494225502014,0.42339447140693665,65536.0,0.0003597479506297148
165225,0.13476675748825073,0.2920962870121002,65536.0,0.00035970761271106354
165250,0.18912789225578308,0.35293304920196533,65536.0,0.0003596672712866236
165275,0.20058485865592957,0.221268430352211,65536.0,0.00035962692635771427
165300,0.20160244405269623,0.42208221554756165,65536.0,0.00035958657792565466
165325,0.18691971898078918,0.3058699667453766,65536.0,0.00035954622599176445
165350,0.14284420013427734,0.33485081791877747,65536.0,0.00035950587055736305
165375,0.12094582617282867,0.2737922966480255,65536.0,0.00035946551162377026
165400,0.23279207944869995,0.21518349647521973,65536.0,0.00035942514919230567
165425,0.15440121293067932,0.43409231305122375,65536.0,0.00035938478326428934
165450,0.11952223628759384,0.36164218187332153,65536.0,0.00035934441384104113
165475,0.21689358353614807,0.31676536798477173,65536.0,0.0003593040409238813
165500,0.20368580520153046,0.2328244149684906,65536.0,0.00035926366451412994
165525,0.17049668729305267,0.38022518157958984,65536.0,0.00035922328461310743
165550,0.13262341916561127,0.1985798180103302,65536.0,0.0003591829012221343
165575,0.14481119811534882,0.25397616624832153,65536.0,0.00035914251434253103
165600,0.15953657031059265,0.25573042035102844,65536.0,0.00035910212397561854
165625,0.14870940148830414,0.4485200047492981,65536.0,0.00035906173012271726
165650,0.1964254081249237,0.6032305955886841,65536.0,0.0003590213327851483
165675,0.2282448261976242,0.5063256621360779,65536.0,0.0003589809319642328
165700,0.1780657321214676,0.5047247409820557,65536.0,0.00035894052766129175
165725,0.2216229885816574,0.3131830096244812,65536.0,0.0003589001198776465
165750,0.12923239171504974,0.4809954762458801,65536.0,0.0003588597086146183
165775,0.18133048713207245,0.20377185940742493,65536.0,0.00035881929387352867
165800,0.12012705206871033,0.4203640818595886,65536.0,0.00035877887565569934
165825,0.19972965121269226,0.31254273653030396,65536.0,0.000358738453962452
165850,0.2069278210401535,0.5061370730400085,65536.0,0.00035869802879510835
165875,0.11640925705432892,0.2105126678943634,65536.0,0.0003586576001549903
165900,0.13034871220588684,0.4001927375793457,65536.0,0.00035861716804342004
165925,0.14973601698875427,0.2887671887874603,65536.0,0.0003585767324617197
165950,0.11750558763742447,0.35083284974098206,65536.0,0.0003585362934112115
165975,0.14212879538536072,0.428768515586853,65536.0,0.0003584958508932181
166000,0.17624518275260925,0.3236140012741089,65536.0,0.00035845540490906156
166025,0.21523034572601318,0.7498940825462341,65536.0,0.0003584149554600649
166050,0.13723871111869812,0.33652693033218384,65536.0,0.00035837450254755057
166075,0.14409926533699036,0.463993638753891,65536.0,0.0003583340461728417
166100,0.2159910351037979,0.3666762709617615,65536.0,0.00035829358633726095
166125,0.15033967792987823,0.14174477756023407,65536.0,0.0003582531230421316
166150,0.15449361503124237,0.6836816668510437,65536.0,0.0003582126562887768
166175,0.13475099205970764,0.23339612782001495,65536.0,0.0003581721860785197
166200,0.22068680822849274,0.2988969683647156,65536.0,0.00035813171241268394
166225,0.1781487613916397,0.46895480155944824,65536.0,0.00035809123529259286
166250,0.17960545420646667,0.43832650780677795,65536.0,0.00035805075471957026
166275,0.1385633796453476,0.4725979268550873,65536.0,0.0003580102706949398
166300,0.12111137062311172,0.2896113693714142,65536.0,0.0003579697832200254
166325,0.10290396958589554,0.18910416960716248,65536.0,0.00035792929229615093
166350,0.13874410092830658,0.526849627494812,131072.0,0.00035788879792464064
166375,0.17214547097682953,0.5996911525726318,131072.0,0.00035784830010681854
166400,0.12480524182319641,0.17901095747947693,65536.0,0.00035780779884400914
166425,0.1468607783317566,0.4179013669490814,65536.0,0.00035776729413753664
166450,0.11834365874528885,0.38671666383743286,65536.0,0.000357726785988726
166475,0.20547860860824585,0.601091742515564,65536.0,0.00035768627439890135
166500,0.2197234034538269,0.12961965799331665,65536.0,0.0003576457593693877
166525,0.13343210518360138,0.37016603350639343,65536.0,0.00035760524090151
166550,0.1511942595243454,0.23696893453598022,65536.0,0.0003575647189965932
166575,0.15441161394119263,0.7063870429992676,65536.0,0.0003575241936559623
166600,0.20134209096431732,0.4385480284690857,65536.0,0.0003574836648809427
166625,0.20023278892040253,0.5305110812187195,65536.0,0.00035744313267285945
166650,0.16778041422367096,0.34289076924324036,65536.0,0.00035740259703303834
166675,0.12710565328598022,0.3950379490852356,65536.0,0.0003573620579628047
166700,0.14590564370155334,0.3029124438762665,65536.0,0.00035732151546348414
166725,0.10828933864831924,0.18710985779762268,65536.0,0.0003572809695364027
166750,0.21860413253307343,0.380044549703598,65536.0,0.000357240420182886
166775,0.1325254887342453,0.49373185634613037,65536.0,0.0003571998674042602
166800,0.1734411120414734,0.4541621208190918,65536.0,0.0003571593112018513
166825,0.22540593147277832,0.5338428616523743,65536.0,0.00035711875157698556
166850,0.16312865912914276,0.24685882031917572,65536.0,0.00035707818853098947
166875,0.19498386979103088,0.282082200050354,65536.0,0.0003570376220651893
166900,0.14064258337020874,0.17963255941867828,65536.0,0.0003569970521809117
166925,0.23736445605754852,0.31476160883903503,65536.0,0.00035695647887948323
166950,0.19213785231113434,0.20602716505527496,65536.0,0.0003569159021622308
166975,0.14647658169269562,0.2151688039302826,65536.0,0.00035687532203048126
167000,0.13515052199363708,0.5922043919563293,65536.0,0.0003568347384855616
167025,0.16814559698104858,0.23296576738357544,65536.0,0.0003567941515287989
167050,0.16599178314208984,0.3772512972354889,65536.0,0.0003567535611615206
167075,0.17497244477272034,0.544924259185791,65536.0,0.0003567129673850538
167100,0.13683150708675385,0.37872228026390076,65536.0,0.0003566723702007261
167125,0.20710121095180511,0.40517786145210266,65536.0,0.0003566317696098649
167150,0.19703303277492523,0.3051537275314331,65536.0,0.0003565911656137981
167175,0.28392601013183594,0.3479257822036743,65536.0,0.0003565505582138533
167200,0.14039108157157898,0.6215766072273254,65536.0,0.0003565099474113586
167225,0.2291281670331955,0.24484926462173462,65536.0,0.0003564693332076418
167250,0.08652249723672867,0.40721598267555237,65536.0,0.00035642871560403105
167275,0.14006397128105164,0.4132767617702484,65536.0,0.0003563880946018547
167300,0.12807154655456543,0.34959736466407776,65536.0,0.00035634747020244113
167325,0.1674172580242157,0.2722477316856384,65536.0,0.00035630684240711854
167350,0.13361811637878418,0.2636820673942566,65536.0,0.00035626621121721575
167375,0.19370247423648834,0.2717020511627197,65536.0,0.0003562255766340613
167400,0.14080463349819183,0.3970760107040405,65536.0,0.0003561849386589841
167425,0.18518392741680145,0.41557151079177856,65536.0,0.00035614429729331293
167450,0.15215641260147095,0.21374483406543732,65536.0,0.0003561036525383769
167475,0.22761614620685577,0.7122600674629211,65536.0,0.00035606300439550506
167500,0.17408153414726257,0.6954643130302429,65536.0,0.00035602235286602666
167525,0.10154123604297638,0.30407100915908813,65536.0,0.000355981697951271
167550,0.1869455873966217,0.4095906615257263,65536.0,0.00035594103965256755
167575,0.20458337664604187,0.4428630769252777,65536.0,0.00035590037797124597
167600,0.24211561679840088,0.22883003950119019,65536.0,0.00035585971290863586
167625,0.11878083646297455,0.2969677448272705,65536.0,0.000355819044466067
167650,0.16503141820430756,0.22193574905395508,65536.0,0.00035577837264486923
167675,0.14246582984924316,0.2663818299770355,65536.0,0.00035573769744637275
167700,0.17498932778835297,0.42062151432037354,65536.0,0.00035569701887190743
167725,0.13583479821681976,0.4317303001880646,65536.0,0.00035565633692280366
167750,0.13337743282318115,0.3557552397251129,65536.0,0.0003556156516003918
167775,0.17177923023700714,0.2976245582103729,65536.0,0.00035557496290600216
167800,0.0858372300863266,0.29384589195251465,65536.0,0.0003555342708409654
167825,0.14876261353492737,0.5490139126777649,65536.0,0.00035549357540661213
167850,0.16243359446525574,0.3998587727546692,65536.0,0.0003554528766042732
167875,0.25327807664871216,0.3133673667907715,65536.0,0.00035541217443527936
167900,0.09686276316642761,0.5982534289360046,65536.0,0.00035537146890096184
167925,0.14196991920471191,0.3913033604621887,65536.0,0.0003553307600026516
167950,0.12904925644397736,0.4095025360584259,65536.0,0.00035529004774167977
167975,0.16981394588947296,0.5125964879989624,65536.0,0.0003552493321193779
168000,0.26291316747665405,0.2017388790845871,65536.0,0.0003552086131370772
168025,0.11410858482122421,0.3000529706478119,65536.0,0.0003551678907961094
168050,0.20155920088291168,0.8518131971359253,65536.0,0.0003551271650978061
168075,0.22935540974140167,1.270749568939209,65536.0,0.00035508643604349906
168100,0.15036746859550476,0.4759559631347656,65536.0,0.0003550457036345201
168125,0.16523157060146332,0.5340096354484558,65536.0,0.0003550049678722012
168150,0.11700683832168579,0.3638843595981598,65536.0,0.0003549642287578747
168175,0.14146873354911804,0.21265915036201477,65536.0,0.0003549234862928725
168200,0.10596803575754166,0.3454042077064514,65536.0,0.00035488274047852707
168225,0.1657891720533371,0.25631484389305115,65536.0,0.00035484199131617086
168250,0.15752145648002625,0.23740768432617188,65536.0,0.0003548012388071362
168275,0.175367534160614,0.2532525062561035,65536.0,0.00035476048295275605
168300,0.1131763905286789,0.2515205442905426,65536.0,0.00035471972375436295
168325,0.15581189095973969,0.31661683320999146,65536.0,0.0003546789612132898
168350,0.20335958898067474,0.28860145807266235,65536.0,0.00035463819533086964
168375,0.1340864598751068,0.23640239238739014,65536.0,0.0003545974261084354
168400,0.11992426216602325,0.6387495994567871,131072.0,0.0003545566535473205
168425,0.139473557472229,0.378773957490921,131072.0,0.000354515877648858
168450,0.2188326120376587,0.25482177734375,131072.0,0.00035447509841438145
168475,0.1075572520494461,0.7608574032783508,131072.0,0.00035443431584522437
168500,0.1715971827507019,0.3331213891506195,131072.0,0.0003543935299427204
168525,0.1293729990720749,0.5685628056526184,131072.0,0.00035435274070820316
168550,0.15909866988658905,0.312631756067276,131072.0,0.0003543119481430066
168575,0.15291760861873627,0.5115988850593567,131072.0,0.0003542711522484647
168600,0.20180632174015045,0.49892914295196533,131072.0,0.0003542303530259114
168625,0.14390826225280762,0.3206798732280731,131072.0,0.000354189550476681
168650,0.15117520093917847,0.38948628306388855,131072.0,0.0003541487446021077
168675,0.20393683016300201,0.4049208164215088,131072.0,0.0003541079354035259
168700,0.1075463518500328,0.4565763473510742,131072.0,0.00035406712288227007
168725,0.12815919518470764,0.466165691614151,131072.0,0.000354026307039675
168750,0.18138106167316437,0.32133179903030396,131072.0,0.0003539854878770752
168775,0.14569739997386932,0.20407015085220337,131072.0,0.00035394466539580554
168800,0.14110499620437622,1.2318732738494873,131072.0,0.00035390383959720093
168825,0.17960099875926971,0.2811948359012604,131072.0,0.00035386301048259667
168850,0.12137587368488312,0.38234737515449524,131072.0,0.0003538221780533274
168875,0.11059417575597763,0.3553471565246582,131072.0,0.0003537813423107289
168900,0.22708924114704132,0.414310485124588,131072.0,0.00035374050325613616
168925,0.08511766046285629,0.3085334599018097,131072.0,0.0003536996608908849
168950,0.1604500263929367,0.25067830085754395,131072.0,0.00035365881521631066
168975,0.21650615334510803,0.5972714424133301,131072.0,0.0003536179662337489
169000,0.2178747057914734,0.34216463565826416,131072.0,0.0003535771139445357
169025,0.12890172004699707,0.3446756899356842,131072.0,0.00035353625835000697
169050,0.1222422793507576,0.6671351194381714,131072.0,0.00035349539945149863
169075,0.13587723672389984,0.3462573289871216,131072.0,0.00035345453725034665
169100,0.11010444909334183,0.3476784825325012,131072.0,0.00035341367174788747
169125,0.13777805864810944,0.6125823855400085,131072.0,0.0003533728029454574
169150,0.18835923075675964,0.5486403703689575,131072.0,0.00035333193084439285
169175,0.13017843663692474,0.4439300298690796,131072.0,0.00035329105544603035
169200,0.1369941085577011,1.559740424156189,131072.0,0.0003532501767517067
169225,0.18832415342330933,0.44627630710601807,131072.0,0.0003532092947627584
169250,0.19972434639930725,1.0072094202041626,131072.0,0.00035316840948052263
169275,0.18647058308124542,0.32317084074020386,131072.0,0.00035312752090633625
169300,0.1786707043647766,0.5666570663452148,131072.0,0.00035308662904153627
169325,0.13634932041168213,0.5408639907836914,131072.0,0.00035304573388746
169350,0.21469303965568542,0.9178938865661621,131072.0,0.0003530048354454447
169375,0.12215982377529144,0.489900678396225,131072.0,0.00035296393371682784
169400,0.14652065932750702,0.6360926628112793,131072.0,0.00035292302870294697
169425,0.1754702925682068,0.4213659167289734,65536.0,0.0003528821204051395
169450,0.1935831904411316,0.33533668518066406,65536.0,0.0003528412088247436
169475,0.14274148643016815,0.2789689600467682,65536.0,0.0003528002939630966
169500,0.2562241554260254,0.31627145409584045,65536.0,0.0003527593758215369
169525,0.23769348859786987,0.25814396142959595,65536.0,0.0003527184544014022
169550,0.12421516329050064,0.5956478118896484,65536.0,0.000352677529704031
169575,0.1255902647972107,0.45193400979042053,65536.0,0.00035263660173076133
169600,0.13200077414512634,0.2171260416507721,65536.0,0.0003525956704829315
169625,0.12906786799430847,0.3830123245716095,65536.0,0.00035255473596188035
169650,0.22344240546226501,0.24179120361804962,65536.0,0.0003525137981689463
169675,0.1673348844051361,0.33125078678131104,65536.0,0.000352472857105468
169700,0.19887104630470276,0.26835256814956665,65536.0,0.00035243191277278417
169725,0.20476409792900085,0.37525299191474915,65536.0,0.00035239096517223397
169750,0.1787089705467224,0.2760961949825287,65536.0,0.0003523500143051562
169775,0.19086749851703644,0.4826946258544922,65536.0,0.0003523090601728903
169800,0.14512251317501068,0.166281059384346,65536.0,0.0003522681027767752
169825,0.11607703566551208,0.5480687618255615,65536.0,0.00035222714211815035
169850,0.1536213457584381,0.4062058627605438,65536.0,0.00035218617819835515
169875,0.20910009741783142,0.411141574382782,65536.0,0.00035214521101872923
169900,0.21756255626678467,0.22111304104328156,65536.0,0.00035210424058061235
169925,0.21328873932361603,0.40527769923210144,65536.0,0.00035206326688534407
169950,0.1269630640745163,0.22339396178722382,65536.0,0.0003520222899342644
169975,0.1370418667793274,0.3018823266029358,65536.0,0.0003519813097287133
170000,0.10812773555517197,0.3579239845275879,65536.0,0.00035194032627003076
170025,0.09731288999319077,0.22849196195602417,65536.0,0.0003518993395595571
170050,0.20884042978286743,0.4418041408061981,65536.0,0.00035185834959863274
170075,0.2588413953781128,0.3179960548877716,65536.0,0.0003518173563885978
170100,0.0896780714392662,0.8602030277252197,65536.0,0.00035177635993079295
170125,0.1725575178861618,0.32560214400291443,65536.0,0.0003517353602265589
170150,0.1172780990600586,0.2332974672317505,65536.0,0.0003516943572772361
170175,0.16967900097370148,0.4492289423942566,65536.0,0.00035165335108416565
170200,0.14326627552509308,0.3903874456882477,65536.0,0.00035161234164868846
170225,0.12721432745456696,0.7638763189315796,65536.0,0.0003515713289721455
170250,0.2295750379562378,0.5858802199363708,65536.0,0.00035153031305587795
170275,0.14676499366760254,0.27466410398483276,65536.0,0.000351489293901227
170300,0.10792981088161469,0.3144147992134094,65536.0,0.0003514482715095341
170325,0.12095208466053009,0.3047853708267212,65536.0,0.0003514072458821408
170350,0.2690162658691406,0.7681827545166016,65536.0,0.0003513662170203884
170375,0.14311908185482025,0.2725317180156708,65536.0,0.00035132518492561886
170400,0.2350713610649109,0.357286661863327,65536.0,0.00035128414959917386
170425,0.15281376242637634,0.5064253807067871,65536.0,0.0003512431110423954
170450,0.1460248827934265,0.8123674392700195,65536.0,0.0003512020692566252
170475,0.10717342793941498,0.8365681767463684,65536.0,0.00035116102424320554
170500,0.20551703870296478,0.4214119017124176,65536.0,0.0003511199760034787
170525,0.17797426879405975,0.8740223050117493,65536.0,0.00035107892453878695
170550,0.15835796296596527,0.3010447025299072,65536.0,0.0003510378698504727
170575,0.10438600927591324,0.6704673171043396,65536.0,0.0003509968119398784
170600,0.21329662203788757,0.37348875403404236,65536.0,0.0003509557508083467
170625,0.23980706930160522,0.8337847590446472,32768.0,0.0003509146864572205
170650,0.14733420312404633,0.3652303218841553,32768.0,0.0003508736188878425
170675,0.17447178065776825,0.992277979850769,32768.0,0.0003508325481015556
170700,0.16205346584320068,0.2086697518825531,32768.0,0.00035079147409970295
170725,0.1329064965248108,0.31537511944770813,32768.0,0.0003507503968836278
170750,0.163943350315094,0.2531062960624695,32768.0,0.0003507093164546731
170775,0.14097948372364044,0.463956743478775,32768.0,0.00035066823281418254
170800,0.19001750648021698,0.39433079957962036,32768.0,0.0003506271459634995
170825,0.1476467400789261,0.19305452704429626,32768.0,0.0003505860559039674
170850,0.10690318793058395,0.25592780113220215,32768.0,0.0003505449626369302
170875,0.24203908443450928,0.425280898809433,32768.0,0.0003505038661637314
170900,0.22418883442878723,0.1563677191734314,32768.0,0.00035046276648571513
170925,0.20201541483402252,0.28666365146636963,32768.0,0.00035042166360422524
170950,0.19792895019054413,0.17503520846366882,32768.0,0.00035038055752060587
170975,0.13974879682064056,0.37648850679397583,32768.0,0.00035033944823620127
171000,0.16149099171161652,0.21686670184135437,32768.0,0.00035029833575235574
171025,0.1881018429994583,0.16534674167633057,32768.0,0.0003502572200704136
171050,0.18361885845661163,0.3771224617958069,32768.0,0.0003502161011917196
171075,0.21375395357608795,0.24906271696090698,32768.0,0.000350174979117618
171100,0.09767487645149231,0.14745305478572845,32768.0,0.00035013385384945385
171125,0.14692944288253784,0.46844592690467834,32768.0,0.0003500927253885719
171150,0.15314197540283203,0.6215049624443054,32768.0,0.0003500515937363171
171175,0.09928326308727264,0.3474283814430237,32768.0,0.00035001045889403436
171200,0.19736571609973907,0.22993190586566925,32768.0,0.00034996932086306897
171225,0.12068907171487808,0.3207726776599884,32768.0,0.00034992817964476613
171250,0.17509588599205017,0.28620031476020813,32768.0,0.00034988703524047125
171275,0.11135910451412201,0.22678987681865692,32768.0,0.0003498458876515297
171300,0.1261107623577118,0.1866816282272339,32768.0,0.0003498047368792872
171325,0.2332259565591812,0.25432971119880676,32768.0,0.0003497635829250891
171350,0.1189592108130455,0.32525449991226196,32768.0,0.00034972242579028146
171375,0.22873613238334656,0.2087760865688324,32768.0,0.00034968126547621015
171400,0.2253594696521759,0.3753986060619354,32768.0,0.00034964010198422106
171425,0.13274604082107544,0.15823279321193695,32768.0,0.00034959893531566027
171450,0.16446971893310547,0.3130841851234436,32768.0,0.0003495577654718739
171475,0.13851703703403473,0.16763772070407867,32768.0,0.00034951659245420854
171500,0.1630830019712448,0.1580207347869873,32768.0,0.00034947541626401026
171525,0.11718995869159698,0.1931343525648117,32768.0,0.0003494342369026256
171550,0.15519270300865173,0.13414165377616882,32768.0,0.0003493930543714014
171575,0.1320507824420929,0.2888971269130707,32768.0,0.00034935186867168414
171600,0.21233955025672913,0.12704971432685852,32768.0,0.00034931067980482065
171625,0.13810284435749054,0.135205939412117,32768.0,0.000349269487772158
171650,0.16473764181137085,0.20467312633991241,32768.0,0.00034922829257504295
171675,0.12143630534410477,0.14494575560092926,32768.0,0.00034918709421482294
171700,0.14201587438583374,0.2996549606323242,32768.0,0.0003491458926928449
171725,0.14482836425304413,0.25600284337997437,32768.0,0.0003491046880104564
171750,0.16321834921836853,0.23376546800136566,32768.0,0.00034906348016900464
171775,0.20455433428287506,0.19199462234973907,32768.0,0.0003490222691698374
171800,0.1549557000398636,0.40245378017425537,32768.0,0.0003489810550143021
171825,0.14018909633159637,0.30250537395477295,32768.0,0.0003489398377037465
171850,0.1955179125070572,0.28389379382133484,32768.0,0.00034889861723951866
171875,0.2250712662935257,0.22346864640712738,32768.0,0.0003488573936229663
171900,0.1505044549703598,0.3376742899417877,32768.0,0.0003488161668554376
171925,0.13843676447868347,0.2570202350616455,32768.0,0.0003487749369382807
171950,0.12592753767967224,0.49158602952957153,32768.0,0.00034873370387284374
171975,0.19071069359779358,0.1466369777917862,32768.0,0.00034869246766047523
172000,0.13535217940807343,0.39754244685173035,32768.0,0.0003486512283025235
172025,0.12474282830953598,0.3492268919944763,32768.0,0.00034860998580033724
172050,0.1292770802974701,0.3099735379219055,32768.0,0.00034856874015526504
172075,0.20842495560646057,0.35108885169029236,32768.0,0.0003485274913686557
172100,0.1722283661365509,0.2530164420604706,32768.0,0.000348486239441858
172125,0.16367748379707336,0.17483291029930115,32768.0,0.0003484449843762211
172150,0.24139147996902466,0.359252005815506,32768.0,0.00034840372617309405
172175,0.14168968796730042,0.1703699827194214,32768.0,0.0003483624648338259
172200,0.18517658114433289,0.2667018473148346,32768.0,0.00034832120035976585
172225,0.1892070323228836,0.15300661325454712,32768.0,0.00034827993275226356
172250,0.1173446774482727,0.2598627805709839,32768.0,0.0003482386620126685
172275,0.18404658138751984,0.1887994408607483,32768.0,0.00034819738814233
172300,0.2113669514656067,0.13701874017715454,32768.0,0.0003481561111425979
172325,0.202363982796669,0.3189251720905304,32768.0,0.000348114831014822
172350,0.209809347987175,0.2093106210231781,32768.0,0.0003480735477603523
172375,0.19901856780052185,0.1869625300168991,32768.0,0.0003480322613805386
172400,0.25296372175216675,0.19955794513225555,32768.0,0.0003479909718767312
172425,0.1820950210094452,0.5092037916183472,32768.0,0.00034794967925028017
172450,0.16421495378017426,0.22835330665111542,32768.0,0.00034790838350253584
172475,0.15825510025024414,0.40420976281166077,32768.0,0.0003478670846348487
172500,0.28172141313552856,0.19335511326789856,32768.0,0.0003478257826485691
172525,0.1020875796675682,0.2641671597957611,32768.0,0.00034778447754504774
172550,0.10770893841981888,0.13431258499622345,32768.0,0.0003477431693256355
172575,0.20174330472946167,0.24180682003498077,32768.0,0.0003477018579916829
172600,0.2118004411458969,0.27013662457466125,32768.0,0.0003476605435445411
172625,0.2473699301481247,0.3782234191894531,65536.0,0.00034761922598556096
172650,0.17770114541053772,0.3400101065635681,65536.0,0.0003475779053160937
172675,0.22255650162696838,0.27740201354026794,65536.0,0.00034753658153749054
172700,0.11990936845541,0.19682855904102325,65536.0,0.0003474952546511027
172725,0.21383635699748993,0.12935326993465424,65536.0,0.00034745392465828175
172750,0.20362752676010132,0.29738837480545044,65536.0,0.0003474125915603791
172775,0.15203149616718292,0.18893563747406006,65536.0,0.00034737125535874643
172800,0.17263737320899963,0.174441397190094,65536.0,0.0003473299160547356
172825,0.12690448760986328,0.246332585811615,65536.0,0.0003472885736496982
172850,0.16636453568935394,0.13593699038028717,65536.0,0.0003472472281449863
172875,0.18239770829677582,0.3232477009296417,65536.0,0.0003472058795419519
172900,0.19844454526901245,0.19660954177379608,65536.0,0.0003471645278419473
172925,0.186812624335289,0.3955172598361969,65536.0,0.0003471231730463245
172950,0.17199507355690002,0.23800143599510193,65536.0,0.0003470818151564359
172975,0.129932701587677,0.17891399562358856,65536.0,0.000347040454173634
173000,0.14026615023612976,0.5452106595039368,65536.0,0.00034699909009927143
173025,0.3264329433441162,0.16945220530033112,65536.0,0.0003469577229347007
173050,0.1427094042301178,0.2162371128797531,65536.0,0.0003469163526812745
173075,0.1459430754184723,0.33081868290901184,65536.0,0.00034687497934034574
173100,0.09933825582265854,0.26671266555786133,65536.0,0.00034683360291326744
173125,0.1388579159975052,0.20707957446575165,65536.0,0.0003467922234013926
173150,0.2036050260066986,0.29280975461006165,65536.0,0.00034675084080607423
173175,0.2096254527568817,0.2704960107803345,65536.0,0.0003467094551286659
173200,0.18434558808803558,0.2178344428539276,65536.0,0.0003466680663705207
173225,0.09370985627174377,0.31118348240852356,65536.0,0.0003466266745329922
173250,0.20704065263271332,0.22994005680084229,65536.0,0.0003465852796174338
173275,0.128287672996521,0.236869215965271,65536.0,0.0003465438816251994
173300,0.27270764112472534,0.187113419175148,65536.0,0.00034650248055764245
173325,0.14691796898841858,0.3771457374095917,65536.0,0.00034646107641611703
173350,0.16273276507854462,0.2909986972808838,65536.0,0.00034641966920197697
173375,0.09732844680547714,0.4237644374370575,65536.0,0.0003463782589165765
173400,0.21804013848304749,0.2607673108577728,65536.0,0.0003463368455612696
173425,0.1476190686225891,0.20830807089805603,65536.0,0.0003462954291374105
173450,0.20878830552101135,0.20874781906604767,65536.0,0.00034625400964635375
173475,0.14942073822021484,0.31029003858566284,65536.0,0.0003462125870894536
173500,0.26089832186698914,0.17686404287815094,65536.0,0.00034617116146806477
173525,0.12047241628170013,0.15578699111938477,65536.0,0.00034612973278354183
173550,0.14263764023780823,0.25692686438560486,65536.0,0.00034608830103723955
173575,0.13600575923919678,0.21052232384681702,65536.0,0.0003460468662305127
173600,0.24353235960006714,0.28474971652030945,65536.0,0.00034600542836471645
173625,0.1964273899793625,0.1616135984659195,65536.0,0.00034596398744120565
173650,0.13243553042411804,0.3019275665283203,65536.0,0.0003459225434613356
173675,0.09586561471223831,0.25782525539398193,65536.0,0.00034588109642646146
173700,0.12305642664432526,0.33787503838539124,65536.0,0.0003458396463379386
173725,0.13924096524715424,0.2805912494659424,65536.0,0.0003457981931971225
173750,0.17455728352069855,0.18431922793388367,65536.0,0.00034575673700536875
173775,0.16313229501247406,0.512823760509491,65536.0,0.00034571527776403293
173800,0.1925678700208664,0.33068612217903137,65536.0,0.0003456738154744709
173825,0.1579335331916809,0.22462552785873413,65536.0,0.0003456323501380383
173850,0.11822617799043655,0.2615487575531006,65536.0,0.0003455908817560914
173875,0.24607253074645996,1.4459842443466187,65536.0,0.00034554941032998603
173900,0.15529854595661163,1.3123446702957153,65536.0,0.00034550793586107835
173925,0.18200555443763733,0.22136658430099487,65536.0,0.00034546645835072473
173950,0.21828731894493103,0.5803570747375488,65536.0,0.0003454249778002815
173975,0.1132931262254715,0.2963477671146393,65536.0,0.00034538349421110503
174000,0.11570233106613159,0.17843686044216156,65536.0,0.00034534200758455197
174025,0.15887993574142456,0.577160656452179,65536.0,0.00034530051792197873
174050,0.10024667531251907,0.711995542049408,65536.0,0.0003452590252247424
174075,0.2030080407857895,0.27343353629112244,65536.0,0.00034521752949419966
174100,0.17206181585788727,0.5528993606567383,65536.0,0.00034517603073170753
174125,0.166054829955101,0.5899528861045837,65536.0,0.0003451345289386229
174150,0.21954448521137238,0.3066442906856537,65536.0,0.0003450930241163031
174175,0.20180265605449677,0.2564854025840759,65536.0,0.00034505151626610525
174200,0.1674598902463913,0.2845376431941986,65536.0,0.0003450100053893868
174225,0.1375618577003479,0.31441590189933777,65536.0,0.000344968491487505
174250,0.17566320300102234,0.3334423005580902,65536.0,0.00034492697456181765
174275,0.07846637070178986,0.2376096248626709,65536.0,0.0003448854546136822
174300,0.1569586992263794,0.8326217532157898,65536.0,0.00034484393164445663
174325,0.12818974256515503,0.29729732871055603,65536.0,0.0003448024056554985
174350,0.1935947984457016,0.13295607268810272,65536.0,0.00034476087664816573
174375,0.1950206160545349,0.1449393332004547,65536.0,0.00034471934462381663
174400,0.1289936900138855,0.23845624923706055,65536.0,0.0003446778095838092
174425,0.20578834414482117,0.20538966357707977,65536.0,0.0003446362715295017
174450,0.20164865255355835,0.15595713257789612,65536.0,0.00034459473046225236
174475,0.16196760535240173,0.17765772342681885,65536.0,0.0003445531863834197
174500,0.1558503657579422,0.264996737241745,65536.0,0.0003445116392943623
174525,0.10149899870157242,0.22749581933021545,65536.0,0.0003444700891964387
174550,0.1750432848930359,0.21795231103897095,65536.0,0.0003444285360910075
174575,0.24605317413806915,0.13370613753795624,65536.0,0.0003443869799794278
174600,0.11563239246606827,0.19657455384731293,65536.0,0.0003443454208630584
174625,0.20240838825702667,0.16745342314243317,131072.0,0.0003443038587432583
174650,0.1453336477279663,0.164774551987648,131072.0,0.00034426229362138666
174675,0.25300946831703186,0.6962115168571472,131072.0,0.0003442207254988026
174700,0.15389123558998108,0.3794642984867096,131072.0,0.00034417915437686563
174725,0.14789478480815887,0.14149825274944305,131072.0,0.00034413758025693506
174750,0.22961120307445526,0.29427260160446167,131072.0,0.00034409600314037035
174775,0.1812276989221573,0.2542373836040497,131072.0,0.00034405442302853104
174800,0.14861230552196503,0.5932491421699524,131072.0,0.0003440128399227771
174825,0.14609560370445251,0.19567808508872986,131072.0,0.0003439712538244681
174850,0.1614087074995041,0.10850924253463745,131072.0,0.00034392966473496405
174875,0.10796482861042023,0.22978302836418152,131072.0,0.0003438880726556249
174900,0.18371500074863434,0.3181743323802948,131072.0,0.0003438464775878108
174925,0.132469043135643,0.18215858936309814,131072.0,0.0003438048795328819
174950,0.2247125506401062,0.3183444142341614,131072.0,0.0003437632784921986
174975,0.12025676667690277,0.2651835083961487,131072.0,0.00034372167446712116
175000,0.16340450942516327,0.32969802618026733,131072.0,0.0003436800674590102
175025,0.28732848167419434,0.30590951442718506,131072.0,0.0003436384574692262
175050,0.16319683194160461,0.3026881217956543,131072.0,0.00034359684449912985
175075,0.16033804416656494,0.32957667112350464,131072.0,0.00034355522855008196
175100,0.22655975818634033,0.5813152194023132,131072.0,0.00034351360962344346
175125,0.188449889421463,0.33262768387794495,131072.0,0.0003434719877205752
175150,0.17026139795780182,0.3666764795780182,131072.0,0.00034343036284283844
175175,0.15760746598243713,0.29311513900756836,131072.0,0.0003433887349915942
175200,0.24634495377540588,0.6783791780471802,131072.0,0.00034334710416820377
175225,0.13523578643798828,0.30589109659194946,131072.0,0.0003433054703740286
175250,0.13443170487880707,0.49090802669525146,131072.0,0.00034326383361043
175275,0.19512823224067688,0.30482232570648193,131072.0,0.00034322219387876977
175300,0.24040445685386658,0.3354228138923645,131072.0,0.00034318055118040926
175325,0.14618638157844543,0.2616034746170044,131072.0,0.0003431389055167105
175350,0.20577165484428406,0.1897018700838089,131072.0,0.00034309725688903516
175375,0.23473359644412994,0.41366639733314514,131072.0,0.00034305560529874547
175400,0.22989127039909363,0.34944841265678406,131072.0,0.00034301395074720306
175425,0.10602504760026932,0.22069816291332245,131072.0,0.0003429722932357703
175450,0.11868699640035629,0.26696497201919556,131072.0,0.00034293063276580945
175475,0.20423610508441925,0.45591646432876587,131072.0,0.00034288896933868285
175500,0.11714798212051392,0.24853269755840302,131072.0,0.00034284730295575284
175525,0.16387146711349487,0.3914104402065277,131072.0,0.00034280563361838205
175550,0.1379704624414444,0.4868359863758087,131072.0,0.00034276396132793284
175575,0.09533942490816116,0.3106274902820587,65536.0,0.0003427222860857684
175600,0.16570813953876495,0.4718506932258606,65536.0,0.00034268060789325125
175625,0.17028863728046417,0.21525484323501587,65536.0,0.00034263892675174423
175650,0.20109039545059204,0.261782705783844,65536.0,0.0003425972426626106
175675,0.15368834137916565,0.2991621494293213,65536.0,0.0003425555556272133
175700,0.1440136432647705,0.29624471068382263,65536.0,0.0003425138656469156
175725,0.12116725742816925,0.19613143801689148,65536.0,0.0003424721727230807
175750,0.22750048339366913,0.6049455404281616,65536.0,0.0003424304768570722
175775,0.2028244435787201,0.28348711133003235,65536.0,0.00034238877805025335
175800,0.12908533215522766,0.2679561972618103,65536.0,0.0003423470763039878
175825,0.13503479957580566,1.4649758338928223,65536.0,0.0003423053716196395
175850,0.13308724761009216,0.32018232345581055,65536.0,0.00034226366399857193
175875,0.19369284808635712,0.30143770575523376,65536.0,0.0003422219534421491
175900,0.12262984365224838,0.13930295407772064,65536.0,0.00034218023995173484
175925,0.11520326882600784,0.1616087108850479,65536.0,0.00034213852352869346
175950,0.16856588423252106,0.5327718257904053,65536.0,0.000342096804174389
175975,0.1814095675945282,0.29871121048927307,65536.0,0.0003420550818901856
176000,0.14840824902057648,0.16923819482326508,65536.0,0.0003420133566774478
176025,0.28124457597732544,0.7211736440658569,65536.0,0.00034197162853754
176050,0.1450183242559433,0.25225138664245605,65536.0,0.0003419298974718266
176075,0.17377020418643951,1.0077664852142334,65536.0,0.0003418881634816725
176100,0.07913201302289963,0.33155739307403564,65536.0,0.0003418464265684424
176125,0.1811974197626114,0.21143369376659393,65536.0,0.00034180468673350103
176150,0.11068428307771683,1.0720547437667847,65536.0,0.0003417629439782132
176175,0.13447551429271698,0.27278855443000793,65536.0,0.00034172119830394414
176200,0.16412456333637238,0.20825040340423584,65536.0,0.000341679449712059
176225,0.19529090821743011,0.5967334508895874,65536.0,0.00034163769820392295
176250,0.1487419307231903,0.32701924443244934,65536.0,0.0003415959437809011
176275,0.16818028688430786,0.31658801436424255,65536.0,0.00034155418644435913
176300,0.11577592045068741,0.46790531277656555,65536.0,0.00034151242619566235
176325,0.20277763903141022,0.24722819030284882,65536.0,0.00034147066303617666
176350,0.15624479949474335,0.2997293174266815,65536.0,0.00034142889696726735
176375,0.13488540053367615,0.29778021574020386,65536.0,0.0003413871279903005
176400,0.1996050924062729,0.30498480796813965,65536.0,0.0003413453561066419
176425,0.28164181113243103,0.2802751064300537,65536.0,0.00034130358131765747
176450,0.21392568945884705,0.19321851432323456,65536.0,0.00034126180362471336
176475,0.1740821897983551,0.20524252951145172,65536.0,0.0003412200230291757
176500,0.2108033299446106,0.6451196670532227,65536.0,0.00034117823953241076
176525,0.21164612472057343,0.29549917578697205,65536.0,0.000341136453135785
176550,0.13821223378181458,0.4206673502922058,65536.0,0.00034109466384066474
176575,0.11112008988857269,0.5738162994384766,65536.0,0.0003410528716484166
176600,0.10301242023706436,0.6303661465644836,65536.0,0.0003410110765604071
176625,0.15029853582382202,0.30253690481185913,65536.0,0.0003409692785780032
176650,0.17320619523525238,0.340512752532959,65536.0,0.0003409274777025716
176675,0.1407490223646164,0.18882106244564056,65536.0,0.0003408856739354792
176700,0.20874705910682678,0.1899770051240921,65536.0,0.00034084386727809305
176725,0.12031050771474838,0.3664790689945221,65536.0,0.0003408020577317803
176750,0.2947731614112854,0.33350181579589844,65536.0,0.00034076024529790814
176775,0.22395336627960205,0.3981257379055023,65536.0,0.0003407184299778439
176800,0.1525171548128128,0.7977793216705322,65536.0,0.00034067661177295493
176825,0.1471974104642868,0.6021920442581177,65536.0,0.00034063479068460875
176850,0.19723846018314362,0.5513588190078735,65536.0,0.000340592966714173
176875,0.1336260735988617,0.41208168864250183,65536.0,0.00034055113986301524
176900,0.1967911422252655,0.5174237489700317,65536.0,0.0003405093101325033
176925,0.15733547508716583,0.5073708891868591,65536.0,0.0003404674775240051
176950,0.230127215385437,0.4297370910644531,65536.0,0.00034042564203888863
176975,0.13688716292381287,0.30641135573387146,65536.0,0.00034038380367852183
177000,0.11813543736934662,0.7517810463905334,65536.0,0.0003403419624442729
177025,0.2634936273097992,0.49528422951698303,32768.0,0.0003403001183375102
177050,0.2242087721824646,0.4387798011302948,32768.0,0.00034025827135960186
177075,0.22115950286388397,0.4787026345729828,32768.0,0.0003402164215119165
177100,0.15481260418891907,0.2259543240070343,32768.0,0.00034017456879582245
177125,0.14827591180801392,0.6508857011795044,32768.0,0.00034013271321268855
177150,0.08784226328134537,0.5483365058898926,32768.0,0.00034009085476388357
177175,0.17754408717155457,0.42066293954849243,32768.0,0.000340048993450776
177200,0.15748140215873718,1.3508063554763794,32768.0,0.000340007129274735
177225,0.10077999532222748,0.4576042592525482,32768.0,0.00033996526223712943
177250,0.24020498991012573,0.8058668971061707,32768.0,0.00033992339233932846
177275,0.1768311858177185,1.0975847244262695,32768.0,0.0003398815195827013
177300,0.14039987325668335,0.319873571395874,32768.0,0.0003398396439686171
177325,0.17224851250648499,0.5909640192985535,32768.0,0.0003397977654984453
177350,0.17146417498588562,0.3389463424682617,32768.0,0.0003397558841735554
177375,0.13908381760120392,0.6500126719474792,32768.0,0.000339713999995317
177400,0.21235452592372894,1.5398733615875244,32768.0,0.0003396721129650998
177425,0.1734725832939148,0.27046746015548706,32768.0,0.0003396302230842733
177450,0.18302448093891144,0.32586804032325745,32768.0,0.00033958833035420747
177475,0.15065321326255798,0.4787136912345886,32768.0,0.0003395464347762722
177500,0.16649208962917328,0.8717719316482544,32768.0,0.0003395045363518376
177525,0.18138164281845093,1.5532549619674683,32768.0,0.0003394626350822738
177550,0.10391105711460114,0.6324031352996826,32768.0,0.0003394207309689509
177575,0.11384249478578568,0.3748827874660492,32768.0,0.00033937882401323925
177600,0.15209165215492249,0.5580241084098816,32768.0,0.0003393369142165093
177625,0.1257942169904709,0.4926449656486511,32768.0,0.00033929500158013135
177650,0.1850145012140274,1.0112296342849731,32768.0,0.00033925308610547635
177675,0.16305780410766602,0.504486083984375,32768.0,0.00033921116779391463
177700,0.13256382942199707,0.7916025519371033,32768.0,0.00033916924664681707
177725,0.16230063140392303,0.40452340245246887,32768.0,0.00033912732266555453
177750,0.19996944069862366,0.2977023720741272,32768.0,0.00033908539585149805
177775,0.14833597838878632,0.36692744493484497,32768.0,0.00033904346620601864
177800,0.07848306745290756,0.27877140045166016,32768.0,0.00033900153373048723
177825,0.251148521900177,0.4989248216152191,32768.0,0.00033895959842627534
177850,0.12305916100740433,0.9338544607162476,32768.0,0.00033891766029475414
177875,0.1231246218085289,1.2553542852401733,32768.0,0.000338875719337295
177900,0.15001116693019867,0.4049361050128937,32768.0,0.0003388337755552696
177925,0.21956104040145874,0.2847493290901184,32768.0,0.00033879182895004946
177950,0.2068963497877121,0.37613141536712646,32768.0,0.0003387498795230063
177975,0.12304917722940445,0.24506956338882446,32768.0,0.00033870792727551174
178000,0.23411433398723602,0.26132696866989136,32768.0,0.00033866597220893785
178025,0.144987553358078,0.5831094980239868,32768.0,0.00033862401432465647
178050,0.14241695404052734,0.29513612389564514,32768.0,0.00033858205362403976
178075,0.13955634832382202,0.2714232802391052,32768.0,0.00033854009010845994
178100,0.13212710618972778,0.348347932100296,32768.0,0.000338498123779289
178125,0.18723246455192566,0.5953122973442078,32768.0,0.0003384561546378995
178150,0.15550130605697632,0.537996232509613,32768.0,0.00033841418268566384
178175,0.15031872689723969,0.5852760672569275,32768.0,0.00033837220792395445
178200,0.19868865609169006,0.5344282984733582,32768.0,0.0003383302303541441
178225,0.15602664649486542,0.3164528012275696,32768.0,0.00033828824997760525
178250,0.17463356256484985,0.36029115319252014,32768.0,0.0003382462667957109
178275,0.16577719151973724,0.7950010299682617,32768.0,0.00033820428080983387
178300,0.10874224454164505,0.3556970953941345,32768.0,0.00033816229202134724
178325,0.2768242359161377,1.0331907272338867,32768.0,0.00033812030043162383
178350,0.16901494562625885,0.7449442148208618,32768.0,0.00033807830604203705
178375,0.14927023649215698,0.29135653376579285,32768.0,0.00033803630885396015
178400,0.16939641535282135,0.20265750586986542,32768.0,0.0003379943088687662
178425,0.16914814710617065,0.5880698561668396,32768.0,0.00033795230608782905
178450,0.14466625452041626,0.31580278277397156,32768.0,0.0003379103005125219
178475,0.13342075049877167,0.22806130349636078,32768.0,0.0003378682921442185
178500,0.08208169788122177,0.6113215088844299,32768.0,0.0003378262809842927
178525,0.15509375929832458,0.3207590579986572,32768.0,0.00033778426703411795
178550,0.1330152302980423,0.8396366834640503,32768.0,0.00033774225029506845
178575,0.27680033445358276,0.34275346994400024,32768.0,0.00033770023076851803
178600,0.18732526898384094,0.5060879588127136,32768.0,0.0003376582084558408
178625,0.16410374641418457,0.29081374406814575,32768.0,0.00033761618335841103
178650,0.28336644172668457,0.73213130235672,32768.0,0.000337574155477603
178675,0.18526627123355865,0.3457196354866028,32768.0,0.0003375321248147908
178700,0.10325101763010025,0.345308393239975,32768.0,0.00033749009137134915
178725,0.19647261500358582,0.4510139226913452,32768.0,0.00033744805514865237
178750,0.14131172001361847,0.4302591383457184,32768.0,0.0003374060161480753
178775,0.21407346427440643,0.49401038885116577,32768.0,0.00033736397437099245
178800,0.20147891342639923,0.4726928770542145,32768.0,0.0003373219298187788
178825,0.19961287081241608,0.6417096853256226,32768.0,0.0003372798824928089
178850,0.11948607116937637,0.36550068855285645,32768.0,0.00033723783239445826
178875,0.12014754116535187,0.40906307101249695,32768.0,0.00033719577952510157
178900,0.19896069169044495,0.31964173913002014,32768.0,0.0003371537238861143
178925,0.1893041580915451,0.5076798796653748,32768.0,0.00033711166547887135
178950,0.13744482398033142,0.597536027431488,32768.0,0.00033706960430474834
178975,0.17790468037128448,0.3126606345176697,32768.0,0.0003370275403651205
179000,0.18547600507736206,0.2904529869556427,32768.0,0.0003369854736613636
179025,0.1103157177567482,0.30234774947166443,65536.0,0.0003369434041948531
179050,0.1270807981491089,1.175530195236206,65536.0,0.0003369013319669648
179075,0.13862846791744232,0.5548155307769775,65536.0,0.0003368592569790742
179100,0.19850419461727142,0.5201626420021057,65536.0,0.0003368171792325577
179125,0.16836531460285187,0.2694406807422638,65536.0,0.0003367750987287909
179150,0.12925401329994202,0.24849039316177368,65536.0,0.0003367330154691501
179175,0.18504828214645386,inf,32768.0,0.0003366909294550113
179200,0.18984025716781616,0.3718123733997345,32768.0,0.00033664884068775085
179225,0.09774192422628403,0.19107051193714142,32768.0,0.0003366067491687449
179250,0.12449415773153305,0.46573272347450256,32768.0,0.0003365646548993703
179275,0.09848924726247787,0.5017536878585815,32768.0,0.0003365225578810031
179300,0.1286577582359314,0.439522385597229,32768.0,0.0003364804581150201
179325,0.1646983027458191,0.3243664801120758,32768.0,0.00033643835560279807
179350,0.1276620328426361,0.42454248666763306,32768.0,0.00033639625034571376
179375,0.16050457954406738,0.5146204233169556,32768.0,0.00033635414234514405
179400,0.2326243668794632,0.29589077830314636,32768.0,0.0003363120316024658
179425,0.18078428506851196,0.3513467013835907,32768.0,0.0003362699181190563
179450,0.2730048894882202,0.3531621992588043,32768.0,0.00033622780189629256
179475,0.12604248523712158,0.20915521681308746,32768.0,0.0003361856829355518
179500,0.15047067403793335,0.5120973587036133,32768.0,0.00033614356123821135
179525,0.181045264005661,0.3252934217453003,32768.0,0.00033610143680564867
179550,0.12715791165828705,0.23526617884635925,32768.0,0.0003360593096392413
179575,0.195907860994339,0.42336931824684143,32768.0,0.00033601717974036667
179600,0.20290769636631012,0.32777300477027893,32768.0,0.0003359750471104027
179625,0.12360019981861115,0.2377423197031021,32768.0,0.00033593291175072694
179650,0.21265514194965363,1.2436747550964355,32768.0,0.00033589077366271764
179675,0.12032966315746307,0.8105191588401794,32768.0,0.0003358486328477522
179700,0.19021351635456085,0.6073205471038818,32768.0,0.000335806489307209
179725,0.0820683017373085,0.4276312291622162,32768.0,0.00033576434304246624
179750,0.12176883965730667,0.44995567202568054,32768.0,0.00033572219405490197
179775,0.18313823640346527,0.47437959909439087,32768.0,0.00033568004234589457
179800,0.1844135969877243,0.48094990849494934,32768.0,0.0003356378879168224
179825,0.15084043145179749,0.31243640184402466,32768.0,0.0003355957307690639
179850,0.1551702618598938,0.7706831693649292,32768.0,0.00033555357090399784
179875,0.13685134053230286,0.44390085339546204,16384.0,0.0003355114083230028
179900,0.20309169590473175,0.6242501139640808,16384.0,0.0003354692430274574
179925,0.15780852735042572,0.42593422532081604,16384.0,0.0003354270750187406
179950,0.1886439174413681,0.7146045565605164,16384.0,0.00033538490429823133
179975,0.19397065043449402,1.066361904144287,16384.0,0.00033534273086730865
180000,0.16993585228919983,0.48744162917137146,16384.0,0.00033530055472735164
180025,0.13249516487121582,0.2864392399787903,16384.0,0.00033525837587973945
180050,0.15449224412441254,0.2658139765262604,16384.0,0.0003352161943258514
180075,0.1248953714966774,0.45342662930488586,16384.0,0.00033517401006706685
180100,0.11891307681798935,0.4759526550769806,16384.0,0.0003351318231047652
180125,0.12930458784103394,0.3762352168560028,16384.0,0.00033508963344032624
180150,0.15081582963466644,0.48998934030532837,16384.0,0.00033504744107512943
180175,0.21039241552352905,0.48255643248558044,16384.0,0.00033500524601055447
180200,0.19928576052188873,0.971699595451355,16384.0,0.0003349630482479813
180225,0.15532955527305603,0.2364043891429901,16384.0,0.00033492084778878974
180250,0.15460054576396942,0.7266405820846558,16384.0,0.0003348786446343597
180275,0.09932263195514679,0.27740222215652466,16384.0,0.0003348364387860715
180300,0.14488676190376282,0.3836551010608673,16384.0,0.0003347942302453051
180325,0.15167927742004395,0.4180575907230377,16384.0,0.0003347520190134408
180350,0.16229300200939178,0.2156023383140564,16384.0,0.00033470980509185905
180375,0.21795067191123962,0.6639636754989624,16384.0,0.00033466758848194023
180400,0.11739017069339752,0.582628071308136,16384.0,0.0003346253691850648
180425,0.2266259640455246,0.5941146016120911,16384.0,0.0003345831472026135
180450,0.14063864946365356,0.6095615029335022,16384.0,0.0003345409225359669
180475,0.12372244894504547,0.2819230258464813,16384.0,0.0003344986951865058
180500,0.16696518659591675,0.3816254138946533,16384.0,0.0003344564651556112
180525,0.1454220861196518,0.31167396903038025,16384.0,0.0003344142324446639
180550,0.22346895933151245,0.3469439744949341,16384.0,0.000334371997055045
180575,0.11838799715042114,0.504427969455719,16384.0,0.0003343297589881356
180600,0.10439925640821457,0.3799804151058197,16384.0,0.0003342875182453171
180625,0.2003176063299179,0.25903165340423584,16384.0,0.00033424527482797065
180650,0.1564541608095169,0.2970871031284332,16384.0,0.00033420302873747766
180675,0.2159852385520935,0.537050724029541,16384.0,0.0003341607799752197
180700,0.1626206487417221,0.45732200145721436,16384.0,0.00033411852854257825
180725,0.17438484728336334,0.6533815264701843,16384.0,0.000334076274440935
180750,0.21618854999542236,0.5632029175758362,16384.0,0.00033403401767167167
180775,0.1409730166196823,0.40454182028770447,16384.0,0.0003339917582361703
180800,0.23165647685527802,0.5345138311386108,16384.0,0.00033394949613581255
180825,0.14253193140029907,0.438970685005188,16384.0,0.0003339072313719804
180850,0.1915939599275589,1.0189615488052368,16384.0,0.0003338649639460562
180875,0.1982363760471344,0.6884946823120117,16384.0,0.00033382269385942196
180900,0.1623949259519577,0.9090117812156677,16384.0,0.00033378042111346007
180925,0.18869420886039734,0.22095273435115814,16384.0,0.0003337381457095528
180950,0.2224513590335846,0.6898797750473022,16384.0,0.0003336958676490826
180975,0.2508622407913208,0.4960576295852661,16384.0,0.00033365358693343203
181000,0.12251424789428711,0.4576299786567688,16384.0,0.0003336113035639836
181025,0.0832335501909256,0.2921426594257355,16384.0,0.00033356901754212024
181050,0.19014900922775269,2.597243309020996,16384.0,0.00033352672886922453
181075,0.2573047876358032,0.5235119462013245,16384.0,0.0003334844375466794
181100,0.1374664455652237,0.30938997864723206,16384.0,0.00033344214357586787
181125,0.13351048529148102,0.524714469909668,16384.0,0.000333399846958173
181150,0.14512507617473602,0.2618825435638428,16384.0,0.0003333575476949779
181175,0.1823572814464569,0.31666016578674316,16384.0,0.0003333152457876657
181200,0.13009530305862427,0.14698439836502075,16384.0,0.0003332729412376199
181225,0.1314033716917038,0.28428778052330017,16384.0,0.00033323063404622384
181250,0.1966138482093811,0.37541478872299194,16384.0,0.0003331883242148609
181275,0.1416434496641159,0.29710763692855835,16384.0,0.0003331460117449147
181300,0.15984944999217987,0.24305155873298645,16384.0,0.0003331036966377689
181325,0.2186237871646881,0.2358531802892685,16384.0,0.00033306137889480724
181350,0.14255303144454956,0.32723763585090637,16384.0,0.0003330190585174136
181375,0.11041462421417236,0.24035367369651794,16384.0,0.000332976735506972
181400,0.22448280453681946,0.4419456720352173,16384.0,0.0003329344098648662
181425,0.15293104946613312,0.24488691985607147,16384.0,0.0003328920815924804
181450,0.16550078988075256,0.3668661117553711,16384.0,0.0003328497506911987
181475,0.2326173484325409,0.21489699184894562,16384.0,0.0003328074171624055
181500,0.1377081722021103,0.36215490102767944,16384.0,0.00033276508100748496
181525,0.12212362140417099,0.5983123779296875,16384.0,0.00033272274222782177
181550,0.2542074918746948,0.18409451842308044,16384.0,0.00033268040082480024
181575,0.1058349460363388,0.19186335802078247,16384.0,0.00033263805679980494
181600,0.2719350755214691,0.30814608931541443,16384.0,0.00033259571015422073
181625,0.16609397530555725,0.19436873495578766,16384.0,0.00033255336088943235
181650,0.13098642230033875,0.17227154970169067,16384.0,0.00033251100900682454
181675,0.15373539924621582,0.27378520369529724,16384.0,0.0003324686545077824
181700,0.16829988360404968,0.27317357063293457,16384.0,0.0003324262973936908
181725,0.178047314286232,0.21603292226791382,16384.0,0.0003323839376659351
181750,0.20979930460453033,0.315938800573349,16384.0,0.0003323415753259002
181775,0.0980832651257515,0.4252015948295593,16384.0,0.0003322992103749716
181800,0.22545547783374786,0.1821480244398117,16384.0,0.00033225684281453443
181825,0.24122919142246246,0.30560681223869324,16384.0,0.00033221447264597455
181850,0.1733134537935257,0.30465030670166016,16384.0,0.00033217209987067715
181875,0.1921691596508026,0.4061811566352844,32768.0,0.00033212972449002805
181900,0.17411798238754272,0.27162644267082214,32768.0,0.00033208734650541297
181925,0.13517700135707855,0.7611253261566162,32768.0,0.0003320449659182175
181950,0.1750848889350891,0.5555600523948669,32768.0,0.0003320025827298278
181975,0.12178079783916473,0.5550287961959839,32768.0,0.0003319601969416295
182000,0.16939088702201843,0.35596713423728943,32768.0,0.00033191780855500907
182025,0.15182004868984222,1.2003315687179565,32768.0,0.00033187541757135236
182050,0.21486584842205048,0.8475579619407654,32768.0,0.0003318330239920457
182075,0.1309942603111267,1.132912278175354,32768.0,0.00033179062781847526
182100,0.20250914990901947,0.2895137071609497,32768.0,0.0003317482290520276
182125,0.11379871517419815,2.024488925933838,32768.0,0.0003317058276940893
182150,0.17035703361034393,0.6906396746635437,32768.0,0.0003316634237460467
182175,0.14393405616283417,0.3441011905670166,32768.0,0.00033162101720928645
182200,0.21506354212760925,0.8534247875213623,32768.0,0.00033157860808519533
182225,0.19505026936531067,1.6491379737854004,32768.0,0.0003315361963751602
182250,0.1330394148826599,1.687925934791565,32768.0,0.000331493782080568
182275,0.1845770925283432,0.2502362132072449,32768.0,0.00033145136520280574
182300,0.21454685926437378,0.48302242159843445,32768.0,0.0003314089457432601
182325,0.12080372124910355,2.58223557472229,32768.0,0.00033136652370331887
182350,0.12752963602542877,0.24888911843299866,32768.0,0.0003313240990843689
182375,0.1849406510591507,0.7518998384475708,32768.0,0.0003312816718877975
182400,0.2420697659254074,0.4971269369125366,32768.0,0.00033123924211499216
182425,0.12036405503749847,0.39463892579078674,32768.0,0.0003311968097673404
182450,0.1469879150390625,0.6171769499778748,32768.0,0.0003311543748462298
182475,0.1754046082496643,0.679190456867218,32768.0,0.000331111937353048
182500,0.0890759602189064,0.3899608552455902,32768.0,0.0003310694972891827
182525,0.14901109039783478,0.26444578170776367,32768.0,0.0003310270546560218
182550,0.18115763366222382,0.784889280796051,32768.0,0.0003309846094549531
182575,0.10095695406198502,0.9252761602401733,32768.0,0.0003309421616873647
182600,0.21949811279773712,0.3925057649612427,32768.0,0.00033089971135464474
182625,0.1672774851322174,0.5448830723762512,32768.0,0.00033085725845818123
182650,0.1658135950565338,0.17203058302402496,32768.0,0.0003308148029993625
182675,0.1829342246055603,0.7883960008621216,32768.0,0.000330772344979577
182700,0.15168312191963196,0.730872631072998,32768.0,0.0003307298844002129
182725,0.1757105439901352,0.5785797238349915,32768.0,0.0003306874212626588
182750,0.16569137573242188,0.3899736702442169,32768.0,0.0003306449555683034
182775,0.13587209582328796,0.8014732003211975,32768.0,0.00033060248731853523
182800,0.19397452473640442,0.19107922911643982,32768.0,0.00033056001651474306
182825,0.16824306547641754,0.4873892366886139,32768.0,0.0003305175431583158
182850,0.09109465777873993,0.45869532227516174,32768.0,0.0003304750672506422
182875,0.12646126747131348,0.47035443782806396,32768.0,0.0003304325887931116
182900,0.13714058697223663,0.4974571168422699,32768.0,0.00033039010778711274
182925,0.18420912325382233,0.8884767293930054,32768.0,0.00033034762423403495
182950,0.16575013101100922,0.9720028638839722,32768.0,0.0003303051381352674
182975,0.16419287025928497,0.6006630659103394,32768.0,0.0003302626494921995
183000,0.17770662903785706,0.3754071593284607,32768.0,0.00033022015830622066
183025,0.13501496613025665,0.3828573524951935,32768.0,0.00033017766457872036
183050,0.18004795908927917,0.3784845173358917,32768.0,0.0003301351683110881
183075,0.18071170151233673,0.41691142320632935,32768.0,0.00033009266950471375
183100,0.09894149005413055,0.48598551750183105,32768.0,0.00033005016816098684
183125,0.16058406233787537,0.8946486711502075,32768.0,0.0003300076642812974
183150,0.21043041348457336,0.43900129199028015,32768.0,0.00032996515786703524
183175,0.12239579111337662,0.837421178817749,32768.0,0.0003299226489195903
183200,0.14919786155223846,0.9815840721130371,32768.0,0.00032988013744035283
183225,0.19030649960041046,0.7570753693580627,32768.0,0.0003298376234307129
183250,0.1511838138103485,0.44842031598091125,32768.0,0.0003297951068920607
183275,0.19169877469539642,0.37518733739852905,32768.0,0.00032975258782578663
183300,0.07921890169382095,0.5255561470985413,32768.0,0.0003297100662332811
183325,0.20087362825870514,0.6230765581130981,32768.0,0.0003296675421159347
183350,0.20702356100082397,0.502012312412262,32768.0,0.00032962501547513767
183375,0.13166192173957825,0.2807006239891052,32768.0,0.0003295824863122811
183400,0.13260670006275177,2.7968125343322754,32768.0,0.0003295399546287554
183425,0.24316203594207764,0.31946754455566406,32768.0,0.00032949742042595164
183450,0.19327858090400696,0.49014243483543396,32768.0,0.0003294548837052607
183475,0.11620441824197769,0.3934105932712555,32768.0,0.0003294123444680734
183500,0.14565639197826385,0.2635917365550995,32768.0,0.0003293698027157809
183525,0.1342206448316574,0.3894553780555725,32768.0,0.0003293272584497743
183550,0.09109470993280411,0.6265209317207336,32768.0,0.0003292847116714449
183575,0.1385554075241089,0.7252364158630371,32768.0,0.0003292421623821841
183600,0.11877799034118652,0.6602225303649902,32768.0,0.0003291996105833832
183625,0.14183072745800018,0.5168760418891907,32768.0,0.0003291570562764337
183650,0.13710927963256836,0.507617175579071,32768.0,0.0003291144994627271
183675,0.19491292536258698,0.5138974189758301,32768.0,0.00032907194014365526
183700,0.13329219818115234,1.081408977508545,32768.0,0.0003290293783206097
183725,0.14845781028270721,0.6596616506576538,32768.0,0.00032898681399498223
183750,0.18297179043293,1.2854950428009033,32768.0,0.0003289442471681648
183775,0.15126192569732666,0.9771590828895569,32768.0,0.0003289016778415494
183800,0.08503670990467072,0.4257934093475342,32768.0,0.0003288591060165281
183825,0.14017708599567413,0.4852673411369324,32768.0,0.0003288165316944931
183850,0.12423773854970932,0.31516116857528687,32768.0,0.00032877395487683654
183875,0.19082774221897125,0.9312965273857117,65536.0,0.0003287313755649506
183900,0.11704350262880325,0.5701709985733032,65536.0,0.0003286887937602278
183925,0.16086503863334656,0.5521442294120789,65536.0,0.0003286462094640607
183950,0.22304297983646393,0.40563568472862244,65536.0,0.0003286036226778417
183975,0.12524694204330444,0.9842891693115234,65536.0,0.00032856103340296334
184000,0.18355944752693176,0.7758427262306213,65536.0,0.00032851844164081856
184025,0.13416537642478943,0.38703808188438416,65536.0,0.00032847584739280003
184050,0.13159261643886566,0.7900723814964294,65536.0,0.00032843325066030056
184075,0.14333900809288025,0.380606472492218,65536.0,0.0003283906514447132
184100,0.16875514388084412,0.8215208053588867,65536.0,0.000328348049747431
184125,0.23112396895885468,1.2633684873580933,65536.0,0.000328305445569847
184150,0.16841831803321838,0.7743285298347473,65536.0,0.0003282628389133545
184175,0.08492691814899445,0.7374553084373474,65536.0,0.0003282202297793466
184200,0.17342111468315125,0.8063246607780457,65536.0,0.0003281776181692169
184225,0.15513816475868225,0.6046684980392456,65536.0,0.00032813500408435857
184250,0.16569215059280396,0.4259586036205292,65536.0,0.00032809238752616533
184275,0.12103055417537689,0.45363834500312805,65536.0,0.0003280497684960306
184300,0.1285809576511383,0.691795825958252,65536.0,0.00032800714699534835
184325,0.10533137619495392,0.6033232808113098,65536.0,0.00032796452302551204
184350,0.20583119988441467,1.181527853012085,65536.0,0.00032792189658791573
184375,0.24973420798778534,1.4488650560379028,65536.0,0.00032787926768395323
184400,0.10636147856712341,0.4728536903858185,65536.0,0.00032783663631501855
184425,0.10063217580318451,0.7114824056625366,65536.0,0.00032779400248250586
184450,0.14219872653484344,0.39345985651016235,65536.0,0.00032775136618780923
184475,0.13913676142692566,0.22261933982372284,65536.0,0.0003277087274323229
184500,0.19310621917247772,0.8709784746170044,65536.0,0.0003276660862174413
184525,0.17540261149406433,0.8275955319404602,65536.0,0.00032762344254455865
184550,0.21892888844013214,0.6902408003807068,65536.0,0.00032758079641506964
184575,0.13793018460273743,2.1908624172210693,65536.0,0.0003275381478303688
184600,0.13433508574962616,0.5138850212097168,65536.0,0.00032749549679185084
184625,0.11191088706254959,1.103708267211914,65536.0,0.00032745284330091016
184650,0.18017391860485077,0.25609472393989563,65536.0,0.00032741018735894193
184675,0.15615145862102509,1.1649389266967773,65536.0,0.0003273675289673409
184700,0.14719419181346893,0.610491156578064,65536.0,0.000327324868127502
184725,0.16634686291217804,0.8428082466125488,65536.0,0.00032728220484082033
184750,0.23582309484481812,0.41460320353507996,65536.0,0.00032723953910869107
184775,0.23789700865745544,0.8416651487350464,65536.0,0.0003271968709325092
184800,0.17532525956630707,0.5714965462684631,65536.0,0.0003271542003136704
184825,0.17227211594581604,0.38266313076019287,65536.0,0.0003271115272535697
184850,0.19926314055919647,0.24462971091270447,65536.0,0.00032706885175360273
184875,0.13070905208587646,0.9978418946266174,65536.0,0.0003270261738151649
184900,0.16634482145309448,0.33184322714805603,65536.0,0.0003269834934396519
184925,0.11918105185031891,0.6919125914573669,65536.0,0.0003269408106284594
184950,0.12653037905693054,1.2475407123565674,65536.0,0.0003268981253829832
184975,0.1563720405101776,1.7724072933197021,65536.0,0.00032685543770461905
185000,0.1457785665988922,0.2820689082145691,32768.0,0.00032681274759476295
185025,0.12632592022418976,0.507459282875061,32768.0,0.00032677005505481085
185050,0.14399287104606628,0.2796897888183594,32768.0,0.0003267273600861589
185075,0.15613725781440735,0.3175097107887268,32768.0,0.00032668466269020327
185100,0.1004466637969017,0.44522327184677124,32768.0,0.00032664196286834015
185125,0.23442654311656952,0.3836059272289276,32768.0,0.0003265992606219659
185150,0.15382379293441772,0.49198243021965027,32768.0,0.00032655655595247696
185175,0.15235905349254608,0.44466447830200195,32768.0,0.0003265138488612697
185200,0.1377459317445755,0.7145969271659851,32768.0,0.00032647113934974073
185225,0.17740508913993835,1.3675992488861084,32768.0,0.00032642842741928684
185250,0.17749109864234924,0.2777309715747833,32768.0,0.00032638571307130453
185275,0.1593640148639679,0.4419393837451935,32768.0,0.0003263429963071906
185300,0.17201676964759827,0.3468424081802368,32768.0,0.0003263002771283421
185325,0.14550454914569855,0.6614274978637695,32768.0,0.00032625755553615597
185350,0.15336783230304718,2.1558263301849365,32768.0,0.00032621483153202907
185375,0.25076767802238464,0.5975993275642395,32768.0,0.00032617210511735867
185400,0.11868570744991302,0.7134734988212585,32768.0,0.00032612937629354193
185425,0.08767848461866379,0.2607743740081787,32768.0,0.0003260866450619761
185450,0.19273053109645844,0.4425657093524933,32768.0,0.00032604391142405855
185475,0.21218596398830414,0.2974099814891815,32768.0,0.0003260011753811866
185500,0.07052391767501831,0.4309762120246887,32768.0,0.00032595843693475807
185525,0.11308880895376205,0.3161887526512146,32768.0,0.00032591569608617
185550,0.18497984111309052,0.18904724717140198,32768.0,0.0003258729528368207
185575,0.1293928474187851,0.36700257658958435,32768.0,0.0003258302071881074
185600,0.15016978979110718,0.2072928547859192,32768.0,0.00032578745914142824
185625,0.1501006931066513,0.20566967129707336,32768.0,0.0003257447086981811
185650,0.11391707509756088,0.4860895276069641,32768.0,0.00032570195585976365
185675,0.1331004798412323,0.6584228873252869,32768.0,0.00032565920062757424
185700,0.13150762021541595,0.2344343066215515,32768.0,0.0003256164430030111
185725,0.10085736215114594,0.5114338397979736,32768.0,0.0003255736829874721
185750,0.1588699370622635,0.49121636152267456,32768.0,0.0003255309205823557
185775,0.11568213254213333,0.5180878043174744,32768.0,0.0003254881557890602
185800,0.128799706697464,0.24645261466503143,32768.0,0.0003254453886089843
185825,0.1539478898048401,0.2602914571762085,32768.0,0.0003254026190435263
185850,0.19141384959220886,0.5152365565299988,32768.0,0.00032535984709408487
185875,0.15562830865383148,0.2241421788930893,32768.0,0.00032531707276205863
185900,0.1522509753704071,0.3682979643344879,32768.0,0.00032527429604884653
185925,0.1515796184539795,0.4031411111354828,32768.0,0.0003252315169558471
185950,0.1762942373752594,0.2612743377685547,32768.0,0.0003251887354844595
185975,0.12608882784843445,0.5466583967208862,32768.0,0.00032514595163608254
186000,0.15837827324867249,0.5990782380104065,32768.0,0.0003251031654121155
186025,0.17796865105628967,0.4050305485725403,32768.0,0.0003250603768139574
186050,0.09267107397317886,0.6039918661117554,32768.0,0.0003250175858430075
186075,0.20199745893478394,0.5800209641456604,32768.0,0.0003249747925006651
186100,0.17202602326869965,0.546789288520813,32768.0,0.00032493199678832965
186125,0.1184367910027504,0.49293452501296997,32768.0,0.0003248891987074005
186150,0.17884661257266998,0.5255978107452393,32768.0,0.0003248463982592772
186175,0.24277369678020477,0.4755273759365082,32768.0,0.0003248035954453594
186200,0.11254682391881943,0.3612830340862274,32768.0,0.0003247607902670468
186225,0.2186535894870758,0.3620811998844147,32768.0,0.00032471798272573914
186250,0.22568479180335999,0.41837409138679504,32768.0,0.00032467517282283625
186275,0.18805094063282013,0.5162360072135925,32768.0,0.00032463236055973804
186300,0.160544753074646,0.3360541760921478,32768.0,0.00032458954593784476
186325,0.14928779006004333,0.5320780277252197,32768.0,0.0003245467289585561
186350,0.1135345920920372,0.45211541652679443,32768.0,0.00032450390962327245
186375,0.14385847747325897,0.539888858795166,32768.0,0.000324461087933394
186400,0.16393771767616272,0.5221817493438721,32768.0,0.00032441826389032104
186425,0.17248943448066711,0.43439769744873047,32768.0,0.00032437543749545405
186450,0.1983495056629181,0.5133391618728638,32768.0,0.0003243326087501932
186475,0.21243545413017273,1.1316187381744385,32768.0,0.00032428977765593944
186500,0.13260102272033691,0.6021980047225952,32768.0,0.0003242469442140931
186525,0.1882573664188385,0.7785165905952454,32768.0,0.00032420410842605495
186550,0.08829984813928604,0.5561184287071228,32768.0,0.00032416127029322574
186575,0.12267673015594482,0.9263308048248291,32768.0,0.0003241184298170064
186600,0.13750992715358734,1.4087591171264648,32768.0,0.0003240755869987978
186625,0.19156362116336823,0.41323864459991455,32768.0,0.0003240327418400009
186650,0.175016850233078,0.8598527908325195,32768.0,0.0003239898943420169
186675,0.21708476543426514,1.0489681959152222,32768.0,0.0003239470445062468
186700,0.20160417258739471,1.4871450662612915,16384.0,0.000323904192334092
186725,0.22254814207553864,0.6297509074211121,16384.0,0.0003238613378269535
186750,0.10861164331436157,0.6373422741889954,16384.0,0.000323818480986233
186775,0.16041551530361176,0.743389904499054,16384.0,0.00032377562181333183
186800,0.22069185972213745,0.7261810302734375,16384.0,0.0003237327603096515
186825,0.2105751782655716,1.0369116067886353,16384.0,0.00032368989647659375
186850,0.16164469718933105,0.41648074984550476,16384.0,0.0003236470303155602
186875,0.2077997475862503,0.42997369170188904,16384.0,0.0003236041618279525
186900,0.10417082160711288,0.5280330777168274,16384.0,0.0003235612910151726
186925,0.17093724012374878,1.4790164232254028,16384.0,0.0003235184178786224
186950,0.1284428834915161,0.7741572856903076,16384.0,0.0003234755424197039
186975,0.1914069801568985,0.7669695615768433,16384.0,0.0003234326646398192
187000,0.12364283204078674,0.37656068801879883,16384.0,0.00032338978454037027
187025,0.14213305711746216,0.8452230095863342,16384.0,0.0003233469021227595
187050,0.16299360990524292,0.5678489804267883,16384.0,0.0003233040173883892
187075,0.13738951086997986,0.9038869738578796,16384.0,0.00032326113033866166
187100,0.15997448563575745,0.8506836891174316,16384.0,0.0003232182409749793
187125,0.12095967680215836,0.6143026351928711,16384.0,0.0003231753492987447
187150,0.19173254072666168,2.6415421962738037,16384.0,0.0003231324553113605
187175,0.12531113624572754,0.5087982416152954,16384.0,0.0003230895590142293
187200,0.19188527762889862,0.7635120153427124,16384.0,0.0003230466604087539
187225,0.14796707034111023,0.486631840467453,16384.0,0.0003230037594963371
187250,0.1441539078950882,0.4360227584838867,16384.0,0.00032296085627838176
187275,0.17596453428268433,1.0768152475357056,16384.0,0.00032291795075629085
187300,0.2268347442150116,0.6717649698257446,16384.0,0.0003228750429314675
187325,0.08430011570453644,0.414962500333786,16384.0,0.0003228321328053148
187350,0.16496679186820984,0.8618806600570679,16384.0,0.00032278922037923594
187375,0.2068624198436737,0.44726428389549255,16384.0,0.0003227463056546342
187400,0.1619020253419876,0.7486103773117065,16384.0,0.00032270338863291294
187425,0.10475321114063263,0.6593132615089417,16384.0,0.0003226604693154756
187450,0.09834446758031845,0.6975041627883911,16384.0,0.00032261754770372567
187475,0.1962944120168686,0.7827979326248169,16384.0,0.00032257462379906666
187500,0.10627991706132889,0.5944900512695312,16384.0,0.0003225316976029023
187525,0.18111877143383026,0.37166252732276917,16384.0,0.0003224887691166363
187550,0.14592650532722473,1.1960744857788086,16384.0,0.0003224458383416725
187575,0.14111892879009247,0.44740742444992065,16384.0,0.0003224029052794147
187600,0.16798892617225647,0.5002651810646057,16384.0,0.00032235996993126685
187625,0.12622566521167755,0.5989975333213806,16384.0,0.00032231703229863314
187650,0.14650726318359375,0.46073904633522034,16384.0,0.00032227409238291745
187675,0.13391660153865814,0.49172183871269226,16384.0,0.0003222311501855241
187700,0.24930568039417267,1.0361491441726685,16384.0,0.0003221882057078572
187725,0.13289998471736908,0.8942975401878357,16384.0,0.0003221452589513212
187750,0.20462612807750702,0.5281609892845154,16384.0,0.00032210230991732043
187775,0.1524469256401062,1.004866361618042,16384.0,0.00032205935860725937
187800,0.14447198808193207,0.7837839722633362,16384.0,0.0003220164050225427
187825,0.20280389487743378,0.9082648754119873,16384.0,0.0003219734491645749
187850,0.18833677470684052,0.5792952179908752,16384.0,0.00032193049103476065
187875,0.13625366985797882,0.5795988440513611,16384.0,0.0003218875306345049
187900,0.2314668893814087,0.6756266951560974,16384.0,0.0003218445679652122
187925,0.23221775889396667,2.9538614749908447,16384.0,0.0003218016030282877
187950,0.18956038355827332,0.6578963994979858,16384.0,0.00032175863582513636
187975,0.1840299665927887,1.217474102973938,16384.0,0.0003217156663571632
188000,0.2682446539402008,0.7281430959701538,16384.0,0.0003216726946257733
188025,0.14324592053890228,1.28197181224823,16384.0,0.00032162972063237206
188050,0.19982662796974182,1.243221402168274,16384.0,0.0003215867443783647
188075,0.15164004266262054,1.7307403087615967,16384.0,0.00032154376586515643
188100,0.1344066858291626,0.4713088870048523,16384.0,0.00032150078509415284
188125,0.14379127323627472,1.3654156923294067,16384.0,0.0003214578020667594
188150,0.21718145906925201,0.5702168345451355,16384.0,0.00032141481678438173
188175,0.14120225608348846,0.9610065221786499,16384.0,0.00032137182924842544
188200,0.12532852590084076,0.3998865485191345,16384.0,0.00032132883946029626
188225,0.17195802927017212,0.6289498209953308,16384.0,0.00032128584742140007
188250,0.2047722041606903,1.200850248336792,16384.0,0.00032124285313314265
188275,0.1979818493127823,0.778014063835144,16384.0,0.00032119985659693004
188300,0.19554020464420319,0.7763270139694214,16384.0,0.0003211568578141682
188325,0.1914857029914856,0.4870426058769226,16384.0,0.00032111385678626323
188350,0.1770666241645813,1.2194507122039795,16384.0,0.0003210708535146214
188375,0.17936311662197113,0.4667348265647888,16384.0,0.00032102784800064896
188400,0.2813086211681366,0.6544525623321533,16384.0,0.000320984840245752
188425,0.17991679906845093,0.5136117339134216,16384.0,0.00032094183025133707
188450,0.145232155919075,0.6191083788871765,16384.0,0.00032089881801881075
188475,0.15473410487174988,1.6501189470291138,16384.0,0.0003208558035495794
188500,0.1147741973400116,2.882781505584717,16384.0,0.0003208127868450496
188525,0.24465616047382355,0.40696150064468384,16384.0,0.0003207697679066283
188550,0.1756543517112732,0.7249442338943481,16384.0,0.0003207267467357221
188575,0.1908060610294342,1.4003201723098755,16384.0,0.00032068372333373773
188600,0.1291126161813736,0.8557431697845459,16384.0,0.00032064069770208227
188625,0.17776724696159363,0.5266297459602356,16384.0,0.0003205976698421626
188650,0.12261015176773071,2.026616096496582,16384.0,0.00032055463975538584
188675,0.1411828249692917,0.9668279886245728,16384.0,0.00032051160744315903
188700,0.12026681751012802,0.7165884375572205,32768.0,0.0003204685729068893
188725,0.11674929410219193,0.8299418091773987,32768.0,0.00032042553614798413
188750,0.10737065970897675,1.1117583513259888,32768.0,0.0003203824971678507
188775,0.23126870393753052,0.49530455470085144,32768.0,0.0003203394559678965
188800,0.22444146871566772,0.9869016408920288,32768.0,0.00032029641254952907
188825,0.18454231321811676,3.6015360355377197,32768.0,0.00032025336691415585
188850,0.1252753734588623,0.8600203394889832,32768.0,0.00032021031906318454
188875,0.12922795116901398,0.6027445197105408,32768.0,0.0003201672689980228
188900,0.254749596118927,0.5588904023170471,32768.0,0.0003201242167200784
188925,0.1465337574481964,0.7005571722984314,32768.0,0.0003200811622307593
188950,0.136440709233284,0.9215766787528992,32768.0,0.00032003810553147324
188975,0.16400514543056488,0.9423949718475342,32768.0,0.00031999504662362846
189000,0.20789147913455963,0.24861404299736023,32768.0,0.00031995198550863267
189025,0.14241088926792145,0.38806501030921936,32768.0,0.00031990892218789434
189050,0.21929198503494263,0.4310411214828491,32768.0,0.0003198658566628216
189075,0.18907444179058075,0.6543588042259216,32768.0,0.00031982278893482273
189100,0.1554822325706482,0.882614254951477,32768.0,0.00031977971900530594
189125,0.12347467988729477,1.532305121421814,32768.0,0.0003197366468756799
189150,0.09664157032966614,0.6925670504570007,32768.0,0.00031969357254735286
189175,0.1607486754655838,1.011917233467102,32768.0,0.00031965049602173355
189200,0.14546623826026917,1.9778530597686768,32768.0,0.0003196074173002305
189225,0.17849473655223846,0.4580075144767761,32768.0,0.00031956433638425253
189250,0.10418127477169037,0.5490025877952576,32768.0,0.00031952125327520844
189275,0.10612916201353073,0.3925899267196655,32768.0,0.00031947816797450696
189300,0.1674523800611496,0.4842693507671356,32768.0,0.0003194350804835571
189325,0.15456336736679077,0.6479948163032532,32768.0,0.00031939199080376806
189350,0.20001636445522308,0.5197882652282715,32768.0,0.00031934889893654847
189375,0.22211171686649323,1.1925299167633057,32768.0,0.00031930580488330777
189400,0.11917031556367874,0.8158993721008301,32768.0,0.00031926270864545515
189425,0.24665877223014832,0.4571288824081421,32768.0,0.00031921961022439985
189450,0.14116880297660828,0.6256804466247559,32768.0,0.0003191765096215513
189475,0.1390279084444046,1.4262317419052124,32768.0,0.00031913340683831877
189500,0.1411202996969223,0.5978948473930359,32768.0,0.0003190903018761119
189525,0.16575053334236145,1.0674052238464355,32768.0,0.0003190471947363403
189550,0.16485071182250977,0.591635525226593,32768.0,0.00031900408542041354
189575,0.19442139565944672,0.7574058175086975,32768.0,0.00031896097392974124
189600,0.09186054021120071,0.5649611949920654,32768.0,0.0003189178602657333
189625,0.12131071835756302,0.8897351026535034,32768.0,0.00031887474442979957
189650,0.18603645265102386,0.6948711276054382,32768.0,0.0003188316264233501
189675,0.13909229636192322,0.7051855325698853,32768.0,0.0003187885062477946
189700,0.16988617181777954,1.6773338317871094,32768.0,0.0003187453839045433
189725,0.1853373497724533,0.9835924506187439,32768.0,0.0003187022593950064
189750,0.16772118210792542,0.5887109041213989,32768.0,0.00031865913272059406
189775,0.28831803798675537,0.509523868560791,32768.0,0.0003186160038827165
189800,0.15509875118732452,3.068657159805298,32768.0,0.0003185728728827841
189825,0.19974443316459656,0.6404585242271423,32768.0,0.00031852973972220733
189850,0.14955291152000427,0.5896580219268799,32768.0,0.00031848660440239666
189875,0.2622288763523102,1.0519087314605713,32768.0,0.0003184434669247628
189900,0.12139419466257095,2.2724950313568115,32768.0,0.0003184003272907161
189925,0.10834914445877075,1.4847545623779297,32768.0,0.0003183571855016675
189950,0.141189306974411,1.8005999326705933,32768.0,0.0003183140415590276
189975,0.16467685997486115,1.124096393585205,32768.0,0.00031827089546420723
190000,0.14190734922885895,1.1656757593154907,32768.0,0.0003182277472186175
190025,0.15688741207122803,0.5581926107406616,32768.0,0.00031818459682366937
190050,0.14629000425338745,2.31762957572937,32768.0,0.0003181414442807738
190075,0.2194528579711914,2.0747358798980713,32768.0,0.0003180982895913419
190100,0.1355016976594925,0.5703942775726318,32768.0,0.00031805513275678503
190125,0.21436341106891632,0.48624345660209656,32768.0,0.00031801197377851435
190150,0.15095874667167664,0.44088515639305115,32768.0,0.0003179688126579411
190175,0.16175749897956848,0.8891212344169617,32768.0,0.00031792564939647685
190200,0.1358421891927719,0.351722776889801,32768.0,0.000317882483995533
190225,0.2003960758447647,0.33815401792526245,32768.0,0.0003178393164565211
190250,0.12907007336616516,0.1806623339653015,32768.0,0.0003177961467808528
190275,0.1840689331293106,0.29180118441581726,32768.0,0.00031775297496993983
190300,0.17785483598709106,0.43390563130378723,32768.0,0.0003177098010251938
190325,0.12893874943256378,0.40292128920555115,32768.0,0.0003176666249480267
190350,0.12873820960521698,0.8765759468078613,32768.0,0.0003176234467398503
190375,0.1425483375787735,0.4004267752170563,32768.0,0.0003175802664020767
190400,0.19523194432258606,0.3619822859764099,32768.0,0.0003175370839361178
190425,0.18866696953773499,0.3525223731994629,32768.0,0.00031749389934338575
190450,0.17680935561656952,0.5387430191040039,32768.0,0.00031745071262529286
190475,0.1518540233373642,0.2936123311519623,32768.0,0.00031740752378325106
190500,0.14909647405147552,0.3988826870918274,32768.0,0.00031736433281867306
190525,0.14756372570991516,0.39030924439430237,32768.0,0.00031732113973297093
190550,0.08399580419063568,0.36418211460113525,32768.0,0.00031727794452755733
190575,0.15056389570236206,0.4933326542377472,32768.0,0.0003172347472038447
190600,0.16231150925159454,1.0427924394607544,32768.0,0.0003171915477632456
190625,0.07948803901672363,0.4763640761375427,32768.0,0.0003171483462071727
190650,0.18553124368190765,0.304220587015152,32768.0,0.0003171051425370388
190675,0.14385181665420532,0.46803000569343567,32768.0,0.00031706193675425673
190700,0.11982078850269318,1.057767629623413,65536.0,0.00031701872886023906
190725,0.20933495461940765,0.5994136333465576,65536.0,0.0003169755188563991
190750,0.10280340164899826,0.6267451643943787,65536.0,0.0003169323067441497
190775,0.16190436482429504,0.34782958030700684,65536.0,0.0003168890925249039
190800,0.12285716086626053,0.6775779724121094,65536.0,0.000316845876200075
190825,0.2021605521440506,0.6822113394737244,65536.0,0.000316802657771076
190850,0.15901419520378113,1.679715633392334,65536.0,0.0003167594372393204
190875,0.1242065504193306,0.8616109490394592,65536.0,0.0003167162146062213
190900,0.19058476388454437,3.368126153945923,32768.0,0.0003166729898731923
190925,0.17220064997673035,1.7014118432998657,32768.0,0.00031662976304164687
190950,0.20128773152828217,1.2430325746536255,32768.0,0.0003165865341129986
190975,0.06895735114812851,1.0105972290039062,32768.0,0.0003165433030886609
191000,0.16035278141498566,1.072677731513977,32768.0,0.00031650006997004776
191025,0.26442596316337585,1.4777404069900513,32768.0,0.00031645683475857277
191050,0.1090935543179512,1.3875133991241455,32768.0,0.0003164135974556499
191075,0.13550007343292236,0.23510435223579407,32768.0,0.0003163703580626928
191100,0.20417903363704681,0.4988788366317749,32768.0,0.0003163271165811157
191125,0.08631520718336105,0.376936674118042,32768.0,0.0003162838730123325
191150,0.2090926319360733,0.3979842960834503,32768.0,0.0003162406273577573
191175,0.09196222573518753,0.7922511100769043,32768.0,0.0003161973796188043
191200,0.22118313610553741,1.5518136024475098,32768.0,0.00031615412979688783
191225,0.14946839213371277,0.4927770495414734,32768.0,0.000316110877893422
191250,0.1357574164867401,1.147709608078003,32768.0,0.0003160676239098214
191275,0.1251571923494339,1.4191426038742065,32768.0,0.0003160243678475003
191300,0.12250736355781555,0.9635308980941772,32768.0,0.0003159811097078733
191325,0.1800951063632965,0.9177941083908081,32768.0,0.0003159378494923551
191350,0.12887965142726898,3.429244041442871,32768.0,0.0003158945872023601
191375,0.13382373750209808,1.2179038524627686,32768.0,0.00031585132283930316
191400,0.15664279460906982,1.247851014137268,32768.0,0.0003158080564045991
191425,0.1294189840555191,2.6086316108703613,32768.0,0.0003157647878996627
191450,0.15666720271110535,0.9336227774620056,32768.0,0.00031572151732590887
191475,0.15391071140766144,0.767373263835907,32768.0,0.00031567824468475256
191500,0.17189477384090424,1.0737802982330322,32768.0,0.000315634969977609
191525,0.17248913645744324,2.6939470767974854,32768.0,0.0003155916932058931
191550,0.10823565721511841,1.1525002717971802,32768.0,0.0003155484143710202
191575,0.0911203995347023,1.5025885105133057,32768.0,0.00031550513347440557
191600,0.15312731266021729,0.570037305355072,32768.0,0.0003154618505174645
191625,0.16466179490089417,0.9581422209739685,32768.0,0.0003154185655016122
191650,0.1689821183681488,0.8878465294837952,32768.0,0.00031537527842826456
191675,0.17296166718006134,1.5827475786209106,32768.0,0.0003153319892988366
191700,0.19456008076667786,0.6895654797554016,32768.0,0.00031528869811474423
191725,0.14239579439163208,1.0419557094573975,32768.0,0.00031524540487740295
191750,0.11475834995508194,0.6805253028869629,32768.0,0.0003152021095882287
191775,0.11178436875343323,0.6558610200881958,32768.0,0.00031515881224863717
191800,0.1521424651145935,0.4808925688266754,32768.0,0.0003151155128600441
191825,0.1876733899116516,1.3901993036270142,32768.0,0.0003150722114238656
191850,0.15408430993556976,1.0067096948623657,32768.0,0.00031502890794151756
191875,0.15116821229457855,0.4731997549533844,32768.0,0.0003149856024144161
191900,0.19307193160057068,1.0641225576400757,32768.0,0.00031494229484397727
191925,0.1824515461921692,0.6192114949226379,32768.0,0.0003148989852316174
191950,0.2088707536458969,0.8472105264663696,32768.0,0.0003148556735787527
191975,0.14654451608657837,0.28022414445877075,32768.0,0.0003148123598867993
192000,0.14565785229206085,1.9253073930740356,32768.0,0.00031476904415717396
192025,0.09519907832145691,0.52576744556427,32768.0,0.000314725726391293
192050,0.2185295969247818,1.1626580953598022,32768.0,0.0003146824065905728
192075,0.13290277123451233,0.9639047980308533,32768.0,0.0003146390847564302
192100,0.14853551983833313,1.6005747318267822,32768.0,0.0003145957608902816
192125,0.11746568977832794,0.3576752543449402,32768.0,0.0003145524349935439
192150,0.13774755597114563,0.6872873306274414,32768.0,0.0003145091070676339
192175,0.18916365504264832,0.5283005833625793,32768.0,0.00031446577711396844
192200,0.17365267872810364,0.5531554818153381,32768.0,0.0003144224451339643
192225,0.2135729193687439,0.36167874932289124,32768.0,0.0003143791111290388
192250,0.2145606279373169,0.8405020833015442,32768.0,0.0003143357751006087
192275,0.1649077832698822,1.2124086618423462,32768.0,0.0003142924370500913
192300,0.20089273154735565,0.8334923386573792,32768.0,0.00031424909697890375
192325,0.19141699373722076,1.1035244464874268,32768.0,0.0003142057548884632
192350,0.19065923988819122,6.048078536987305,32768.0,0.00031416241078018726
192375,0.13496658205986023,0.5337089896202087,32768.0,0.00031411906465549306
192400,0.16438372433185577,0.9843466281890869,32768.0,0.00031407571651579806
192425,0.07673398405313492,0.7584740519523621,32768.0,0.00031403236636251997
192450,0.15811529755592346,2.7103190422058105,32768.0,0.0003139890141970761
192475,0.2153819352388382,0.6078633666038513,32768.0,0.0003139456600208844
192500,0.20054379105567932,1.8049620389938354,32768.0,0.00031390230383536254
192525,0.21075816452503204,1.0051244497299194,32768.0,0.00031385894564192813
192550,0.17150375247001648,1.1210870742797852,32768.0,0.00031381558544199924
192575,0.07951632887125015,1.358882188796997,32768.0,0.0003137722232369936
192600,0.09479814022779465,1.0439049005508423,32768.0,0.00031372885902832925
192625,0.16495712101459503,1.1375782489776611,32768.0,0.00031368549281742436
192650,0.15490254759788513,0.5110997557640076,32768.0,0.0003136421246056969
192675,0.10647613555192947,1.0458537340164185,32768.0,0.0003135987543945651
192700,0.15060874819755554,0.47822609543800354,16384.0,0.0003135553821854471
192725,0.12055293470621109,1.3154842853546143,16384.0,0.00031351200797976144
192750,0.18919683992862701,0.8836019039154053,16384.0,0.0003134686317789265
192775,0.17288991808891296,0.9696117639541626,16384.0,0.0003134252535843604
192800,0.3111240565776825,0.5969865918159485,16384.0,0.00031338187339748194
192825,0.13510358333587646,2.086195468902588,16384.0,0.0003133384912197095
192850,0.16025833785533905,1.1167867183685303,16384.0,0.00031329510705246195
192875,0.21091635525226593,3.341776132583618,16384.0,0.00031325172089715774
192900,0.19097284972667694,3.1206138134002686,16384.0,0.0003132083327552158
192925,0.14490777254104614,5.151025772094727,16384.0,0.000313164942628055
192950,0.171041801571846,0.6548622846603394,16384.0,0.0003131215505170941
192975,0.06810083985328674,0.6862326860427856,16384.0,0.00031307815642375204
193000,0.14382104575634003,0.47103163599967957,16384.0,0.00031303476034944797
193025,0.18541817367076874,0.3892253637313843,16384.0,0.0003129913622956009
193050,0.11652041226625443,0.9965301752090454,16384.0,0.00031294796226363016
193075,0.2133411020040512,0.7245169281959534,16384.0,0.0003129045602549547
193100,0.11837770789861679,1.6343021392822266,16384.0,0.00031286115627099403
193125,0.1559215635061264,1.0578184127807617,16384.0,0.00031281775031316746
193150,0.10361740738153458,1.2445759773254395,16384.0,0.00031277434238289426
193175,0.08449212461709976,0.9218982458114624,16384.0,0.00031273093248159405
193200,0.12765556573867798,1.1719059944152832,16384.0,0.0003126875206106863
193225,0.22048631310462952,1.224534273147583,16384.0,0.00031264410677159064
193250,0.12024644017219543,0.8730550408363342,16384.0,0.00031260069096572676
193275,0.17715686559677124,0.8098707795143127,16384.0,0.00031255727319451436
193300,0.1268692910671234,1.0154677629470825,16384.0,0.00031251385345937337
193325,0.2252366989850998,1.1271827220916748,16384.0,0.00031247043176172356
193350,0.16196221113204956,1.1892054080963135,16384.0,0.00031242700810298475
193375,0.1936512440443039,0.4119076430797577,16384.0,0.0003123835824845771
193400,0.13269835710525513,1.8653934001922607,16384.0,0.0003123401549079206
193425,0.13635528087615967,2.2097301483154297,16384.0,0.00031229672537443537
193450,0.12772591412067413,1.8245391845703125,16384.0,0.00031225329388554163
193475,0.18303784728050232,0.48797738552093506,16384.0,0.0003122098604426595
193500,0.15184609591960907,0.7406983375549316,16384.0,0.00031216642504720957
193525,0.2047867625951767,1.8016607761383057,16384.0,0.000312122987700612
193550,0.11836057901382446,0.8400795459747314,16384.0,0.0003120795484042873
193575,0.1610046923160553,0.8105724453926086,16384.0,0.0003120361071596559
193600,0.17556564509868622,0.8625786304473877,16384.0,0.0003119926639681385
193625,0.17119404673576355,0.7431420683860779,16384.0,0.00031194921883115557
193650,0.1766843944787979,1.0502235889434814,16384.0,0.0003119057717501279
193675,0.1977548897266388,1.3923861980438232,16384.0,0.00031186232272647634
193700,0.16469785571098328,0.708845317363739,16384.0,0.0003118188717616215
193725,0.20424233376979828,0.5995733141899109,16384.0,0.00031177541885698445
193750,0.17832022905349731,1.9029743671417236,16384.0,0.0003117319640139861
193775,0.11930441856384277,0.9669517874717712,16384.0,0.00031168850723404737
193800,0.14153897762298584,0.9469069242477417,16384.0,0.00031164504851858947
193825,0.10661903023719788,0.6677884459495544,16384.0,0.00031160158786903346
193850,0.1526973694562912,0.7188949584960938,16384.0,0.0003115581252868005
193875,0.18113043904304504,3.6012916564941406,16384.0,0.00031151466077331203
193900,0.24912406504154205,1.5234367847442627,16384.0,0.00031147119432998923
193925,0.1333542913198471,1.1747437715530396,16384.0,0.0003114277259582535
193950,0.16161435842514038,0.8190979957580566,16384.0,0.00031138425565952626
193975,0.16208034753799438,1.0476993322372437,16384.0,0.00031134078343522924
194000,0.11556903272867203,1.7057507038116455,16384.0,0.0003112973092867837
194025,0.14710262417793274,0.9731579422950745,16384.0,0.00031125383321561163
194050,0.1638297736644745,0.9522565007209778,16384.0,0.0003112103552231345
194075,0.12471476942300797,1.1347451210021973,16384.0,0.00031116687531077426
194100,0.19793447852134705,0.4737747311592102,16384.0,0.0003111233934799525
194125,0.1988721638917923,1.3584046363830566,16384.0,0.00031107990973209133
194150,0.1771979033946991,1.5629971027374268,16384.0,0.0003110364240686126
194175,0.11685810983181,1.36322021484375,16384.0,0.00031099293649093835
194200,0.18758772313594818,0.7807013392448425,16384.0,0.00031094944700049064
194225,0.1591060608625412,1.2240495681762695,16384.0,0.00031090595559869175
194250,0.15597796440124512,0.853430449962616,16384.0,0.0003108624622869637
194275,0.1991068720817566,0.6848825216293335,16384.0,0.000310818967066729
194300,0.10255488753318787,2.56180739402771,16384.0,0.00031077546993940966
194325,0.12785929441452026,0.6602620482444763,16384.0,0.00031073197090642835
194350,0.16534976661205292,0.9766995310783386,16384.0,0.0003106884699692074
194375,0.1472148448228836,0.6867252588272095,16384.0,0.0003106449671291695
194400,0.2011125385761261,0.744255542755127,16384.0,0.00031060146238773685
194425,0.09423627704381943,0.40931248664855957,16384.0,0.00031055795574633265
194450,0.08522417396306992,1.4492324590682983,16384.0,0.00031051444720637893
194475,0.18481875956058502,0.7810343503952026,16384.0,0.0003104709367692991
194500,0.20747490227222443,1.1720829010009766,16384.0,0.00031042742443651567
194525,0.11821293830871582,1.9091612100601196,16384.0,0.00031038391020945155
194550,0.1387246549129486,0.694077730178833,16384.0,0.0003103403940895297
194575,0.1550121307373047,1.3816213607788086,16384.0,0.0003102968760781733
194600,0.20071418583393097,0.5391040444374084,16384.0,0.00031025335617680525
194625,0.16935886442661285,1.9527746438980103,16384.0,0.0003102098343868487
194650,0.16659963130950928,1.894836187362671,16384.0,0.00031016631070972695
194675,0.21180416643619537,0.6969717741012573,16384.0,0.0003101227851468631
194700,0.128455251455307,0.6108241677284241,32768.0,0.00031007925769968066
194725,0.18810845911502838,0.8907720446586609,32768.0,0.00031003572836960287
194750,0.16928809881210327,1.5596177577972412,32768.0,0.0003099921971580534
194775,0.12894713878631592,1.4350684881210327,32768.0,0.0003099486640664556
194800,0.10075150430202484,0.8687657713890076,32768.0,0.0003099051290962329
194825,0.1111549437046051,0.7836529016494751,32768.0,0.0003098615922488093
194850,0.11315232515335083,0.7046284675598145,16384.0,0.0003098180535256081
194875,0.16408920288085938,2.4813690185546875,16384.0,0.0003097745129280533
194900,0.12089026719331741,2.0189905166625977,16384.0,0.00030973097045756867
194925,0.14866529405117035,1.4105740785598755,16384.0,0.0003096874261155781
194950,0.1468631774187088,1.5615054368972778,16384.0,0.00030964387990350543
194975,0.16617901623249054,0.41704046726226807,16384.0,0.0003096003318227748
195000,0.12556509673595428,0.5045503973960876,16384.0,0.0003095567818748103
195025,0.18341164290905,0.5566738247871399,16384.0,0.0003095132300610359
195050,0.12411756068468094,0.44242528080940247,16384.0,0.0003094696763828758
195075,0.1363811492919922,0.5011948943138123,16384.0,0.00030942612084175437
195100,0.10569765418767929,1.1263892650604248,16384.0,0.0003093825634390958
195125,0.20376001298427582,0.6390151381492615,16384.0,0.00030933900417632454
195150,0.20577369630336761,1.1638144254684448,16384.0,0.000309295443054865
195175,0.17966410517692566,0.6388843655586243,16384.0,0.0003092518800761415
195200,0.22632944583892822,0.7009968757629395,16384.0,0.0003092083152415788
195225,0.1299123764038086,0.951911211013794,16384.0,0.00030916474855260164
195250,0.1197376400232315,0.9453558921813965,16384.0,0.0003091211800106344
195275,0.1253901571035385,0.6015307307243347,16384.0,0.00030907760961710186
195300,0.16738374531269073,1.6786209344863892,16384.0,0.0003090340373734289
195325,0.11561954021453857,3.3328046798706055,16384.0,0.0003089904632810403
195350,0.13799259066581726,2.1289408206939697,16384.0,0.0003089468873413611
195375,0.15496502816677094,1.1607710123062134,16384.0,0.0003089033095558161
195400,0.2110358029603958,0.8205583691596985,16384.0,0.0003088597299258305
195425,0.1077825129032135,0.98829585313797,16384.0,0.0003088161484528292
195450,0.1435154229402542,0.6664723753929138,16384.0,0.00030877256513823755
195475,0.18432311713695526,1.6603564023971558,16384.0,0.0003087289799834806
195500,0.21950161457061768,0.3541492521762848,16384.0,0.0003086853929899838
195525,0.15133343636989594,0.43709442019462585,16384.0,0.0003086418041591724
195550,0.14173808693885803,0.5491500496864319,16384.0,0.00030859821349247185
195575,0.11187974363565445,1.1220558881759644,16384.0,0.0003085546209913075
195600,0.12384898960590363,1.2329299449920654,16384.0,0.00030851102665710483
195625,0.1250407099723816,1.7978065013885498,16384.0,0.0003084674304912896
195650,0.17638936638832092,0.7275594472885132,16384.0,0.0003084238324952872
195675,0.16508661210536957,0.6047033667564392,16384.0,0.0003083802326705236
195700,0.12412497401237488,1.9693130254745483,16384.0,0.00030833663101842435
195725,0.27994245290756226,0.863257646560669,16384.0,0.0003082930275404154
195750,0.16206136345863342,1.1446453332901,16384.0,0.0003082494222379225
195775,0.15001577138900757,0.6014902591705322,16384.0,0.00030820581511237173
195800,0.2434820830821991,1.4357026815414429,16384.0,0.0003081622061651889
195825,0.19587239623069763,1.0070502758026123,16384.0,0.0003081185953978002
195850,0.13274136185646057,1.1850608587265015,16384.0,0.00030807498281163175
195875,0.17226049304008484,1.6652429103851318,16384.0,0.0003080313684081096
195900,0.29968854784965515,0.5820236206054688,16384.0,0.00030798775218866
195925,0.2034054845571518,1.860439419746399,16384.0,0.0003079441341547094
195950,0.19195380806922913,2.0892226696014404,16384.0,0.00030790051430768406
195975,0.1199248731136322,1.8352171182632446,16384.0,0.00030785689264901033
196000,0.18371865153312683,0.49936339259147644,16384.0,0.0003078132691801148
196025,0.13186606764793396,0.9161406755447388,16384.0,0.0003077696439024239
196050,0.20420478284358978,1.0721946954727173,16384.0,0.00030772601681736415
196075,0.173665851354599,4.023547172546387,16384.0,0.0003076823879263624
196100,0.20681773126125336,2.3917009830474854,16384.0,0.00030763875723084514
196125,0.24772489070892334,1.582793951034546,16384.0,0.0003075951247322393
196150,0.17269228398799896,0.5903640985488892,16384.0,0.00030755149043197176
196175,0.15278100967407227,0.4880702495574951,16384.0,0.000307507854331469
196200,0.17204119265079498,0.5726788640022278,16384.0,0.0003074642164321585
196225,0.12835010886192322,0.3556491732597351,16384.0,0.00030742057673546693
196250,0.1483904868364334,1.8157223463058472,16384.0,0.0003073769352428214
196275,0.1604112982749939,0.538349449634552,16384.0,0.0003073332919556491
196300,0.288802832365036,2.1414718627929688,16384.0,0.0003072896468753771
196325,0.10937392711639404,0.9301236271858215,16384.0,0.00030724600000343264
196350,0.12252571433782578,3.795849561691284,16384.0,0.00030720235134124317
196375,0.2487148940563202,2.089664936065674,16384.0,0.0003071587008902359
196400,0.19693192839622498,0.8321385383605957,16384.0,0.0003071150486518383
196425,0.13508032262325287,1.1386264562606812,16384.0,0.0003070713946274778
196450,0.17066997289657593,0.5247059464454651,16384.0,0.0003070277388185819
196475,0.25377190113067627,1.7664074897766113,16384.0,0.0003069840812265783
196500,0.14184969663619995,1.2160152196884155,16384.0,0.0003069404218528946
196525,0.1325310915708542,0.5239269137382507,16384.0,0.0003068967606989583
196550,0.2056482583284378,2.542020082473755,16384.0,0.00030685309776619753
196575,0.20350833237171173,0.8737238645553589,16384.0,0.00030680943305603977
196600,0.1648314893245697,0.8368083238601685,16384.0,0.00030676576656991315
196625,0.17921680212020874,0.8070572018623352,16384.0,0.0003067220983092455
196650,0.18496979773044586,0.9921741485595703,16384.0,0.00030667842827546474
196675,0.11701294779777527,0.9486280083656311,16384.0,0.00030663475646999897
196700,0.15995581448078156,1.5452704429626465,16384.0,0.0003065910828942763
196725,0.12851403653621674,1.9765453338623047,16384.0,0.0003065474075497249
196750,0.09356189519166946,1.1860394477844238,16384.0,0.0003065037304377731
196775,0.13346320390701294,0.9756011366844177,16384.0,0.00030646005155984915
196800,0.13876718282699585,0.8920140266418457,16384.0,0.0003064163709173811
196825,0.16656430065631866,0.818852961063385,16384.0,0.00030637268851179783
196850,0.13475796580314636,0.6572107672691345,32768.0,0.0003063290043445274
196875,0.1331361085176468,0.7338517308235168,32768.0,0.0003062853184169986
196900,0.10021389275789261,1.0008156299591064,32768.0,0.00030624163073063977
196925,0.15444155037403107,1.6382745504379272,32768.0,0.0003061979412868795
196950,0.1276993304491043,1.3062206506729126,32768.0,0.00030615425008714673
196975,0.22799673676490784,0.4995802938938141,32768.0,0.0003061105571328702
197000,0.24043333530426025,0.7764780521392822,32768.0,0.00030606686242547844
197025,0.17691980302333832,0.649070680141449,32768.0,0.0003060231659664005
197050,0.16216662526130676,1.8141297101974487,32768.0,0.0003059794677570652
197075,0.10041797906160355,1.1780275106430054,32768.0,0.0003059357677989017
197100,0.17633841931819916,3.2034659385681152,32768.0,0.0003058920660933388
197125,0.11823958158493042,0.8151814937591553,32768.0,0.00030584836264180575
197150,0.13235026597976685,0.386164128780365,32768.0,0.0003058046574457316
197175,0.13751421868801117,0.39367392659187317,32768.0,0.0003057609505065454
197200,0.14316634833812714,0.5945754051208496,32768.0,0.00030571724182567683
197225,0.16845761239528656,0.30262675881385803,32768.0,0.0003056735314045549
197250,0.14498057961463928,1.1146260499954224,16384.0,0.00030562981924460897
197275,0.16538076102733612,0.6350165009498596,16384.0,0.00030558610534726856
197300,0.2113593965768814,1.109110713005066,16384.0,0.0003055423897139632
197325,0.17004749178886414,0.5297311544418335,16384.0,0.0003054986723461224
197350,0.11210659891366959,0.9387261867523193,16384.0,0.0003054549532451756
197375,0.16920332610607147,0.5597428679466248,16384.0,0.00030541123241255264
197400,0.1356370449066162,0.8447878360748291,16384.0,0.00030536750984968305
197425,0.1863149255514145,0.5187051892280579,16384.0,0.00030532378555799694
197450,0.19590184092521667,0.594161868095398,16384.0,0.00030528005953892376
197475,0.2096037119626999,1.0431705713272095,16384.0,0.00030523633179389354
197500,0.12246539443731308,1.1543469429016113,16384.0,0.0003051926023243364
197525,0.09176627546548843,0.6049622893333435,16384.0,0.000305148871131682
197550,0.18497131764888763,0.34813663363456726,16384.0,0.0003051051382173606
197575,0.14105181396007538,0.2691395580768585,16384.0,0.00030506140358280224
197600,0.15182621777057648,0.47475430369377136,16384.0,0.00030501766722943705
197625,0.10549478977918625,1.513912320137024,16384.0,0.0003049739291586954
197650,0.1647649109363556,0.67705237865448,16384.0,0.0003049301893720073
197675,0.18627995252609253,0.8894826769828796,16384.0,0.0003048864478708033
197700,0.22254280745983124,0.4747319221496582,16384.0,0.00030484270465651396
197725,0.14347510039806366,0.9402245879173279,16384.0,0.0003047989597305693
197750,0.1904476433992386,0.30322903394699097,16384.0,0.0003047552130944
197775,0.19413918256759644,0.3432360291481018,16384.0,0.00030471146474943673
197800,0.21865789592266083,0.6362204551696777,16384.0,0.00030466771469711
197825,0.14918836951255798,0.1872948706150055,16384.0,0.00030462396293885036
197850,0.15976177155971527,0.6336952447891235,16384.0,0.00030458020947608875
197875,0.16817547380924225,0.40774479508399963,16384.0,0.0003045364543102559
197900,0.19936321675777435,0.6493844985961914,16384.0,0.0003044926974427825
197925,0.1371527463197708,0.7647725939750671,16384.0,0.00030444893887509954
197950,0.1301308125257492,0.6563500761985779,16384.0,0.000304405178608638
197975,0.18711774051189423,3.5597586631774902,16384.0,0.0003043614166448289
198000,0.16314518451690674,0.5787150859832764,16384.0,0.00030431765298510313
198025,0.20622016489505768,0.3519846498966217,16384.0,0.000304273887630892
198050,0.15837819874286652,0.3423638343811035,16384.0,0.00030423012058362664
198075,0.17001162469387054,0.28410303592681885,16384.0,0.00030418635184473815
198100,0.14667509496212006,0.49949759244918823,16384.0,0.0003041425814156579
198125,0.1590571403503418,0.8596317768096924,16384.0,0.0003040988092978172
198150,0.1386134922504425,0.45733556151390076,16384.0,0.0003040550354926474
198175,0.18414416909217834,0.4420207142829895,16384.0,0.00030401126000158
198200,0.18181106448173523,0.40615978837013245,16384.0,0.0003039674828260465
198225,0.1910475790500641,0.402101993560791,16384.0,0.0003039237039674785
198250,0.13507378101348877,0.34720754623413086,16384.0,0.0003038799234273076
198275,0.15425728261470795,0.9840133190155029,16384.0,0.00030383614120696543
198300,0.14449000358581543,0.8004248142242432,16384.0,0.0003037923573078836
198325,0.17550237476825714,1.7327336072921753,16384.0,0.000303748571731494
198350,0.1976848691701889,0.47899186611175537,16384.0,0.00030370478447922845
198375,0.11197949945926666,0.6730467677116394,16384.0,0.00030366099555251876
198400,0.1330384910106659,0.7602254748344421,16384.0,0.00030361720495279703
198425,0.21229973435401917,0.6564913392066956,16384.0,0.00030357341268149506
198450,0.1806519329547882,0.9145010709762573,8192.0,0.0003035296187400451
198475,0.1407042294740677,0.8701905012130737,8192.0,0.00030348582312987913
198500,0.23847848176956177,4.059448719024658,8192.0,0.0003034420258524293
198525,0.12854908406734467,0.8763324022293091,8192.0,0.00030339822690912785
198550,0.14551979303359985,1.5425420999526978,8192.0,0.0003033544263014071
198575,0.14927373826503754,1.224149465560913,8192.0,0.00030331062403069923
198600,0.18783125281333923,1.0323747396469116,8192.0,0.00030326682009843676
198625,0.1967901587486267,0.8088623285293579,8192.0,0.0003032230145060521
198650,0.1738043874502182,0.48199665546417236,8192.0,0.00030317920725497755
198675,0.1982126384973526,0.5120778679847717,8192.0,0.0003031353983466458
198700,0.2527664303779602,1.0723204612731934,8192.0,0.0003030915877824896
198725,0.12297821789979935,1.394608974456787,8192.0,0.0003030477755639412
198750,0.1520250290632248,0.43485918641090393,8192.0,0.00030300396169243373
198775,0.2337900698184967,0.7788384556770325,8192.0,0.0003029601461693996
198800,0.1749715358018875,0.7585206627845764,8192.0,0.0003029163289962719
198825,0.18758049607276917,0.6576308012008667,8192.0,0.00030287251017448326
198850,0.1525862067937851,4.683338165283203,8192.0,0.0003028286897054668
198875,0.17866940796375275,0.6374073624610901,8192.0,0.00030278486759065525
198900,0.17664548754692078,1.4536586999893188,8192.0,0.00030274104383148177
198925,0.150916188955307,0.39865443110466003,8192.0,0.0003026972184293795
198950,0.22331511974334717,1.0056471824645996,8192.0,0.0003026533913857814
198975,0.19080610573291779,0.5734727382659912,8192.0,0.00030260956270212086
199000,0.24579955637454987,1.0510271787643433,8192.0,0.000302565732379831
199025,0.11923607438802719,0.5339378714561462,8192.0,0.0003025219004203451
199050,0.17213574051856995,0.6167678833007812,8192.0,0.0003024780668250965
199075,0.14594051241874695,0.39424145221710205,8192.0,0.0003024342315955188
199100,0.1628330647945404,0.9665661454200745,8192.0,0.00030239039473304517
199125,0.1983710080385208,0.5575569272041321,8192.0,0.0003023465562391092
199150,0.12882840633392334,0.5715020895004272,8192.0,0.0003023027161151444
199175,0.1490197777748108,0.6376129984855652,4096.0,0.0003022588743625846
199200,0.1256222277879715,1.7732535600662231,4096.0,0.0003022150309828634
199225,0.15689228475093842,1.230051040649414,4096.0,0.00030217118597741435
199250,0.1435736119747162,0.6885719299316406,4096.0,0.0003021273393476713
199275,0.20633567869663239,0.8152096271514893,4096.0,0.0003020834910950682
199300,0.18306964635849,1.8608020544052124,4096.0,0.00030203964122103876
199325,0.14262087643146515,2.5967113971710205,4096.0,0.00030199578972701696
199350,0.17001503705978394,0.7769713997840881,4096.0,0.0003019519366144368
199375,0.1283794641494751,1.3218157291412354,4096.0,0.00030190808188473243
199400,0.11655781418085098,2.2976133823394775,4096.0,0.0003018642255393377
199425,0.15575408935546875,1.090895414352417,4096.0,0.0003018203675796869
199450,0.15931421518325806,1.5255430936813354,4096.0,0.0003017765080072143
199475,0.13195647299289703,1.1144073009490967,4096.0,0.00030173264682335397
199500,0.1298946738243103,1.708490252494812,4096.0,0.0003016887840295403
199525,0.1305207908153534,0.6497980356216431,4096.0,0.00030164491962720766
199550,0.14247161149978638,0.9676728248596191,4096.0,0.0003016010536177905
199575,0.23025371134281158,1.4503364562988281,4096.0,0.0003015571860027232
199600,0.16628675162792206,1.5246939659118652,4096.0,0.0003015133167834403
199625,0.21136625111103058,1.280702829360962,4096.0,0.0003014694459613763
199650,0.1852296143770218,0.8757290244102478,4096.0,0.0003014255735379659
199675,0.1528511494398117,1.1671781539916992,4096.0,0.0003013816995146438
199700,0.11282174289226532,1.0469210147857666,4096.0,0.00030133782389284456
199725,0.13333198428153992,0.5311557650566101,4096.0,0.0003012939466740031
199750,0.22215943038463593,1.32218337059021,4096.0,0.00030125006785955427
199775,0.13496407866477966,0.4983493685722351,4096.0,0.00030120618745093286
199800,0.1556021273136139,0.5765319466590881,4096.0,0.0003011623054495738
199825,0.08586351573467255,1.0528090000152588,4096.0,0.0003011184218569121
199850,0.1910673975944519,0.5966781377792358,4096.0,0.0003010745366743828
199875,0.20426341891288757,0.3519997000694275,4096.0,0.00030103064990342094
199900,0.19515582919120789,0.6458465456962585,4096.0,0.0003009867615454616
199925,0.11695709824562073,1.017787218093872,4096.0,0.0003009428716019402
199950,0.20997388660907745,1.217736005783081,4096.0,0.0003008989800742918
199975,0.15128497779369354,1.2103753089904785,4096.0,0.0003008550869639519
200000,0.19653528928756714,0.6879561543464661,4096.0,0.0003008111922723555
200025,0.25907227396965027,0.5488337278366089,4096.0,0.00030076729600093824
200050,0.10234816372394562,1.0355737209320068,4096.0,0.00030072339815113546
200075,0.17151609063148499,0.5867763161659241,4096.0,0.00030067949872438274
200100,0.20346246659755707,0.5444876551628113,4096.0,0.00030063559772211567
200125,0.166991725564003,0.9347701668739319,4096.0,0.0003005916951457696
200150,0.13478907942771912,0.7682720422744751,4096.0,0.0003005477909967806
200175,0.12885016202926636,0.604406476020813,4096.0,0.00030050388527658406
200200,0.19251582026481628,1.6846121549606323,4096.0,0.0003004599779866158
200225,0.1594742089509964,1.258469581604004,4096.0,0.0003004160691283117
200250,0.15021264553070068,0.48831304907798767,4096.0,0.00030037215870310754
200275,0.1571364402770996,0.36643630266189575,4096.0,0.0003003282467124393
200300,0.14704401791095734,0.4430197477340698,4096.0,0.00030028433315774293
200325,0.13456781208515167,0.6464816927909851,4096.0,0.00030024041804045437
200350,0.08343444764614105,0.8155392408370972,4096.0,0.00030019650136200977
200375,0.13714586198329926,2.435133218765259,4096.0,0.00030015258312384514
200400,0.1176934465765953,0.3354748785495758,4096.0,0.0003001086633273968
200425,0.19012925028800964,0.25078487396240234,4096.0,0.0003000647419741009
200450,0.17052824795246124,1.236781358718872,4096.0,0.0003000208190653937
200475,0.09075289219617844,0.3968712091445923,4096.0,0.00029997689460271144
200500,0.265533983707428,0.7991164326667786,4096.0,0.00029993296858749064
200525,0.13797204196453094,0.4561360776424408,4096.0,0.00029988904102116765
200550,0.1608763337135315,1.3945386409759521,4096.0,0.000299845111905179
200575,0.16493719816207886,0.8584606647491455,4096.0,0.0002998011812409611
200600,0.07637429237365723,0.3400464355945587,4096.0,0.00029975724902995063
200625,0.1327296793460846,1.9448786973953247,4096.0,0.00029971331527358405
200650,0.1014576330780983,0.7665956616401672,4096.0,0.0002996693799732982
200675,0.1359919160604477,0.39361515641212463,4096.0,0.00029962544313052975
200700,0.1689005196094513,1.2311651706695557,4096.0,0.00029958150474671555
200725,0.21519751846790314,0.6923676133155823,4096.0,0.00029953756482329236
200750,0.1496172398328781,0.4553758502006531,4096.0,0.000299493623361697
200775,0.19383737444877625,0.3716149628162384,4096.0,0.0002994496803633664
200800,0.18818363547325134,0.9496649503707886,4096.0,0.00029940573582973773
200825,0.2766644060611725,0.46622714400291443,4096.0,0.00029936178976224784
200850,0.16457930207252502,1.2485480308532715,4096.0,0.00029931784216233375
200875,0.15314634144306183,0.44944995641708374,4096.0,0.0002992738930314326
200900,0.14268866181373596,0.83746737241745,4096.0,0.0002992299423709819
200925,0.12891001999378204,1.0257949829101562,4096.0,0.00029918599018241847
200950,0.16352999210357666,0.7636030912399292,4096.0,0.0002991420364671798
200975,0.11197277903556824,0.6057887673377991,4096.0,0.0002990980812267031
201000,0.09344784170389175,2.837017297744751,4096.0,0.00029905412446242587
201025,0.1476876437664032,0.5564186573028564,4096.0,0.0002990101661757855
201050,0.1576060950756073,0.9627985954284668,4096.0,0.00029896620636821934
201075,0.21236082911491394,0.9338217377662659,4096.0,0.0002989222450411651
201100,0.13084977865219116,0.49973899126052856,4096.0,0.00029887828219606023
201125,0.1091252937912941,1.610342025756836,4096.0,0.0002988343178343424
201150,0.15598826110363007,0.5622029304504395,4096.0,0.00029879035195744925
201175,0.2180509716272354,0.6798236966133118,8192.0,0.00029874638456681856
201200,0.1744460165500641,0.31478703022003174,8192.0,0.0002987024156638881
201225,0.17260442674160004,0.5062546133995056,8192.0,0.00029865844525009573
201250,0.16675728559494019,0.26431623101234436,8192.0,0.0002986144733268792
201275,0.15302708745002747,0.6422014236450195,8192.0,0.00029857049989567657
201300,0.16012084484100342,0.42782941460609436,8192.0,0.0002985265249579257
201325,0.13178084790706635,0.40815314650535583,8192.0,0.0002984825485150647
201350,0.17977306246757507,0.6601542234420776,8192.0,0.00029843857056853154
201375,0.17281897366046906,0.4085249900817871,8192.0,0.00029839459111976436
201400,0.15326637029647827,0.8667031526565552,8192.0,0.0002983506101702014
201425,0.18969866633415222,1.281298041343689,8192.0,0.0002983066277212809
201450,0.11115020513534546,0.3478293716907501,8192.0,0.000298262643774441
201475,0.19789086282253265,0.6351659893989563,8192.0,0.0002982186583311203
201500,0.16377143561840057,0.4319118559360504,8192.0,0.0002981746713927567
201525,0.21640874445438385,1.3105219602584839,8192.0,0.00029813068296078896
201550,0.13931870460510254,1.8557127714157104,8192.0,0.00029808669303665544
201575,0.16708162426948547,1.0345184803009033,8192.0,0.00029804270162179467
201600,0.16395005583763123,1.1957703828811646,8192.0,0.00029799870871764523
201625,0.08002487570047379,1.100311517715454,8192.0,0.0002979547143256456
201650,0.1404966562986374,1.382260799407959,8192.0,0.0002979107184472346
201675,0.23955444991588593,1.4924118518829346,8192.0,0.0002978667210838509
201700,0.12049718201160431,0.6001347303390503,8192.0,0.0002978227222369333
201725,0.18769027292728424,1.3098798990249634,8192.0,0.00029777872190792044
201750,0.1462540477514267,1.443104863166809,8192.0,0.0002977347200982512
201775,0.16320419311523438,2.7672476768493652,8192.0,0.0002976907168093646
201800,0.1507377028465271,1.6777770519256592,8192.0,0.00029764671204269953
201825,0.18351946771144867,1.9688016176223755,8192.0,0.0002976027057996951
201850,0.17013336718082428,1.9808660745620728,8192.0,0.0002975586980817901
201875,0.12075503170490265,0.331682026386261,8192.0,0.0002975146888904238
201900,0.11145301163196564,1.891486406326294,8192.0,0.0002974706782270353
201925,0.1708962619304657,0.9982247948646545,8192.0,0.0002974266660930638
201950,0.21708378195762634,1.1260823011398315,8192.0,0.0002973826524899486
201975,0.14125308394432068,1.0926761627197266,8192.0,0.0002973386374191288
202000,0.24191690981388092,6.442417144775391,8192.0,0.00029729462088204394
202025,0.1891644448041916,1.5049532651901245,8192.0,0.0002972506028801333
202050,0.20611463487148285,1.9038995504379272,8192.0,0.0002972065834148364
202075,0.10879980027675629,1.7632590532302856,8192.0,0.00029716256248759254
202100,0.2241155207157135,1.27243173122406,8192.0,0.00029711854009984145
202125,0.21247783303260803,1.04048490524292,8192.0,0.00029707451625302246
202150,0.20516151189804077,1.515871524810791,8192.0,0.00029703049094857546
202175,0.18078026175498962,2.0092105865478516,8192.0,0.0002969864641879399
202200,0.1214500218629837,1.965645432472229,8192.0,0.0002969424359725556
202225,0.1886018067598343,1.0188432931900024,8192.0,0.00029689840630386244
202250,0.1140044629573822,1.690512776374817,8192.0,0.0002968543751833
202275,0.15796393156051636,0.827160120010376,8192.0,0.00029681034261230826
202300,0.12523263692855835,2.2256298065185547,8192.0,0.0002967663085923271
202325,0.16978546977043152,1.0847795009613037,8192.0,0.0002967222731247964
202350,0.17882004380226135,0.6041308641433716,8192.0,0.00029667823621115636
202375,0.10735619068145752,1.3995777368545532,8192.0,0.00029663419785284684
202400,0.22529877722263336,0.5534961223602295,8192.0,0.000296590158051308
202425,0.1483834981918335,0.9217082858085632,8192.0,0.00029654611680798
202450,0.1744038462638855,0.9097952246665955,8192.0,0.00029650207412430313
202475,0.2363460510969162,1.9527822732925415,8192.0,0.0002964580300017174
202500,0.11670426279306412,1.592616081237793,8192.0,0.00029641398444166315
202525,0.1929866224527359,0.991898238658905,8192.0,0.00029636993744558085
202550,0.1868087351322174,1.1727486848831177,8192.0,0.00029632588901491085
202575,0.11278492212295532,1.6633026599884033,8192.0,0.00029628183915109347
202600,0.143578439950943,1.7155436277389526,8192.0,0.00029623778785556917
202625,0.1372050642967224,0.7318081855773926,8192.0,0.0002961937351297786
202650,0.11922124773263931,0.9983861446380615,8192.0,0.00029614968097516227
202675,0.17486068606376648,1.2008615732192993,8192.0,0.0002961056253931607
202700,0.14908066391944885,2.7718472480773926,8192.0,0.0002960615683852147
202725,0.1515994518995285,2.0421125888824463,8192.0,0.00029601750995276484
202750,0.13315527141094208,0.5812762379646301,8192.0,0.00029597345009725194
202775,0.15100130438804626,1.1494301557540894,8192.0,0.0002959293888201168
202800,0.13371849060058594,1.2979774475097656,8192.0,0.00029588532612280033
202825,0.20696695148944855,1.790852665901184,8192.0,0.00029584126200674337
202850,0.17085856199264526,1.2975820302963257,8192.0,0.00029579719647338665
202875,0.17249329388141632,2.040309190750122,8192.0,0.00029575312952417134
202900,0.17202720046043396,0.7620313167572021,8192.0,0.0002957090611605386
202925,0.16393797099590302,2.1950716972351074,8192.0,0.00029566499138392933
202950,0.08481529355049133,1.082291841506958,8192.0,0.0002956209201957847
202975,0.12781591713428497,1.2398422956466675,8192.0,0.00029557684759754595
203000,0.1865386813879013,2.632460832595825,8192.0,0.00029553277359065414
203025,0.19164089858531952,3.153566598892212,8192.0,0.00029548869817655064
203050,0.16108760237693787,1.1272268295288086,8192.0,0.0002954446213566768
203075,0.15526993572711945,0.6186147332191467,8192.0,0.0002954005431324737
203100,0.120193250477314,1.3822020292282104,8192.0,0.0002953564635053831
203125,0.11514435708522797,1.5700017213821411,8192.0,0.00029531238247684614
203150,0.1379377394914627,1.1091681718826294,8192.0,0.0002952683000483046
203175,0.2121073603630066,0.9979144334793091,16384.0,0.00029522421622119987
203200,0.1201736181974411,2.3397209644317627,16384.0,0.00029518013099697355
203225,0.10454215109348297,1.5961506366729736,16384.0,0.00029513604437706717
203250,0.12509268522262573,1.1220731735229492,16384.0,0.00029509195636292254
203275,0.13254478573799133,0.8875628709793091,16384.0,0.0002950478669559813
203300,0.12694552540779114,1.6660641431808472,16384.0,0.0002950037761576852
203325,0.15573325753211975,0.9295138120651245,16384.0,0.00029495968396947613
203350,0.18987485766410828,1.5541871786117554,16384.0,0.0002949155903927959
203375,0.12458833307027817,4.420053958892822,16384.0,0.00029487149542908636
203400,0.19998885691165924,1.9659709930419922,16384.0,0.00029482739907978967
203425,0.0961042270064354,1.1858726739883423,16384.0,0.0002947833013463476
203450,0.21413137018680573,1.140394926071167,16384.0,0.00029473920223020223
203475,0.16512136161327362,1.3433603048324585,16384.0,0.0002946951017327956
203500,0.1350494623184204,1.035875916481018,16384.0,0.00029465099985557006
203525,0.14476415514945984,2.0620269775390625,16384.0,0.0002946068965999675
203550,0.13178567588329315,1.488539457321167,16384.0,0.0002945627919674303
203575,0.20654843747615814,1.6091406345367432,16384.0,0.0002945186859594007
203600,0.1642027646303177,0.9005516171455383,16384.0,0.0002944745785773209
203625,0.20989181101322174,1.4397683143615723,16384.0,0.00029443046982263336
203650,0.1559968888759613,4.186774730682373,16384.0,0.0002943863596967805
203675,0.10262824594974518,2.597787380218506,16384.0,0.00029434224820120477
203700,0.1693831980228424,1.4764412641525269,16384.0,0.0002942981353373485
203725,0.12977810204029083,2.4402689933776855,16384.0,0.00029425402110665443
203750,0.12766210734844208,1.5223138332366943,16384.0,0.000294209905510565
203775,0.17015500366687775,1.5505180358886719,16384.0,0.00029416578855052293
203800,0.10215054452419281,1.2012767791748047,16384.0,0.0002941216702279708
203825,0.14730265736579895,1.1081421375274658,16384.0,0.00029407755054435133
203850,0.12637457251548767,2.2332329750061035,16384.0,0.0002940334295011071
203875,0.24303671717643738,1.6594997644424438,16384.0,0.00029398930709968133
203900,0.1683364063501358,0.9818955063819885,16384.0,0.0002939451833415166
203925,0.09486842900514603,2.04233717918396,16384.0,0.0002939010582280558
203950,0.1558069884777069,1.1023714542388916,16384.0,0.0002938569317607419
203975,0.2526548504829407,0.8882731199264526,16384.0,0.00029381280394101783
204000,0.10814282298088074,0.9220708012580872,16384.0,0.0002937686747703267
204025,0.13164931535720825,1.3232014179229736,16384.0,0.00029372454425011154
204050,0.18822722136974335,3.7310359477996826,16384.0,0.0002936804123818154
204075,0.10804335027933121,1.0731706619262695,16384.0,0.00029363627916688157
204100,0.16520337760448456,1.6175198554992676,16384.0,0.0002935921446067529
204125,0.1236448660492897,1.2783787250518799,16384.0,0.0002935480087028731
204150,0.18435771763324738,0.8087353706359863,16384.0,0.00029350387145668527
204175,0.10662946105003357,1.1343673467636108,16384.0,0.0002934597328696326
204200,0.1831745207309723,1.5816205739974976,16384.0,0.00029341559294315854
204225,0.2049635946750641,1.6727240085601807,16384.0,0.00029337145167870665
204250,0.09534649550914764,1.5003331899642944,16384.0,0.0002933273090777202
204275,0.12351205945014954,0.8753284215927124,16384.0,0.0002932831651416429
204300,0.20906050503253937,2.382794141769409,16384.0,0.00029323901987191806
204325,0.1937621384859085,1.5147581100463867,16384.0,0.0002931948732699894
204350,0.1437952071428299,0.7223951816558838,16384.0,0.0002931507253373005
204375,0.14504964649677277,2.1078341007232666,16384.0,0.0002931065760752951
204400,0.1755942404270172,5.536169052124023,16384.0,0.0002930624254854169
204425,0.14762674272060394,1.2915012836456299,16384.0,0.0002930182735691097
204450,0.17195764183998108,3.8154807090759277,16384.0,0.00029297412032781725
204475,0.16215358674526215,9.336579322814941,16384.0,0.00029292996576298335
204500,0.08820772916078568,1.3162907361984253,16384.0,0.00029288580987605207
204525,0.100934699177742,1.617397665977478,16384.0,0.00029284165266846724
204550,0.1744883805513382,2.07216215133667,16384.0,0.00029279749414167275
204575,0.13525989651679993,2.384469985961914,16384.0,0.0002927533342971128
204600,0.1375894546508789,1.9209221601486206,16384.0,0.00029270917313623136
204625,0.18413837254047394,1.4456948041915894,16384.0,0.0002926650106604726
204650,0.10421184450387955,2.229909658432007,16384.0,0.00029262084687128057
204675,0.13817623257637024,2.4652912616729736,16384.0,0.0002925766817700996
204700,0.14419256150722504,0.9859311580657959,16384.0,0.00029253251535837395
204725,0.11819065362215042,2.4725444316864014,16384.0,0.0002924883476375477
204750,0.12979812920093536,1.0736973285675049,16384.0,0.0002924441786090653
204775,0.19271089136600494,2.0232625007629395,16384.0,0.0002924000082743711
204800,0.0880105197429657,0.7847488522529602,16384.0,0.0002923558366349095
204825,0.1582304835319519,3.2738683223724365,16384.0,0.00029231166369212514
204850,0.1676650494337082,2.200634241104126,16384.0,0.0002922674894474621
204875,0.19158753752708435,0.9274809956550598,16384.0,0.0002922233139023652
204900,0.14476677775382996,1.7422782182693481,16384.0,0.00029217913705827916
204925,0.24166443943977356,1.735159993171692,16384.0,0.0002921349589166484
204950,0.10600928217172623,1.0921217203140259,16384.0,0.0002920907794789176
204975,0.27960702776908875,1.0058783292770386,16384.0,0.00029204659874653154
205000,0.21625468134880066,1.6138370037078857,16384.0,0.00029200241672093475
205025,0.18306048214435577,2.0779364109039307,16384.0,0.00029195823340357233
205050,0.1817578375339508,2.9352810382843018,16384.0,0.00029191404879588893
205075,0.22854948043823242,1.599821925163269,8192.0,0.00029186986289932957
205100,0.22382143139839172,2.0633528232574463,8192.0,0.000291825675715339
205125,0.1300874799489975,1.869590401649475,8192.0,0.00029178148724536224
205150,0.28394556045532227,3.108931064605713,8192.0,0.0002917372974908443
205175,0.24553830921649933,1.1144487857818604,8192.0,0.0002916931064532303
205200,0.1463807374238968,1.103251576423645,8192.0,0.0002916489141339653
205225,0.133723646402359,2.1821553707122803,8192.0,0.0002916047205344943
205250,0.1603485643863678,1.03054678440094,8192.0,0.00029156052565626267
205275,0.1510455310344696,1.40421724319458,8192.0,0.00029151632950071547
205300,0.19198499619960785,1.4917263984680176,8192.0,0.00029147213206929797
205325,0.21482214331626892,1.2802037000656128,8192.0,0.0002914279333634555
205350,0.18029843270778656,1.7939926385879517,8192.0,0.00029138373338463344
205375,0.23248130083084106,0.9737154245376587,8192.0,0.0002913395321342772
205400,0.18439872562885284,1.1035786867141724,8192.0,0.0002912953296138321
205425,0.14518682658672333,1.573604702949524,8192.0,0.0002912511258247437
205450,0.15923209488391876,2.123049259185791,8192.0,0.0002912069207684573
205475,0.1365349292755127,4.299274444580078,8192.0,0.0002911627144464187
205500,0.12285882234573364,1.4195491075515747,8192.0,0.0002911185068600734
205525,0.2975879907608032,1.1319787502288818,8192.0,0.00029107429801086696
205550,0.13503903150558472,2.1194376945495605,8192.0,0.00029103008790024514
205575,0.12389621138572693,1.01956307888031,8192.0,0.0002909858765296535
205600,0.21735252439975739,1.4752081632614136,8192.0,0.0002909416639005379
205625,0.13138113915920258,1.1228547096252441,8192.0,0.0002908974500143443
205650,0.13209925591945648,4.418936729431152,8192.0,0.0002908532348725183
205675,0.1877921223640442,2.493400812149048,8192.0,0.0002908090184765058
205700,0.13748830556869507,2.1311428546905518,8192.0,0.00029076480082775285
205725,0.12747840583324432,2.272519826889038,8192.0,0.00029072058192770525
205750,0.27815672755241394,2.4084737300872803,8192.0,0.00029067636177780907
205775,0.12939579784870148,1.8487385511398315,8192.0,0.00029063214037951046
205800,0.19180239737033844,2.0685641765594482,8192.0,0.00029058791773425537
205825,0.1266191303730011,2.901553153991699,8192.0,0.0002905436938434898
205850,0.1565380096435547,2.8502581119537354,8192.0,0.0002904994687086602
205875,0.1494176834821701,2.4604148864746094,8192.0,0.00029045524233121267
205900,0.09913722425699234,1.813583493232727,8192.0,0.0002904110147125933
205925,0.21436913311481476,1.8976490497589111,8192.0,0.00029036678585424856
205950,0.12330813705921173,4.580529689788818,8192.0,0.0002903225557576247
205975,0.15394294261932373,4.565966606140137,8192.0,0.00029027832442416813
206000,0.2756820321083069,1.826918125152588,8192.0,0.00029023409185532505
206025,0.13482968509197235,1.602442979812622,8192.0,0.00029018985805254226
206050,0.18263186514377594,0.9992012977600098,8192.0,0.00029014562301726593
206075,0.20390193164348602,1.6925662755966187,8192.0,0.00029010138675094276
206100,0.17219771444797516,1.8086111545562744,8192.0,0.00029005714925501924
206125,0.07927486300468445,1.502733588218689,8192.0,0.00029001291053094207
206150,0.15581342577934265,1.7882874011993408,8192.0,0.00028996867058015785
206175,0.19622980058193207,3.7712483406066895,8192.0,0.00028992442940411323
206200,0.12993650138378143,6.702086925506592,8192.0,0.0002898801870042549
206225,0.13006262481212616,4.736232280731201,8192.0,0.00028983594338202984
206250,0.16526192426681519,2.47000789642334,8192.0,0.0002897916985388846
206275,0.1765289008617401,1.3287098407745361,8192.0,0.0002897474524762662
206300,0.17468510568141937,1.1040079593658447,8192.0,0.0002897032051956214
206325,0.12724339962005615,2.9725942611694336,8192.0,0.00028965895669839714
206350,0.1367165595293045,2.0306777954101562,8192.0,0.0002896147069860405
206375,0.17388607561588287,2.767503023147583,8192.0,0.0002895704560599985
206400,0.13940608501434326,2.2536544799804688,8192.0,0.0002895262039217179
206425,0.160048246383667,2.531558036804199,8192.0,0.0002894819505726462
206450,0.18336960673332214,1.653127908706665,8192.0,0.00028943769601423033
206475,0.1287892460823059,1.891467809677124,8192.0,0.00028939344024791726
206500,0.14435571432113647,2.1279146671295166,8192.0,0.0002893491832751546
206525,0.18883010745048523,2.0067245960235596,8192.0,0.00028930492509738926
206550,0.22358843684196472,1.6485410928726196,8192.0,0.00028926066571606865
206575,0.1354558765888214,2.827223062515259,8192.0,0.00028921640513264
206600,0.08686976879835129,2.3584401607513428,8192.0,0.00028917214334855083
206625,0.2194049060344696,7.6705403327941895,8192.0,0.00028912788036524855
206650,0.1715889573097229,3.128199577331543,8192.0,0.0002890836161841805
206675,0.26341405510902405,1.9466583728790283,8192.0,0.00028903935080679414
206700,0.10624862462282181,1.4387308359146118,8192.0,0.000288995084234537
206725,0.2027101367712021,2.4703078269958496,8192.0,0.0002889508164688566
206750,0.12007153034210205,1.3170565366744995,8192.0,0.00028890654751120067
206775,0.1749797910451889,3.3121821880340576,8192.0,0.0002888622773630168
206800,0.1257782131433487,2.9471843242645264,8192.0,0.0002888180060257527
206825,0.13307352364063263,3.420414686203003,8192.0,0.0002887737335008559
206850,0.13569378852844238,5.77196741104126,8192.0,0.00028872945978977434
206875,0.18945398926734924,3.228632688522339,8192.0,0.00028868518489395573
206900,0.13268475234508514,2.5796360969543457,8192.0,0.000288640908814848
206925,0.11561410129070282,2.0325753688812256,8192.0,0.0002885966315538988
206950,0.22164508700370789,2.047197103500366,8192.0,0.0002885523531125562
206975,0.23719389736652374,17.571577072143555,8192.0,0.0002885080734922683
207000,0.17987866699695587,2.5863661766052246,8192.0,0.0002884637926944828
207025,0.20949698984622955,2.4511280059814453,8192.0,0.00028841951072064773
207050,0.1918518990278244,3.3958840370178223,8192.0,0.00028837522757221135
207075,0.21985909342765808,2.3417000770568848,16384.0,0.0002883309432506216
207100,0.20485816895961761,0.9135533571243286,16384.0,0.0002882866577573267
207125,0.1500876396894455,1.5351476669311523,16384.0,0.00028824237109377487
207150,0.15776431560516357,2.206800937652588,8192.0,0.0002881980832614143
207175,0.185194194316864,3.1273043155670166,8192.0,0.0002881537942616932
207200,0.1586262583732605,1.4319182634353638,8192.0,0.0002881095040960598
207225,0.21152935922145844,1.9982976913452148,8192.0,0.0002880652127659625
207250,0.1962497979402542,1.8412622213363647,8192.0,0.0002880209202728496
207275,0.15108677744865417,2.2368531227111816,8192.0,0.00028797662661816974
207300,0.15488922595977783,2.066432476043701,8192.0,0.0002879323318033711
207325,0.16381116211414337,12.502058029174805,8192.0,0.0002878880358299022
207350,0.13483652472496033,1.5542664527893066,8192.0,0.0002878437386992117
207375,0.07755514979362488,4.15986442565918,8192.0,0.0002877994404127481
207400,0.14539770781993866,2.3958635330200195,8192.0,0.0002877551409719599
207425,0.20931842923164368,5.679499626159668,8192.0,0.00028771084037829576
207450,0.1463146209716797,2.0633997917175293,8192.0,0.0002876665386332045
207475,0.11829954385757446,1.6182844638824463,8192.0,0.00028762223573813465
207500,0.20040959119796753,2.4967005252838135,8192.0,0.00028757793169453507
207525,0.16508212685585022,2.390442371368408,8192.0,0.0002875336265038545
207550,0.19342908263206482,5.618625164031982,8192.0,0.0002874893201675418
207575,0.19592957198619843,2.621485710144043,8192.0,0.0002874450126870457
207600,0.12855397164821625,1.6103864908218384,8192.0,0.00028740070406381527
207625,0.23229725658893585,1.9252028465270996,8192.0,0.00028735639429929927
207650,0.15317606925964355,5.090630054473877,8192.0,0.0002873120833949468
207675,0.154142364859581,2.5684332847595215,8192.0,0.00028726777135220673
207700,0.0923231989145279,3.207624673843384,8192.0,0.0002872234581725284
207725,0.18206968903541565,3.7975399494171143,8192.0,0.0002871791438573606
207750,0.17129990458488464,2.3316240310668945,8192.0,0.00028713482840815255
207775,0.12723641097545624,1.6737778186798096,8192.0,0.00028709051182635337
207800,0.11755901575088501,3.110137939453125,8192.0,0.0002870461941134123
207825,0.0923021212220192,3.062623977661133,8192.0,0.00028700187527077854
207850,0.23014917969703674,1.3879464864730835,8192.0,0.00028695755529990145
207875,0.11567480862140656,2.965244770050049,4096.0,0.0002869132342022301
207900,0.17529985308647156,1.6952826976776123,4096.0,0.0002868689119792141
207925,0.25243401527404785,1.688106894493103,4096.0,0.0002868245886323027
207950,0.14583836495876312,5.429874420166016,4096.0,0.00028678026416294536
207975,0.16049155592918396,4.396693706512451,4096.0,0.00028673593857259143
208000,0.14743629097938538,2.6031646728515625,4096.0,0.00028669161186269056
208025,0.18533581495285034,2.093005895614624,4096.0,0.0002866472840346921
208050,0.11686147004365921,2.614713668823242,4096.0,0.0002866029550900457
208075,0.16896747052669525,3.065948009490967,4096.0,0.0002865586250302009
208100,0.1615268886089325,6.5589919090271,4096.0,0.0002865142938566075
208125,0.17477937042713165,12.12252140045166,4096.0,0.0002864699615707151
208150,0.1594599336385727,1.7231680154800415,4096.0,0.0002864256281739732
208175,0.11942321807146072,2.010540723800659,4096.0,0.0002863812936678318
208200,0.1389673501253128,2.754063606262207,4096.0,0.00028633695805374066
208225,0.1667449176311493,1.3340147733688354,4096.0,0.0002862926213331494
208250,0.20727983117103577,2.1072959899902344,4096.0,0.00028624828350750796
208275,0.1451369822025299,1.5048582553863525,4096.0,0.00028620394457826636
208300,0.1701347678899765,1.3929470777511597,4096.0,0.00028615960454687434
208325,0.1581999510526657,1.43107008934021,4096.0,0.000286115263414782
208350,0.13024991750717163,4.03539514541626,4096.0,0.00028607092118343935
208375,0.18042005598545074,1.6428645849227905,4096.0,0.0002860265778542963
208400,0.17090100049972534,5.738497257232666,4096.0,0.000285982233428803
208425,0.17186929285526276,2.588325262069702,4096.0,0.0002859378879084094
208450,0.1862705498933792,2.8276259899139404,4096.0,0.0002858935412945659
208475,0.16691793501377106,5.135591506958008,4096.0,0.00028584919358872255
208500,0.1449679732322693,1.0238604545593262,4096.0,0.00028580484479232953
208525,0.11004035174846649,1.3625527620315552,4096.0,0.0002857604949068371
208550,0.17061172425746918,7.287125110626221,4096.0,0.0002857161439336954
208575,0.16210325062274933,2.065563440322876,4096.0,0.0002856717918743551
208600,0.18587763607501984,5.1157546043396,4096.0,0.0002856274387302663
208625,0.15092192590236664,3.213853120803833,4096.0,0.0002855830845028795
208650,0.17220960557460785,2.7828612327575684,4096.0,0.000285538729193645
208675,0.0886363536119461,0.7867765426635742,4096.0,0.00028549437280401337
208700,0.1631079465150833,1.8115601539611816,4096.0,0.00028545001533543504
208725,0.19370430707931519,2.896010160446167,4096.0,0.0002854056567893606
208750,0.157833993434906,4.596498966217041,4096.0,0.00028536129716724056
208775,0.23160530626773834,1.349718689918518,4096.0,0.00028531693647052545
208800,0.19246257841587067,1.6154533624649048,4096.0,0.000285272574700666
208825,0.2312496155500412,1.5079017877578735,4096.0,0.00028522821185911304
208850,0.1534172147512436,4.562492847442627,4096.0,0.00028518384794731696
208875,0.15309277176856995,1.8171170949935913,4096.0,0.0002851394829667288
208900,0.2518627345561981,3.0445804595947266,4096.0,0.0002850951169187991
208925,0.15057158470153809,2.635385513305664,4096.0,0.0002850507498049788
208950,0.26622048020362854,4.208095550537109,4096.0,0.0002850063816267187
208975,0.13930194079875946,1.2119362354278564,4096.0,0.0002849620123854696
209000,0.11924496293067932,2.5150668621063232,4096.0,0.00028491764208268263
209025,0.21459706127643585,1.1941359043121338,4096.0,0.0002848732707198085
209050,0.29413899779319763,1.1192189455032349,4096.0,0.0002848288982982983
209075,0.200355663895607,2.0709455013275146,4096.0,0.00028478452481960325
209100,0.1388847678899765,2.6735284328460693,4096.0,0.0002847401502851741
209125,0.1494378298521042,2.2022483348846436,4096.0,0.00028469577469646205
209150,0.232004314661026,1.4586966037750244,4096.0,0.00028465139805491815
209175,0.11445792019367218,1.9776743650436401,4096.0,0.0002846070203619937
209200,0.14922265708446503,1.7636291980743408,4096.0,0.0002845626416191398
209225,0.12981081008911133,4.098843574523926,4096.0,0.00028451826182780774
209250,0.21177491545677185,1.6901705265045166,4096.0,0.00028447388098944875
209275,0.20514991879463196,4.137932777404785,4096.0,0.0002844294991055141
209300,0.18387025594711304,1.9790767431259155,4096.0,0.0002843851161774551
209325,0.173976868391037,1.5156240463256836,4096.0,0.0002843407322067232
209350,0.1678689569234848,1.4964238405227661,4096.0,0.0002842963471947697
209375,0.2441904991865158,2.9661669731140137,4096.0,0.0002842519611430461
209400,0.12105780839920044,1.7693365812301636,4096.0,0.0002842075740530038
209425,0.09358523041009903,3.4533603191375732,4096.0,0.0002841631859260944
209450,0.13757722079753876,1.1292328834533691,4096.0,0.00028411879676376936
209475,0.1438644677400589,3.9760191440582275,4096.0,0.00028407440656748025
209500,0.1786164939403534,1.5406793355941772,4096.0,0.0002840300153386786
209525,0.200251042842865,2.140730619430542,4096.0,0.00028398562307881624
209550,0.1406603753566742,6.790661334991455,4096.0,0.0002839412297893447
209575,0.16494067013263702,2.8864593505859375,4096.0,0.00028389683547171563
209600,0.1950068175792694,4.823721408843994,4096.0,0.0002838524401273809
209625,0.16186057031154633,3.7675528526306152,4096.0,0.00028380804375779223
209650,0.2503274083137512,3.3141322135925293,4096.0,0.0002837636463644015
209675,0.22589010000228882,2.6145904064178467,4096.0,0.00028371924794866034
209700,0.16719719767570496,1.8530571460723877,4096.0,0.0002836748485120207
209725,0.12471545487642288,6.149425983428955,4096.0,0.00028363044805593463
209750,0.17312459647655487,1.4614800214767456,4096.0,0.0002835860465818539
209775,0.2085759937763214,1.7282041311264038,4096.0,0.0002835416440912305
209800,0.13986966013908386,1.4980247020721436,4096.0,0.0002834972405855164
209825,0.16621938347816467,1.4982035160064697,4096.0,0.0002834528360661639
209850,0.21197377145290375,2.388751268386841,4096.0,0.0002834084305346248
209875,0.12346766889095306,1.825094223022461,8192.0,0.0002833640239923513
209900,0.1810191422700882,2.03147292137146,8192.0,0.00028331961644079536
209925,0.1672258824110031,0.8777190446853638,8192.0,0.0002832752078814095
209950,0.19933487474918365,2.712385892868042,8192.0,0.00028323079831564556
209975,0.140662282705307,4.488584995269775,8192.0,0.00028318638774495604
210000,0.1763618439435959,7.000694274902344,8192.0,0.00028314197617079317
210025,0.14586445689201355,1.750280499458313,8192.0,0.00028309756359460903
210050,0.0946134701371193,3.1790378093719482,8192.0,0.00028305315001785606
210075,0.16141191124916077,2.041066884994507,8192.0,0.0002830087354419868
210100,0.15667922794818878,1.2214462757110596,8192.0,0.0002829643198684535
210125,0.17265984416007996,4.972233772277832,8192.0,0.0002829199032987086
210150,0.14587907493114471,1.4024012088775635,8192.0,0.00028287548573420457
210175,0.1136118546128273,1.2268171310424805,8192.0,0.00028283106717639383
210200,0.17891745269298553,2.1523947715759277,8192.0,0.00028278664762672914
210225,0.15223988890647888,2.4942984580993652,8192.0,0.0002827422270866628
210250,0.17379878461360931,1.8132617473602295,8192.0,0.0002826978055576476
210275,0.14214500784873962,3.391695261001587,8192.0,0.000282653383041136
210300,0.2508968412876129,1.9455814361572266,8192.0,0.0002826089595385806
210325,0.19331315159797668,3.3265907764434814,8192.0,0.0002825645350514343
210350,0.16535218060016632,2.5574588775634766,8192.0,0.00028252010958114984
210375,0.22564391791820526,2.8485076427459717,8192.0,0.0002824756831291798
210400,0.19926275312900543,3.0530810356140137,8192.0,0.00028243125569697713
210425,0.18817012012004852,2.803189754486084,8192.0,0.00028238682728599457
210450,0.19500544667243958,2.736621856689453,8192.0,0.0002823423978976849
210475,0.1569197028875351,1.3311882019042969,8192.0,0.00028229796753350106
210500,0.12959229946136475,2.1870176792144775,8192.0,0.000282253536194896
210525,0.23278775811195374,2.3735642433166504,8192.0,0.0002822091038833226
210550,0.16101786494255066,1.3297414779663086,8192.0,0.00028216467060023377
210575,0.23994703590869904,2.097391128540039,8192.0,0.0002821202363470828
210600,0.1246938556432724,3.262504816055298,8192.0,0.00028207580112532245
210625,0.19461435079574585,0.7809205055236816,8192.0,0.00028203136493640593
210650,0.19156716763973236,1.6388866901397705,8192.0,0.0002819869277817864
210675,0.16048023104667664,1.8658900260925293,8192.0,0.00028194248966291685
210700,0.20347242057323456,2.9486706256866455,8192.0,0.0002818980505812505
210725,0.17385752499103546,1.9919052124023438,8192.0,0.00028185361053824045
210750,0.1160547286272049,1.8038742542266846,8192.0,0.00028180916953534014
210775,0.264891654253006,4.53334379196167,8192.0,0.0002817647275740026
210800,0.2623715102672577,3.5880231857299805,8192.0,0.0002817202846556815
210825,0.1713971197605133,1.61301589012146,8192.0,0.0002816758407818298
210850,0.09097441285848618,3.538339138031006,8192.0,0.0002816313959539009
210875,0.21160174906253815,4.50045919418335,8192.0,0.00028158695017334827
210900,0.11533766984939575,3.567909002304077,8192.0,0.0002815425034416254
210925,0.2247844934463501,3.8319342136383057,8192.0,0.0002814980557601856
210950,0.13837391138076782,5.233238697052002,8192.0,0.0002814536071304825
210975,0.17566664516925812,1.4849708080291748,8192.0,0.00028140915755396937
211000,0.14418871700763702,1.0776057243347168,8192.0,0.0002813647070321
211025,0.1975502222776413,1.0625696182250977,8192.0,0.00028132025556632786
211050,0.13311687111854553,2.4185919761657715,8192.0,0.00028127580315810653
211075,0.19005446135997772,3.237706422805786,8192.0,0.0002812313498088896
211100,0.15150867402553558,2.062457799911499,8192.0,0.000281186895520131
211125,0.11942707002162933,0.8756946921348572,8192.0,0.00028114244029328405
211150,0.17383649945259094,1.4070963859558105,8192.0,0.00028109798412980283
211175,0.17298951745033264,2.8211863040924072,8192.0,0.00028105352703114086
211200,0.1698448807001114,1.199414610862732,8192.0,0.00028100906899875195
211225,0.17505685985088348,2.5265753269195557,8192.0,0.00028096461003409
211250,0.22455251216888428,1.427087426185608,8192.0,0.0002809201501386089
211275,0.15562507510185242,2.327350616455078,8192.0,0.00028087568931376225
211300,0.11916419118642807,1.0839060544967651,8192.0,0.0002808312275610043
211325,0.08439336717128754,2.3767683506011963,8192.0,0.0002807867648817889
211350,0.1678137481212616,2.7513554096221924,8192.0,0.00028074230127757006
211375,0.11400450021028519,1.9122148752212524,8192.0,0.0002806978367498016
211400,0.18642392754554749,4.343348979949951,8192.0,0.00028065337129993764
211425,0.14991888403892517,2.3140671253204346,8192.0,0.00028060890492943223
211450,0.12047306448221207,2.2050135135650635,8192.0,0.0002805644376397395
211475,0.1416613757610321,2.0882983207702637,8192.0,0.0002805199694323137
211500,0.1398579329252243,1.997849702835083,8192.0,0.00028047550030860864
211525,0.12066330760717392,2.4453647136688232,8192.0,0.0002804310302700788
211550,0.18207429349422455,3.851576328277588,8192.0,0.0002803865593181783
211575,0.15922611951828003,3.122223138809204,8192.0,0.0002803420874543614
211600,0.16844969987869263,3.914233922958374,8192.0,0.00028029761468008227
211625,0.14117607474327087,4.246591091156006,8192.0,0.0002802531409967953
211650,0.18904368579387665,5.501506805419922,8192.0,0.00028020866640595483
211675,0.18906019628047943,2.5081589221954346,8192.0,0.0002801641909090152
211700,0.12298741936683655,1.82388436794281,8192.0,0.00028011971450743077
211725,0.14329461753368378,1.782565951347351,8192.0,0.0002800752372026561
211750,0.13334161043167114,1.6808205842971802,8192.0,0.00028003075899614535
211775,0.1388288140296936,1.546291470527649,8192.0,0.0002799862798893533
211800,0.17821863293647766,2.21004319190979,8192.0,0.00027994179988373436
211825,0.12643641233444214,1.5713034868240356,8192.0,0.0002798973189807429
211850,0.24462755024433136,5.32818603515625,8192.0,0.00027985283718183376
211875,0.17488469183444977,2.570556163787842,16384.0,0.00027980835448846136
211900,0.1544555276632309,1.8005313873291016,16384.0,0.0002797638709020803
211925,0.209323912858963,1.7380110025405884,16384.0,0.00027971938642414545
211950,0.13973508775234222,5.136033058166504,16384.0,0.00027967490105611123
211975,0.1328711360692978,1.7025240659713745,16384.0,0.00027963041479943255
212000,0.2023465484380722,3.1417605876922607,16384.0,0.0002795859276555641
212025,0.14998409152030945,2.958707571029663,16384.0,0.0002795414396259605
212050,0.2727459669113159,4.66740083694458,16384.0,0.0002794969507120768
212075,0.1667700707912445,1.5272068977355957,16384.0,0.0002794524609153676
212100,0.13802295923233032,2.682154655456543,16384.0,0.0002794079702372878
212125,0.15174657106399536,2.0284078121185303,16384.0,0.0002793634786792926
212150,0.1997307986021042,2.77728533744812,16384.0,0.0002793189862428365
212175,0.17372241616249084,1.5653126239776611,16384.0,0.00027927449292937466
212200,0.2561502456665039,1.842631459236145,16384.0,0.0002792299987403619
212225,0.24519385397434235,4.182839870452881,16384.0,0.0002791855036772535
212250,0.1863296777009964,2.8900790214538574,16384.0,0.0002791410077415041
212275,0.25365108251571655,2.3277876377105713,16384.0,0.0002790965109345691
212300,0.1722557246685028,4.346653461456299,16384.0,0.0002790520132579035
212325,0.17642275989055634,1.7030214071273804,16384.0,0.00027900751471296225
212350,0.1801731139421463,3.9481661319732666,16384.0,0.00027896301530120065
212375,0.25008007884025574,0.9033824801445007,16384.0,0.00027891851502407386
212400,0.22191086411476135,2.409137725830078,16384.0,0.00027887401388303705
212425,0.12653493881225586,2.217163562774658,16384.0,0.00027882951187954556
212450,0.07803460210561752,4.094481468200684,16384.0,0.0002787850090150544
212475,0.14963480830192566,1.1797044277191162,16384.0,0.0002787405052910191
212500,0.1304463893175125,3.08583927154541,16384.0,0.0002786960007088948
212525,0.147614985704422,3.1666905879974365,16384.0,0.0002786514952701369
212550,0.22234980762004852,4.278743743896484,16384.0,0.0002786069889762008
212575,0.15308932960033417,1.6205558776855469,16384.0,0.00027856248182854185
212600,0.09983304888010025,3.9382410049438477,16384.0,0.0002785179738286156
212625,0.2035100907087326,2.343207359313965,16384.0,0.0002784734649778774
212650,0.194228857755661,1.8621621131896973,16384.0,0.0002784289552777827
212675,0.10722384601831436,4.913700103759766,16384.0,0.0002783844447297871
212700,0.15152131021022797,2.4857850074768066,16384.0,0.000278339933335346
212725,0.1346927136182785,2.5313222408294678,16384.0,0.0002782954210959151
212750,0.17888693511486053,2.6897192001342773,16384.0,0.0002782509080129499
212775,0.09969456493854523,2.218456268310547,16384.0,0.00027820639408790605
212800,0.19443435966968536,6.801759719848633,16384.0,0.00027816187932223923
212825,0.0860147699713707,1.903631567955017,16384.0,0.0002781173637174051
212850,0.1521388590335846,2.360745429992676,16384.0,0.00027807284727485935
212875,0.1613776981830597,2.5096688270568848,16384.0,0.0002780283299960577
212900,0.11285096406936646,1.5551979541778564,16384.0,0.00027798381188245594
212925,0.17032502591609955,1.5696580410003662,16384.0,0.00027793929293550983
212950,0.1789485514163971,1.9926981925964355,16384.0,0.0002778947731566752
212975,0.20208345353603363,3.2859742641448975,16384.0,0.0002778502525474078
213000,0.13827429711818695,1.5591709613800049,16384.0,0.00027780573110916366
213025,0.16017039120197296,2.584338903427124,16384.0,0.0002777612088433984
213050,0.18273736536502838,2.4236440658569336,16384.0,0.0002777166857515683
213075,0.12389723211526871,1.5040884017944336,16384.0,0.00027767216183512903
213100,0.12094736099243164,1.9886988401412964,16384.0,0.00027762763709553677
213125,0.1291082501411438,1.442995548248291,16384.0,0.00027758311153424736
213150,0.1078462302684784,8.101865768432617,16384.0,0.0002775385851527168
213175,0.18269607424736023,1.9902857542037964,16384.0,0.00027749405795240127
213200,0.18892540037631989,0.9848968386650085,8192.0,0.0002774495299347568
213225,0.19650410115718842,1.5397627353668213,8192.0,0.00027740500110123953
213250,0.1229630708694458,1.621458649635315,8192.0,0.0002773604714533056
213275,0.2365361452102661,5.259880542755127,8192.0,0.00027731594099241093
213300,0.15189331769943237,3.8732659816741943,8192.0,0.00027727140972001204
213325,0.18368664383888245,2.0342631340026855,8192.0,0.000277226877637565
213350,0.2061273753643036,1.8568811416625977,8192.0,0.0002771823447465261
213375,0.13896586000919342,3.3013017177581787,8192.0,0.0002771378110483515
213400,0.24859309196472168,2.299659490585327,8192.0,0.00027709327654449765
213425,0.20180638134479523,2.4531631469726562,8192.0,0.0002770487412364207
213450,0.14389710128307343,1.7176567316055298,8192.0,0.00027700420512557713
213475,0.2060314267873764,2.3661038875579834,8192.0,0.0002769596682134233
213500,0.19811169803142548,2.659320116043091,8192.0,0.0002769151305014155
213525,0.10850736498832703,4.273778438568115,8192.0,0.0002768705919910102
213550,0.19419260323047638,2.1007113456726074,8192.0,0.000276826052683664
213575,0.21259805560112,2.2794582843780518,8192.0,0.00027678151258083317
213600,0.14722472429275513,1.155861735343933,8192.0,0.00027673697168397436
213625,0.2699223756790161,1.5069856643676758,8192.0,0.000276692429994544
213650,0.12992307543754578,4.119388103485107,8192.0,0.0002766478875139987
213675,0.15707820653915405,2.6941978931427,8192.0,0.000276603344243795
213700,0.12315283715724945,5.704902648925781,8192.0,0.0002765588001853895
213725,0.17946353554725647,2.507725715637207,8192.0,0.00027651425534023886
213750,0.15428219735622406,1.1042518615722656,8192.0,0.0002764697097097997
213775,0.12791024148464203,3.5069353580474854,8192.0,0.0002764251632955288
213800,0.15116602182388306,1.5929123163223267,8192.0,0.0002763806160988828
213825,0.12623105943202972,3.2241644859313965,8192.0,0.0002763360681213185
213850,0.22315792739391327,3.710841178894043,8192.0,0.00027629151936429253
213875,0.20712195336818695,3.189528703689575,8192.0,0.0002762469698292618
213900,0.1473768949508667,5.090539932250977,8192.0,0.000276202419517683
213925,0.1704520583152771,2.000190258026123,8192.0,0.0002761578684310131
213950,0.19246476888656616,1.575148344039917,8192.0,0.0002761133165707089
213975,0.17664867639541626,2.914889335632324,8192.0,0.0002760687639382272
214000,0.179206982254982,2.9086873531341553,8192.0,0.00027602421053502505
214025,0.15418240427970886,2.1044816970825195,8192.0,0.00027597965636255945
214050,0.19523733854293823,2.867136001586914,8192.0,0.0002759351014222871
214075,0.18457311391830444,2.5056777000427246,8192.0,0.00027589054571566525
214100,0.17623688280582428,1.5283989906311035,8192.0,0.0002758459892441507
214125,0.1428370177745819,2.082853078842163,8192.0,0.00027580143200920065
214150,0.2518185079097748,2.3559844493865967,8192.0,0.00027575687401227206
214175,0.20256760716438293,4.741618633270264,8192.0,0.0002757123152548221
214200,0.18948565423488617,2.1315112113952637,8192.0,0.0002756677557383079
214225,0.12397447973489761,3.728055953979492,8192.0,0.00027562319546418646
214250,0.11713007837533951,11.609475135803223,8192.0,0.000275578634433915
214275,0.10409773886203766,2.4639296531677246,8192.0,0.00027553407264895073
214300,0.11487283557653427,2.701467752456665,8192.0,0.0002754895101107509
214325,0.20491960644721985,2.4716339111328125,8192.0,0.00027544494682077273
214350,0.13864007592201233,5.914318084716797,8192.0,0.0002754003827804734
214375,0.18322762846946716,3.510270833969116,8192.0,0.0002753558179913104
214400,0.21657463908195496,2.283092737197876,8192.0,0.0002753112524547408
214425,0.12277404218912125,7.815622329711914,8192.0,0.00027526668617222194
214450,0.16482217609882355,3.8005428314208984,8192.0,0.00027522211914521137
214475,0.1535484492778778,2.61429500579834,8192.0,0.0002751775513751663
214500,0.18782085180282593,1.676121473312378,8192.0,0.0002751329828635442
214525,0.118184395134449,4.485203266143799,8192.0,0.00027508841361180257
214550,0.25901132822036743,2.733898639678955,8192.0,0.00027504384362139886
214575,0.15176276862621307,1.2931269407272339,8192.0,0.00027499927289379047
214600,0.1702045500278473,1.9621613025665283,8192.0,0.0002749547014304349
214625,0.16105280816555023,1.1717725992202759,8192.0,0.00027491012923278973
214650,0.1646602898836136,0.8336569666862488,8192.0,0.00027486555630231243
214675,0.18329621851444244,6.280314922332764,8192.0,0.0002748209826404607
214700,0.20014609396457672,1.6890997886657715,8192.0,0.0002747764082486921
214725,0.15074920654296875,1.6012388467788696,8192.0,0.0002747318331284642
214750,0.1249052882194519,2.4536938667297363,8192.0,0.00027468725728123464
214775,0.173703134059906,0.4708711504936218,8192.0,0.00027464268070846113
214800,0.14968566596508026,1.365903377532959,8192.0,0.00027459810341160147
214825,0.18694975972175598,1.211570143699646,8192.0,0.00027455352539211314
214850,0.13008956611156464,1.2963443994522095,8192.0,0.0002745089466514541
214875,0.23461736738681793,4.634232997894287,8192.0,0.00027446436719108204
214900,0.11040602624416351,0.8264251947402954,8192.0,0.00027441978701245475
214925,0.08720521628856659,1.0810394287109375,8192.0,0.00027437520611703006
214950,0.13201315701007843,3.4066386222839355,8192.0,0.00027433062450626575
214975,0.27691707015037537,1.9954301118850708,8192.0,0.0002742860421816197
215000,0.1427869200706482,4.115913391113281,8192.0,0.0002742414591445498
215025,0.1513299196958542,1.5769275426864624,8192.0,0.00027419687539651395
215050,0.08673233538866043,3.187587022781372,8192.0,0.0002741522909389702
215075,0.15142768621444702,1.4778614044189453,8192.0,0.00027410770577337626
215100,0.16835767030715942,2.801792860031128,8192.0,0.00027406311990119033
215125,0.16779647767543793,3.6239442825317383,8192.0,0.0002740185333238703
215150,0.21182531118392944,1.3133113384246826,8192.0,0.0002739739460428743
215175,0.10827139765024185,1.5700784921646118,8192.0,0.0002739293580596602
215200,0.23511524498462677,1.2959632873535156,16384.0,0.00027388476937568627
215225,0.14787892997264862,1.9465914964675903,16384.0,0.00027384017999241043
215250,0.15786083042621613,2.857362747192383,16384.0,0.00027379558991129073
215275,0.18971826136112213,2.4636645317077637,16384.0,0.0002737509991337855
215300,0.1640571653842926,1.4070067405700684,16384.0,0.00027370640766135294
215325,0.21187587082386017,2.735121965408325,16384.0,0.00027366181549545103
215350,0.24794206023216248,1.731752872467041,16384.0,0.0002736172226375381
215375,0.16634277999401093,2.2517504692077637,16384.0,0.0002735726290890724
215400,0.14077173173427582,3.2488300800323486,16384.0,0.00027352803485151207
215425,0.2172936499118805,1.8886178731918335,16384.0,0.00027348343992631547
215450,0.17971207201480865,1.6271055936813354,16384.0,0.00027343884431494086
215475,0.25721827149391174,2.01897931098938,16384.0,0.00027339424801884655
215500,0.1742633879184723,2.127443552017212,16384.0,0.0002733496510394909
215525,0.1440049707889557,2.8253908157348633,16384.0,0.00027330505337833224
215550,0.22213280200958252,5.961184978485107,16384.0,0.0002732604550368291
215575,0.12333322316408157,3.4166624546051025,16384.0,0.0002732158560164397
215600,0.15121939778327942,3.7004141807556152,16384.0,0.0002731712563186226
215625,0.13990992307662964,6.156762599945068,16384.0,0.0002731266559448361
215650,0.23972970247268677,1.5172312259674072,16384.0,0.0002730820548965388
215675,0.14352938532829285,1.3643471002578735,16384.0,0.00027303745317518917
215700,0.17566995322704315,2.9292991161346436,16384.0,0.00027299285078224577
215725,0.1319688856601715,20.681278228759766,16384.0,0.00027294824771916703
215750,0.10851258039474487,2.7316763401031494,16384.0,0.00027290364398741153
215775,0.15829846262931824,2.177793025970459,16384.0,0.00027285903958843797
215800,0.20621100068092346,2.0903735160827637,16384.0,0.0002728144345237048
215825,0.1885247379541397,6.101140022277832,16384.0,0.0002727698287946708
215850,0.1648760288953781,1.919285535812378,16384.0,0.00027272522240279456
215875,0.101070836186409,2.3672189712524414,16384.0,0.0002726806153495347
215900,0.1507798284292221,3.106661319732666,16384.0,0.0002726360076363501
215925,0.16558495163917542,4.067158222198486,16384.0,0.00027259139926469914
215950,0.21113981306552887,3.308558702468872,16384.0,0.00027254679023604075
215975,0.14637325704097748,6.608101844787598,16384.0,0.0002725021805518337
216000,0.15931682288646698,3.2513277530670166,16384.0,0.00027245757021353674
216025,0.16934527456760406,2.084223747253418,16384.0,0.0002724129592226087
216050,0.17348352074623108,3.697331190109253,16384.0,0.00027236834758050837
216075,0.12035427987575531,1.8510245084762573,16384.0,0.0002723237352886945
216100,0.17898669838905334,3.6778311729431152,16384.0,0.00027227912234862624
216125,0.17427049577236176,2.900880813598633,16384.0,0.00027223450876176215
216150,0.11475802212953568,2.271167278289795,16384.0,0.00027218989452956126
216175,0.15325888991355896,2.6340646743774414,16384.0,0.0002721452796534826
216200,0.18909402191638947,4.660573482513428,16384.0,0.00027210066413498496
216225,0.19956891238689423,1.8756219148635864,16384.0,0.00027205604797552737
216250,0.14730381965637207,3.222212076187134,16384.0,0.00027201143117656885
216275,0.11760243028402328,2.2828173637390137,16384.0,0.0002719668137395683
216300,0.11467433720827103,3.5033202171325684,16384.0,0.000271922195665985
216325,0.13177798688411713,2.928605556488037,16384.0,0.00027187757695727776
216350,0.17691725492477417,1.6286035776138306,16384.0,0.00027183295761490573
216375,0.18353980779647827,1.9295485019683838,16384.0,0.00027178833764032794
216400,0.13686153292655945,3.8653080463409424,16384.0,0.00027174371703500366
216425,0.1966651976108551,6.363945007324219,16384.0,0.0002716990958003919
216450,0.1884729564189911,3.792935371398926,16384.0,0.0002716544739379519
216475,0.1865200400352478,1.5144424438476562,16384.0,0.0002716098514491426
216500,0.09142179787158966,4.064329147338867,8192.0,0.00027156522833542363
216525,0.10641806572675705,5.798769474029541,8192.0,0.00027152060459825387
216550,0.23043541610240936,3.4365854263305664,8192.0,0.0002714759802390926
216575,0.13453459739685059,4.940103054046631,8192.0,0.0002714313552593992
216600,0.1519954651594162,2.3959391117095947,8192.0,0.00027138672966063284
216625,0.1350439339876175,0.9973250031471252,8192.0,0.00027134210344425283
216650,0.1447640210390091,2.654336929321289,8192.0,0.00027129747661171867
216675,0.1406274437904358,4.158823490142822,8192.0,0.00027125284916448936
216700,0.11597225069999695,2.5610923767089844,8192.0,0.0002712082211040245
216725,0.19929562509059906,3.7328925132751465,8192.0,0.0002711635924317834
216750,0.11815526336431503,2.0434796810150146,8192.0,0.00027111896314922546
216775,0.19696439802646637,2.459864854812622,8192.0,0.00027107433325781013
216800,0.11952497810125351,2.054931402206421,8192.0,0.00027102970275899677
216825,0.1933911293745041,5.901758670806885,8192.0,0.00027098507165424505
216850,0.15282100439071655,4.189417362213135,8192.0,0.0002709404399450141
216875,0.1672191023826599,4.191213607788086,8192.0,0.0002708958076327639
216900,0.11440254002809525,1.774369239807129,8192.0,0.00027085117471895335
216925,0.20354300737380981,3.5555429458618164,8192.0,0.0002708065412050425
216950,0.22016263008117676,4.7570695877075195,8192.0,0.00027076190709249075
216975,0.22323162853717804,2.8483211994171143,8192.0,0.0002707172723827575
217000,0.19476424157619476,5.174047470092773,8192.0,0.0002706726370773026
217025,0.1255832016468048,2.204944372177124,8192.0,0.00027062800117758556
217050,0.1584583967924118,1.8914148807525635,8192.0,0.000270583364685066
217075,0.12913525104522705,3.096099615097046,8192.0,0.0002705387276012037
217100,0.08984433114528656,2.8185462951660156,8192.0,0.0002704940899274582
